Radius	Area	AreaStd	AreaMin	AreaMax	ImageJ	ImageJStd	ImageJMin	ImageJMax	Crofton2	Crofton2Std	Crofton2Min	Crofton2Max	Crofton4	Crofton4Std	Crofton4Min	Crofton4Max
  1.000	  0.841	 21.781	-36.338	 27.324	-12.951	  6.996	-32.476	 -9.968	 -4.100	  9.262	-25.000	  0.000	 -6.371	 10.020	-27.145	  3.033
  1.050	  0.502	 17.657	-42.257	 44.358	-13.023	  8.910	-35.692	 28.617	 -4.024	  9.349	-28.571	 42.857	 -5.949	  8.462	-30.614	 21.936
  1.100	 -0.114	 12.617	-47.387	 31.533	-12.702	 11.375	-38.615	 22.770	 -3.818	 11.282	-31.818	 36.364	 -5.578	  7.404	-33.768	 16.394
  1.150	 -0.259	 10.139	-27.794	 44.413	-11.904	 13.914	-21.712	 17.433	 -3.609	 13.853	-13.043	 30.435	 -5.197	  8.017	-18.092	 15.835
  1.200	  0.047	 13.657	-11.581	 32.629	-10.473	 15.110	-24.974	 12.540	 -2.812	 15.356	-16.667	 25.000	 -4.516	  9.907	-14.139	 14.060
  1.250	  0.168	 16.560	-18.513	 22.231	-10.305	 14.491	-27.975	  8.038	 -3.240	 14.998	-20.000	 20.000	 -4.216	 10.817	-17.574	  9.497
  1.300	  0.258	 17.340	-24.660	 31.844	 -9.214	 13.985	-30.745	 11.054	 -2.404	 14.945	-23.077	 15.385	 -3.737	 10.896	-20.744	 12.085
  1.350	 -0.691	 17.134	-30.138	 22.259	 -9.030	 13.192	-33.310	  6.941	 -2.556	 13.980	-25.926	 11.111	 -3.902	 10.481	-23.679	  7.934
  1.400	 -0.122	 15.479	-35.039	 13.682	 -7.867	 11.785	-35.692	  3.122	 -2.089	 12.245	-28.571	  7.143	 -3.334	  9.311	-26.405	  4.079
  1.450	  0.103	 13.510	-39.442	 36.256	 -7.168	  9.728	-37.909	  5.996	 -2.017	  9.917	-31.034	  3.448	 -3.023	  7.854	-28.943	 12.682
  1.500	  0.374	 11.036	-43.412	 27.324	 -6.632	  6.795	-39.979	  2.462	 -1.900	  6.393	-33.333	  0.000	 -2.714	  5.948	-31.311	  8.926
  1.550	 -0.367	  8.749	-47.004	 19.242	 -6.148	  5.114	-41.915	  7.664	 -1.823	  5.387	-35.484	 12.903	 -2.834	  4.191	-33.527	  5.412
  1.600	 -0.528	  6.836	-12.962	 24.340	 -6.197	  5.480	-15.595	  4.299	 -2.031	  6.940	 -6.250	  9.375	 -2.789	  3.300	 -8.931	  9.930
  1.650	  0.328	  9.117	-18.157	 40.302	 -5.398	  6.015	-18.153	  9.129	 -1.470	  8.655	 -9.091	 21.212	 -2.207	  4.444	-11.690	 14.175
  1.700	  0.460	 10.503	-11.887	 32.170	 -5.218	  5.928	-15.076	  5.920	 -1.059	  9.329	-11.765	 17.647	 -1.999	  5.070	 -9.089	 10.817
  1.750	 -0.053	 10.053	-16.850	 24.726	 -5.297	  5.552	-12.175	  2.893	 -1.629	  9.340	-14.286	 14.286	 -2.175	  4.814	 -9.594	  7.650
  1.800	 -0.184	  9.139	-11.581	 17.893	 -4.991	  5.377	-14.615	  5.215	 -1.208	  9.093	-16.667	 11.111	 -1.986	  4.537	 -9.229	  4.660
  1.850	  0.250	  9.389	-16.295	 20.907	 -4.854	  5.166	-16.922	  2.371	 -1.149	  8.634	-18.919	  8.108	 -1.727	  4.788	-11.682	  6.609
  1.900	 -0.627	  9.676	-20.643	 14.627	 -5.079	  4.608	-19.109	 -0.323	 -1.895	  7.586	-21.053	  5.263	 -2.036	  4.778	-14.006	  3.804
  1.950	  0.327	  9.486	-24.660	 17.195	 -4.655	  3.974	-21.183	  1.902	 -0.949	  6.083	-23.077	  2.564	 -1.575	  4.337	-16.211	  5.675
  2.000	 -0.202	  8.252	-20.423	 11.408	 -4.674	  2.804	-16.561	 -0.645	 -0.975	  3.354	-12.500	  0.000	 -1.649	  3.408	-12.056	  3.033
  2.050	  0.306	  6.221	-16.683	  6.040	 -4.330	  3.606	-12.164	  9.795	 -0.829	  4.542	-14.634	 21.951	 -1.297	  3.163	 -8.103	  6.618
  2.100	 -0.003	  5.059	-13.385	 15.487	 -4.549	  4.086	-14.256	  7.181	 -1.333	  6.247	 -4.762	 19.048	 -1.561	  3.186	-10.291	  4.079
  2.150	 -0.035	  5.117	-10.481	 10.178	 -4.193	  4.108	-11.913	  9.024	 -0.988	  7.573	 -6.977	 16.279	 -1.371	  3.208	 -8.266	  7.473
  2.200	  0.037	  5.677	-14.504	 11.803	 -3.892	  4.697	 -9.678	  6.546	 -0.966	  8.213	 -9.091	 13.636	 -1.227	  3.770	 -6.334	  9.048
  2.250	 -0.109	  5.662	-11.974	 19.464	 -3.846	  4.733	-11.685	  8.322	 -0.978	  8.171	-11.111	 11.111	 -1.314	  4.037	 -8.415	 10.553
  2.300	 -0.151	  6.620	 -9.742	 26.361	 -3.753	  4.513	 -9.551	  5.967	 -1.065	  8.279	-13.043	  8.696	 -1.235	  4.140	 -6.563	  8.149
  2.350	  0.326	  7.215	-13.542	 21.041	 -3.357	  4.094	-11.476	  3.713	 -0.372	  7.434	-14.894	  6.383	 -0.922	  3.880	 -8.551	  5.848
  2.400	  0.124	  7.360	-11.581	 16.050	 -3.318	  3.734	-11.711	  1.552	 -0.479	  6.484	-16.667	  4.167	 -0.996	  3.580	 -8.931	  3.643
  2.450	  0.215	  6.982	-15.153	 11.362	 -3.314	  3.183	-13.513	 -0.520	 -0.571	  5.210	-18.367	  2.041	 -1.052	  3.057	-10.789	  1.528
  2.500	 -0.107	  4.885	-18.513	  6.952	 -3.173	  1.751	-13.058	 -2.510	 -0.650	  2.808	-20.000	  0.000	 -1.004	  1.565	-10.503	 -0.503
  2.550	 -0.197	  3.298	 -6.991	  7.694	 -2.974	  2.477	 -8.078	  8.061	 -0.353	  3.632	 -1.961	  7.843	 -0.887	  2.493	 -2.453	  9.381
  2.600	  0.023	  3.702	 -5.825	 13.009	 -2.960	  3.271	 -6.260	  5.983	 -0.712	  4.769	 -3.846	 15.385	 -1.066	  3.296	 -4.329	  7.277
  2.650	  0.055	  4.168	 -9.346	  8.785	 -2.752	  3.554	 -8.028	  3.983	 -0.858	  5.355	 -5.660	 13.208	 -0.885	  3.646	 -6.134	  5.253
  2.700	  0.034	  4.351	 -8.306	 13.526	 -2.617	  3.582	 -9.731	  3.488	 -0.741	  6.001	 -7.407	 11.111	 -0.902	  3.558	 -7.873	  4.660
  2.750	  0.028	  5.039	-11.610	  9.435	 -2.507	  3.426	-11.373	  1.607	 -0.555	  6.069	 -9.091	  9.091	 -0.892	  3.315	 -9.548	  2.757
  2.800	  0.190	  5.197	-10.678	  9.622	 -2.259	  2.964	 -9.626	  3.122	 -0.295	  5.755	-10.714	  7.143	 -0.650	  2.788	 -8.006	  4.079
  2.850	  0.386	  5.270	 -9.866	  9.728	 -1.961	  2.832	 -7.940	  4.584	 -0.088	  5.395	-12.281	  5.263	 -0.562	  2.531	 -6.519	  5.354
  2.900	  0.050	  4.937	 -9.162	  5.977	 -2.097	  2.741	 -8.195	  2.781	 -0.534	  4.914	-13.793	  3.448	 -0.770	  2.635	 -5.083	  3.538
  2.950	  0.019	  4.379	-12.216	 17.046	 -2.020	  2.591	 -9.751	  4.199	 -0.407	  3.834	-15.254	  1.695	 -0.766	  2.596	 -5.450	  4.779
  3.000	 -0.150	  4.004	 -8.044	 13.177	 -1.922	  2.330	 -8.148	  2.462	 -0.400	  1.782	 -8.333	  0.000	 -0.691	  2.362	 -7.026	  3.033
  3.050	 -0.129	  3.361	 -7.612	  9.497	 -1.834	  2.553	 -5.331	  6.372	 -0.549	  2.926	 -1.639	 14.754	 -0.751	  2.705	 -4.452	  9.541
  3.100	  0.004	  3.496	 -7.256	  5.993	 -1.703	  2.855	 -6.858	  7.664	 -0.306	  4.322	 -3.226	 12.903	 -0.656	  2.993	 -5.993	  7.774
  3.150	  0.043	  3.331	 -6.969	  5.863	 -1.553	  3.054	 -8.336	  5.955	 -0.413	  5.265	 -4.762	 11.111	 -0.650	  3.183	 -4.679	  6.063
  3.200	  0.081	  2.907	 -6.745	 15.014	 -1.455	  2.852	 -6.855	  4.299	 -0.359	  5.502	 -6.250	  9.375	 -0.588	  2.871	 -6.169	  4.406
  3.250	  0.015	  3.399	 -6.579	 11.503	 -1.283	  2.961	 -5.419	  4.375	 -0.062	  5.603	 -7.692	  7.692	 -0.479	  3.014	 -4.893	  4.393
  3.300	 -0.228	  4.061	 -6.465	  8.149	 -1.534	  3.188	 -6.852	  3.964	 -0.742	  5.609	 -9.091	  6.061	 -0.828	  3.199	 -6.334	  3.921
  3.350	  0.001	  4.068	 -9.237	  4.945	 -1.185	  3.103	 -8.243	  5.195	 -0.396	  5.165	-10.448	  4.478	 -0.571	  3.068	 -7.732	  5.008
  3.400	 -0.200	  4.360	-11.887	  7.388	 -1.248	  3.015	 -9.592	  3.648	 -0.493	  4.670	-11.765	  2.941	 -0.663	  2.960	 -9.089	  3.464
  3.450	  0.086	  3.933	-14.422	  6.972	 -0.994	  2.519	-10.902	  2.146	 -0.370	  3.492	-13.043	  1.449	 -0.490	  2.414	-10.406	  1.964
  3.500	  0.168	  3.411	-16.850	  6.536	 -0.837	  1.797	-12.175	  0.687	 -0.279	  1.455	-14.286	  0.000	 -0.440	  1.575	-11.686	  0.508
  3.550	  0.020	  2.570	 -6.547	  3.556	 -0.877	  1.634	 -5.984	  6.697	 -0.296	  2.589	 -1.408	 12.676	 -0.506	  1.650	 -5.888	  8.624
  3.600	 -0.059	  2.058	 -6.668	  8.068	 -0.842	  1.919	 -4.700	  7.804	 -0.354	  3.524	 -2.778	 11.111	 -0.503	  2.111	 -2.284	  9.571
  3.650	  0.015	  1.861	 -2.040	  7.517	 -0.723	  2.333	 -3.451	  6.328	 -0.288	  4.081	 -4.110	  9.589	 -0.501	  2.570	 -3.623	  8.070
  3.700	  0.190	  2.735	 -4.670	  9.281	 -0.491	  2.764	 -4.756	  7.410	 -0.095	  4.616	 -5.405	  8.108	 -0.254	  3.080	 -4.925	  6.609
  3.750	 -0.097	  3.234	 -4.931	  8.650	 -0.635	  2.829	 -6.026	  5.978	 -0.287	  4.500	 -6.667	  6.667	 -0.483	  2.942	 -3.836	  5.188
  3.800	  0.129	  3.319	 -5.212	  5.809	 -0.463	  2.636	 -4.809	  4.584	 -0.184	  4.408	 -7.895	  5.263	 -0.350	  2.779	 -5.101	  3.804
  3.850	 -0.020	  3.400	 -5.511	 11.669	 -0.508	  2.454	 -5.042	  3.226	 -0.351	  4.131	 -9.091	  3.896	 -0.467	  2.482	 -5.383	  2.456
  3.900	  0.032	  3.231	 -5.825	  8.824	 -0.326	  1.980	 -6.260	  1.902	 -0.128	  3.510	-10.256	  2.564	 -0.333	  1.836	 -5.268	  1.142
  3.950	  0.113	  3.087	 -8.195	  6.086	 -0.324	  1.794	 -6.063	  2.973	 -0.165	  2.738	-11.392	  1.266	 -0.381	  1.616	 -6.467	  2.100
  4.000	  0.254	  2.518	 -6.496	  3.451	 -0.138	  1.565	 -3.941	  4.016	 -0.244	  1.211	 -6.250	  0.000	 -0.266	  1.408	 -4.511	  3.033
  4.050	 -0.017	  1.966	 -6.850	  8.675	 -0.235	  1.808	 -4.174	  5.988	 -0.309	  2.340	 -1.235	 11.111	 -0.417	  1.883	 -2.604	  4.847
  4.100	  0.047	  2.035	 -7.215	  6.040	 -0.189	  2.173	 -3.069	  4.695	 -0.268	  3.436	 -2.439	  9.756	 -0.471	  2.323	 -3.792	  3.569
  4.150	  0.042	  2.251	 -3.893	  5.349	 -0.105	  2.285	 -4.236	  4.364	 -0.151	  3.936	 -3.614	  8.434	 -0.318	  2.524	 -4.951	  5.333
  4.200	  0.019	  2.547	 -6.167	  6.464	 -0.061	  2.365	 -5.376	  5.342	 -0.196	  4.273	 -4.762	  7.143	 -0.355	  2.607	 -6.082	  4.079
  4.250	  0.088	  2.467	 -8.362	  5.736	  0.109	  2.312	 -6.490	  6.296	 -0.159	  4.342	 -5.882	  5.882	 -0.287	  2.480	 -7.187	  4.934
  4.300	  0.189	  2.343	 -5.316	  6.735	  0.213	  2.325	 -3.241	  5.060	  0.099	  4.080	 -6.977	  4.651	 -0.153	  2.495	 -4.155	  5.770
  4.350	  0.066	  2.684	 -5.798	  5.977	  0.156	  2.316	 -4.353	  3.852	 -0.057	  3.925	 -8.046	  3.448	 -0.208	  2.509	 -5.257	  4.554
  4.400	 -0.043	  2.922	 -4.639	  6.871	  0.105	  2.211	 -4.562	  4.791	 -0.273	  3.464	 -9.091	  2.273	 -0.309	  2.320	 -4.325	  3.366
  4.450	 -0.004	  2.724	 -6.769	  4.482	  0.213	  1.946	 -5.634	  3.614	 -0.152	  2.560	-10.112	  1.124	 -0.308	  1.841	 -4.577	  2.204
  4.500	  0.129	  2.370	 -5.686	  8.461	  0.329	  1.565	 -4.611	  2.462	 -0.194	  1.022	 -5.556	  0.000	 -0.266	  1.312	 -5.637	  1.069
  4.550	  0.082	  1.925	 -6.210	  6.090	  0.247	  1.477	 -2.762	  5.083	 -0.297	  1.972	 -1.099	  9.890	 -0.311	  1.389	 -3.927	  5.453
  4.600	 -0.047	  1.556	 -3.725	  3.797	  0.294	  1.503	 -3.819	  3.941	 -0.299	  2.794	 -2.174	  8.696	 -0.327	  1.480	 -3.050	  4.306
  4.650	 -0.002	  1.541	 -2.840	  3.049	  0.360	  1.778	 -2.848	  4.828	 -0.226	  3.275	 -3.226	  7.527	 -0.309	  1.909	 -2.191	  4.298
  4.700	  0.126	  1.801	 -3.455	  3.750	  0.515	  2.060	 -3.881	  4.875	 -0.027	  3.550	 -4.255	  6.383	 -0.128	  2.213	 -3.232	  3.968
  4.750	 -0.002	  1.929	 -2.655	  4.399	  0.406	  2.147	 -2.930	  4.584	 -0.205	  3.669	 -5.263	  5.263	 -0.333	  2.359	 -4.251	  2.873
  4.800	 -0.043	  2.305	 -4.673	  4.998	  0.453	  2.165	 -3.941	  3.494	 -0.198	  3.572	 -6.250	  4.167	 -0.307	  2.331	 -5.248	  3.643
  4.850	  0.109	  2.426	 -6.628	  2.844	  0.649	  1.907	 -4.932	  4.350	  0.031	  3.142	 -7.216	  3.093	 -0.148	  1.969	 -6.225	  2.575
  4.900	  0.027	  2.566	 -8.524	  3.408	  0.603	  1.866	 -5.902	  3.285	  0.026	  2.828	 -8.163	  2.041	 -0.203	  1.849	 -7.182	  1.528
  4.950	 -0.032	  2.125	-10.363	  3.927	  0.640	  1.498	 -6.852	  2.242	 -0.202	  2.239	 -9.091	  1.010	 -0.257	  1.283	 -8.119	  0.502
  5.000	  0.060	  1.626	 -4.507	  3.132	  0.596	  1.130	 -3.282	  3.084	 -0.195	  0.968	 -5.000	  0.000	 -0.280	  0.890	 -3.003	  3.033
  5.050	 -0.046	  1.414	 -2.644	  2.348	  0.603	  1.380	 -1.629	  7.285	 -0.238	  1.872	 -0.990	  8.911	 -0.317	  1.336	 -1.488	  6.963
  5.100	  0.050	  1.399	 -3.320	  5.247	  0.765	  1.715	 -2.593	  6.233	 -0.088	  2.757	 -1.961	  7.843	 -0.190	  1.792	 -2.453	  5.915
  5.150	 -0.059	  1.404	 -2.788	  6.813	  0.718	  1.770	 -1.729	  5.202	 -0.165	  3.116	 -2.913	  6.796	 -0.257	  1.895	 -3.401	  4.886
  5.200	 -0.057	  1.684	 -3.471	  4.769	  0.741	  1.863	 -2.674	  5.983	 -0.173	  3.416	 -3.846	  5.769	 -0.263	  1.974	 -2.630	  3.878
  5.250	 -0.030	  1.917	 -2.991	  5.093	  0.834	  1.817	 -3.601	  4.974	 -0.162	  3.471	 -4.762	  4.762	 -0.206	  1.912	 -3.557	  2.889
  5.300	  0.051	  2.040	 -3.680	  4.252	  0.854	  1.784	 -2.751	  3.983	 -0.222	  3.454	 -5.660	  3.774	 -0.241	  1.779	 -3.776	  1.918
  5.350	  0.069	  1.949	 -3.248	  3.425	  0.898	  1.645	 -1.917	  4.754	 -0.061	  3.141	 -6.542	  2.804	 -0.186	  1.699	 -3.707	  2.618
  5.400	  0.032	  1.895	 -3.939	  5.885	  0.916	  1.640	 -2.825	  3.784	 -0.144	  2.737	 -7.407	  1.852	 -0.206	  1.699	 -4.599	  3.304
  5.450	 -0.011	  1.784	 -5.694	  3.951	  1.028	  1.533	 -3.717	  4.543	 -0.041	  2.007	 -8.257	  0.917	 -0.124	  1.594	 -5.474	  2.356
  5.500	 -0.049	  1.802	 -7.401	  2.070	  0.898	  1.420	 -4.592	  3.592	 -0.173	  0.916	 -9.091	  0.000	 -0.226	  1.344	 -6.334	  1.426
  5.550	  0.014	  1.520	 -4.928	  2.306	  0.972	  1.414	 -2.380	  5.035	 -0.167	  1.713	 -0.901	  8.108	 -0.239	  1.418	 -2.673	  2.764
  5.600	 -0.014	  1.290	 -4.588	  4.547	  1.022	  1.492	 -1.587	  4.097	 -0.179	  2.365	 -1.786	  7.143	 -0.251	  1.476	 -3.542	  1.847
  5.650	 -0.064	  1.197	 -4.275	  3.702	  0.999	  1.305	 -2.458	  3.859	 -0.239	  2.757	 -2.655	  6.195	 -0.242	  1.317	 -2.831	  3.158
  5.700	  0.039	  1.235	 -3.008	  1.891	  1.180	  1.472	 -1.678	  4.584	 -0.000	  2.983	 -3.509	  5.263	 -0.098	  1.527	 -2.133	  3.804
  5.750	  0.016	  1.491	 -2.762	  7.828	  1.130	  1.519	 -2.533	  5.296	 -0.074	  2.959	 -4.348	  4.348	 -0.175	  1.614	 -2.984	  4.438
  5.800	 -0.029	  1.662	 -4.431	  5.977	  1.172	  1.530	 -1.766	  4.388	 -0.194	  2.941	 -5.172	  3.448	 -0.164	  1.666	 -2.296	  3.538
  5.850	  0.070	  1.803	 -3.268	  4.173	  1.195	  1.609	 -2.605	  3.496	 -0.064	  2.714	 -5.983	  2.564	 -0.140	  1.696	 -3.131	  2.653
  5.900	  0.040	  1.873	 -3.071	  4.244	  1.226	  1.495	 -2.776	  4.199	 -0.089	  2.427	 -6.780	  1.695	 -0.156	  1.563	 -3.332	  1.783
  5.950	 -0.040	  1.828	 -3.794	  4.298	  1.226	  1.309	 -2.026	  3.323	 -0.139	  1.920	 -7.563	  0.840	 -0.175	  1.314	 -4.144	  0.928
  6.000	 -0.054	  1.526	 -4.507	  2.567	  1.235	  0.912	 -2.843	  2.462	 -0.142	  0.755	 -4.167	  0.000	 -0.159	  0.625	 -4.943	  0.087
  6.050	 -0.029	  1.002	 -2.600	  1.748	  1.302	  1.112	  0.075	  5.336	 -0.132	  1.642	 -0.826	  7.438	 -0.152	  0.997	 -0.740	  4.248
  6.100	  0.035	  0.838	 -1.624	  3.508	  1.395	  1.349	 -0.746	  4.473	 -0.082	  2.267	 -1.639	  6.557	 -0.110	  1.390	 -1.554	  3.393
  6.150	  0.035	  1.056	 -2.376	  2.674	  1.345	  1.524	 -1.553	  5.139	 -0.175	  2.619	 -2.439	  5.691	 -0.189	  1.661	 -2.354	  2.553
  6.200	 -0.090	  1.315	 -2.288	  3.509	  1.254	  1.551	 -2.347	  4.291	 -0.129	  2.904	 -3.226	  4.839	 -0.208	  1.645	 -3.142	  2.316
  6.250	 -0.052	  1.463	 -3.030	  3.489	  1.403	  1.551	 -1.636	  4.075	 -0.056	  2.984	 -4.000	  4.000	 -0.163	  1.659	 -3.917	  2.912
  6.300	  0.034	  1.518	 -3.761	  3.457	  1.410	  1.418	 -2.417	  4.729	 -0.075	  2.757	 -4.762	  3.175	 -0.152	  1.512	 -4.679	  2.095
  6.350	  0.015	  1.555	 -5.271	  2.623	  1.462	  1.303	 -3.185	  3.904	 -0.091	  2.592	 -5.512	  2.362	 -0.136	  1.337	 -5.430	  1.291
  6.400	 -0.032	  1.560	 -5.191	  3.357	  1.382	  1.217	 -2.485	  4.549	 -0.184	  2.323	 -6.250	  1.563	 -0.215	  1.183	 -3.407	  1.881
  6.450	  0.024	  1.424	 -5.125	  4.822	  1.506	  1.129	 -1.795	  3.739	 -0.023	  1.732	 -6.977	  0.775	 -0.122	  1.083	 -2.785	  2.461
  6.500	  0.046	  1.219	 -5.072	  3.215	  1.469	  1.020	 -1.957	  4.375	 -0.127	  0.709	 -7.692	  0.000	 -0.174	  0.922	 -2.970	  1.673
  6.550	  0.014	  1.026	 -2.064	  3.871	  1.503	  1.262	 -0.692	  6.181	 -0.118	  1.491	 -0.763	  6.870	 -0.156	  1.264	 -1.802	  4.714
  6.600	  0.020	  1.095	 -2.081	  3.765	  1.585	  1.374	 -1.444	  5.376	 -0.072	  2.103	 -1.515	  6.061	 -0.155	  1.424	 -2.546	  3.921
  6.650	  0.010	  1.155	 -2.108	  3.650	  1.547	  1.360	 -0.783	  4.584	 -0.128	  2.354	 -2.256	  5.263	 -0.170	  1.402	 -1.949	  3.139
  6.700	  0.006	  1.110	 -2.146	  4.945	  1.564	  1.312	 -1.524	  3.803	 -0.146	  2.515	 -2.985	  4.478	 -0.145	  1.364	 -2.681	  2.370
  6.750	 -0.035	  1.161	 -2.193	  3.396	  1.566	  1.287	 -0.872	  4.416	 -0.163	  2.605	 -3.704	  3.704	 -0.203	  1.362	 -2.092	  2.378
  6.800	  0.039	  1.189	 -2.249	  1.881	  1.704	  1.346	 -1.601	  5.019	  0.048	  2.488	 -4.412	  2.941	 -0.041	  1.426	 -2.812	  2.164
  6.850	  0.028	  1.386	 -2.993	  3.113	  1.665	  1.310	 -2.319	  4.252	 -0.084	  2.329	 -5.109	  2.190	 -0.106	  1.404	 -3.522	  1.418
  6.900	 -0.034	  1.501	 -3.056	  2.961	  1.621	  1.252	 -1.676	  3.497	 -0.112	  2.080	 -5.797	  1.449	 -0.169	  1.362	 -4.221	  1.964
  6.950	  0.030	  1.394	 -4.446	  2.803	  1.725	  1.067	 -2.383	  4.094	 -0.061	  1.543	 -6.475	  0.719	 -0.111	  1.105	 -4.910	  1.231
  7.000	  0.035	  1.202	 -4.507	  1.989	  1.717	  0.841	 -1.197	  3.350	 -0.064	  0.475	 -3.571	  0.000	 -0.131	  0.793	 -3.803	  0.508
  7.050	 -0.022	  1.026	 -4.576	  2.469	  1.788	  1.043	 -0.028	  4.488	 -0.011	  1.489	 -0.709	  6.383	 -0.056	  0.924	 -2.713	  2.087
  7.100	  0.017	  0.808	 -2.126	  1.662	  1.754	  1.213	  0.582	  6.922	 -0.060	  1.981	 -1.408	  5.634	 -0.124	  1.120	 -0.908	  5.103
  7.150	  0.027	  0.750	 -1.623	  2.113	  1.747	  1.390	 -0.122	  6.174	 -0.084	  2.251	 -2.098	  4.895	 -0.133	  1.337	 -1.601	  4.368
  7.200	 -0.011	  0.876	 -1.756	  3.156	  1.774	  1.510	 -0.815	  5.437	 -0.090	  2.459	 -2.778	  4.167	 -0.144	  1.524	 -2.284	  3.643
  7.250	  0.022	  1.106	 -1.895	  3.555	  1.786	  1.505	 -1.499	  4.710	 -0.093	  2.450	 -3.448	  3.448	 -0.121	  1.549	 -2.958	  2.928
  7.300	 -0.068	  1.172	 -2.040	  4.530	  1.774	  1.417	 -0.897	  3.992	 -0.185	  2.390	 -4.110	  2.740	 -0.211	  1.473	 -2.412	  2.223
  7.350	  0.002	  1.410	 -3.368	  4.291	  1.820	  1.339	 -1.046	  4.553	 -0.085	  2.243	 -4.762	  2.041	 -0.145	  1.382	 -2.578	  1.528
  7.400	 -0.043	  1.332	 -3.507	  2.887	  1.891	  1.175	 -1.714	  3.847	 -0.088	  2.007	 -5.405	  1.351	 -0.120	  1.131	 -3.236	  0.842
  7.450	 -0.040	  1.150	 -2.504	  2.657	  1.920	  0.918	 -0.389	  4.401	 -0.107	  1.554	 -6.040	  0.671	 -0.131	  0.837	 -3.190	  1.352
  7.500	 -0.024	  0.962	 -2.668	  1.859	  1.940	  0.792	 -0.539	  3.705	 -0.060	  0.443	 -3.333	  0.000	 -0.105	  0.693	 -2.169	  1.854
  7.550	  0.005	  0.841	 -2.278	  2.190	  1.913	  1.080	  0.549	  4.765	 -0.063	  1.293	 -0.662	  5.960	 -0.094	  1.041	 -1.161	  2.836
  7.600	  0.022	  0.773	 -1.906	  2.503	  1.978	  1.208	 -0.113	  4.076	 -0.076	  1.750	 -1.316	  5.263	 -0.053	  1.219	 -1.812	  2.159
  7.650	 -0.039	  0.792	 -1.552	  2.255	  1.899	  1.329	 -0.765	  4.614	 -0.131	  2.074	 -1.961	  4.575	 -0.188	  1.385	 -2.453	  1.970
  7.700	 -0.017	  0.981	 -1.753	  2.005	  1.967	  1.339	 -1.410	  4.436	 -0.088	  2.245	 -2.597	  3.896	 -0.104	  1.386	 -3.087	  2.456
  7.750	 -0.005	  1.075	 -2.487	  2.283	  2.000	  1.239	 -0.843	  3.763	 -0.068	  2.219	 -3.226	  3.226	 -0.117	  1.309	 -3.712	  1.795
  7.800	 -0.003	  1.059	 -2.686	  2.022	  1.995	  1.174	 -1.478	  5.488	 -0.096	  2.159	 -3.846	  2.564	 -0.120	  1.191	 -3.196	  3.409
  7.850	 -0.005	  1.086	 -2.372	  2.277	  2.008	  1.185	 -0.918	  4.816	 -0.076	  2.081	 -4.459	  1.911	 -0.131	  1.227	 -2.687	  2.750
  7.900	 -0.001	  1.085	 -2.584	  2.006	  2.064	  1.186	 -0.365	  4.153	 -0.057	  1.783	 -5.063	  1.266	 -0.088	  1.215	 -2.184	  2.100
  7.950	 -0.028	  1.088	 -2.798	  4.756	  2.005	  1.058	 -0.506	  3.498	 -0.082	  1.375	 -5.660	  0.629	 -0.149	  1.110	 -2.339	  1.457
  8.000	  0.033	  1.068	 -3.015	  3.451	  2.109	  0.807	 -1.128	  4.016	 -0.059	  0.427	 -3.125	  0.000	 -0.071	  0.810	 -2.949	  0.823
  8.050	 -0.001	  0.889	 -3.234	  2.170	  2.148	  0.991	 -0.104	  5.488	 -0.016	  1.329	 -0.621	  5.590	 -0.061	  0.983	 -1.999	  3.303
  8.100	  0.002	  0.711	 -1.999	  3.338	  2.125	  1.039	  0.430	  4.837	 -0.052	  1.791	 -1.235	  4.938	 -0.085	  1.030	 -1.513	  2.665
  8.150	 -0.060	  0.680	 -1.281	  2.074	  2.072	  0.990	  0.958	  4.864	 -0.202	  1.904	 -1.840	  4.294	 -0.174	  0.990	 -1.032	  2.035
  8.200	 -0.020	  0.764	 -1.534	  2.726	  2.151	  1.191	  0.342	  4.224	 -0.061	  2.134	 -2.439	  3.659	 -0.076	  1.220	 -1.636	  2.044
  8.250	 -0.040	  0.874	 -2.256	  1.953	  2.056	  1.304	 -0.266	  4.061	 -0.224	  2.217	 -3.030	  3.030	 -0.209	  1.371	 -2.232	  1.870
  8.300	  0.027	  0.949	 -2.044	  2.114	  2.198	  1.198	 -0.867	  4.557	  0.039	  2.100	 -3.614	  2.410	 -0.054	  1.304	 -2.821	  2.321
  8.350	  0.055	  1.094	 -2.757	  1.808	  2.218	  1.185	 -1.460	  3.931	  0.066	  2.000	 -4.192	  1.796	 -0.051	  1.310	 -3.403	  1.708
  8.400	 -0.030	  1.135	 -2.558	  2.404	  2.171	  1.062	 -0.937	  3.312	 -0.068	  1.782	 -4.762	  1.190	 -0.115	  1.182	 -3.978	  1.103
  8.450	  0.023	  1.082	 -3.708	  2.087	  2.221	  0.830	 -1.523	  3.804	 -0.041	  1.338	 -5.325	  0.592	 -0.074	  0.897	 -4.546	  0.505
  8.500	  0.025	  0.816	 -4.837	  1.771	  2.225	  0.428	 -2.102	  3.194	 -0.053	  0.413	 -5.882	  0.000	 -0.087	  0.320	 -5.107	  0.953
  8.550	  0.022	  0.556	 -1.593	  1.455	  2.219	  0.812	  1.500	  6.765	 -0.126	  1.080	 -0.585	  5.263	 -0.113	  0.688	 -0.671	  4.321
  8.600	  0.053	  0.550	 -1.873	  2.000	  2.294	  1.057	  0.910	  6.144	 -0.047	  1.594	 -1.163	  4.651	 -0.054	  0.968	 -1.248	  3.714
  8.650	 -0.024	  0.691	 -1.728	  2.526	  2.240	  1.149	  0.326	  5.530	 -0.110	  1.802	 -1.734	  4.046	 -0.121	  1.082	 -1.819	  3.115
  8.700	  0.047	  0.834	 -1.593	  2.613	  2.292	  1.216	  0.821	  4.924	 -0.083	  1.972	 -2.299	  3.448	 -0.060	  1.163	 -1.367	  2.522
  8.750	 -0.011	  0.857	 -1.467	  2.275	  2.316	  1.173	  0.245	  4.324	 -0.029	  1.964	 -2.857	  2.857	 -0.056	  1.147	 -1.931	  1.936
  8.800	 -0.019	  0.965	 -1.350	  2.760	  2.305	  1.076	  0.114	  3.732	 -0.085	  1.926	 -3.409	  2.273	 -0.106	  1.071	 -2.072	  1.357
  8.850	 -0.049	  0.923	 -2.055	  2.415	  2.309	  0.942	  0.166	  4.199	 -0.076	  1.836	 -3.955	  1.695	 -0.088	  0.920	 -2.040	  1.783
  8.900	 -0.001	  0.903	 -3.153	  2.875	  2.367	  0.930	 -0.397	  4.661	 -0.045	  1.557	 -4.494	  1.124	 -0.053	  0.924	 -2.591	  1.211
  8.950	  0.035	  0.871	 -2.642	  1.729	  2.364	  0.919	 -0.953	  4.077	 -0.053	  1.196	 -5.028	  0.559	 -0.059	  0.874	 -3.135	  1.633
  9.000	 -0.039	  0.782	 -2.542	  0.995	  2.335	  0.723	 -0.038	  3.498	 -0.078	  0.458	 -2.778	  0.000	 -0.100	  0.677	 -2.284	  1.069
  9.050	 -0.000	  0.660	 -2.061	  1.825	  2.367	  0.919	  0.866	  4.383	 -0.014	  1.156	 -0.552	  4.972	 -0.090	  0.879	 -1.443	  1.892
  9.100	  0.021	  0.690	 -1.597	  1.862	  2.423	  0.982	  0.312	  4.834	 -0.080	  1.534	 -1.099	  4.396	 -0.033	  0.938	 -1.984	  1.734
  9.150	  0.021	  0.734	 -2.670	  1.893	  2.424	  1.040	 -0.236	  4.684	  0.008	  1.775	 -1.639	  3.825	 -0.064	  0.989	 -2.520	  2.144
  9.200	 -0.018	  0.614	 -1.844	  1.540	  2.416	  0.971	  1.248	  4.115	 -0.054	  1.895	 -2.174	  3.261	 -0.078	  0.910	 -2.089	  1.589
  9.250	  0.005	  0.689	 -1.415	  3.050	  2.437	  1.066	  0.701	  5.568	 -0.024	  1.963	 -2.703	  2.703	 -0.079	  1.022	 -1.663	  2.951
  9.300	 -0.002	  0.831	 -1.736	  1.945	  2.488	  1.137	  0.160	  5.000	 -0.032	  1.922	 -3.226	  2.151	 -0.034	  1.100	 -2.191	  2.398
  9.350	 -0.022	  0.898	 -1.692	  1.949	  2.490	  1.088	  0.621	  4.439	 -0.048	  1.750	 -3.743	  1.604	 -0.043	  1.063	 -1.769	  1.850
  9.400	 -0.040	  0.910	 -1.654	  2.309	  2.470	  1.012	  0.497	  3.883	 -0.059	  1.538	 -4.255	  1.064	 -0.082	  1.011	 -1.902	  1.308
  9.450	  0.004	  0.879	 -2.335	  1.942	  2.509	  0.816	 -0.035	  3.333	 -0.008	  1.183	 -4.762	  0.529	 -0.049	  0.811	 -2.421	  0.772
  9.500	  0.024	  0.756	 -2.655	  3.340	  2.509	  0.492	  0.014	  3.771	 -0.050	  0.378	 -5.263	  0.000	 -0.063	  0.490	 -2.390	  0.242
  9.550	  0.037	  0.598	 -1.927	  2.261	  2.480	  0.555	  1.275	  5.013	 -0.118	  0.969	 -0.524	  4.712	 -0.103	  0.513	 -1.209	  2.335
  9.600	  0.003	  0.511	 -1.910	  1.199	  2.509	  0.897	  1.719	  5.035	 -0.070	  1.483	 -1.042	  4.167	 -0.082	  0.853	 -0.802	  2.341
  9.650	 -0.000	  0.461	 -1.214	  2.546	  2.541	  1.008	  1.192	  4.490	 -0.073	  1.665	 -1.554	  3.627	 -0.076	  0.977	 -1.316	  1.811
  9.700	 -0.012	  0.577	 -1.215	  1.491	  2.549	  1.093	  0.670	  4.350	 -0.052	  1.771	 -2.062	  3.093	 -0.068	  1.055	 -1.825	  1.663
  9.750	 -0.010	  0.731	 -1.891	  1.792	  2.586	  1.090	  0.154	  3.815	  0.036	  1.835	 -2.564	  2.564	 -0.049	  1.063	 -2.329	  1.142
  9.800	  0.013	  0.845	 -2.890	  1.750	  2.622	  1.029	 -0.357	  4.236	 -0.005	  1.755	 -3.061	  2.041	 -0.030	  1.019	 -2.827	  1.528
  9.850	 -0.017	  0.852	 -2.561	  1.376	  2.591	  0.933	 -0.863	  3.707	 -0.056	  1.648	 -3.553	  1.523	 -0.071	  0.932	 -3.320	  1.013
  9.900	 -0.028	  0.795	 -2.568	  1.654	  2.600	  0.716	  0.520	  3.183	 -0.081	  1.423	 -4.040	  1.010	 -0.077	  0.706	 -2.023	  0.502
  9.950	 -0.027	  0.736	 -1.937	  1.599	  2.588	  0.697	  0.952	  3.602	 -0.065	  1.104	 -4.523	  0.503	 -0.096	  0.681	 -1.627	  0.886
 10.000	  0.026	  0.646	 -1.642	  1.223	  2.609	  0.625	  0.833	  4.016	 -0.055	  0.367	 -2.500	  0.000	 -0.088	  0.582	 -1.753	  1.265
 10.050	 -0.013	  0.542	 -1.358	  1.478	  2.634	  0.799	  1.643	  6.123	 -0.035	  1.000	 -0.498	  4.478	 -0.081	  0.747	 -0.998	  3.249
 10.100	  0.018	  0.517	 -1.084	  1.412	  2.728	  1.055	  1.140	  5.597	  0.040	  1.446	 -0.990	  3.960	  0.006	  1.002	 -1.488	  2.738
 10.150	  0.010	  0.563	 -1.747	  2.578	  2.721	  1.096	  0.642	  5.077	  0.015	  1.662	 -1.478	  3.448	 -0.018	  1.046	 -1.973	  2.232
 10.200	  0.005	  0.635	 -1.178	  1.575	  2.740	  1.018	  1.063	  4.562	  0.093	  1.684	 -1.961	  2.941	 -0.011	  0.977	 -1.587	  1.731
 10.250	 -0.029	  0.702	 -1.534	  1.496	  2.685	  0.955	  0.570	  4.052	 -0.059	  1.772	 -2.439	  2.439	 -0.078	  0.914	 -2.067	  1.234
 10.300	 -0.033	  0.660	 -1.588	  1.413	  2.669	  0.977	  0.987	  4.452	 -0.102	  1.702	 -2.913	  1.942	 -0.100	  0.929	 -1.684	  1.601
 10.350	 -0.008	  0.688	 -1.348	  1.327	  2.760	  0.976	  0.499	  3.947	 -0.053	  1.568	 -3.382	  1.449	 -0.024	  0.933	 -2.159	  1.110
 10.400	  0.029	  0.762	 -2.294	  1.532	  2.768	  0.949	  0.016	  4.344	 -0.019	  1.389	 -3.846	  0.962	 -0.027	  0.907	 -2.630	  1.474
 10.450	  0.011	  0.779	 -3.227	  1.729	  2.733	  0.823	 -0.463	  3.845	 -0.029	  1.057	 -4.306	  0.478	 -0.073	  0.793	 -3.095	  0.989
 10.500	  0.026	  0.657	 -2.414	  1.051	  2.773	  0.597	  0.319	  3.350	 -0.014	  0.184	 -2.381	  0.000	 -0.043	  0.565	 -2.366	  0.508
 10.550	 -0.000	  0.541	 -1.621	  0.953	  2.797	  0.712	  1.093	  4.110	 -0.028	  0.968	 -0.474	  4.265	 -0.032	  0.677	 -1.644	  1.216
 10.600	 -0.003	  0.451	 -1.130	  1.136	  2.774	  0.736	  0.616	  4.863	 -0.057	  1.285	 -0.943	  3.774	 -0.066	  0.700	 -2.108	  1.918
 10.650	 -0.020	  0.451	 -0.934	  1.311	  2.785	  0.921	  1.895	  6.122	 -0.059	  1.505	 -1.408	  3.286	 -0.066	  0.871	 -0.908	  3.099
 10.700	  0.012	  0.522	 -1.301	  1.201	  2.844	  1.011	  1.419	  5.626	 -0.005	  1.591	 -1.869	  2.804	 -0.024	  0.957	 -1.371	  2.618
 10.750	  0.012	  0.588	 -1.667	  1.914	  2.837	  1.080	  0.947	  5.134	  0.026	  1.593	 -2.326	  2.326	 -0.039	  1.024	 -1.830	  2.140
 10.800	  0.017	  0.662	 -1.210	  2.064	  2.853	  1.059	  1.343	  4.648	 -0.012	  1.559	 -2.778	  1.852	 -0.039	  1.007	 -1.466	  1.667
 10.850	 -0.012	  0.735	 -1.308	  1.667	  2.833	  0.967	  1.232	  4.165	 -0.023	  1.483	 -3.226	  1.382	 -0.066	  0.918	 -1.582	  1.199
 10.900	  0.022	  0.778	 -1.943	  1.808	  2.892	  0.830	  0.767	  3.688	 -0.028	  1.307	 -3.670	  0.917	 -0.019	  0.787	 -2.034	  0.735
 10.950	  0.013	  0.708	 -1.775	  1.411	  2.855	  0.585	  0.307	  3.214	 -0.062	  1.000	 -4.110	  0.457	 -0.067	  0.557	 -2.481	  0.275
 11.000	  0.008	  0.518	 -1.613	  1.017	  2.874	  0.355	  1.546	  4.440	 -0.034	  0.276	 -2.273	  0.000	 -0.060	  0.334	 -1.317	  1.426
 11.050	 -0.001	  0.419	 -1.198	  1.148	  2.868	  0.697	  2.280	  5.161	 -0.059	  0.916	 -0.452	  4.072	 -0.075	  0.661	 -0.633	  2.098
 11.100	  0.009	  0.404	 -1.053	  1.272	  2.888	  0.880	  1.819	  4.687	 -0.070	  1.236	 -0.901	  3.604	 -0.068	  0.834	 -1.080	  1.638
 11.150	 -0.016	  0.485	 -1.426	  1.390	  2.939	  0.984	  1.363	  4.564	  0.022	  1.534	 -1.345	  3.139	 -0.029	  0.932	 -1.524	  1.511
 11.200	 -0.005	  0.567	 -1.036	  1.756	  2.912	  1.027	  0.910	  4.929	 -0.049	  1.564	 -1.786	  2.679	 -0.065	  0.974	 -1.964	  1.847
 11.250	  0.001	  0.591	 -1.410	  1.105	  2.955	  0.991	  0.462	  4.463	  0.004	  1.600	 -2.222	  2.222	 -0.035	  0.939	 -2.399	  1.394
 11.300	 -0.017	  0.674	 -2.281	  1.209	  2.915	  0.921	  0.017	  4.001	 -0.097	  1.562	 -2.655	  1.770	 -0.084	  0.873	 -2.831	  0.946
 11.350	  0.003	  0.624	 -2.152	  1.308	  2.989	  0.842	  1.219	  5.186	  0.015	  1.400	 -3.084	  1.322	 -0.024	  0.798	 -1.702	  2.058
 11.400	  0.024	  0.609	 -1.783	  1.156	  2.990	  0.846	  1.593	  4.724	 -0.002	  1.245	 -3.509	  0.877	 -0.033	  0.802	 -1.358	  1.611
 11.450	  0.006	  0.602	 -1.668	  2.217	  2.977	  0.758	  1.487	  4.267	 -0.055	  0.988	 -3.930	  0.437	 -0.056	  0.719	 -1.469	  1.167
 11.500	 -0.003	  0.575	 -1.799	  1.330	  2.999	  0.581	  1.046	  3.814	 -0.043	  0.320	 -4.348	  0.000	 -0.045	  0.550	 -1.897	  0.727
 11.550	  0.014	  0.492	 -1.216	  1.170	  3.002	  0.689	  1.750	  5.647	 -0.065	  0.836	 -0.433	  3.896	 -0.052	  0.653	 -1.239	  2.456
 11.600	 -0.007	  0.463	 -0.883	  1.483	  3.005	  0.754	  2.115	  5.192	 -0.058	  1.161	 -0.862	  3.448	 -0.059	  0.714	 -0.903	  2.014
 11.650	 -0.014	  0.447	 -1.263	  1.317	  3.041	  0.779	  1.677	  4.740	  0.013	  1.376	 -1.288	  3.004	 -0.035	  0.738	 -1.328	  1.576
 11.700	 -0.008	  0.402	 -0.942	  1.150	  3.040	  0.816	  2.039	  4.760	 -0.015	  1.444	 -1.709	  2.564	 -0.045	  0.773	 -0.995	  1.585
 11.750	 -0.002	  0.506	 -1.092	  0.983	  3.053	  0.927	  1.605	  4.642	  0.002	  1.528	 -2.128	  2.128	 -0.043	  0.879	 -1.416	  1.464
 11.800	 -0.007	  0.592	 -1.471	  1.044	  3.071	  0.940	  1.174	  4.199	 -0.055	  1.428	 -2.542	  1.695	 -0.036	  0.891	 -1.834	  1.034
 11.850	  0.032	  0.620	 -1.394	  1.099	  3.130	  0.885	  0.747	  4.546	  0.017	  1.324	 -2.954	  1.266	  0.011	  0.839	 -2.248	  1.354
 11.900	  0.003	  0.636	 -1.771	  1.151	  3.110	  0.825	  0.324	  4.107	  0.023	  1.170	 -3.361	  0.840	 -0.017	  0.782	 -2.659	  0.928
 11.950	  0.009	  0.641	 -2.592	  0.975	  3.079	  0.691	 -0.096	  3.671	 -0.033	  0.916	 -3.766	  0.418	 -0.056	  0.655	 -3.066	  0.506
 12.000	 -0.016	  0.580	 -2.960	  1.019	  3.098	  0.323	  1.685	  3.239	 -0.023	  0.217	 -2.083	  0.000	 -0.047	  0.307	 -1.386	  0.087
 12.050	  0.026	  0.385	 -1.352	  1.059	  3.097	  0.474	  2.811	  5.773	 -0.087	  0.791	 -0.415	  3.734	 -0.058	  0.449	 -0.329	  2.480
 12.100	 -0.001	  0.283	 -0.861	  1.096	  3.148	  0.772	  2.386	  6.106	  0.023	  1.213	 -0.826	  3.306	 -0.018	  0.732	 -0.740	  2.787
 12.150	 -0.009	  0.366	 -1.028	  1.559	  3.097	  0.832	  1.965	  5.670	 -0.023	  1.312	 -1.235	  2.881	 -0.076	  0.789	 -1.149	  2.364
 12.200	  0.022	  0.461	 -0.769	  1.798	  3.166	  0.921	  1.547	  5.237	 -0.025	  1.451	 -1.639	  2.459	 -0.019	  0.873	 -1.554	  1.944
 12.250	  0.004	  0.561	 -0.729	  2.029	  3.143	  0.909	  1.893	  4.807	 -0.035	  1.456	 -2.041	  2.041	 -0.049	  0.862	 -1.234	  1.528
 12.300	  0.026	  0.595	 -1.534	  1.622	  3.186	  0.874	  1.793	  4.381	 -0.028	  1.454	 -2.439	  1.626	 -0.017	  0.829	 -1.338	  1.115
 12.350	 -0.004	  0.589	 -0.869	  1.218	  3.141	  0.747	  1.381	  3.959	 -0.099	  1.352	 -2.834	  1.215	 -0.069	  0.708	 -1.738	  0.706
 12.400	  0.022	  0.574	 -1.046	  1.231	  3.180	  0.654	  1.413	  4.291	 -0.030	  1.142	 -3.226	  0.806	 -0.041	  0.620	 -1.716	  1.013
 12.450	  0.036	  0.546	 -1.428	  1.241	  3.221	  0.612	  1.005	  4.621	  0.032	  0.834	 -3.614	  0.402	 -0.011	  0.580	 -2.111	  1.317
 12.500	  0.010	  0.464	 -1.400	  0.637	  3.202	  0.534	  1.656	  4.203	 -0.040	  0.280	 -2.000	  0.000	 -0.037	  0.506	 -1.503	  0.912
 12.550	  0.007	  0.367	 -0.770	  1.453	  3.191	  0.672	  2.302	  4.838	 -0.040	  0.811	 -0.398	  3.586	 -0.056	  0.637	 -0.899	  1.506
 12.600	  0.015	  0.416	 -1.355	  1.051	  3.291	  0.781	  1.896	  4.422	  0.073	  1.116	 -0.794	  3.175	  0.030	  0.741	 -1.292	  1.103
 12.650	  0.008	  0.423	 -1.139	  1.049	  3.216	  0.791	  1.493	  4.315	 -0.063	  1.227	 -1.186	  2.767	 -0.049	  0.750	 -1.682	  0.993
 12.700	  0.011	  0.479	 -1.324	  1.242	  3.229	  0.743	  1.094	  4.638	 -0.016	  1.331	 -1.575	  2.362	 -0.045	  0.705	 -2.069	  1.291
 12.750	  0.003	  0.429	 -1.313	  0.841	  3.259	  0.718	  2.160	  4.959	  0.012	  1.365	 -1.961	  1.961	 -0.025	  0.681	 -1.067	  1.587
 12.800	 -0.007	  0.452	 -1.111	  1.803	  3.256	  0.775	  1.760	  5.277	 -0.029	  1.355	 -2.344	  1.563	 -0.036	  0.735	 -1.453	  1.881
 12.850	  0.017	  0.504	 -1.301	  1.591	  3.300	  0.805	  2.090	  4.868	  0.043	  1.264	 -2.724	  1.167	 -0.002	  0.763	 -1.149	  1.484
 12.900	  0.006	  0.568	 -1.491	  1.570	  3.250	  0.789	  1.994	  4.461	 -0.029	  1.105	 -3.101	  0.775	 -0.057	  0.748	 -1.248	  1.091
 12.950	 -0.001	  0.555	 -1.870	  1.357	  3.312	  0.631	  1.600	  4.058	  0.002	  0.818	 -3.475	  0.386	 -0.006	  0.598	 -1.630	  0.701
 13.000	 -0.023	  0.456	 -1.493	  1.332	  3.289	  0.461	  1.209	  3.658	 -0.023	  0.209	 -1.923	  0.000	 -0.036	  0.437	 -2.008	  0.313
 13.050	 -0.003	  0.383	 -0.938	  1.865	  3.274	  0.508	  2.546	  5.281	 -0.048	  0.763	 -0.383	  3.448	 -0.058	  0.481	 -0.748	  1.845
 13.100	 -0.002	  0.345	 -0.951	  1.275	  3.308	  0.607	  2.866	  5.296	 -0.027	  1.095	 -0.763	  3.053	 -0.034	  0.576	 -0.452	  1.851
 13.150	  0.005	  0.342	 -0.783	  1.058	  3.325	  0.746	  2.475	  4.896	 -0.006	  1.260	 -1.141	  2.662	 -0.025	  0.707	 -0.831	  1.464
 13.200	 -0.001	  0.360	 -0.985	  1.025	  3.299	  0.834	  2.087	  4.791	 -0.042	  1.344	 -1.515	  2.273	 -0.057	  0.791	 -1.207	  1.357
 13.250	  0.005	  0.430	 -1.006	  1.170	  3.341	  0.857	  1.702	  4.396	  0.021	  1.381	 -1.887	  1.887	 -0.025	  0.813	 -1.579	  0.975
 13.300	  0.016	  0.508	 -1.209	  0.951	  3.366	  0.821	  1.320	  4.704	 -0.009	  1.307	 -2.256	  1.504	 -0.009	  0.779	 -1.949	  1.260
 13.350	  0.017	  0.549	 -1.411	  1.268	  3.383	  0.744	  0.940	  4.312	  0.030	  1.204	 -2.622	  1.124	 -0.001	  0.705	 -2.317	  0.880
 13.400	  0.025	  0.562	 -1.437	  1.045	  3.389	  0.607	  0.563	  3.923	  0.026	  1.038	 -2.985	  0.746	 -0.002	  0.576	 -2.681	  0.504
 13.450	  0.001	  0.486	 -1.816	  0.823	  3.375	  0.440	  1.576	  4.230	 -0.004	  0.809	 -3.346	  0.372	 -0.023	  0.417	 -1.729	  0.787
 13.500	  0.010	  0.370	 -2.018	  0.776	  3.366	  0.359	  2.176	  4.534	 -0.022	  0.218	 -3.704	  0.000	 -0.038	  0.340	 -1.167	  1.069
 13.550	  0.003	  0.345	 -1.006	  1.074	  3.375	  0.580	  2.772	  6.095	 -0.022	  0.740	 -0.369	  3.321	 -0.037	  0.550	 -0.609	  2.541
 13.600	 -0.009	  0.320	 -0.872	  0.677	  3.363	  0.678	  2.395	  5.705	 -0.059	  0.988	 -0.735	  2.941	 -0.056	  0.642	 -0.974	  2.164
 13.650	 -0.007	  0.336	 -0.743	  1.307	  3.388	  0.789	  2.019	  5.317	 -0.005	  1.183	 -1.099	  2.564	 -0.040	  0.748	 -1.337	  1.790
 13.700	  0.004	  0.407	 -0.957	  1.078	  3.423	  0.792	  2.328	  4.933	  0.002	  1.248	 -1.460	  2.190	 -0.013	  0.751	 -1.052	  1.418
 13.750	 -0.022	  0.438	 -1.171	  2.364	  3.390	  0.740	  1.956	  4.551	 -0.064	  1.268	 -1.818	  1.818	 -0.052	  0.701	 -1.412	  1.049
 13.800	 -0.011	  0.467	 -0.883	  1.624	  3.398	  0.678	  2.262	  4.568	 -0.049	  1.278	 -2.174	  1.449	 -0.051	  0.643	 -1.128	  1.058
 13.850	  0.023	  0.469	 -1.598	  1.223	  3.459	  0.697	  1.893	  4.470	  0.031	  1.155	 -2.527	  1.083	 -0.000	  0.661	 -1.485	  0.958
 13.900	 -0.001	  0.473	 -1.645	  0.826	  3.434	  0.686	  1.526	  4.765	 -0.038	  1.036	 -2.878	  0.719	 -0.031	  0.651	 -1.840	  1.231
 13.950	  0.011	  0.457	 -1.204	  0.922	  3.451	  0.619	  1.162	  4.389	 -0.011	  0.781	 -3.226	  0.358	 -0.022	  0.586	 -2.191	  0.868
 14.000	 -0.021	  0.438	 -1.097	  1.015	  3.442	  0.475	  2.684	  4.016	 -0.016	  0.169	 -1.786	  0.000	 -0.036	  0.450	 -0.755	  0.508
 14.050	 -0.011	  0.399	 -0.832	  0.942	  3.430	  0.556	  2.319	  4.585	 -0.052	  0.733	 -0.356	  3.203	 -0.055	  0.527	 -1.108	  1.040
 14.100	  0.020	  0.323	 -1.054	  0.868	  3.496	  0.637	  1.956	  5.149	  0.034	  1.018	 -0.709	  2.837	  0.001	  0.604	 -1.459	  1.568
 14.150	  0.013	  0.299	 -0.798	  0.792	  3.489	  0.622	  2.255	  5.436	  0.018	  1.140	 -1.060	  2.473	 -0.012	  0.590	 -1.182	  1.834
 14.200	 -0.011	  0.323	 -0.706	  0.715	  3.447	  0.723	  2.551	  5.721	 -0.088	  1.189	 -1.408	  2.113	 -0.059	  0.685	 -0.908	  2.097
 14.250	  0.006	  0.384	 -0.774	  0.950	  3.477	  0.783	  2.191	  5.350	 -0.025	  1.236	 -1.754	  1.754	 -0.037	  0.742	 -1.256	  1.739
 14.300	 -0.006	  0.432	 -1.156	  1.024	  3.473	  0.808	  2.486	  4.982	 -0.044	  1.217	 -2.098	  1.399	 -0.047	  0.766	 -0.983	  1.384
 14.350	  0.001	  0.467	 -0.916	  1.248	  3.512	  0.748	  2.129	  4.616	 -0.057	  1.170	 -2.439	  1.045	 -0.017	  0.709	 -1.328	  1.030
 14.400	  0.012	  0.497	 -1.142	  1.467	  3.522	  0.656	  2.043	  4.253	 -0.012	  1.009	 -2.778	  0.694	 -0.014	  0.622	 -1.416	  0.679
 14.450	  0.025	  0.482	 -1.215	  1.376	  3.538	  0.503	  1.689	  3.892	  0.005	  0.735	 -3.114	  0.346	 -0.005	  0.477	 -1.757	  0.331
 14.500	  0.021	  0.417	 -1.593	  0.981	  3.519	  0.109	  2.625	  3.534	 -0.017	  0.172	 -1.724	  0.000	 -0.029	  0.103	 -0.877	 -0.015
 14.550	 -0.013	  0.278	 -1.366	  0.739	  3.546	  0.505	  3.178	  5.366	 -0.000	  0.721	 -0.344	  3.093	 -0.010	  0.478	 -0.358	  1.716
 14.600	  0.007	  0.218	 -0.696	  1.544	  3.543	  0.658	  2.825	  5.005	 -0.043	  0.945	 -0.685	  2.740	 -0.019	  0.623	 -0.700	  1.367
 14.650	  0.002	  0.316	 -0.631	  1.148	  3.547	  0.762	  2.474	  4.647	 -0.000	  1.069	 -1.024	  2.389	 -0.021	  0.722	 -1.039	  1.021
 14.700	  0.024	  0.360	 -0.864	  0.756	  3.557	  0.766	  2.125	  4.553	 -0.049	  1.147	 -1.361	  2.041	 -0.018	  0.726	 -1.375	  0.927
 14.750	  0.002	  0.404	 -1.535	  0.806	  3.562	  0.757	  1.779	  4.831	 -0.002	  1.188	 -1.695	  1.695	 -0.020	  0.718	 -1.710	  1.184
 14.800	 -0.015	  0.428	 -1.473	  1.143	  3.551	  0.709	  1.435	  4.477	 -0.027	  1.174	 -2.027	  1.351	 -0.036	  0.673	 -2.042	  0.842
 14.850	 -0.013	  0.441	 -1.702	  0.752	  3.545	  0.627	  1.094	  4.753	 -0.052	  1.108	 -2.357	  1.010	 -0.048	  0.594	 -2.371	  1.098
 14.900	 -0.003	  0.426	 -1.070	  0.937	  3.558	  0.606	  2.006	  5.027	 -0.044	  0.959	 -2.685	  0.671	 -0.041	  0.575	 -1.513	  1.352
 14.950	 -0.004	  0.417	 -0.876	  0.833	  3.580	  0.560	  2.547	  4.676	 -0.028	  0.737	 -3.010	  0.334	 -0.026	  0.531	 -1.006	  1.013
 15.000	  0.005	  0.367	 -1.253	  1.293	  3.574	  0.474	  2.205	  4.327	 -0.037	  0.245	 -1.667	  0.000	 -0.038	  0.449	 -1.336	  0.676
 15.050	  0.008	  0.299	 -0.503	  0.902	  3.619	  0.597	  2.741	  5.733	  0.012	  0.717	 -0.332	  2.990	 -0.001	  0.566	 -0.833	  2.003
 15.100	  0.015	  0.318	 -0.882	  0.794	  3.616	  0.616	  2.401	  5.382	 -0.025	  0.908	 -0.662	  2.649	 -0.010	  0.584	 -1.161	  1.665
 15.150	 -0.000	  0.332	 -0.703	  0.684	  3.588	  0.632	  2.679	  5.035	 -0.031	  1.051	 -0.990	  2.310	 -0.042	  0.599	 -0.904	  1.329
 15.200	 -0.007	  0.317	 -0.804	  0.987	  3.621	  0.628	  2.341	  4.689	 -0.007	  1.162	 -1.316	  1.974	 -0.017	  0.595	 -1.230	  0.996
 15.250	 -0.004	  0.313	 -0.632	  0.874	  3.587	  0.681	  2.617	  4.957	 -0.062	  1.167	 -1.639	  1.639	 -0.055	  0.645	 -0.974	  1.244
 15.300	 -0.004	  0.363	 -0.872	  1.303	  3.623	  0.715	  2.281	  4.614	 -0.047	  1.125	 -1.961	  1.307	 -0.027	  0.678	 -1.298	  0.914
 15.350	 -0.010	  0.410	 -1.112	  1.185	  3.637	  0.719	  1.948	  4.881	 -0.029	  1.074	 -2.280	  0.977	 -0.019	  0.682	 -1.620	  1.161
 15.400	  0.006	  0.421	 -1.753	  0.663	  3.651	  0.649	  1.617	  4.540	  0.005	  0.924	 -2.597	  0.649	 -0.011	  0.615	 -1.939	  0.832
 15.450	  0.002	  0.407	 -1.854	  0.813	  3.645	  0.545	  1.288	  4.202	 -0.015	  0.686	 -2.913	  0.324	 -0.022	  0.517	 -2.256	  0.506
 15.500	 -0.004	  0.365	 -1.427	  0.826	  3.648	  0.328	  1.812	  3.866	 -0.011	  0.135	 -1.613	  0.000	 -0.025	  0.311	 -1.765	  0.182
 15.550	  0.016	  0.286	 -1.006	  0.573	  3.646	  0.354	  2.932	  5.228	 -0.042	  0.635	 -0.322	  2.894	 -0.032	  0.336	 -0.709	  1.467
 15.600	  0.019	  0.257	 -0.594	  0.976	  3.668	  0.524	  3.200	  6.086	 -0.016	  0.881	 -0.641	  2.564	 -0.016	  0.497	 -0.460	  2.275
 15.650	 -0.009	  0.226	 -0.708	  0.852	  3.640	  0.604	  2.870	  5.747	 -0.035	  0.985	 -0.958	  2.236	 -0.049	  0.573	 -0.778	  1.949
 15.700	 -0.007	  0.255	 -0.435	  0.727	  3.662	  0.684	  2.543	  5.410	 -0.059	  1.107	 -1.274	  1.911	 -0.033	  0.649	 -1.094	  1.624
 15.750	  0.001	  0.356	 -0.682	  1.115	  3.690	  0.687	  2.809	  5.075	 -0.046	  1.119	 -1.587	  1.587	 -0.012	  0.651	 -0.847	  1.301
 15.800	 -0.002	  0.409	 -0.799	  0.986	  3.676	  0.693	  2.484	  4.743	 -0.011	  1.096	 -1.899	  1.266	 -0.031	  0.657	 -1.161	  0.981
 15.850	  0.003	  0.428	 -0.664	  1.110	  3.693	  0.624	  2.404	  4.412	 -0.003	  1.025	 -2.208	  0.946	 -0.020	  0.592	 -1.242	  0.662
 15.900	 -0.028	  0.418	 -0.910	  1.231	  3.665	  0.502	  2.082	  4.084	 -0.068	  0.899	 -2.516	  0.629	 -0.052	  0.476	 -1.552	  0.346
 15.950	 -0.017	  0.357	 -0.779	  1.097	  3.692	  0.434	  2.105	  4.342	 -0.031	  0.686	 -2.821	  0.313	 -0.031	  0.412	 -1.536	  0.585
 16.000	  0.025	  0.303	 -1.274	  0.964	  3.698	  0.352	  2.610	  4.599	 -0.012	  0.139	 -1.562	  0.000	 -0.031	  0.334	 -1.063	  0.823
 16.050	 -0.000	  0.283	 -1.147	  0.583	  3.686	  0.506	  3.111	  5.095	 -0.025	  0.624	 -0.312	  2.804	 -0.047	  0.480	 -0.592	  1.288
 16.100	  0.005	  0.253	 -1.146	  0.696	  3.716	  0.616	  2.791	  4.768	 -0.039	  0.851	 -0.621	  2.484	 -0.024	  0.584	 -0.901	  0.973
 16.150	 -0.005	  0.270	 -0.537	  0.684	  3.697	  0.654	  2.473	  4.683	 -0.036	  0.997	 -0.929	  2.167	 -0.047	  0.620	 -1.208	  0.888
 16.200	  0.003	  0.309	 -0.786	  0.670	  3.730	  0.633	  2.157	  4.935	 -0.037	  1.072	 -1.235	  1.852	 -0.021	  0.600	 -1.513	  1.122
 16.250	  0.016	  0.349	 -1.154	  0.774	  3.753	  0.583	  1.842	  4.612	  0.051	  1.093	 -1.538	  1.538	 -0.004	  0.553	 -1.816	  0.811
 16.300	 -0.027	  0.367	 -1.281	  1.235	  3.716	  0.611	  2.674	  5.436	 -0.095	  1.124	 -1.840	  1.227	 -0.044	  0.580	 -1.032	  1.586
 16.350	  0.012	  0.344	 -0.931	  0.855	  3.765	  0.616	  2.360	  5.113	  0.050	  0.955	 -2.141	  0.917	 -0.003	  0.584	 -1.335	  1.275
 16.400	  0.013	  0.363	 -0.824	  0.714	  3.769	  0.596	  2.616	  4.793	  0.034	  0.840	 -2.439	  0.610	 -0.004	  0.565	 -1.097	  0.966
 16.450	  0.014	  0.381	 -0.955	  0.809	  3.767	  0.505	  2.539	  4.474	  0.027	  0.621	 -2.736	  0.304	 -0.011	  0.479	 -1.175	  0.660
 16.500	  0.005	  0.346	 -0.853	  0.667	  3.768	  0.370	  2.228	  4.158	 -0.015	  0.151	 -1.515	  0.000	 -0.015	  0.351	 -1.474	  0.355
 16.550	  0.010	  0.293	 -0.870	  0.873	  3.769	  0.471	  2.716	  5.436	  0.020	  0.658	 -0.302	  2.719	 -0.018	  0.447	 -1.017	  1.562
 16.600	  0.004	  0.247	 -0.889	  0.728	  3.772	  0.484	  2.968	  5.119	  0.000	  0.839	 -0.602	  2.410	 -0.021	  0.459	 -0.782	  1.256
 16.650	  0.002	  0.206	 -0.450	  0.698	  3.727	  0.530	  3.219	  5.131	 -0.084	  0.919	 -0.901	  2.102	 -0.068	  0.502	 -0.550	  1.263
 16.700	 -0.009	  0.269	 -0.589	  0.667	  3.800	  0.628	  2.910	  4.816	 -0.028	  1.021	 -1.198	  1.796	 -0.003	  0.595	 -0.847	  0.960
 16.750	 -0.004	  0.310	 -0.841	  0.747	  3.789	  0.659	  2.603	  4.734	  0.010	  1.069	 -1.493	  1.493	 -0.019	  0.625	 -1.143	  0.877
 16.800	 -0.003	  0.328	 -0.867	  0.600	  3.749	  0.670	  2.298	  4.977	 -0.045	  1.041	 -1.786	  1.190	 -0.062	  0.635	 -1.437	  1.103
 16.850	  0.007	  0.381	 -1.118	  0.788	  3.790	  0.648	  1.994	  4.666	 -0.015	  0.980	 -2.077	  0.890	 -0.027	  0.614	 -1.730	  0.803
 16.900	  0.004	  0.406	 -1.368	  0.750	  3.811	  0.548	  1.692	  4.356	  0.007	  0.841	 -2.367	  0.592	 -0.012	  0.520	 -2.021	  0.505
 16.950	 -0.012	  0.375	 -1.949	  0.600	  3.795	  0.382	  1.392	  4.048	 -0.007	  0.621	 -2.655	  0.295	 -0.032	  0.362	 -2.310	  0.208
 17.000	 -0.010	  0.283	 -1.423	  0.670	  3.807	  0.199	  2.966	  4.839	 -0.006	  0.093	 -1.471	  0.000	 -0.025	  0.189	 -0.822	  0.953
 17.050	 -0.002	  0.209	 -0.577	  0.518	  3.836	  0.481	  3.438	  6.078	  0.028	  0.651	 -0.293	  2.639	 -0.002	  0.456	 -0.380	  2.124
 17.100	  0.000	  0.192	 -0.504	  0.693	  3.817	  0.580	  3.135	  5.768	 -0.031	  0.821	 -0.585	  2.339	 -0.024	  0.550	 -0.671	  1.825
 17.150	  0.010	  0.260	 -0.543	  1.081	  3.871	  0.665	  2.835	  5.460	  0.039	  0.963	 -0.875	  2.041	  0.022	  0.630	 -0.960	  1.528
 17.200	  0.016	  0.308	 -0.582	  1.032	  3.850	  0.678	  3.078	  5.153	  0.019	  1.032	 -1.163	  1.744	 -0.002	  0.643	 -0.734	  1.233
 17.250	  0.002	  0.307	 -0.730	  1.089	  3.829	  0.635	  2.779	  4.848	 -0.035	  1.039	 -1.449	  1.449	 -0.026	  0.602	 -1.022	  0.939
 17.300	 -0.009	  0.332	 -0.558	  0.931	  3.829	  0.572	  2.705	  4.545	 -0.039	  1.021	 -1.734	  1.156	 -0.031	  0.543	 -1.097	  0.648
 17.350	 -0.009	  0.343	 -0.602	  0.773	  3.857	  0.518	  2.724	  4.781	 -0.004	  0.918	 -2.017	  0.865	 -0.010	  0.491	 -1.083	  0.867
 17.400	  0.012	  0.337	 -0.646	  0.720	  3.874	  0.524	  2.429	  4.480	 -0.006	  0.817	 -2.299	  0.575	  0.003	  0.497	 -1.367	  0.577
 17.450	  0.012	  0.326	 -0.901	  0.562	  3.853	  0.503	  2.135	  4.715	 -0.011	  0.633	 -2.579	  0.287	 -0.022	  0.477	 -1.650	  0.796
 17.500	 -0.007	  0.273	 -0.843	  0.820	  3.861	  0.379	  2.597	  4.416	 -0.009	  0.110	 -1.429	  0.000	 -0.018	  0.360	 -1.217	  0.508
 17.550	  0.001	  0.248	 -0.787	  0.660	  3.871	  0.485	  3.056	  4.870	 -0.017	  0.578	 -0.285	  2.564	 -0.013	  0.460	 -0.786	  0.934
 17.600	  0.003	  0.245	 -0.939	  0.602	  3.867	  0.536	  2.763	  4.791	 -0.027	  0.770	 -0.568	  2.273	 -0.021	  0.508	 -1.068	  0.855
 17.650	  0.000	  0.258	 -1.091	  0.748	  3.876	  0.517	  2.472	  5.022	 -0.017	  0.892	 -0.850	  1.983	 -0.017	  0.491	 -1.348	  1.070
 17.700	 -0.017	  0.227	 -0.735	  0.586	  3.851	  0.563	  3.236	  5.779	 -0.072	  0.965	 -1.130	  1.695	 -0.045	  0.533	 -0.628	  1.783
 17.750	  0.006	  0.260	 -0.485	  1.435	  3.898	  0.628	  2.945	  5.481	  0.007	  0.991	 -1.408	  1.408	 -0.005	  0.595	 -0.908	  1.496
 17.800	  0.006	  0.295	 -0.641	  1.067	  3.869	  0.626	  2.656	  5.185	  0.000	  0.930	 -1.685	  1.124	 -0.037	  0.593	 -1.186	  1.211
 17.850	  0.006	  0.346	 -0.797	  1.101	  3.903	  0.622	  2.891	  4.890	 -0.004	  0.899	 -1.961	  0.840	 -0.008	  0.590	 -0.968	  0.928
 17.900	  0.001	  0.341	 -0.755	  0.934	  3.884	  0.559	  2.819	  4.597	  0.000	  0.770	 -2.235	  0.559	 -0.030	  0.530	 -1.040	  0.646
 17.950	  0.001	  0.339	 -0.813	  0.768	  3.900	  0.441	  2.533	  4.306	 -0.017	  0.596	 -2.507	  0.279	 -0.019	  0.418	 -1.316	  0.366
 18.000	  0.010	  0.308	 -1.069	  0.700	  3.901	  0.237	  2.248	  4.016	 -0.018	  0.157	 -1.389	  0.000	 -0.022	  0.225	 -1.590	  0.087
 18.050	  0.002	  0.226	 -0.541	  0.924	  3.920	  0.348	  3.728	  5.492	  0.011	  0.596	 -0.277	  2.493	 -0.008	  0.330	 -0.191	  1.481
 18.100	 -0.009	  0.188	 -0.410	  0.756	  3.926	  0.497	  3.442	  5.200	  0.018	  0.794	 -0.552	  2.210	 -0.007	  0.472	 -0.466	  1.201
 18.150	 -0.002	  0.191	 -0.378	  0.588	  3.901	  0.576	  3.157	  4.910	 -0.047	  0.899	 -0.826	  1.928	 -0.035	  0.546	 -0.740	  0.922
 18.200	  0.000	  0.222	 -0.636	  0.517	  3.944	  0.626	  2.873	  4.834	  0.040	  0.950	 -1.099	  1.648	  0.002	  0.594	 -1.013	  0.846
 18.250	  0.000	  0.304	 -0.798	  0.636	  3.895	  0.650	  2.591	  5.058	 -0.075	  0.973	 -1.370	  1.370	 -0.048	  0.616	 -1.284	  1.054
 18.300	 -0.008	  0.340	 -0.769	  0.847	  3.920	  0.606	  2.311	  4.771	 -0.038	  0.951	 -1.639	  1.093	 -0.029	  0.574	 -1.554	  0.778
 18.350	  0.007	  0.326	 -0.931	  0.582	  3.928	  0.554	  2.032	  4.485	 -0.005	  0.899	 -1.907	  0.817	 -0.025	  0.525	 -1.822	  0.503
 18.400	 -0.012	  0.311	 -0.998	  0.600	  3.919	  0.440	  2.768	  5.215	 -0.039	  0.784	 -2.174	  0.543	 -0.037	  0.417	 -1.128	  1.191
 18.450	 -0.009	  0.316	 -1.067	  1.178	  3.946	  0.418	  2.995	  4.930	 -0.026	  0.611	 -2.439	  0.271	 -0.016	  0.396	 -0.917	  0.917
 18.500	 -0.000	  0.255	 -0.857	  0.911	  3.947	  0.331	  2.926	  4.646	 -0.008	  0.104	 -1.351	  0.000	 -0.019	  0.314	 -0.987	  0.644
 18.550	 -0.006	  0.223	 -0.465	  0.737	  3.964	  0.456	  3.359	  5.786	  0.009	  0.563	 -0.270	  2.426	 -0.007	  0.432	 -0.580	  1.721
 18.600	  0.004	  0.199	 -0.540	  0.472	  3.968	  0.509	  3.081	  5.501	  0.013	  0.744	 -0.538	  2.151	 -0.007	  0.483	 -0.847	  1.447
 18.650	 -0.012	  0.241	 -0.432	  0.850	  3.925	  0.545	  3.305	  5.218	 -0.056	  0.855	 -0.804	  1.877	 -0.051	  0.517	 -0.639	  1.175
 18.700	 -0.004	  0.257	 -0.599	  1.039	  3.951	  0.536	  3.028	  4.937	 -0.036	  0.926	 -1.070	  1.604	 -0.030	  0.508	 -0.905	  0.905
 18.750	  0.003	  0.267	 -0.495	  1.044	  3.979	  0.497	  3.251	  4.657	  0.012	  0.925	 -1.333	  1.333	 -0.007	  0.471	 -0.698	  0.636
 18.800	 -0.008	  0.263	 -0.573	  0.868	  3.967	  0.564	  2.976	  4.875	 -0.019	  0.929	 -1.596	  1.064	 -0.023	  0.535	 -0.962	  0.838
 18.850	 -0.008	  0.287	 -0.652	  0.692	  3.933	  0.573	  2.703	  4.597	 -0.041	  0.881	 -1.857	  0.796	 -0.058	  0.544	 -1.225	  0.571
 18.900	 -0.004	  0.318	 -0.821	  0.605	  3.981	  0.531	  2.431	  4.813	 -0.028	  0.767	 -2.116	  0.529	 -0.016	  0.504	 -1.486	  0.772
 18.950	  0.018	  0.311	 -0.989	  0.695	  4.014	  0.441	  2.161	  4.537	  0.003	  0.555	 -2.375	  0.264	  0.010	  0.418	 -1.746	  0.506
 19.000	  0.018	  0.266	 -0.892	  0.695	  4.002	  0.308	  3.280	  4.262	 -0.007	  0.093	 -1.316	  0.000	 -0.004	  0.292	 -0.689	  0.242
 19.050	  0.010	  0.208	 -0.622	  0.694	  3.999	  0.358	  3.009	  4.883	 -0.012	  0.549	 -0.262	  2.362	 -0.011	  0.340	 -0.949	  0.827
 19.100	  0.000	  0.191	 -0.531	  0.603	  3.994	  0.387	  3.716	  5.096	 -0.020	  0.737	 -0.524	  2.094	 -0.019	  0.367	 -0.283	  1.026
 19.150	  0.003	  0.174	 -0.355	  0.686	  4.017	  0.493	  3.445	  5.796	  0.025	  0.842	 -0.783	  1.828	 -0.001	  0.468	 -0.543	  1.685
 19.200	 -0.003	  0.224	 -0.528	  0.422	  3.985	  0.565	  3.176	  5.520	 -0.026	  0.898	 -1.042	  1.563	 -0.035	  0.536	 -0.802	  1.420
 19.250	 -0.003	  0.253	 -0.529	  1.103	  4.002	  0.583	  2.908	  5.246	 -0.030	  0.914	 -1.299	  1.299	 -0.022	  0.552	 -1.060	  1.157
 19.300	  0.002	  0.278	 -0.616	  0.922	  4.025	  0.580	  3.124	  4.973	  0.009	  0.896	 -1.554	  1.036	 -0.004	  0.550	 -0.858	  0.895
 19.350	  0.004	  0.310	 -0.534	  0.911	  4.033	  0.532	  3.057	  4.702	  0.045	  0.821	 -1.809	  0.775	  0.000	  0.505	 -0.925	  0.634
 19.400	  0.004	  0.334	 -0.708	  0.899	  4.003	  0.448	  2.792	  4.432	 -0.036	  0.748	 -2.062	  0.515	 -0.032	  0.424	 -1.181	  0.375
 19.450	  0.000	  0.280	 -0.881	  1.054	  4.024	  0.301	  2.808	  4.643	 -0.010	  0.567	 -2.314	  0.257	 -0.016	  0.285	 -1.169	  0.571
 19.500	 -0.007	  0.221	 -0.887	  0.537	  4.037	  0.263	  3.221	  4.853	 -0.017	  0.145	 -1.282	  0.000	 -0.007	  0.249	 -0.781	  0.767
 19.550	  0.004	  0.175	 -0.727	  0.606	  4.030	  0.414	  3.631	  5.259	  0.001	  0.547	 -0.256	  2.302	 -0.017	  0.392	 -0.395	  1.148
 19.600	 -0.004	  0.188	 -0.487	  0.425	  4.038	  0.505	  3.367	  4.991	  0.009	  0.721	 -0.510	  2.041	 -0.013	  0.479	 -0.649	  0.890
 19.650	 -0.001	  0.206	 -0.663	  0.574	  4.015	  0.539	  3.104	  4.920	 -0.047	  0.803	 -0.763	  1.781	 -0.038	  0.511	 -0.902	  0.820
 19.700	  0.002	  0.228	 -0.510	  0.556	  4.057	  0.532	  2.842	  5.127	  0.010	  0.879	 -1.015	  1.523	 -0.002	  0.504	 -1.154	  1.013
 19.750	 -0.002	  0.260	 -0.687	  0.537	  4.038	  0.513	  2.582	  4.861	 -0.037	  0.885	 -1.266	  1.266	 -0.023	  0.487	 -1.404	  0.757
 19.800	 -0.005	  0.283	 -0.620	  0.598	  4.014	  0.452	  2.793	  4.596	 -0.072	  0.874	 -1.515	  1.010	 -0.049	  0.429	 -1.207	  0.502
 19.850	  0.007	  0.278	 -0.554	  0.658	  4.052	  0.474	  3.004	  5.272	 -0.000	  0.813	 -1.763	  0.756	 -0.016	  0.449	 -1.010	  1.140
 19.900	 -0.000	  0.269	 -0.651	  0.635	  4.050	  0.458	  3.214	  5.007	  0.016	  0.681	 -2.010	  0.503	 -0.022	  0.435	 -0.815	  0.886
 19.950	 -0.008	  0.255	 -0.669	  0.691	  4.056	  0.419	  3.149	  4.744	  0.001	  0.519	 -2.256	  0.251	 -0.019	  0.397	 -0.880	  0.633
 20.000	 -0.007	  0.247	 -0.687	  0.825	  4.067	  0.335	  2.891	  4.482	 -0.006	  0.088	 -1.250	  0.000	 -0.013	  0.318	 -1.128	  0.381
 20.050	 -0.003	  0.224	 -0.549	  0.718	  4.065	  0.427	  3.292	  5.537	  0.007	  0.546	 -0.249	  2.244	 -0.018	  0.405	 -0.751	  1.378
 20.100	  0.012	  0.206	 -0.649	  0.533	  4.099	  0.438	  3.499	  5.275	  0.009	  0.705	 -0.498	  1.990	  0.011	  0.415	 -0.558	  1.126
 20.150	  0.015	  0.173	 -0.436	  0.427	  4.090	  0.455	  3.242	  5.013	  0.015	  0.841	 -0.744	  1.737	 -0.000	  0.431	 -0.805	  0.875
 20.200	  0.005	  0.187	 -0.382	  0.554	  4.095	  0.505	  3.448	  5.024	  0.012	  0.858	 -0.990	  1.485	  0.001	  0.479	 -0.613	  0.881
 20.250	 -0.003	  0.211	 -0.485	  0.757	  4.088	  0.519	  3.193	  4.955	 -0.012	  0.850	 -1.235	  1.235	 -0.008	  0.492	 -0.858	  0.813
 20.300	  0.008	  0.267	 -0.666	  0.802	  4.086	  0.556	  2.938	  4.697	 -0.016	  0.868	 -1.478	  0.985	 -0.014	  0.527	 -1.102	  0.565
 20.350	 -0.011	  0.286	 -1.000	  0.615	  4.082	  0.540	  2.685	  4.897	 -0.009	  0.820	 -1.720	  0.737	 -0.021	  0.512	 -1.345	  0.752
 20.400	  0.003	  0.285	 -0.872	  0.504	  4.111	  0.471	  2.434	  4.640	  0.016	  0.695	 -1.961	  0.490	  0.003	  0.446	 -1.587	  0.505
 20.450	 -0.001	  0.273	 -0.900	  0.546	  4.089	  0.364	  2.183	  4.385	  0.002	  0.523	 -2.200	  0.244	 -0.021	  0.345	 -1.828	  0.259
 20.500	 -0.002	  0.246	 -0.928	  0.587	  4.095	  0.129	  3.220	  4.130	 -0.007	  0.094	 -1.220	  0.000	 -0.019	  0.123	 -0.847	  0.015
 20.550	  0.005	  0.178	 -0.581	  0.399	  4.092	  0.321	  3.877	  6.067	 -0.018	  0.488	 -0.243	  2.190	 -0.024	  0.305	 -0.228	  1.848
 20.600	  0.001	  0.138	 -0.463	  0.513	  4.098	  0.455	  3.624	  5.810	 -0.002	  0.680	 -0.485	  1.942	 -0.021	  0.431	 -0.471	  1.601
 20.650	  0.005	  0.176	 -0.421	  0.997	  4.127	  0.535	  3.374	  5.553	 -0.006	  0.803	 -0.726	  1.695	  0.003	  0.507	 -0.712	  1.355
 20.700	  0.000	  0.217	 -0.530	  0.584	  4.113	  0.555	  3.124	  5.299	 -0.018	  0.840	 -0.966	  1.449	 -0.014	  0.526	 -0.951	  1.110
 20.750	 -0.002	  0.246	 -0.566	  0.617	  4.113	  0.536	  3.325	  5.045	 -0.037	  0.868	 -1.205	  1.205	 -0.016	  0.508	 -0.764	  0.867
 20.800	  0.012	  0.265	 -0.455	  0.575	  4.144	  0.499	  3.262	  4.792	  0.030	  0.818	 -1.442	  0.962	  0.010	  0.473	 -0.827	  0.624
 20.850	 -0.002	  0.263	 -0.492	  0.753	  4.127	  0.426	  3.014	  4.541	  0.004	  0.784	 -1.679	  0.719	 -0.010	  0.404	 -1.065	  0.383
 20.900	  0.010	  0.255	 -0.676	  0.636	  4.124	  0.402	  3.029	  4.737	 -0.002	  0.692	 -1.914	  0.478	 -0.015	  0.381	 -1.053	  0.566
 20.950	  0.014	  0.239	 -0.715	  0.591	  4.150	  0.364	  2.783	  4.932	  0.017	  0.480	 -2.148	  0.239	  0.006	  0.345	 -1.290	  0.748
 21.000	 -0.006	  0.235	 -1.042	  0.618	  4.129	  0.312	  3.166	  4.682	 -0.006	  0.084	 -1.190	  0.000	 -0.017	  0.295	 -0.929	  0.508
 21.050	 -0.004	  0.187	 -0.578	  0.356	  4.127	  0.408	  3.548	  5.060	 -0.000	  0.512	 -0.238	  2.138	 -0.022	  0.387	 -0.571	  0.863
 21.100	  0.006	  0.171	 -0.477	  0.524	  4.148	  0.452	  3.302	  4.994	 -0.006	  0.661	 -0.474	  1.896	 -0.004	  0.428	 -0.807	  0.797
 21.150	  0.008	  0.196	 -0.662	  0.548	  4.158	  0.479	  3.058	  5.187	  0.018	  0.798	 -0.709	  1.655	  0.002	  0.454	 -1.041	  0.977
 21.200	  0.007	  0.202	 -1.130	  0.428	  4.156	  0.454	  2.815	  4.938	  0.002	  0.815	 -0.943	  1.415	 -0.003	  0.431	 -1.274	  0.739
 21.250	  0.010	  0.195	 -0.608	  0.731	  4.161	  0.479	  3.451	  5.569	  0.025	  0.821	 -1.176	  1.176	 -0.001	  0.454	 -0.675	  1.334
 21.300	  0.001	  0.220	 -0.653	  0.540	  4.143	  0.510	  3.208	  5.321	 -0.020	  0.820	 -1.408	  0.939	 -0.021	  0.483	 -0.908	  1.096
 21.350	 -0.004	  0.241	 -0.629	  0.558	  4.147	  0.504	  3.403	  5.075	 -0.019	  0.762	 -1.639	  0.703	 -0.020	  0.478	 -0.726	  0.859
 21.400	 -0.001	  0.268	 -0.537	  0.575	  4.166	  0.474	  3.342	  4.829	 -0.011	  0.659	 -1.869	  0.467	 -0.005	  0.450	 -0.787	  0.623
 21.450	  0.005	  0.273	 -0.654	  0.591	  4.160	  0.377	  3.101	  4.585	 -0.006	  0.502	 -2.098	  0.233	 -0.014	  0.358	 -1.018	  0.389
 21.500	  0.003	  0.223	 -1.116	  0.537	  4.167	  0.249	  3.115	  4.341	 -0.007	  0.104	 -2.326	  0.000	 -0.010	  0.236	 -1.008	  0.155
 21.550	  0.006	  0.173	 -0.340	  0.482	  4.182	  0.293	  3.667	  5.323	  0.008	  0.495	 -0.232	  2.088	  0.001	  0.278	 -0.487	  1.083
 21.600	  0.004	  0.159	 -0.323	  0.495	  4.170	  0.379	  3.858	  5.332	  0.001	  0.645	 -0.463	  1.852	 -0.013	  0.360	 -0.308	  1.089
 21.650	 -0.003	  0.152	 -0.376	  0.439	  4.177	  0.460	  3.619	  5.089	  0.015	  0.739	 -0.693	  1.617	 -0.009	  0.436	 -0.539	  0.855
 21.700	 -0.009	  0.167	 -0.361	  0.382	  4.166	  0.515	  3.380	  5.025	 -0.020	  0.799	 -0.922	  1.382	 -0.023	  0.488	 -0.768	  0.792
 21.750	  0.002	  0.205	 -0.617	  0.661	  4.199	  0.521	  3.142	  4.783	  0.014	  0.798	 -1.149	  1.149	  0.006	  0.494	 -0.996	  0.560
 21.800	  0.000	  0.243	 -0.804	  0.468	  4.176	  0.515	  2.906	  4.971	 -0.023	  0.796	 -1.376	  0.917	 -0.019	  0.488	 -1.223	  0.735
 21.850	 -0.003	  0.262	 -0.991	  0.542	  4.172	  0.463	  2.670	  4.730	 -0.002	  0.740	 -1.602	  0.686	 -0.026	  0.439	 -1.449	  0.504
 21.900	 -0.006	  0.254	 -1.177	  0.416	  4.183	  0.368	  2.436	  4.491	 -0.023	  0.635	 -1.826	  0.457	 -0.018	  0.349	 -1.674	  0.275
 21.950	  0.015	  0.221	 -0.768	  0.553	  4.195	  0.297	  3.052	  5.103	  0.010	  0.481	 -2.050	  0.228	 -0.009	  0.282	 -1.093	  0.852
 22.000	  0.004	  0.180	 -0.561	  0.491	  4.197	  0.243	  3.417	  4.864	 -0.006	  0.080	 -1.136	  0.000	 -0.010	  0.230	 -0.749	  0.622
 22.050	  0.003	  0.159	 -0.422	  0.363	  4.184	  0.370	  3.780	  5.822	 -0.003	  0.468	 -0.227	  2.041	 -0.025	  0.350	 -0.407	  1.528
 22.100	 -0.004	  0.166	 -0.416	  0.431	  4.193	  0.426	  3.546	  5.583	 -0.025	  0.623	 -0.452	  1.810	 -0.019	  0.404	 -0.633	  1.298
 22.150	 -0.001	  0.165	 -0.411	  0.562	  4.191	  0.474	  3.312	  5.344	 -0.016	  0.718	 -0.677	  1.580	 -0.024	  0.449	 -0.857	  1.070
 22.200	 -0.014	  0.179	 -0.407	  0.562	  4.178	  0.459	  3.499	  5.107	 -0.051	  0.753	 -0.901	  1.351	 -0.039	  0.435	 -0.682	  0.842
 22.250	  0.007	  0.216	 -0.597	  0.625	  4.232	  0.450	  3.267	  4.871	  0.025	  0.801	 -1.124	  1.124	  0.010	  0.427	 -0.905	  0.615
 22.300	  0.005	  0.232	 -0.530	  0.494	  4.218	  0.445	  3.453	  5.054	  0.015	  0.801	 -1.345	  0.897	 -0.007	  0.422	 -0.731	  0.786
 22.350	  0.013	  0.231	 -0.465	  0.491	  4.223	  0.457	  3.222	  4.819	  0.021	  0.745	 -1.566	  0.671	 -0.004	  0.433	 -0.953	  0.561
 22.400	  0.007	  0.223	 -0.592	  0.423	  4.240	  0.424	  2.991	  5.001	  0.009	  0.626	 -1.786	  0.446	  0.009	  0.402	 -1.174	  0.731
 22.450	  0.008	  0.223	 -0.844	  0.419	  4.230	  0.371	  2.762	  4.767	  0.027	  0.447	 -2.004	  0.223	 -0.003	  0.352	 -1.395	  0.506
 22.500	  0.009	  0.208	 -0.907	  0.413	  4.231	  0.286	  2.533	  4.534	 -0.008	  0.105	 -2.222	  0.000	 -0.004	  0.272	 -1.614	  0.283
 22.550	  0.003	  0.198	 -0.720	  0.406	  4.214	  0.345	  3.476	  4.887	 -0.013	  0.461	 -0.222	  1.996	 -0.023	  0.327	 -0.723	  0.615
 22.600	  0.002	  0.154	 -0.536	  0.461	  4.228	  0.357	  3.247	  5.238	 -0.010	  0.632	 -0.442	  1.770	 -0.013	  0.339	 -0.943	  0.946
 22.650	  0.003	  0.130	 -0.354	  0.390	  4.232	  0.381	  3.842	  5.418	  0.013	  0.698	 -0.662	  1.545	 -0.012	  0.361	 -0.381	  1.113
 22.700	 -0.008	  0.157	 -0.422	  0.566	  4.227	  0.429	  3.613	  5.596	 -0.010	  0.742	 -0.881	  1.322	 -0.019	  0.407	 -0.600	  1.280
 22.750	  0.004	  0.203	 -0.552	  0.740	  4.245	  0.495	  3.385	  5.364	  0.005	  0.777	 -1.099	  1.099	 -0.004	  0.469	 -0.819	  1.057
 22.800	  0.005	  0.210	 -0.498	  0.911	  4.244	  0.480	  3.568	  5.133	  0.032	  0.725	 -1.316	  0.877	 -0.007	  0.455	 -0.649	  0.835
 22.850	 -0.009	  0.234	 -0.384	  0.592	  4.225	  0.470	  3.510	  4.903	 -0.028	  0.701	 -1.532	  0.656	 -0.028	  0.445	 -0.706	  0.615
 22.900	 -0.001	  0.247	 -0.576	  0.578	  4.239	  0.413	  3.284	  4.674	 -0.007	  0.621	 -1.747	  0.437	 -0.018	  0.391	 -0.923	  0.395
 22.950	 -0.003	  0.234	 -0.525	  0.442	  4.251	  0.309	  3.059	  4.446	 -0.000	  0.468	 -1.961	  0.218	 -0.009	  0.293	 -1.139	  0.176
 23.000	 -0.008	  0.197	 -0.476	  0.427	  4.251	  0.135	  3.646	  5.030	 -0.011	  0.108	 -1.087	  0.000	 -0.011	  0.128	 -0.585	  0.727
 23.050	  0.007	  0.127	 -0.368	  0.351	  4.237	  0.300	  3.993	  5.374	 -0.040	  0.424	 -0.217	  1.952	 -0.026	  0.284	 -0.258	  1.051
 23.100	 -0.002	  0.118	 -0.321	  0.514	  4.261	  0.417	  3.768	  5.146	  0.003	  0.603	 -0.433	  1.732	 -0.007	  0.396	 -0.474	  0.832
 23.150	  0.006	  0.153	 -0.276	  0.377	  4.265	  0.474	  3.544	  5.085	 -0.009	  0.688	 -0.648	  1.512	 -0.005	  0.450	 -0.689	  0.773
 23.200	  0.009	  0.187	 -0.351	  0.536	  4.281	  0.467	  3.320	  4.859	  0.004	  0.740	 -0.862	  1.293	  0.007	  0.443	 -0.903	  0.555
 23.250	 -0.004	  0.207	 -0.484	  0.340	  4.272	  0.459	  3.098	  5.034	 -0.014	  0.758	 -1.075	  1.075	 -0.004	  0.435	 -1.116	  0.719
 23.300	 -0.004	  0.214	 -0.618	  0.437	  4.260	  0.435	  2.877	  4.809	 -0.020	  0.742	 -1.288	  0.858	 -0.017	  0.412	 -1.328	  0.503
 23.350	 -0.001	  0.214	 -0.810	  0.358	  4.264	  0.377	  3.455	  4.984	 -0.014	  0.697	 -1.499	  0.642	 -0.016	  0.358	 -0.783	  0.667
 23.400	  0.003	  0.225	 -0.826	  0.685	  4.265	  0.390	  3.633	  5.158	 -0.025	  0.614	 -1.709	  0.427	 -0.017	  0.370	 -0.617	  0.829
 23.450	  0.000	  0.212	 -0.843	  0.777	  4.278	  0.349	  3.576	  4.934	  0.001	  0.469	 -1.919	  0.213	 -0.008	  0.331	 -0.673	  0.614
 23.500	  0.005	  0.180	 -1.092	  0.522	  4.264	  0.276	  3.588	  4.711	 -0.005	  0.089	 -2.128	  0.000	 -0.023	  0.261	 -0.664	  0.400
 23.550	  0.003	  0.157	 -0.364	  0.612	  4.278	  0.360	  3.696	  5.608	 -0.017	  0.438	 -0.212	  1.911	 -0.012	  0.341	 -0.564	  1.249
 23.600	 -0.002	  0.159	 -0.442	  0.586	  4.266	  0.401	  3.477	  5.384	 -0.017	  0.591	 -0.424	  1.695	 -0.026	  0.380	 -0.774	  1.034
 23.650	 -0.007	  0.163	 -0.521	  0.617	  4.297	  0.393	  3.652	  5.161	  0.004	  0.658	 -0.634	  1.480	  0.001	  0.372	 -0.610	  0.820
 23.700	 -0.008	  0.156	 -0.317	  0.476	  4.276	  0.390	  3.827	  4.940	 -0.027	  0.723	 -0.844	  1.266	 -0.021	  0.370	 -0.447	  0.608
 23.750	 -0.007	  0.164	 -0.398	  0.674	  4.258	  0.444	  3.608	  5.111	 -0.073	  0.731	 -1.053	  1.053	 -0.041	  0.421	 -0.657	  0.768
 23.800	 -0.013	  0.187	 -0.479	  0.476	  4.274	  0.442	  3.391	  4.890	 -0.051	  0.691	 -1.261	  0.840	 -0.028	  0.419	 -0.865	  0.556
 23.850	 -0.002	  0.226	 -0.616	  0.391	  4.295	  0.440	  3.174	  5.061	 -0.004	  0.674	 -1.468	  0.629	 -0.010	  0.417	 -1.073	  0.716
 23.900	  0.004	  0.225	 -0.530	  0.417	  4.314	  0.397	  2.958	  4.842	  0.033	  0.566	 -1.674	  0.418	  0.005	  0.377	 -1.280	  0.506
 23.950	 -0.004	  0.211	 -0.723	  0.443	  4.296	  0.329	  2.743	  4.623	 -0.016	  0.449	 -1.879	  0.209	 -0.014	  0.312	 -1.486	  0.296
 24.000	 -0.000	  0.195	 -1.026	  0.356	  4.301	  0.188	  3.628	  4.405	 -0.007	  0.087	 -1.042	  0.000	 -0.012	  0.178	 -0.650	  0.087
 24.050	  0.003	  0.135	 -0.556	  0.269	  4.295	  0.230	  3.800	  5.672	 -0.022	  0.415	 -0.208	  1.871	 -0.020	  0.218	 -0.489	  1.286
 24.100	 -0.004	  0.133	 -0.365	  0.402	  4.307	  0.386	  3.971	  5.839	 -0.004	  0.603	 -0.415	  1.660	 -0.010	  0.366	 -0.329	  1.442
 24.150	  0.001	  0.124	 -0.286	  0.641	  4.326	  0.448	  3.756	  5.620	  0.003	  0.685	 -0.621	  1.449	  0.005	  0.425	 -0.535	  1.232
 24.200	 -0.014	  0.133	 -0.263	  0.824	  4.271	  0.444	  3.542	  5.402	 -0.064	  0.702	 -0.826	  1.240	 -0.050	  0.421	 -0.740	  1.023
 24.250	 -0.008	  0.176	 -0.403	  0.733	  4.308	  0.460	  3.713	  5.185	 -0.024	  0.730	 -1.031	  1.031	 -0.016	  0.436	 -0.581	  0.815
 24.300	  0.002	  0.217	 -0.382	  0.643	  4.307	  0.456	  3.499	  4.968	 -0.017	  0.723	 -1.235	  0.823	 -0.020	  0.432	 -0.785	  0.607
 24.350	  0.006	  0.233	 -0.576	  0.606	  4.315	  0.399	  3.446	  4.753	 -0.016	  0.679	 -1.437	  0.616	 -0.014	  0.378	 -0.839	  0.401
 24.400	  0.014	  0.198	 -0.448	  0.568	  4.344	  0.303	  3.457	  4.920	  0.033	  0.573	 -1.639	  0.410	  0.011	  0.287	 -0.830	  0.557
 24.450	 -0.005	  0.189	 -0.429	  0.370	  4.315	  0.305	  3.246	  5.087	 -0.020	  0.455	 -1.840	  0.204	 -0.019	  0.289	 -1.032	  0.713
 24.500	  0.013	  0.171	 -0.464	  0.385	  4.328	  0.248	  3.573	  4.872	 -0.002	  0.046	 -1.020	  0.000	 -0.008	  0.235	 -0.724	  0.508
 24.550	  0.005	  0.144	 -0.288	  0.293	  4.318	  0.344	  3.899	  5.196	 -0.003	  0.437	 -0.204	  1.833	 -0.020	  0.326	 -0.417	  0.812
 24.600	 -0.005	  0.140	 -0.324	  0.465	  4.327	  0.415	  3.688	  4.982	  0.003	  0.561	 -0.407	  1.626	 -0.014	  0.393	 -0.620	  0.607
 24.650	  0.008	  0.155	 -0.414	  0.477	  4.337	  0.429	  3.478	  4.926	 -0.022	  0.629	 -0.609	  1.420	 -0.006	  0.407	 -0.821	  0.552
 24.700	  0.001	  0.163	 -0.399	  0.383	  4.333	  0.424	  3.268	  5.091	 -0.017	  0.688	 -0.810	  1.215	 -0.013	  0.402	 -1.022	  0.706
 24.750	  0.011	  0.179	 -0.490	  0.342	  4.344	  0.386	  3.060	  4.879	  0.008	  0.712	 -1.010	  1.010	 -0.004	  0.366	 -1.222	  0.502
 24.800	  0.000	  0.190	 -0.425	  0.403	  4.335	  0.421	  3.604	  5.419	 -0.022	  0.699	 -1.210	  0.806	 -0.015	  0.399	 -0.708	  1.013
 24.850	  0.003	  0.184	 -0.413	  0.361	  4.346	  0.413	  3.771	  5.207	  0.020	  0.658	 -1.408	  0.604	 -0.007	  0.392	 -0.552	  0.809
 24.900	 -0.008	  0.200	 -0.504	  0.574	  4.327	  0.396	  3.717	  4.996	 -0.019	  0.587	 -1.606	  0.402	 -0.027	  0.376	 -0.605	  0.607
 24.950	  0.004	  0.207	 -0.749	  0.632	  4.346	  0.344	  3.509	  4.785	 -0.009	  0.432	 -1.804	  0.200	 -0.011	  0.326	 -0.804	  0.405
 25.000	 -0.000	  0.186	 -0.636	  0.586	  4.338	  0.254	  3.302	  4.576	 -0.005	  0.071	 -1.000	  0.000	 -0.021	  0.241	 -1.003	  0.205
 25.050	 -0.008	  0.147	 -0.373	  0.438	  4.351	  0.306	  3.623	  5.420	  0.015	  0.434	 -0.200	  1.796	 -0.011	  0.290	 -0.701	  1.003
 25.100	 -0.000	  0.122	 -0.467	  0.544	  4.358	  0.303	  3.788	  5.210	  0.002	  0.561	 -0.398	  1.594	 -0.006	  0.287	 -0.547	  0.801
 25.150	  0.003	  0.115	 -0.258	  0.497	  4.369	  0.378	  3.952	  5.218	  0.007	  0.642	 -0.596	  1.392	  0.002	  0.359	 -0.393	  0.807
 25.200	 -0.001	  0.142	 -0.303	  0.499	  4.358	  0.438	  3.746	  5.162	 -0.010	  0.695	 -0.794	  1.190	 -0.010	  0.415	 -0.591	  0.752
 25.250	  0.002	  0.164	 -0.447	  0.401	  4.359	  0.448	  3.540	  4.954	 -0.003	  0.705	 -0.990	  0.990	 -0.011	  0.425	 -0.788	  0.553
 25.300	 -0.002	  0.182	 -0.642	  0.303	  4.364	  0.452	  3.336	  5.115	 -0.023	  0.685	 -1.186	  0.791	 -0.009	  0.428	 -0.984	  0.703
 25.350	 -0.005	  0.202	 -0.538	  0.354	  4.362	  0.416	  3.132	  4.908	 -0.002	  0.645	 -1.381	  0.592	 -0.013	  0.394	 -1.179	  0.505
 25.400	  0.001	  0.209	 -0.584	  0.403	  4.372	  0.365	  2.929	  4.701	  0.006	  0.558	 -1.575	  0.394	 -0.005	  0.346	 -1.373	  0.307
 25.450	  0.004	  0.203	 -0.532	  0.402	  4.377	  0.249	  2.727	  4.495	 -0.001	  0.425	 -1.768	  0.196	 -0.003	  0.236	 -1.567	  0.110
 25.500	 -0.001	  0.148	 -0.481	  0.302	  4.359	  0.162	  3.773	  5.022	 -0.012	  0.107	 -0.980	  0.000	 -0.022	  0.154	 -0.577	  0.607
 25.550	  0.005	  0.109	 -0.285	  0.300	  4.371	  0.301	  4.086	  5.848	  0.011	  0.414	 -0.196	  1.761	 -0.012	  0.285	 -0.282	  1.388
 25.600	  0.003	  0.123	 -0.285	  0.395	  4.375	  0.362	  3.883	  5.642	 -0.015	  0.536	 -0.391	  1.562	 -0.010	  0.343	 -0.477	  1.190
 25.650	 -0.005	  0.141	 -0.287	  0.487	  4.365	  0.397	  3.681	  5.436	 -0.033	  0.615	 -0.585	  1.365	 -0.022	  0.376	 -0.671	  0.993
 25.700	 -0.002	  0.159	 -0.337	  0.482	  4.367	  0.402	  3.842	  5.230	 -0.029	  0.645	 -0.778	  1.167	 -0.022	  0.381	 -0.520	  0.796
 25.750	 -0.002	  0.162	 -0.436	  0.525	  4.377	  0.401	  3.640	  5.026	 -0.012	  0.676	 -0.971	  0.971	 -0.015	  0.380	 -0.713	  0.601
 25.800	 -0.004	  0.174	 -0.534	  0.614	  4.391	  0.355	  3.589	  4.823	  0.005	  0.652	 -1.163	  0.775	 -0.004	  0.337	 -0.764	  0.406
 25.850	 -0.001	  0.190	 -0.490	  0.606	  4.384	  0.376	  3.600	  4.980	 -0.009	  0.642	 -1.354	  0.580	 -0.012	  0.356	 -0.756	  0.554
 25.900	  0.004	  0.196	 -0.684	  0.408	  4.383	  0.357	  3.400	  5.138	 -0.014	  0.545	 -1.544	  0.386	 -0.015	  0.339	 -0.947	  0.701
 25.950	  0.004	  0.171	 -0.735	  0.446	  4.412	  0.319	  3.200	  4.935	  0.014	  0.394	 -1.734	  0.193	  0.010	  0.302	 -1.138	  0.507
 26.000	 -0.007	  0.156	 -0.505	  0.296	  4.386	  0.257	  3.509	  4.733	 -0.014	  0.117	 -0.962	  0.000	 -0.016	  0.244	 -0.847	  0.313
 26.050	 -0.004	  0.152	 -0.370	  0.380	  4.402	  0.313	  3.817	  5.039	  0.013	  0.427	 -0.192	  1.727	 -0.003	  0.297	 -0.558	  0.601
 26.100	  0.001	  0.136	 -0.331	  0.276	  4.391	  0.333	  3.618	  4.985	 -0.026	  0.542	 -0.383	  1.533	 -0.015	  0.316	 -0.748	  0.548
 26.150	 -0.008	  0.140	 -0.386	  0.359	  4.379	  0.324	  3.776	  5.141	 -0.042	  0.600	 -0.574	  1.338	 -0.028	  0.308	 -0.600	  0.694
 26.200	 -0.004	  0.125	 -0.348	  0.301	  4.414	  0.369	  3.934	  5.652	  0.007	  0.663	 -0.763	  1.145	  0.003	  0.350	 -0.452	  1.177
 26.250	 -0.007	  0.141	 -0.312	  0.335	  4.382	  0.397	  3.736	  5.451	 -0.050	  0.667	 -0.952	  0.952	 -0.029	  0.377	 -0.642	  0.984
 26.300	  0.008	  0.171	 -0.415	  0.368	  4.411	  0.410	  3.893	  5.250	  0.021	  0.665	 -1.141	  0.760	 -0.004	  0.388	 -0.495	  0.792
 26.350	  0.006	  0.196	 -0.380	  0.537	  4.417	  0.403	  3.696	  5.051	  0.007	  0.622	 -1.328	  0.569	 -0.000	  0.382	 -0.684	  0.601
 26.400	 -0.011	  0.196	 -0.437	  0.431	  4.378	  0.381	  3.646	  4.852	 -0.040	  0.564	 -1.515	  0.379	 -0.039	  0.362	 -0.733	  0.410
 26.450	 -0.000	  0.184	 -0.449	  0.598	  4.411	  0.291	  3.450	  4.653	 -0.017	  0.415	 -1.701	  0.189	 -0.009	  0.276	 -0.921	  0.220
 26.500	 -0.001	  0.167	 -0.552	  0.490	  4.417	  0.118	  3.752	  4.456	 -0.006	  0.073	 -0.943	  0.000	 -0.006	  0.112	 -0.636	  0.031
 26.550	  0.003	  0.127	 -0.339	  0.383	  4.409	  0.240	  4.259	  5.458	 -0.020	  0.366	 -0.188	  1.695	 -0.015	  0.227	 -0.157	  0.979
 26.600	  0.009	  0.100	 -0.264	  0.231	  4.426	  0.356	  4.063	  5.260	 -0.002	  0.535	 -0.376	  1.504	 -0.001	  0.337	 -0.345	  0.790
 26.650	  0.002	  0.109	 -0.324	  0.393	  4.432	  0.397	  3.868	  5.062	  0.029	  0.630	 -0.563	  1.313	  0.003	  0.376	 -0.532	  0.600
 26.700	 -0.005	  0.141	 -0.384	  0.285	  4.420	  0.422	  3.674	  5.010	 -0.016	  0.648	 -0.749	  1.124	 -0.011	  0.400	 -0.718	  0.549
 26.750	  0.000	  0.167	 -0.445	  0.267	  4.426	  0.417	  3.480	  5.163	 -0.017	  0.644	 -0.935	  0.935	 -0.007	  0.395	 -0.904	  0.692
 26.800	  0.004	  0.183	 -0.683	  0.336	  4.419	  0.383	  3.287	  4.966	 -0.023	  0.628	 -1.119	  0.746	 -0.015	  0.363	 -1.089	  0.504
 26.850	  0.005	  0.184	 -0.788	  0.272	  4.446	  0.331	  3.094	  4.771	  0.030	  0.599	 -1.304	  0.559	  0.008	  0.314	 -1.273	  0.317
 26.900	 -0.001	  0.174	 -0.760	  0.471	  4.427	  0.310	  3.596	  5.269	 -0.014	  0.533	 -1.487	  0.372	 -0.012	  0.294	 -0.799	  0.787
 26.950	  0.003	  0.166	 -0.383	  0.362	  4.434	  0.291	  3.893	  5.074	 -0.002	  0.397	 -1.670	  0.186	 -0.007	  0.275	 -0.519	  0.600
 27.000	 -0.003	  0.157	 -0.446	  0.427	  4.432	  0.240	  3.701	  4.880	 -0.005	  0.065	 -0.926	  0.000	 -0.011	  0.227	 -0.704	  0.414
 27.050	 -0.003	  0.129	 -0.292	  0.404	  4.439	  0.326	  3.996	  5.660	 -0.005	  0.387	 -0.185	  1.664	 -0.005	  0.309	 -0.425	  1.153
 27.100	 -0.004	  0.113	 -0.269	  0.381	  4.430	  0.357	  3.804	  5.466	 -0.014	  0.511	 -0.369	  1.476	 -0.015	  0.338	 -0.609	  0.966
 27.150	  0.003	  0.137	 -0.334	  0.357	  4.435	  0.367	  3.957	  5.271	 -0.040	  0.592	 -0.552	  1.289	 -0.013	  0.348	 -0.466	  0.780
 27.200	 -0.002	  0.142	 -0.270	  0.332	  4.439	  0.365	  3.766	  5.078	 -0.006	  0.630	 -0.735	  1.103	 -0.011	  0.346	 -0.649	  0.595
 27.250	  0.003	  0.150	 -0.336	  0.350	  4.449	  0.357	  3.917	  5.227	  0.007	  0.640	 -0.917	  0.917	 -0.003	  0.339	 -0.507	  0.735
 27.300	  0.008	  0.152	 -0.401	  0.367	  4.467	  0.372	  3.727	  5.034	  0.026	  0.617	 -1.099	  0.733	  0.012	  0.352	 -0.689	  0.550
 27.350	  0.001	  0.158	 -0.425	  0.469	  4.466	  0.385	  3.537	  5.183	  0.014	  0.595	 -1.280	  0.548	  0.009	  0.365	 -0.871	  0.690
 27.400	 -0.011	  0.188	 -0.533	  0.272	  4.436	  0.384	  3.348	  4.991	 -0.020	  0.537	 -1.460	  0.365	 -0.021	  0.364	 -1.052	  0.506
 27.450	  0.011	  0.168	 -0.811	  0.287	  4.453	  0.291	  3.160	  4.800	 -0.013	  0.389	 -1.639	  0.182	 -0.007	  0.276	 -1.232	  0.323
 27.500	 -0.008	  0.181	 -0.919	  0.218	  4.437	  0.222	  3.452	  4.610	 -0.009	  0.090	 -0.909	  0.000	 -0.023	  0.210	 -0.957	  0.140
 27.550	  0.004	  0.121	 -0.481	  0.274	  4.448	  0.237	  3.743	  5.038	 -0.020	  0.361	 -0.181	  1.633	 -0.015	  0.225	 -0.683	  0.545
 27.600	  0.000	  0.105	 -0.340	  0.245	  4.438	  0.288	  4.231	  5.862	 -0.030	  0.498	 -0.362	  1.449	 -0.026	  0.273	 -0.223	  1.324
 27.650	 -0.001	  0.105	 -0.284	  0.590	  4.464	  0.374	  4.042	  5.670	  0.016	  0.588	 -0.542	  1.266	 -0.003	  0.355	 -0.403	  1.141
 27.700	  0.002	  0.124	 -0.270	  0.518	  4.456	  0.402	  3.854	  5.479	 -0.026	  0.630	 -0.722	  1.083	 -0.012	  0.382	 -0.583	  0.958
 27.750	  0.001	  0.147	 -0.216	  0.528	  4.467	  0.423	  4.003	  5.289	  0.015	  0.633	 -0.901	  0.901	 -0.003	  0.401	 -0.443	  0.776
 27.800	 -0.009	  0.156	 -0.286	  0.414	  4.451	  0.389	  3.816	  5.100	 -0.036	  0.612	 -1.079	  0.719	 -0.021	  0.369	 -0.622	  0.595
 27.850	  0.006	  0.186	 -0.275	  0.505	  4.468	  0.364	  3.768	  4.911	  0.001	  0.581	 -1.257	  0.539	 -0.006	  0.345	 -0.669	  0.414
 27.900	 -0.001	  0.186	 -0.468	  0.391	  4.454	  0.314	  3.582	  4.723	 -0.026	  0.525	 -1.434	  0.358	 -0.021	  0.298	 -0.847	  0.234
 27.950	  0.004	  0.168	 -0.416	  0.398	  4.463	  0.223	  3.592	  4.869	 -0.014	  0.387	 -1.610	  0.179	 -0.014	  0.211	 -0.840	  0.371
 28.000	 -0.007	  0.125	 -0.285	  0.365	  4.470	  0.180	  3.878	  5.015	 -0.008	  0.084	 -0.893	  0.000	 -0.009	  0.170	 -0.570	  0.508
 28.050	 -0.002	  0.102	 -0.316	  0.493	  4.469	  0.303	  4.163	  5.298	  0.001	  0.377	 -0.178	  1.604	 -0.011	  0.288	 -0.302	  0.774
 28.100	  0.006	  0.120	 -0.308	  0.337	  4.495	  0.360	  3.978	  5.111	  0.018	  0.497	 -0.356	  1.423	  0.011	  0.341	 -0.479	  0.595
 28.150	  0.004	  0.125	 -0.300	  0.343	  4.486	  0.377	  3.793	  5.061	 -0.012	  0.560	 -0.533	  1.243	  0.001	  0.358	 -0.656	  0.546
 28.200	  0.006	  0.137	 -0.333	  0.307	  4.497	  0.381	  3.609	  5.205	  0.004	  0.608	 -0.709	  1.064	  0.009	  0.361	 -0.832	  0.681
 28.250	 -0.001	  0.152	 -0.446	  0.312	  4.484	  0.366	  3.426	  5.019	 -0.006	  0.628	 -0.885	  0.885	 -0.005	  0.347	 -1.008	  0.503
 28.300	  0.005	  0.156	 -0.440	  0.355	  4.483	  0.343	  3.902	  5.493	 -0.003	  0.612	 -1.060	  0.707	 -0.007	  0.325	 -0.558	  0.950
 28.350	 -0.003	  0.159	 -0.514	  0.476	  4.475	  0.355	  3.719	  5.307	 -0.011	  0.563	 -1.235	  0.529	 -0.016	  0.336	 -0.733	  0.772
 28.400	 -0.003	  0.163	 -0.548	  0.439	  4.473	  0.345	  3.864	  5.121	 -0.012	  0.494	 -1.408	  0.352	 -0.020	  0.327	 -0.597	  0.595
 28.450	  0.002	  0.154	 -0.543	  0.401	  4.498	  0.291	  3.818	  4.936	  0.008	  0.369	 -1.582	  0.176	  0.002	  0.276	 -0.643	  0.418
 28.500	  0.004	  0.141	 -0.343	  0.362	  4.501	  0.213	  4.098	  4.752	 -0.003	  0.048	 -0.877	  0.000	  0.003	  0.202	 -0.378	  0.242
 28.550	  0.002	  0.134	 -0.341	  0.597	  4.500	  0.272	  3.916	  5.492	  0.001	  0.368	 -0.175	  1.576	  0.001	  0.258	 -0.553	  0.942
 28.600	  0.002	  0.121	 -0.300	  0.401	  4.491	  0.296	  4.060	  5.308	 -0.008	  0.484	 -0.350	  1.399	 -0.009	  0.281	 -0.418	  0.765
 28.650	 -0.000	  0.093	 -0.221	  0.361	  4.495	  0.307	  4.204	  5.315	 -0.010	  0.555	 -0.524	  1.222	 -0.007	  0.291	 -0.283	  0.770
 28.700	 -0.002	  0.106	 -0.220	  0.282	  4.484	  0.366	  4.022	  5.131	 -0.028	  0.605	 -0.697	  1.045	 -0.019	  0.347	 -0.457	  0.595
 28.750	 -0.004	  0.132	 -0.297	  0.319	  4.478	  0.407	  3.841	  5.083	 -0.053	  0.615	 -0.870	  0.870	 -0.027	  0.386	 -0.630	  0.547
 28.800	 -0.008	  0.158	 -0.336	  0.354	  4.469	  0.406	  3.661	  5.224	 -0.036	  0.617	 -1.042	  0.694	 -0.036	  0.384	 -0.802	  0.679
 28.850	 -0.002	  0.167	 -0.375	  0.275	  4.501	  0.371	  3.481	  5.042	 -0.013	  0.554	 -1.213	  0.520	 -0.008	  0.352	 -0.974	  0.505
 28.900	 -0.002	  0.172	 -0.529	  0.309	  4.502	  0.318	  3.302	  4.860	 -0.003	  0.481	 -1.384	  0.346	 -0.009	  0.301	 -1.146	  0.331
 28.950	 -0.001	  0.162	 -0.607	  0.229	  4.499	  0.248	  3.124	  4.679	 -0.010	  0.372	 -1.554	  0.173	 -0.013	  0.235	 -1.316	  0.158
 29.000	 -0.003	  0.135	 -0.646	  0.300	  4.506	  0.062	  4.044	  4.820	 -0.003	  0.054	 -0.862	  0.000	 -0.007	  0.059	 -0.446	  0.290
 29.050	 -0.004	  0.107	 -0.460	  0.332	  4.502	  0.245	  4.319	  5.868	 -0.019	  0.349	 -0.172	  1.549	 -0.013	  0.233	 -0.187	  1.282
 29.100	  0.006	  0.090	 -0.238	  0.288	  4.507	  0.314	  4.139	  5.686	 -0.011	  0.472	 -0.344	  1.375	 -0.010	  0.297	 -0.358	  1.108
 29.150	  0.001	  0.092	 -0.205	  0.431	  4.519	  0.374	  3.961	  5.505	  0.013	  0.563	 -0.515	  1.201	 -0.000	  0.354	 -0.529	  0.935
 29.200	  0.009	  0.141	 -0.211	  0.685	  4.535	  0.399	  4.102	  5.324	  0.015	  0.609	 -0.685	  1.027	  0.014	  0.378	 -0.397	  0.762
 29.250	 -0.000	  0.141	 -0.328	  0.602	  4.514	  0.370	  3.924	  5.144	 -0.009	  0.609	 -0.855	  0.855	 -0.008	  0.351	 -0.567	  0.590
 29.300	  0.006	  0.153	 -0.261	  0.481	  4.530	  0.338	  3.879	  4.965	  0.015	  0.579	 -1.024	  0.683	  0.006	  0.320	 -0.612	  0.418
 29.350	  0.007	  0.151	 -0.304	  0.361	  4.532	  0.289	  3.888	  5.104	  0.023	  0.546	 -1.193	  0.511	  0.006	  0.274	 -0.605	  0.548
 29.400	 -0.002	  0.156	 -0.275	  0.351	  4.521	  0.301	  3.711	  4.925	 -0.003	  0.480	 -1.361	  0.340	 -0.006	  0.286	 -0.774	  0.377
 29.450	 -0.003	  0.150	 -0.393	  0.304	  4.517	  0.286	  3.535	  5.063	 -0.008	  0.376	 -1.528	  0.170	 -0.011	  0.271	 -0.942	  0.507
 29.500	 -0.005	  0.135	 -0.365	  0.330	  4.529	  0.226	  3.806	  4.885	 -0.005	  0.065	 -0.847	  0.000	 -0.002	  0.214	 -0.687	  0.336
 29.550	  0.002	  0.105	 -0.337	  0.283	  4.524	  0.285	  4.077	  5.154	 -0.013	  0.339	 -0.169	  1.523	 -0.008	  0.270	 -0.432	  0.590
 29.600	 -0.000	  0.105	 -0.310	  0.307	  4.539	  0.315	  3.901	  5.107	  0.003	  0.474	 -0.338	  1.351	  0.005	  0.299	 -0.600	  0.543
 29.650	 -0.002	  0.118	 -0.284	  0.368	  4.528	  0.324	  3.726	  5.244	  0.001	  0.552	 -0.506	  1.180	 -0.007	  0.307	 -0.767	  0.672
 29.700	  0.008	  0.125	 -0.403	  0.319	  4.550	  0.297	  4.179	  5.067	  0.030	  0.571	 -0.673	  1.010	  0.012	  0.281	 -0.339	  0.502
 29.750	  0.001	  0.118	 -0.306	  0.270	  4.528	  0.336	  4.004	  5.517	 -0.008	  0.581	 -0.840	  0.840	 -0.010	  0.318	 -0.507	  0.928
 29.800	  0.008	  0.137	 -0.353	  0.435	  4.545	  0.366	  3.829	  5.340	  0.005	  0.574	 -1.007	  0.671	  0.005	  0.347	 -0.674	  0.758
 29.850	  0.009	  0.151	 -0.294	  0.599	  4.554	  0.358	  3.968	  5.164	  0.030	  0.535	 -1.173	  0.503	  0.011	  0.339	 -0.544	  0.590
 29.900	 -0.002	  0.164	 -0.378	  0.548	  4.542	  0.324	  3.923	  4.988	 -0.010	  0.479	 -1.338	  0.334	 -0.001	  0.307	 -0.588	  0.421
 29.950	 -0.001	  0.160	 -0.604	  0.425	  4.522	  0.282	  3.750	  4.812	 -0.014	  0.354	 -1.503	  0.167	 -0.022	  0.267	 -0.754	  0.254
 30.000	 -0.002	  0.141	 -0.440	  0.303	  4.531	  0.169	  3.577	  4.638	 -0.004	  0.059	 -0.833	  0.000	 -0.015	  0.160	 -0.919	  0.087
 30.050	  0.006	  0.106	 -0.207	  0.322	  4.535	  0.181	  4.153	  5.341	 -0.019	  0.335	 -0.166	  1.498	 -0.012	  0.171	 -0.374	  0.752
 30.100	  0.000	  0.090	 -0.187	  0.516	  4.536	  0.298	  4.290	  5.348	 -0.004	  0.480	 -0.332	  1.329	 -0.012	  0.283	 -0.246	  0.757
 30.150	  0.001	  0.101	 -0.307	  0.358	  4.553	  0.351	  4.117	  5.173	  0.004	  0.545	 -0.498	  1.161	  0.002	  0.333	 -0.411	  0.590
 30.200	 -0.000	  0.109	 -0.253	  0.270	  4.538	  0.370	  3.945	  5.127	 -0.015	  0.580	 -0.662	  0.993	 -0.014	  0.351	 -0.576	  0.544
 30.250	 -0.002	  0.124	 -0.305	  0.287	  4.546	  0.379	  3.773	  4.953	  0.000	  0.582	 -0.826	  0.826	 -0.008	  0.360	 -0.740	  0.378
 30.300	 -0.000	  0.152	 -0.356	  0.303	  4.554	  0.362	  3.602	  5.087	 -0.004	  0.577	 -0.990	  0.660	 -0.001	  0.344	 -0.904	  0.504
 30.350	 -0.006	  0.164	 -0.615	  0.318	  4.546	  0.325	  3.431	  4.914	 -0.026	  0.537	 -1.153	  0.494	 -0.010	  0.308	 -1.067	  0.339
 30.400	 -0.002	  0.151	 -0.425	  0.333	  4.560	  0.246	  3.261	  4.742	  0.007	  0.458	 -1.316	  0.329	  0.001	  0.233	 -1.230	  0.174
 30.450	  0.010	  0.131	 -0.374	  0.278	  4.563	  0.226	  4.010	  5.182	  0.010	  0.339	 -1.478	  0.164	  0.003	  0.215	 -0.522	  0.590
 30.500	  0.002	  0.117	 -0.358	  0.360	  4.547	  0.183	  3.966	  5.010	 -0.007	  0.073	 -0.820	  0.000	 -0.014	  0.174	 -0.565	  0.425
 30.550	 -0.005	  0.098	 -0.207	  0.373	  4.553	  0.290	  4.227	  5.701	 -0.004	  0.350	 -0.164	  1.473	 -0.009	  0.275	 -0.318	  1.079
 30.600	  0.003	  0.104	 -0.192	  0.283	  4.562	  0.327	  4.057	  5.528	 -0.007	  0.464	 -0.327	  1.307	 -0.002	  0.310	 -0.481	  0.914
 30.650	 -0.002	  0.106	 -0.281	  0.261	  4.564	  0.354	  3.887	  5.356	  0.012	  0.538	 -0.489	  1.142	 -0.002	  0.336	 -0.643	  0.749
 30.700	 -0.003	  0.111	 -0.234	  0.340	  4.555	  0.335	  4.022	  5.185	 -0.009	  0.550	 -0.651	  0.977	 -0.012	  0.318	 -0.517	  0.585
 30.750	  0.007	  0.131	 -0.322	  0.721	  4.588	  0.312	  3.978	  5.014	  0.034	  0.578	 -0.813	  0.813	  0.018	  0.296	 -0.560	  0.421
 30.800	  0.004	  0.144	 -0.344	  0.495	  4.558	  0.326	  3.987	  5.146	 -0.019	  0.558	 -0.974	  0.649	 -0.012	  0.309	 -0.553	  0.545
 30.850	 -0.000	  0.141	 -0.332	  0.370	  4.566	  0.340	  3.818	  4.975	 -0.014	  0.529	 -1.135	  0.486	 -0.006	  0.323	 -0.715	  0.382
 30.900	 -0.005	  0.145	 -0.454	  0.246	  4.559	  0.326	  3.650	  5.107	 -0.025	  0.474	 -1.294	  0.324	 -0.014	  0.309	 -0.875	  0.506
 30.950	  0.005	  0.137	 -0.410	  0.255	  4.579	  0.258	  3.483	  4.937	  0.015	  0.324	 -1.454	  0.162	  0.004	  0.245	 -1.035	  0.344
 31.000	 -0.008	  0.138	 -0.665	  0.296	  4.559	  0.206	  4.167	  4.768	 -0.003	  0.051	 -0.806	  0.000	 -0.017	  0.195	 -0.388	  0.182
 31.050	  0.002	  0.118	 -0.291	  0.270	  4.571	  0.243	  3.999	  5.024	 -0.010	  0.332	 -0.161	  1.449	 -0.006	  0.231	 -0.549	  0.423
 31.100	 -0.001	  0.093	 -0.315	  0.178	  4.574	  0.262	  3.832	  5.279	 -0.003	  0.466	 -0.322	  1.286	 -0.005	  0.248	 -0.709	  0.664
 31.150	 -0.000	  0.080	 -0.209	  0.218	  4.564	  0.314	  4.264	  5.709	 -0.021	  0.528	 -0.482	  1.124	 -0.016	  0.298	 -0.301	  1.069
 31.200	 -0.004	  0.096	 -0.234	  0.224	  4.564	  0.344	  4.097	  5.539	 -0.030	  0.559	 -0.641	  0.962	 -0.017	  0.326	 -0.460	  0.907
 31.250	  0.007	  0.125	 -0.260	  0.295	  4.590	  0.375	  3.930	  5.370	  0.022	  0.575	 -0.800	  0.800	  0.006	  0.355	 -0.620	  0.746
 31.300	  0.009	  0.141	 -0.253	  0.364	  4.606	  0.368	  4.062	  5.202	  0.030	  0.561	 -0.958	  0.639	  0.020	  0.349	 -0.496	  0.585
 31.350	  0.002	  0.145	 -0.247	  0.368	  4.590	  0.338	  4.019	  5.034	 -0.002	  0.526	 -1.116	  0.478	  0.004	  0.321	 -0.538	  0.425
 31.400	 -0.001	  0.147	 -0.306	  0.501	  4.588	  0.293	  3.853	  4.867	  0.000	  0.456	 -1.274	  0.318	 -0.000	  0.277	 -0.696	  0.265
 31.450	  0.006	  0.151	 -0.559	  0.568	  4.588	  0.193	  3.688	  4.700	  0.005	  0.324	 -1.431	  0.159	 -0.001	  0.183	 -0.854	  0.105
 31.500	  0.002	  0.119	 -0.521	  0.313	  4.581	  0.119	  4.116	  5.126	 -0.003	  0.050	 -0.794	  0.000	 -0.009	  0.113	 -0.450	  0.508
 31.550	  0.005	  0.083	 -0.229	  0.219	  4.594	  0.255	  4.369	  5.377	  0.003	  0.346	 -0.158	  1.426	  0.002	  0.242	 -0.212	  0.745
 31.600	 -0.000	  0.081	 -0.193	  0.253	  4.591	  0.316	  4.203	  5.211	 -0.020	  0.422	 -0.316	  1.266	 -0.003	  0.299	 -0.370	  0.585
 31.650	  0.002	  0.097	 -0.254	  0.254	  4.582	  0.342	  4.039	  5.167	 -0.024	  0.505	 -0.474	  1.106	 -0.012	  0.325	 -0.527	  0.542
 31.700	 -0.010	  0.119	 -0.284	  0.287	  4.580	  0.354	  3.875	  5.295	 -0.005	  0.546	 -0.631	  0.946	 -0.015	  0.335	 -0.684	  0.662
 31.750	  0.002	  0.137	 -0.534	  0.287	  4.585	  0.344	  3.711	  5.129	 -0.028	  0.541	 -0.787	  0.787	 -0.012	  0.326	 -0.841	  0.504
 31.800	  0.004	  0.130	 -0.375	  0.223	  4.605	  0.314	  3.548	  4.964	  0.020	  0.551	 -0.943	  0.629	  0.006	  0.297	 -0.996	  0.346
 31.850	 -0.000	  0.135	 -0.373	  0.285	  4.590	  0.295	  3.971	  5.384	 -0.009	  0.503	 -1.099	  0.471	 -0.010	  0.279	 -0.597	  0.743
 31.900	 -0.001	  0.142	 -0.279	  0.315	  4.585	  0.289	  4.100	  5.219	 -0.013	  0.448	 -1.254	  0.313	 -0.016	  0.274	 -0.476	  0.585
 31.950	 -0.006	  0.134	 -0.341	  0.251	  4.589	  0.271	  4.058	  5.054	 -0.019	  0.350	 -1.408	  0.156	 -0.013	  0.257	 -0.517	  0.428
 32.000	  0.004	  0.118	 -0.404	  0.342	  4.593	  0.217	  3.896	  4.890	 -0.008	  0.078	 -0.781	  0.000	 -0.011	  0.205	 -0.672	  0.271
 32.050	  0.005	  0.103	 -0.280	  0.339	  4.593	  0.262	  4.145	  5.549	 -0.020	  0.328	 -0.156	  1.404	 -0.013	  0.249	 -0.437	  0.894
 32.100	 -0.002	  0.103	 -0.220	  0.336	  4.599	  0.286	  4.273	  5.385	 -0.008	  0.442	 -0.312	  1.246	 -0.007	  0.271	 -0.317	  0.737
 32.150	 -0.007	  0.101	 -0.222	  0.270	  4.599	  0.277	  4.111	  5.221	 -0.000	  0.488	 -0.467	  1.089	 -0.009	  0.263	 -0.472	  0.581
 32.200	 -0.000	  0.099	 -0.225	  0.236	  4.615	  0.308	  4.239	  5.227	  0.009	  0.542	 -0.621	  0.932	  0.004	  0.292	 -0.352	  0.585
 32.250	  0.002	  0.103	 -0.259	  0.262	  4.609	  0.336	  4.077	  5.184	 -0.001	  0.546	 -0.775	  0.775	 -0.002	  0.319	 -0.506	  0.543
 32.300	  0.009	  0.125	 -0.293	  0.409	  4.620	  0.343	  3.916	  5.021	  0.026	  0.545	 -0.929	  0.619	  0.007	  0.325	 -0.660	  0.387
 32.350	 -0.007	  0.145	 -0.418	  0.312	  4.593	  0.353	  3.755	  5.147	 -0.014	  0.516	 -1.082	  0.464	 -0.020	  0.334	 -0.814	  0.505
 32.400	  0.003	  0.147	 -0.513	  0.215	  4.617	  0.304	  3.595	  4.985	  0.004	  0.436	 -1.235	  0.309	  0.001	  0.288	 -0.967	  0.350
 32.450	  0.000	  0.134	 -0.487	  0.208	  4.600	  0.256	  3.436	  4.823	 -0.005	  0.340	 -1.387	  0.154	 -0.016	  0.243	 -1.120	  0.196
 32.500	 -0.003	  0.118	 -0.491	  0.202	  4.612	  0.117	  3.682	  4.662	 -0.003	  0.049	 -0.769	  0.000	 -0.006	  0.111	 -0.887	  0.041
 32.550	 -0.001	  0.094	 -0.346	  0.225	  4.606	  0.185	  4.501	  5.884	 -0.005	  0.321	 -0.154	  1.382	 -0.013	  0.176	 -0.112	  1.199
 32.600	  0.003	  0.075	 -0.202	  0.157	  4.605	  0.273	  4.341	  5.722	 -0.016	  0.427	 -0.307	  1.227	 -0.015	  0.259	 -0.265	  1.044
 32.650	 -0.002	  0.077	 -0.209	  0.418	  4.606	  0.301	  4.181	  5.560	 -0.011	  0.479	 -0.459	  1.072	 -0.015	  0.285	 -0.418	  0.889
 32.700	  0.001	  0.095	 -0.187	  0.438	  4.630	  0.346	  4.022	  5.398	  0.020	  0.532	 -0.612	  0.917	  0.007	  0.328	 -0.570	  0.735
 32.750	 -0.001	  0.115	 -0.224	  0.310	  4.609	  0.336	  4.147	  5.237	 -0.018	  0.530	 -0.763	  0.763	 -0.015	  0.319	 -0.452	  0.581
 32.800	  0.001	  0.136	 -0.232	  0.389	  4.617	  0.329	  4.106	  5.077	 -0.011	  0.540	 -0.915	  0.610	 -0.009	  0.312	 -0.493	  0.428
 32.850	 -0.002	  0.148	 -0.359	  0.408	  4.613	  0.290	  3.948	  4.917	 -0.013	  0.496	 -1.065	  0.457	 -0.014	  0.275	 -0.644	  0.275
 32.900	 -0.003	  0.127	 -0.250	  0.250	  4.616	  0.245	  3.956	  5.041	 -0.018	  0.436	 -1.216	  0.304	 -0.012	  0.232	 -0.638	  0.391
 32.950	 -0.001	  0.118	 -0.406	  0.415	  4.631	  0.236	  3.798	  5.164	 -0.004	  0.328	 -1.366	  0.152	  0.001	  0.223	 -0.788	  0.507
 33.000	  0.003	  0.108	 -0.386	  0.433	  4.625	  0.184	  4.040	  5.005	 -0.004	  0.053	 -0.758	  0.000	 -0.006	  0.174	 -0.560	  0.355
 33.050	  0.003	  0.091	 -0.337	  0.187	  4.637	  0.257	  4.282	  5.245	 -0.008	  0.319	 -0.151	  1.362	  0.004	  0.244	 -0.332	  0.581
 33.100	 -0.000	  0.089	 -0.289	  0.292	  4.627	  0.295	  4.125	  5.086	 -0.011	  0.427	 -0.302	  1.208	 -0.007	  0.280	 -0.483	  0.429
 33.150	 -0.000	  0.098	 -0.213	  0.279	  4.616	  0.313	  3.967	  5.325	 -0.018	  0.474	 -0.452	  1.056	 -0.018	  0.297	 -0.633	  0.655
 33.200	  0.002	  0.104	 -0.283	  0.208	  4.639	  0.304	  3.811	  5.167	  0.015	  0.538	 -0.602	  0.904	  0.003	  0.288	 -0.782	  0.503
 33.250	 -0.002	  0.112	 -0.323	  0.253	  4.642	  0.291	  4.216	  5.289	  0.015	  0.539	 -0.752	  0.752	  0.004	  0.276	 -0.400	  0.618
 33.300	  0.006	  0.124	 -0.335	  0.497	  4.635	  0.318	  4.059	  5.411	 -0.006	  0.518	 -0.901	  0.601	 -0.003	  0.301	 -0.550	  0.732
 33.350	 -0.000	  0.124	 -0.290	  0.368	  4.636	  0.306	  4.183	  5.253	 -0.007	  0.493	 -1.049	  0.450	 -0.004	  0.290	 -0.434	  0.581
 33.400	  0.002	  0.132	 -0.246	  0.296	  4.629	  0.293	  4.142	  5.095	 -0.016	  0.439	 -1.198	  0.299	 -0.012	  0.278	 -0.473	  0.430
 33.450	 -0.003	  0.131	 -0.345	  0.338	  4.634	  0.254	  3.987	  4.938	  0.001	  0.311	 -1.345	  0.149	 -0.008	  0.241	 -0.622	  0.280
 33.500	 -0.007	  0.118	 -0.274	  0.350	  4.641	  0.167	  4.225	  4.782	 -0.003	  0.047	 -0.746	  0.000	 -0.003	  0.158	 -0.397	  0.131
 33.550	 -0.004	  0.095	 -0.231	  0.249	  4.637	  0.204	  4.348	  5.411	 -0.009	  0.310	 -0.149	  1.341	 -0.008	  0.194	 -0.282	  0.727
 33.600	 -0.001	  0.070	 -0.218	  0.261	  4.653	  0.234	  4.470	  5.417	  0.016	  0.424	 -0.298	  1.190	  0.006	  0.222	 -0.167	  0.731
 33.650	 -0.005	  0.080	 -0.205	  0.329	  4.624	  0.291	  4.315	  5.260	 -0.042	  0.458	 -0.446	  1.040	 -0.022	  0.276	 -0.316	  0.581
 33.700	 -0.004	  0.095	 -0.249	  0.200	  4.637	  0.329	  4.160	  5.219	 -0.024	  0.501	 -0.593	  0.890	 -0.011	  0.312	 -0.464	  0.541
 33.750	 -0.002	  0.111	 -0.293	  0.266	  4.658	  0.327	  4.005	  5.063	  0.016	  0.526	 -0.741	  0.741	  0.008	  0.310	 -0.611	  0.392
 33.800	 -0.001	  0.125	 -0.337	  0.276	  4.642	  0.333	  3.852	  5.183	 -0.018	  0.515	 -0.888	  0.592	 -0.009	  0.316	 -0.758	  0.505
 33.850	  0.002	  0.127	 -0.409	  0.203	  4.660	  0.285	  3.698	  5.028	  0.000	  0.465	 -1.034	  0.443	  0.008	  0.270	 -0.905	  0.356
 33.900	  0.004	  0.133	 -0.508	  0.184	  4.662	  0.239	  3.545	  4.873	  0.025	  0.401	 -1.180	  0.295	  0.008	  0.227	 -1.051	  0.208
 33.950	  0.002	  0.132	 -0.635	  0.304	  4.658	  0.171	  3.942	  5.268	  0.010	  0.310	 -1.325	  0.147	  0.003	  0.163	 -0.676	  0.581
 34.000	 -0.004	  0.095	 -0.349	  0.284	  4.645	  0.141	  4.177	  5.113	 -0.004	  0.052	 -0.735	  0.000	 -0.010	  0.134	 -0.454	  0.433
 34.050	 -0.000	  0.071	 -0.202	  0.209	  4.633	  0.234	  4.411	  5.733	 -0.021	  0.291	 -0.147	  1.322	 -0.023	  0.222	 -0.233	  1.020
 34.100	  0.003	  0.080	 -0.166	  0.217	  4.667	  0.315	  4.258	  5.578	  0.020	  0.438	 -0.293	  1.173	  0.008	  0.298	 -0.380	  0.872
 34.150	  0.001	  0.098	 -0.185	  0.388	  4.661	  0.319	  4.105	  5.424	  0.029	  0.474	 -0.439	  1.025	  0.001	  0.303	 -0.525	  0.724
 34.200	 -0.003	  0.104	 -0.178	  0.394	  4.643	  0.314	  4.226	  5.269	 -0.025	  0.504	 -0.585	  0.877	 -0.017	  0.298	 -0.412	  0.577
 34.250	  0.003	  0.115	 -0.198	  0.535	  4.657	  0.299	  4.074	  5.116	 -0.007	  0.509	 -0.730	  0.730	 -0.005	  0.284	 -0.558	  0.430
 34.300	  0.005	  0.119	 -0.218	  0.269	  4.671	  0.271	  4.194	  5.234	  0.024	  0.511	 -0.875	  0.583	  0.008	  0.257	 -0.445	  0.541
 34.350	 -0.005	  0.121	 -0.238	  0.274	  4.651	  0.284	  4.042	  5.081	 -0.014	  0.471	 -1.019	  0.437	 -0.013	  0.269	 -0.590	  0.395
 34.400	 -0.010	  0.125	 -0.286	  0.252	  4.651	  0.291	  3.891	  5.199	 -0.021	  0.428	 -1.163	  0.291	 -0.014	  0.276	 -0.734	  0.506
 34.450	  0.002	  0.118	 -0.441	  0.256	  4.665	  0.255	  3.740	  5.047	 -0.008	  0.319	 -1.306	  0.145	 -0.002	  0.241	 -0.879	  0.360
 34.500	 -0.001	  0.103	 -0.462	  0.206	  4.661	  0.192	  3.972	  4.895	 -0.003	  0.046	 -0.725	  0.000	 -0.007	  0.182	 -0.660	  0.215
 34.550	  0.003	  0.091	 -0.350	  0.210	  4.655	  0.234	  4.203	  5.124	 -0.022	  0.285	 -0.145	  1.302	 -0.014	  0.222	 -0.442	  0.432
 34.600	 -0.003	  0.095	 -0.266	  0.240	  4.659	  0.264	  4.052	  5.353	 -0.010	  0.406	 -0.289	  1.156	 -0.010	  0.250	 -0.586	  0.648
 34.650	 -0.004	  0.082	 -0.262	  0.189	  4.666	  0.253	  4.171	  5.471	 -0.004	  0.474	 -0.433	  1.010	 -0.005	  0.239	 -0.474	  0.758
 34.700	  0.001	  0.078	 -0.179	  0.350	  4.676	  0.302	  4.290	  5.587	  0.012	  0.505	 -0.576	  0.865	  0.003	  0.287	 -0.363	  0.867
 34.750	 -0.003	  0.099	 -0.202	  0.299	  4.656	  0.322	  4.140	  5.435	 -0.036	  0.516	 -0.719	  0.719	 -0.017	  0.306	 -0.506	  0.722
 34.800	  0.003	  0.117	 -0.252	  0.326	  4.678	  0.327	  4.258	  5.284	  0.001	  0.505	 -0.862	  0.575	  0.003	  0.310	 -0.395	  0.577
 34.850	 -0.001	  0.128	 -0.250	  0.536	  4.668	  0.314	  4.109	  5.133	  0.005	  0.455	 -1.004	  0.430	 -0.008	  0.298	 -0.538	  0.433
 34.900	 -0.000	  0.131	 -0.326	  0.431	  4.664	  0.275	  4.070	  4.982	 -0.003	  0.406	 -1.146	  0.287	 -0.012	  0.261	 -0.576	  0.289
 34.950	  0.000	  0.125	 -0.299	  0.379	  4.670	  0.217	  3.921	  4.832	 -0.007	  0.304	 -1.288	  0.143	 -0.008	  0.206	 -0.718	  0.146
 35.000	  0.002	  0.103	 -0.272	  0.248	  4.676	  0.042	  4.305	  4.682	 -0.002	  0.039	 -0.714	  0.000	 -0.004	  0.040	 -0.355	  0.003
 35.050	 -0.002	  0.085	 -0.193	  0.221	  4.665	  0.198	  4.533	  5.441	 -0.014	  0.291	 -0.143	  1.284	 -0.015	  0.188	 -0.140	  0.721
 35.100	  0.000	  0.069	 -0.477	  0.194	  4.672	  0.263	  4.384	  5.291	 -0.020	  0.400	 -0.285	  1.140	 -0.009	  0.250	 -0.282	  0.577
 35.150	  0.002	  0.071	 -0.142	  0.219	  4.687	  0.309	  4.235	  5.141	 -0.017	  0.441	 -0.427	  0.996	  0.003	  0.293	 -0.424	  0.434
 35.200	 -0.002	  0.094	 -0.246	  0.217	  4.667	  0.329	  4.087	  5.101	 -0.021	  0.495	 -0.568	  0.852	 -0.016	  0.312	 -0.566	  0.396
 35.250	 -0.004	  0.112	 -0.247	  0.266	  4.671	  0.328	  3.940	  5.217	 -0.028	  0.505	 -0.709	  0.709	 -0.013	  0.311	 -0.707	  0.504
 35.300	 -0.008	  0.123	 -0.376	  0.212	  4.668	  0.302	  3.793	  5.068	 -0.019	  0.489	 -0.850	  0.567	 -0.017	  0.286	 -0.847	  0.362
 35.350	 -0.001	  0.122	 -0.454	  0.234	  4.678	  0.262	  3.646	  4.919	 -0.004	  0.474	 -0.990	  0.424	 -0.009	  0.248	 -0.988	  0.220
 35.400	 -0.003	  0.114	 -0.354	  0.231	  4.677	  0.246	  4.026	  5.298	 -0.016	  0.407	 -1.130	  0.282	 -0.011	  0.234	 -0.628	  0.578
 35.450	  0.002	  0.108	 -0.330	  0.328	  4.695	  0.221	  4.251	  5.149	  0.008	  0.300	 -1.269	  0.141	  0.005	  0.210	 -0.416	  0.436
 35.500	 -0.001	  0.098	 -0.358	  0.349	  4.690	  0.180	  4.104	  5.001	 -0.003	  0.044	 -0.704	  0.000	 -0.001	  0.171	 -0.556	  0.294
 35.550	 -0.002	  0.088	 -0.261	  0.369	  4.698	  0.244	  4.329	  5.595	 -0.004	  0.291	 -0.141	  1.266	  0.006	  0.231	 -0.344	  0.856
 35.600	  0.001	  0.078	 -0.164	  0.363	  4.687	  0.267	  4.182	  5.447	 -0.005	  0.392	 -0.281	  1.124	 -0.005	  0.253	 -0.484	  0.715
 35.650	 -0.002	  0.089	 -0.168	  0.308	  4.685	  0.270	  4.298	  5.299	 -0.008	  0.442	 -0.421	  0.982	 -0.009	  0.256	 -0.376	  0.573
 35.700	 -0.000	  0.094	 -0.223	  0.326	  4.691	  0.267	  4.152	  5.151	  0.000	  0.487	 -0.560	  0.840	 -0.004	  0.253	 -0.515	  0.433
 35.750	  0.001	  0.100	 -0.228	  0.345	  4.698	  0.283	  4.267	  5.265	 -0.001	  0.489	 -0.699	  0.699	  0.002	  0.268	 -0.407	  0.539
 35.800	 -0.004	  0.099	 -0.258	  0.437	  4.689	  0.306	  4.121	  5.118	 -0.007	  0.488	 -0.838	  0.559	 -0.008	  0.291	 -0.546	  0.399
 35.850	  0.002	  0.113	 -0.288	  0.207	  4.696	  0.296	  3.976	  5.232	  0.003	  0.450	 -0.976	  0.418	 -0.002	  0.280	 -0.685	  0.506
 35.900	 -0.006	  0.128	 -0.319	  0.249	  4.681	  0.283	  3.831	  5.085	 -0.018	  0.396	 -1.114	  0.279	 -0.017	  0.268	 -0.823	  0.366
 35.950	  0.002	  0.115	 -0.325	  0.266	  4.711	  0.212	  3.687	  4.939	  0.011	  0.282	 -1.252	  0.139	  0.010	  0.201	 -0.961	  0.226
 36.000	 -0.006	  0.111	 -0.454	  0.209	  4.688	  0.148	  4.275	  4.793	 -0.004	  0.054	 -0.694	  0.000	 -0.013	  0.140	 -0.404	  0.087
 36.050	 -0.000	  0.079	 -0.314	  0.225	  4.700	  0.174	  4.131	  5.379	  0.001	  0.300	 -0.139	  1.248	 -0.003	  0.165	 -0.542	  0.641
 36.100	  0.001	  0.060	 -0.199	  0.192	  4.696	  0.236	  4.503	  5.750	 -0.008	  0.394	 -0.277	  1.108	 -0.007	  0.224	 -0.191	  0.992
 36.150	  0.001	  0.073	 -0.158	  0.207	  4.696	  0.273	  4.358	  5.604	 -0.008	  0.442	 -0.415	  0.968	 -0.009	  0.259	 -0.329	  0.852
 36.200	 -0.005	  0.085	 -0.240	  0.246	  4.683	  0.293	  4.214	  5.458	 -0.030	  0.471	 -0.552	  0.829	 -0.022	  0.278	 -0.466	  0.713
 36.250	 -0.004	  0.093	 -0.200	  0.309	  4.690	  0.308	  4.328	  5.312	 -0.017	  0.489	 -0.690	  0.690	 -0.016	  0.292	 -0.360	  0.574
 36.300	  0.002	  0.115	 -0.233	  0.323	  4.708	  0.305	  4.184	  5.167	  0.008	  0.470	 -0.826	  0.551	 -0.001	  0.289	 -0.497	  0.435
 36.350	 -0.001	  0.122	 -0.242	  0.360	  4.701	  0.270	  4.147	  5.023	 -0.011	  0.445	 -0.963	  0.413	 -0.007	  0.256	 -0.533	  0.297
 36.400	 -0.003	  0.121	 -0.348	  0.349	  4.702	  0.226	  4.004	  4.878	 -0.001	  0.399	 -1.099	  0.275	 -0.007	  0.215	 -0.670	  0.159
 36.450	  0.003	  0.115	 -0.430	  0.385	  4.706	  0.193	  4.011	  4.990	 -0.001	  0.305	 -1.235	  0.137	 -0.005	  0.183	 -0.664	  0.264
 36.500	  0.002	  0.084	 -0.272	  0.206	  4.712	  0.160	  4.230	  5.102	 -0.004	  0.053	 -0.685	  0.000	 -0.000	  0.152	 -0.458	  0.369
 36.550	  0.005	  0.070	 -0.187	  0.265	  4.712	  0.227	  4.448	  5.319	 -0.008	  0.273	 -0.137	  1.231	 -0.001	  0.215	 -0.252	  0.574
 36.600	 -0.004	  0.079	 -0.246	  0.277	  4.716	  0.266	  4.305	  5.175	  0.003	  0.388	 -0.273	  1.093	  0.001	  0.252	 -0.388	  0.437
 36.650	 -0.004	  0.090	 -0.352	  0.240	  4.705	  0.285	  4.163	  5.137	 -0.012	  0.424	 -0.409	  0.955	 -0.010	  0.270	 -0.524	  0.399
 36.700	 -0.007	  0.089	 -0.222	  0.227	  4.704	  0.288	  4.021	  5.248	 -0.008	  0.488	 -0.545	  0.817	 -0.012	  0.273	 -0.659	  0.503
 36.750	 -0.001	  0.098	 -0.257	  0.214	  4.716	  0.267	  3.879	  5.104	  0.005	  0.486	 -0.680	  0.680	 -0.001	  0.253	 -0.795	  0.367
 36.800	  0.000	  0.105	 -0.317	  0.224	  4.717	  0.265	  4.245	  5.468	 -0.000	  0.480	 -0.815	  0.543	 -0.001	  0.251	 -0.449	  0.711
 36.850	 -0.001	  0.110	 -0.212	  0.233	  4.717	  0.276	  4.104	  5.325	  0.008	  0.423	 -0.950	  0.407	 -0.003	  0.262	 -0.584	  0.574
 36.900	  0.002	  0.108	 -0.225	  0.219	  4.717	  0.269	  4.215	  5.182	  0.003	  0.384	 -1.084	  0.271	 -0.003	  0.255	 -0.479	  0.438
 36.950	 -0.000	  0.112	 -0.238	  0.344	  4.715	  0.236	  4.179	  5.040	 -0.012	  0.293	 -1.218	  0.135	 -0.006	  0.224	 -0.515	  0.302
 37.000	 -0.002	  0.100	 -0.322	  0.259	  4.718	  0.174	  4.038	  4.898	 -0.003	  0.043	 -0.676	  0.000	 -0.005	  0.165	 -0.649	  0.166
 37.050	  0.005	  0.089	 -0.266	  0.267	  4.728	  0.215	  4.253	  5.468	  0.001	  0.297	 -0.135	  1.215	  0.004	  0.203	 -0.446	  0.706
 37.100	 -0.001	  0.084	 -0.234	  0.344	  4.716	  0.228	  4.364	  5.326	  0.001	  0.381	 -0.270	  1.078	 -0.009	  0.216	 -0.342	  0.570
 37.150	 -0.002	  0.063	 -0.179	  0.190	  4.715	  0.255	  4.475	  5.331	 -0.011	  0.449	 -0.404	  0.942	 -0.010	  0.242	 -0.238	  0.574
 37.200	  0.003	  0.071	 -0.172	  0.242	  4.726	  0.281	  4.334	  5.190	  0.006	  0.466	 -0.538	  0.806	 -0.000	  0.267	 -0.372	  0.439
 37.250	 -0.000	  0.094	 -0.348	  0.318	  4.720	  0.302	  4.194	  5.152	 -0.003	  0.488	 -0.671	  0.671	 -0.007	  0.286	 -0.506	  0.403
 37.300	 -0.000	  0.109	 -0.432	  0.255	  4.728	  0.296	  4.054	  5.261	 -0.001	  0.466	 -0.804	  0.536	 -0.001	  0.280	 -0.639	  0.505
 37.350	 -0.002	  0.115	 -0.356	  0.146	  4.713	  0.297	  3.915	  5.120	 -0.011	  0.443	 -0.937	  0.402	 -0.016	  0.282	 -0.772	  0.370
 37.400	 -0.003	  0.119	 -0.349	  0.220	  4.725	  0.256	  3.776	  4.980	 -0.002	  0.386	 -1.070	  0.267	 -0.006	  0.243	 -0.905	  0.236
 37.450	  0.001	  0.112	 -0.343	  0.316	  4.731	  0.180	  3.638	  4.840	  0.002	  0.287	 -1.202	  0.134	 -0.000	  0.170	 -1.037	  0.102
 37.500	  0.003	  0.086	 -0.269	  0.207	  4.727	  0.083	  4.348	  4.949	 -0.003	  0.042	 -0.667	  0.000	 -0.005	  0.079	 -0.364	  0.205
 37.550	  0.004	  0.073	 -0.195	  0.211	  4.722	  0.186	  4.561	  5.759	 -0.005	  0.268	 -0.133	  1.198	 -0.011	  0.177	 -0.164	  0.972
 37.600	 -0.001	  0.058	 -0.168	  0.237	  4.727	  0.250	  4.421	  5.619	 -0.009	  0.370	 -0.266	  1.064	 -0.007	  0.237	 -0.297	  0.838
 37.650	 -0.001	  0.068	 -0.208	  0.173	  4.738	  0.287	  4.283	  5.478	  0.011	  0.422	 -0.398	  0.930	  0.002	  0.272	 -0.429	  0.704
 37.700	 -0.001	  0.090	 -0.227	  0.221	  4.726	  0.293	  4.392	  5.339	  0.001	  0.447	 -0.531	  0.796	 -0.010	  0.278	 -0.327	  0.571
 37.750	 -0.001	  0.103	 -0.245	  0.202	  4.737	  0.288	  4.254	  5.199	  0.012	  0.461	 -0.662	  0.662	 -0.001	  0.273	 -0.459	  0.437
 37.800	 -0.004	  0.106	 -0.264	  0.293	  4.730	  0.261	  4.218	  5.060	 -0.011	  0.458	 -0.794	  0.529	 -0.009	  0.247	 -0.494	  0.305
 37.850	  0.007	  0.102	 -0.171	  0.228	  4.743	  0.235	  4.224	  5.167	  0.015	  0.426	 -0.925	  0.396	  0.004	  0.223	 -0.488	  0.406
 37.900	 -0.001	  0.108	 -0.324	  0.208	  4.734	  0.244	  4.087	  5.029	 -0.008	  0.380	 -1.055	  0.264	 -0.007	  0.231	 -0.620	  0.273
 37.950	 -0.003	  0.106	 -0.432	  0.254	  4.731	  0.222	  3.950	  5.136	 -0.014	  0.287	 -1.186	  0.132	 -0.010	  0.210	 -0.751	  0.374
 38.000	 -0.001	  0.094	 -0.561	  0.210	  4.732	  0.169	  4.507	  4.998	 -0.002	  0.036	 -0.658	  0.000	 -0.010	  0.161	 -0.223	  0.242
 38.050	 -0.002	  0.079	 -0.229	  0.167	  4.730	  0.215	  4.370	  5.206	 -0.007	  0.277	 -0.131	  1.183	 -0.013	  0.204	 -0.355	  0.439
 38.100	 -0.003	  0.075	 -0.205	  0.233	  4.732	  0.246	  4.233	  5.169	 -0.011	  0.367	 -0.262	  1.050	 -0.012	  0.233	 -0.485	  0.403
 38.150	  0.001	  0.078	 -0.270	  0.189	  4.736	  0.252	  4.096	  5.276	 -0.015	  0.426	 -0.393	  0.917	 -0.009	  0.239	 -0.616	  0.503
 38.200	  0.001	  0.081	 -0.356	  0.211	  4.745	  0.253	  4.448	  5.626	  0.003	  0.459	 -0.524	  0.785	 -0.001	  0.240	 -0.283	  0.834
 38.250	  0.002	  0.083	 -0.182	  0.254	  4.751	  0.287	  4.311	  5.488	  0.014	  0.463	 -0.654	  0.654	  0.004	  0.272	 -0.413	  0.702
 38.300	 -0.002	  0.091	 -0.203	  0.317	  4.736	  0.290	  4.175	  5.351	 -0.020	  0.455	 -0.783	  0.522	 -0.012	  0.275	 -0.543	  0.571
 38.350	  0.002	  0.104	 -0.182	  0.359	  4.746	  0.291	  4.282	  5.213	 -0.012	  0.434	 -0.913	  0.391	 -0.003	  0.276	 -0.443	  0.440
 38.400	  0.005	  0.117	 -0.226	  0.249	  4.756	  0.254	  4.247	  5.076	  0.004	  0.367	 -1.042	  0.260	  0.005	  0.241	 -0.477	  0.309
 38.450	  0.007	  0.110	 -0.248	  0.268	  4.760	  0.202	  4.112	  4.940	  0.012	  0.254	 -1.170	  0.130	  0.008	  0.192	 -0.606	  0.179
 38.500	 -0.000	  0.090	 -0.250	  0.244	  4.749	  0.107	  4.319	  4.803	 -0.002	  0.036	 -0.649	  0.000	 -0.003	  0.101	 -0.411	  0.048
 38.550	 -0.001	  0.069	 -0.144	  0.177	  4.749	  0.154	  4.667	  5.493	 -0.000	  0.272	 -0.130	  1.167	 -0.004	  0.146	 -0.081	  0.702
 38.600	  0.002	  0.059	 -0.146	  0.174	  4.761	  0.231	  4.532	  5.356	  0.014	  0.368	 -0.259	  1.036	  0.007	  0.219	 -0.211	  0.571
 38.650	 -0.003	  0.069	 -0.170	  0.277	  4.739	  0.273	  4.397	  5.220	 -0.012	  0.422	 -0.388	  0.906	 -0.015	  0.259	 -0.340	  0.441
 38.700	  0.002	  0.076	 -0.173	  0.167	  4.769	  0.286	  4.262	  5.184	  0.016	  0.441	 -0.517	  0.775	  0.012	  0.271	 -0.469	  0.406
 38.750	  0.006	  0.086	 -0.218	  0.269	  4.767	  0.273	  4.127	  5.289	  0.013	  0.437	 -0.645	  0.645	  0.010	  0.259	 -0.597	  0.504
 38.800	  0.009	  0.108	 -0.433	  0.222	  4.770	  0.269	  3.993	  5.153	  0.030	  0.426	 -0.773	  0.515	  0.012	  0.255	 -0.725	  0.375
 38.850	  0.003	  0.115	 -0.478	  0.197	  4.748	  0.249	  3.859	  5.018	 -0.020	  0.416	 -0.901	  0.386	 -0.010	  0.236	 -0.853	  0.246
 38.900	  0.004	  0.107	 -0.376	  0.234	  4.757	  0.203	  4.205	  5.362	  0.001	  0.364	 -1.028	  0.257	 -0.003	  0.193	 -0.526	  0.571
 38.950	 -0.001	  0.093	 -0.275	  0.207	  4.759	  0.198	  4.311	  5.227	 -0.009	  0.279	 -1.155	  0.128	 -0.002	  0.188	 -0.427	  0.442
 39.000	 -0.002	  0.078	 -0.280	  0.244	  4.756	  0.152	  4.276	  5.092	 -0.001	  0.029	 -0.641	  0.000	 -0.005	  0.144	 -0.460	  0.313
 39.050	  0.001	  0.072	 -0.138	  0.175	  4.760	  0.212	  4.480	  5.633	 -0.017	  0.259	 -0.128	  1.152	 -0.002	  0.201	 -0.268	  0.825
 39.100	 -0.001	  0.072	 -0.164	  0.231	  4.768	  0.252	  4.346	  5.498	 -0.002	  0.362	 -0.256	  1.023	  0.004	  0.239	 -0.395	  0.696
 39.150	 -0.004	  0.072	 -0.212	  0.245	  4.744	  0.263	  4.451	  5.363	 -0.026	  0.403	 -0.383	  0.894	 -0.019	  0.249	 -0.297	  0.568
 39.200	 -0.000	  0.082	 -0.197	  0.218	  4.760	  0.256	  4.318	  5.229	  0.004	  0.436	 -0.510	  0.765	 -0.005	  0.243	 -0.424	  0.439
 39.250	 -0.002	  0.086	 -0.162	  0.231	  4.766	  0.227	  4.423	  5.094	  0.008	  0.427	 -0.637	  0.637	  0.000	  0.216	 -0.326	  0.311
 39.300	 -0.003	  0.094	 -0.251	  0.203	  4.749	  0.267	  4.290	  5.198	 -0.018	  0.453	 -0.763	  0.509	 -0.017	  0.253	 -0.452	  0.409
 39.350	  0.001	  0.102	 -0.257	  0.236	  4.772	  0.256	  4.157	  5.064	  0.017	  0.396	 -0.889	  0.381	  0.003	  0.242	 -0.579	  0.281
 39.400	  0.002	  0.095	 -0.264	  0.187	  4.774	  0.249	  4.025	  5.168	  0.002	  0.355	 -1.015	  0.254	  0.005	  0.237	 -0.705	  0.378
 39.450	  0.002	  0.098	 -0.415	  0.179	  4.766	  0.216	  3.893	  5.034	 -0.003	  0.271	 -1.141	  0.127	 -0.003	  0.205	 -0.831	  0.251
 39.500	 -0.002	  0.097	 -0.524	  0.170	  4.764	  0.156	  4.096	  4.901	 -0.006	  0.060	 -0.633	 -0.000	 -0.006	  0.148	 -0.640	  0.124
 39.550	  0.001	  0.078	 -0.327	  0.141	  4.768	  0.188	  4.297	  5.102	  0.006	  0.276	 -0.126	  1.138	 -0.003	  0.178	 -0.450	  0.314
 39.600	  0.006	  0.062	 -0.153	  0.192	  4.772	  0.185	  4.636	  5.302	  0.003	  0.351	 -0.253	  1.010	 -0.000	  0.175	 -0.129	  0.502
 39.650	 -0.000	  0.059	 -0.161	  0.223	  4.775	  0.249	  4.505	  5.640	  0.015	  0.419	 -0.378	  0.883	  0.001	  0.236	 -0.255	  0.822
 39.700	  0.001	  0.068	 -0.150	  0.335	  4.785	  0.277	  4.373	  5.507	  0.017	  0.449	 -0.504	  0.756	  0.010	  0.263	 -0.380	  0.695
 39.750	  0.003	  0.085	 -0.159	  0.304	  4.786	  0.286	  4.242	  5.374	  0.016	  0.449	 -0.629	  0.629	  0.010	  0.271	 -0.506	  0.568
 39.800	  0.002	  0.099	 -0.310	  0.313	  4.773	  0.281	  4.345	  5.242	 -0.006	  0.437	 -0.754	  0.503	 -0.002	  0.266	 -0.409	  0.442
 39.850	  0.002	  0.103	 -0.179	  0.282	  4.771	  0.264	  4.311	  5.110	  0.003	  0.400	 -0.878	  0.376	 -0.005	  0.251	 -0.442	  0.316
 39.900	 -0.000	  0.104	 -0.269	  0.251	  4.777	  0.224	  4.180	  4.978	  0.003	  0.360	 -1.003	  0.251	 -0.001	  0.212	 -0.566	  0.190
 39.950	  0.001	  0.100	 -0.239	  0.220	  4.773	  0.146	  4.186	  4.847	 -0.007	  0.273	 -1.126	  0.125	 -0.005	  0.139	 -0.561	  0.064
 40.000	 -0.001	  0.081	 -0.230	  0.208	  4.773	  0.113	  4.386	  5.182	 -0.003	  0.044	 -0.625	 -0.000	 -0.006	  0.107	 -0.373	  0.381
 40.050	  0.000	  0.058	 -0.141	  0.136	  4.781	  0.206	  4.585	  5.380	  0.007	  0.270	 -0.125	  1.124	  0.000	  0.195	 -0.185	  0.568
 40.100	  0.001	  0.058	 -0.153	  0.243	  4.780	  0.247	  4.454	  5.248	  0.007	  0.359	 -0.249	  0.998	 -0.001	  0.234	 -0.310	  0.443
 40.150	  0.000	  0.070	 -0.145	  0.270	  4.775	  0.265	  4.324	  5.213	  0.011	  0.417	 -0.374	  0.872	 -0.006	  0.251	 -0.434	  0.409
 40.200	 -0.001	  0.084	 -0.215	  0.218	  4.779	  0.273	  4.195	  5.314	  0.004	  0.434	 -0.498	  0.746	 -0.003	  0.259	 -0.558	  0.504
 40.250	 -0.001	  0.088	 -0.227	  0.166	  4.776	  0.262	  4.065	  5.183	 -0.009	  0.440	 -0.621	  0.621	 -0.008	  0.248	 -0.681	  0.379
 40.300	 -0.003	  0.095	 -0.298	  0.152	  4.774	  0.231	  4.167	  5.053	 -0.016	  0.436	 -0.744	  0.496	 -0.010	  0.219	 -0.585	  0.254
 40.350	  0.002	  0.094	 -0.291	  0.354	  4.789	  0.244	  4.269	  5.385	  0.013	  0.405	 -0.867	  0.372	  0.003	  0.231	 -0.489	  0.568
 40.400	  0.006	  0.096	 -0.304	  0.242	  4.787	  0.236	  4.371	  5.254	  0.009	  0.337	 -0.990	  0.248	  0.001	  0.224	 -0.394	  0.444
 40.450	 -0.001	  0.097	 -0.317	  0.267	  4.777	  0.209	  4.337	  5.124	 -0.007	  0.273	 -1.112	  0.124	 -0.009	  0.198	 -0.426	  0.320
 40.500	 -0.000	  0.080	 -0.233	  0.233	  4.779	  0.165	  4.209	  4.995	 -0.003	  0.044	 -0.617	  0.000	 -0.008	  0.156	 -0.549	  0.196
 40.550	 -0.000	  0.072	 -0.188	  0.218	  4.780	  0.199	  4.405	  5.515	 -0.007	  0.256	 -0.123	  1.110	 -0.009	  0.189	 -0.364	  0.689
 40.600	  0.001	  0.074	 -0.183	  0.223	  4.788	  0.217	  4.506	  5.385	 -0.006	  0.343	 -0.246	  0.985	 -0.001	  0.206	 -0.269	  0.565
 40.650	  0.002	  0.068	 -0.216	  0.246	  4.787	  0.217	  4.378	  5.256	 -0.004	  0.398	 -0.369	  0.861	 -0.004	  0.206	 -0.391	  0.441
 40.700	 -0.004	  0.063	 -0.192	  0.230	  4.778	  0.244	  4.479	  5.261	 -0.027	  0.414	 -0.491	  0.737	 -0.013	  0.232	 -0.297	  0.445
 40.750	 -0.002	  0.074	 -0.188	  0.176	  4.772	  0.276	  4.350	  5.226	 -0.018	  0.446	 -0.613	  0.613	 -0.019	  0.262	 -0.419	  0.412
 40.800	 -0.000	  0.084	 -0.222	  0.179	  4.799	  0.261	  4.223	  5.097	  0.014	  0.410	 -0.735	  0.490	  0.006	  0.248	 -0.541	  0.289
 40.850	 -0.001	  0.103	 -0.276	  0.201	  4.783	  0.265	  4.095	  5.197	  0.002	  0.399	 -0.857	  0.367	 -0.010	  0.251	 -0.663	  0.382
 40.900	 -0.007	  0.109	 -0.291	  0.204	  4.779	  0.248	  3.968	  5.068	 -0.016	  0.358	 -0.978	  0.244	 -0.015	  0.235	 -0.784	  0.259
 40.950	  0.008	  0.091	 -0.363	  0.206	  4.798	  0.164	  3.841	  4.940	  0.013	  0.239	 -1.099	  0.122	  0.003	  0.155	 -0.905	  0.137
 41.000	  0.001	  0.076	 -0.474	  0.151	  4.790	  0.072	  4.357	  4.812	 -0.005	  0.054	 -0.610	  0.000	 -0.006	  0.069	 -0.416	  0.015
 41.050	  0.000	  0.059	 -0.263	  0.153	  4.786	  0.165	  4.684	  5.781	 -0.015	  0.246	 -0.122	  1.096	 -0.011	  0.156	 -0.107	  0.933
 41.100	  0.002	  0.056	 -0.185	  0.135	  4.786	  0.220	  4.557	  5.652	 -0.019	  0.333	 -0.243	  0.973	 -0.012	  0.209	 -0.228	  0.810
 41.150	 -0.002	  0.054	 -0.127	  0.155	  4.782	  0.234	  4.430	  5.524	 -0.014	  0.367	 -0.365	  0.851	 -0.016	  0.222	 -0.350	  0.687
 41.200	  0.001	  0.070	 -0.162	  0.288	  4.803	  0.278	  4.303	  5.396	  0.015	  0.423	 -0.485	  0.728	  0.003	  0.264	 -0.471	  0.565
 41.250	 -0.001	  0.084	 -0.180	  0.437	  4.797	  0.268	  4.403	  5.268	  0.001	  0.416	 -0.606	  0.606	 -0.004	  0.255	 -0.377	  0.443
 41.300	 -0.001	  0.099	 -0.197	  0.325	  4.790	  0.253	  4.370	  5.141	 -0.001	  0.418	 -0.726	  0.484	 -0.011	  0.240	 -0.409	  0.322
 41.350	 -0.000	  0.100	 -0.290	  0.287	  4.795	  0.220	  4.376	  5.014	 -0.008	  0.397	 -0.846	  0.363	 -0.007	  0.208	 -0.404	  0.200
 41.400	  0.004	  0.094	 -0.270	  0.212	  4.806	  0.199	  4.250	  5.112	  0.007	  0.341	 -0.966	  0.242	  0.002	  0.189	 -0.524	  0.293
 41.450	  0.001	  0.087	 -0.233	  0.212	  4.805	  0.196	  4.124	  5.210	  0.002	  0.260	 -1.086	  0.121	  0.001	  0.185	 -0.644	  0.385
 41.500	  0.001	  0.077	 -0.233	  0.155	  4.796	  0.154	  4.316	  5.083	 -0.004	  0.047	 -0.602	  0.000	 -0.009	  0.146	 -0.463	  0.264
 41.550	 -0.004	  0.073	 -0.215	  0.172	  4.802	  0.215	  4.508	  5.274	  0.002	  0.251	 -0.120	  1.083	 -0.003	  0.204	 -0.282	  0.444
 41.600	 -0.003	  0.062	 -0.160	  0.152	  4.796	  0.230	  4.383	  5.241	 -0.011	  0.343	 -0.240	  0.962	 -0.010	  0.218	 -0.402	  0.412
 41.650	 -0.001	  0.066	 -0.161	  0.187	  4.798	  0.248	  4.257	  5.338	  0.001	  0.399	 -0.360	  0.840	 -0.009	  0.235	 -0.521	  0.503
 41.700	 -0.001	  0.075	 -0.181	  0.185	  4.792	  0.240	  4.132	  5.212	 -0.021	  0.413	 -0.480	  0.719	 -0.015	  0.227	 -0.641	  0.383
 41.750	 -0.003	  0.078	 -0.201	  0.219	  4.820	  0.247	  4.454	  5.532	  0.012	  0.438	 -0.599	  0.599	  0.011	  0.234	 -0.336	  0.686
 41.800	  0.000	  0.082	 -0.184	  0.180	  4.804	  0.252	  4.329	  5.406	  0.004	  0.409	 -0.718	  0.478	 -0.005	  0.239	 -0.455	  0.566
 41.850	  0.002	  0.088	 -0.223	  0.268	  4.810	  0.256	  4.427	  5.280	  0.011	  0.371	 -0.836	  0.358	  0.000	  0.242	 -0.363	  0.445
 41.900	 -0.006	  0.091	 -0.207	  0.373	  4.794	  0.236	  4.395	  5.155	 -0.014	  0.347	 -0.955	  0.239	 -0.016	  0.224	 -0.395	  0.326
 41.950	 -0.001	  0.100	 -0.282	  0.279	  4.799	  0.207	  4.270	  5.029	 -0.008	  0.260	 -1.073	  0.119	 -0.012	  0.196	 -0.513	  0.206
 42.000	  0.003	  0.090	 -0.285	  0.239	  4.810	  0.128	  4.146	  4.904	 -0.001	  0.027	 -0.595	  0.000	 -0.002	  0.121	 -0.632	  0.087
 42.050	  0.001	  0.067	 -0.180	  0.199	  4.807	  0.146	  4.558	  5.407	 -0.010	  0.238	 -0.119	  1.070	 -0.006	  0.139	 -0.242	  0.562
 42.100	 -0.000	  0.046	 -0.111	  0.158	  4.818	  0.196	  4.655	  5.411	  0.010	  0.340	 -0.238	  0.950	  0.004	  0.186	 -0.151	  0.566
 42.150	  0.002	  0.056	 -0.151	  0.207	  4.823	  0.249	  4.531	  5.286	  0.020	  0.394	 -0.356	  0.830	  0.007	  0.236	 -0.269	  0.447
 42.200	  0.001	  0.069	 -0.155	  0.256	  4.809	  0.263	  4.407	  5.253	 -0.009	  0.409	 -0.474	  0.711	 -0.006	  0.249	 -0.388	  0.414
 42.250	 -0.001	  0.076	 -0.284	  0.251	  4.822	  0.264	  4.283	  5.128	  0.004	  0.411	 -0.592	  0.592	  0.005	  0.250	 -0.505	  0.295
 42.300	 -0.003	  0.090	 -0.306	  0.210	  4.808	  0.270	  4.160	  5.224	 -0.004	  0.417	 -0.709	  0.473	 -0.009	  0.256	 -0.623	  0.386
 42.350	  0.003	  0.094	 -0.275	  0.168	  4.827	  0.240	  4.037	  5.100	  0.012	  0.381	 -0.826	  0.354	  0.009	  0.227	 -0.740	  0.267
 42.400	 -0.001	  0.099	 -0.263	  0.233	  4.812	  0.204	  3.915	  4.976	 -0.005	  0.337	 -0.943	  0.236	 -0.007	  0.193	 -0.857	  0.149
 42.450	  0.003	  0.089	 -0.197	  0.174	  4.816	  0.152	  4.231	  5.292	  0.001	  0.259	 -1.060	  0.118	 -0.003	  0.144	 -0.558	  0.448
 42.500	  0.002	  0.069	 -0.185	  0.167	  4.816	  0.125	  4.419	  5.168	 -0.003	  0.042	 -0.588	  0.000	 -0.004	  0.119	 -0.381	  0.329
 42.550	  0.000	  0.054	 -0.138	  0.213	  4.812	  0.191	  4.606	  5.664	 -0.006	  0.244	 -0.118	  1.058	 -0.009	  0.182	 -0.204	  0.799
 42.600	  0.002	  0.053	 -0.144	  0.224	  4.813	  0.220	  4.483	  5.540	 -0.005	  0.324	 -0.235	  0.939	 -0.008	  0.209	 -0.321	  0.681
 42.650	  0.001	  0.067	 -0.168	  0.164	  4.816	  0.240	  4.361	  5.416	 -0.010	  0.370	 -0.352	  0.821	 -0.007	  0.227	 -0.438	  0.563
 42.700	  0.003	  0.076	 -0.210	  0.191	  4.829	  0.249	  4.457	  5.293	  0.006	  0.403	 -0.468	  0.703	  0.005	  0.236	 -0.348	  0.445
 42.750	 -0.003	  0.074	 -0.182	  0.253	  4.816	  0.227	  4.335	  5.170	 -0.015	  0.400	 -0.585	  0.585	 -0.008	  0.215	 -0.464	  0.327
 42.800	 -0.004	  0.081	 -0.172	  0.245	  4.808	  0.226	  4.431	  5.265	 -0.020	  0.411	 -0.701	  0.467	 -0.016	  0.215	 -0.374	  0.417
 42.850	  0.002	  0.084	 -0.197	  0.271	  4.824	  0.229	  4.309	  5.142	 -0.012	  0.367	 -0.817	  0.350	 -0.001	  0.217	 -0.490	  0.300
 42.900	  0.000	  0.086	 -0.360	  0.228	  4.830	  0.225	  4.187	  5.237	  0.002	  0.327	 -0.932	  0.233	  0.003	  0.213	 -0.606	  0.389
 42.950	  0.000	  0.089	 -0.402	  0.167	  4.821	  0.205	  4.066	  5.114	 -0.001	  0.248	 -1.048	  0.116	 -0.006	  0.194	 -0.722	  0.272
 43.000	 -0.006	  0.079	 -0.255	  0.141	  4.817	  0.149	  4.558	  4.992	 -0.003	  0.045	 -0.581	  0.000	 -0.010	  0.141	 -0.256	  0.155
 43.050	 -0.001	  0.069	 -0.177	  0.132	  4.821	  0.187	  4.437	  5.176	 -0.005	  0.240	 -0.116	  1.045	 -0.008	  0.177	 -0.372	  0.329
 43.100	 -0.001	  0.068	 -0.203	  0.157	  4.828	  0.192	  4.316	  5.360	  0.001	  0.324	 -0.232	  0.928	 -0.001	  0.182	 -0.487	  0.503
 43.150	 -0.002	  0.058	 -0.229	  0.181	  4.824	  0.207	  4.627	  5.454	 -0.009	  0.376	 -0.348	  0.811	 -0.006	  0.196	 -0.193	  0.591
 43.200	  0.000	  0.054	 -0.136	  0.171	  4.837	  0.246	  4.506	  5.548	  0.012	  0.413	 -0.463	  0.694	  0.005	  0.233	 -0.308	  0.679
 43.250	 -0.002	  0.074	 -0.213	  0.178	  4.823	  0.255	  4.385	  5.426	 -0.008	  0.414	 -0.578	  0.578	 -0.008	  0.242	 -0.424	  0.563
 43.300	 -0.002	  0.086	 -0.172	  0.184	  4.825	  0.254	  4.480	  5.304	  0.003	  0.395	 -0.693	  0.462	 -0.007	  0.241	 -0.335	  0.447
 43.350	  0.005	  0.093	 -0.182	  0.207	  4.839	  0.248	  4.448	  5.183	  0.023	  0.379	 -0.807	  0.346	  0.005	  0.236	 -0.365	  0.331
 43.400	  0.008	  0.094	 -0.209	  0.213	  4.849	  0.212	  4.328	  5.061	  0.021	  0.313	 -0.922	  0.230	  0.014	  0.201	 -0.480	  0.216
 43.450	 -0.001	  0.090	 -0.253	  0.354	  4.823	  0.165	  4.208	  4.941	 -0.007	  0.245	 -1.036	  0.115	 -0.011	  0.157	 -0.594	  0.100
 43.500	  0.001	  0.074	 -0.247	  0.207	  4.828	  0.053	  4.517	  5.249	 -0.004	  0.048	 -0.575	  0.000	 -0.008	  0.050	 -0.302	  0.392
 43.550	 -0.002	  0.058	 -0.174	  0.179	  4.832	  0.166	  4.700	  5.431	 -0.005	  0.233	 -0.115	  1.033	 -0.005	  0.157	 -0.130	  0.563
 43.600	  0.002	  0.052	 -0.135	  0.133	  4.838	  0.226	  4.580	  5.310	  0.003	  0.324	 -0.229	  0.917	  0.001	  0.214	 -0.244	  0.448
 43.650	 -0.000	  0.055	 -0.146	  0.205	  4.831	  0.251	  4.460	  5.189	 -0.005	  0.374	 -0.344	  0.802	 -0.006	  0.238	 -0.358	  0.333
 43.700	  0.001	  0.068	 -0.208	  0.209	  4.834	  0.253	  4.340	  5.157	 -0.002	  0.398	 -0.458	  0.686	 -0.004	  0.240	 -0.472	  0.302
 43.750	 -0.000	  0.083	 -0.220	  0.196	  4.837	  0.251	  4.221	  5.250	 -0.003	  0.404	 -0.571	  0.571	 -0.002	  0.238	 -0.586	  0.389
 43.800	  0.002	  0.092	 -0.364	  0.167	  4.838	  0.229	  4.102	  5.130	  0.003	  0.390	 -0.685	  0.457	 -0.002	  0.217	 -0.700	  0.275
 43.850	  0.000	  0.082	 -0.293	  0.154	  4.840	  0.201	  4.409	  5.223	  0.001	  0.371	 -0.798	  0.342	 -0.001	  0.191	 -0.410	  0.362
 43.900	 -0.006	  0.085	 -0.256	  0.157	  4.828	  0.204	  4.290	  5.315	 -0.023	  0.338	 -0.911	  0.228	 -0.012	  0.193	 -0.523	  0.449
 43.950	 -0.001	  0.080	 -0.186	  0.176	  4.838	  0.193	  4.471	  5.195	 -0.008	  0.246	 -1.024	  0.114	 -0.004	  0.183	 -0.352	  0.335
 44.000	 -0.000	  0.076	 -0.216	  0.162	  4.841	  0.149	  4.352	  5.076	 -0.001	  0.025	 -0.568	  0.000	 -0.002	  0.141	 -0.465	  0.221
 44.050	 -0.000	  0.064	 -0.147	  0.148	  4.842	  0.202	  4.533	  5.555	  0.005	  0.249	 -0.114	  1.022	 -0.001	  0.191	 -0.294	  0.674
 44.100	  0.001	  0.060	 -0.160	  0.183	  4.846	  0.207	  4.415	  5.435	 -0.003	  0.311	 -0.227	  0.907	  0.001	  0.196	 -0.407	  0.560
 44.150	  0.001	  0.059	 -0.141	  0.234	  4.851	  0.216	  4.508	  5.316	  0.015	  0.366	 -0.340	  0.793	  0.006	  0.205	 -0.320	  0.446
 44.200	  0.002	  0.066	 -0.172	  0.138	  4.844	  0.209	  4.600	  5.197	  0.002	  0.393	 -0.452	  0.679	 -0.002	  0.198	 -0.233	  0.333
 44.250	 -0.002	  0.071	 -0.170	  0.172	  4.836	  0.238	  4.482	  5.289	 -0.006	  0.405	 -0.565	  0.565	 -0.010	  0.226	 -0.346	  0.419
 44.300	 -0.004	  0.071	 -0.184	  0.173	  4.840	  0.254	  4.364	  5.170	 -0.017	  0.391	 -0.677	  0.451	 -0.006	  0.241	 -0.458	  0.306
 44.350	  0.005	  0.082	 -0.247	  0.157	  4.859	  0.235	  4.246	  5.261	  0.024	  0.360	 -0.789	  0.338	  0.010	  0.223	 -0.570	  0.392
 44.400	 -0.001	  0.093	 -0.326	  0.158	  4.844	  0.236	  4.129	  5.143	 -0.003	  0.335	 -0.901	  0.225	 -0.005	  0.224	 -0.682	  0.279
 44.450	 -0.002	  0.090	 -0.438	  0.223	  4.844	  0.181	  4.012	  5.025	 -0.003	  0.242	 -1.012	  0.112	 -0.005	  0.171	 -0.794	  0.166
 44.500	 -0.002	  0.078	 -0.581	  0.126	  4.847	  0.106	  4.191	  4.907	 -0.003	  0.040	 -0.562	  0.000	 -0.003	  0.101	 -0.625	  0.054
 44.550	 -0.001	  0.055	 -0.211	  0.142	  4.849	  0.131	  4.580	  5.590	 -0.000	  0.242	 -0.112	  1.010	 -0.002	  0.124	 -0.257	  0.701
 44.600	  0.000	  0.045	 -0.098	  0.142	  4.854	  0.203	  4.671	  5.681	 -0.002	  0.321	 -0.224	  0.897	  0.002	  0.193	 -0.171	  0.786
 44.650	  0.001	  0.049	 -0.098	  0.253	  4.847	  0.225	  4.554	  5.562	 -0.004	  0.353	 -0.336	  0.784	 -0.005	  0.213	 -0.283	  0.673
 44.700	 -0.001	  0.064	 -0.114	  0.236	  4.860	  0.249	  4.437	  5.444	  0.013	  0.388	 -0.447	  0.671	  0.007	  0.236	 -0.394	  0.561
 44.750	  0.001	  0.073	 -0.147	  0.251	  4.854	  0.256	  4.529	  5.327	 -0.009	  0.408	 -0.559	  0.559	  0.000	  0.243	 -0.308	  0.448
 44.800	  0.002	  0.082	 -0.132	  0.233	  4.850	  0.247	  4.412	  5.209	 -0.002	  0.381	 -0.670	  0.446	 -0.004	  0.234	 -0.419	  0.336
 44.850	 -0.001	  0.092	 -0.149	  0.200	  4.850	  0.222	  4.382	  5.092	 -0.002	  0.351	 -0.780	  0.334	 -0.004	  0.210	 -0.448	  0.224
 44.900	 -0.000	  0.090	 -0.260	  0.198	  4.846	  0.170	  4.387	  4.975	 -0.012	  0.317	 -0.891	  0.223	 -0.009	  0.161	 -0.444	  0.113
 44.950	  0.001	  0.075	 -0.183	  0.148	  4.859	  0.152	  4.271	  5.273	  0.005	  0.230	 -1.001	  0.111	  0.002	  0.144	 -0.555	  0.395
 45.000	  0.005	  0.060	 -0.184	  0.177	  4.858	  0.128	  4.448	  5.156	 -0.001	  0.018	 -0.556	  0.000	  0.001	  0.121	 -0.387	  0.283
 45.050	  0.002	  0.055	 -0.186	  0.128	  4.860	  0.191	  4.625	  5.332	 -0.001	  0.238	 -0.111	  0.999	  0.002	  0.181	 -0.221	  0.449
 45.100	  0.002	  0.060	 -0.141	  0.187	  4.858	  0.220	  4.509	  5.215	 -0.004	  0.315	 -0.222	  0.887	 -0.000	  0.209	 -0.331	  0.338
 45.150	  0.002	  0.065	 -0.175	  0.153	  4.861	  0.236	  4.393	  5.184	 -0.004	  0.355	 -0.332	  0.775	  0.002	  0.224	 -0.442	  0.308
 45.200	 -0.003	  0.069	 -0.162	  0.165	  4.849	  0.234	  4.278	  5.274	 -0.013	  0.382	 -0.442	  0.664	 -0.010	  0.222	 -0.552	  0.393
 45.250	  0.000	  0.065	 -0.227	  0.193	  4.854	  0.209	  4.369	  5.158	 -0.009	  0.384	 -0.552	  0.552	 -0.006	  0.199	 -0.466	  0.282
 45.300	 -0.002	  0.078	 -0.215	  0.266	  4.863	  0.240	  4.459	  5.453	 -0.004	  0.395	 -0.662	  0.442	  0.002	  0.227	 -0.381	  0.561
 45.350	  0.004	  0.081	 -0.202	  0.278	  4.871	  0.230	  4.344	  5.337	  0.020	  0.350	 -0.772	  0.331	  0.009	  0.218	 -0.491	  0.450
 45.400	 -0.007	  0.078	 -0.175	  0.227	  4.848	  0.218	  4.520	  5.221	 -0.017	  0.320	 -0.881	  0.220	 -0.014	  0.207	 -0.325	  0.340
 45.450	 -0.001	  0.083	 -0.210	  0.176	  4.855	  0.192	  4.405	  5.105	 -0.012	  0.247	 -0.990	  0.110	 -0.008	  0.182	 -0.435	  0.229
 45.500	  0.004	  0.076	 -0.167	  0.202	  4.870	  0.129	  4.580	  4.990	 -0.001	  0.025	 -0.549	  0.000	  0.005	  0.122	 -0.269	  0.119
 45.550	  0.001	  0.066	 -0.156	  0.135	  4.861	  0.167	  4.465	  5.453	  0.003	  0.239	 -0.110	  0.988	 -0.003	  0.158	 -0.379	  0.558
 45.600	 -0.002	  0.057	 -0.191	  0.176	  4.866	  0.170	  4.555	  5.338	  0.008	  0.309	 -0.219	  0.877	  0.001	  0.161	 -0.294	  0.448
 45.650	 -0.002	  0.044	 -0.135	  0.201	  4.861	  0.204	  4.645	  5.342	 -0.007	  0.349	 -0.329	  0.767	 -0.004	  0.193	 -0.210	  0.451
 45.700	  0.000	  0.053	 -0.125	  0.150	  4.871	  0.233	  4.530	  5.311	  0.007	  0.375	 -0.438	  0.656	  0.004	  0.221	 -0.319	  0.421
 45.750	  0.001	  0.067	 -0.160	  0.129	  4.862	  0.248	  4.416	  5.196	 -0.010	  0.385	 -0.546	  0.546	 -0.005	  0.235	 -0.428	  0.312
 45.800	  0.000	  0.080	 -0.181	  0.168	  4.866	  0.248	  4.302	  5.285	 -0.008	  0.380	 -0.655	  0.437	 -0.002	  0.235	 -0.537	  0.395
 45.850	 -0.002	  0.083	 -0.232	  0.146	  4.871	  0.214	  4.188	  5.170	  0.002	  0.341	 -0.763	  0.327	  0.002	  0.203	 -0.645	  0.286
 45.900	  0.003	  0.084	 -0.268	  0.140	  4.877	  0.202	  4.075	  5.055	  0.016	  0.306	 -0.871	  0.218	  0.008	  0.192	 -0.753	  0.176
 45.950	  0.003	  0.078	 -0.304	  0.133	  4.871	  0.135	  3.961	  4.941	  0.004	  0.228	 -0.979	  0.109	  0.001	  0.128	 -0.861	  0.067
 46.000	 -0.003	  0.067	 -0.295	  0.277	  4.869	  0.088	  4.540	  5.232	 -0.002	  0.030	 -0.543	  0.000	 -0.001	  0.083	 -0.313	  0.343
 46.050	 -0.000	  0.048	 -0.166	  0.179	  4.863	  0.164	  4.713	  5.691	 -0.004	  0.221	 -0.109	  0.977	 -0.007	  0.155	 -0.150	  0.777
 46.100	  0.000	  0.042	 -0.098	  0.142	  4.867	  0.215	  4.600	  5.576	 -0.014	  0.307	 -0.217	  0.868	 -0.004	  0.204	 -0.258	  0.668
 46.150	  0.001	  0.058	 -0.135	  0.254	  4.869	  0.232	  4.486	  5.462	 -0.005	  0.349	 -0.325	  0.758	 -0.003	  0.220	 -0.366	  0.558
 46.200	  0.001	  0.068	 -0.127	  0.275	  4.872	  0.245	  4.575	  5.348	  0.008	  0.382	 -0.433	  0.649	 -0.001	  0.232	 -0.283	  0.450
 46.250	  0.002	  0.077	 -0.150	  0.252	  4.877	  0.230	  4.462	  5.234	  0.010	  0.371	 -0.541	  0.541	  0.003	  0.218	 -0.391	  0.341
 46.300	  0.001	  0.079	 -0.217	  0.214	  4.879	  0.206	  4.433	  5.120	  0.006	  0.374	 -0.648	  0.432	  0.004	  0.196	 -0.419	  0.233
 46.350	  0.001	  0.075	 -0.165	  0.176	  4.879	  0.198	  4.438	  5.208	  0.010	  0.341	 -0.755	  0.324	  0.004	  0.187	 -0.415	  0.315
 46.400	 -0.001	  0.078	 -0.173	  0.152	  4.862	  0.207	  4.325	  5.295	 -0.013	  0.319	 -0.862	  0.216	 -0.013	  0.197	 -0.522	  0.398
 46.450	  0.002	  0.077	 -0.329	  0.158	  4.879	  0.180	  4.213	  5.182	  0.011	  0.219	 -0.969	  0.108	  0.002	  0.171	 -0.629	  0.290
 46.500	  0.003	  0.069	 -0.190	  0.163	  4.873	  0.147	  4.384	  5.069	 -0.003	  0.042	 -0.538	  0.000	 -0.004	  0.140	 -0.467	  0.182
 46.550	 -0.003	  0.057	 -0.184	  0.124	  4.875	  0.181	  4.555	  5.239	  0.012	  0.247	 -0.107	  0.967	 -0.002	  0.171	 -0.306	  0.343
 46.600	 -0.001	  0.056	 -0.164	  0.130	  4.874	  0.195	  4.443	  5.209	  0.005	  0.314	 -0.215	  0.858	 -0.004	  0.185	 -0.413	  0.314
 46.650	 -0.001	  0.058	 -0.143	  0.164	  4.883	  0.190	  4.531	  5.296	  0.008	  0.350	 -0.322	  0.750	  0.004	  0.180	 -0.330	  0.396
 46.700	  0.004	  0.058	 -0.153	  0.139	  4.882	  0.204	  4.619	  5.583	  0.010	  0.367	 -0.428	  0.642	  0.002	  0.193	 -0.247	  0.667
 46.750	  0.003	  0.060	 -0.148	  0.129	  4.892	  0.230	  4.507	  5.470	  0.018	  0.376	 -0.535	  0.535	  0.011	  0.218	 -0.354	  0.559
 46.800	  0.002	  0.069	 -0.172	  0.220	  4.883	  0.238	  4.395	  5.357	  0.002	  0.372	 -0.641	  0.427	  0.002	  0.226	 -0.460	  0.451
 46.850	 -0.002	  0.078	 -0.153	  0.297	  4.876	  0.229	  4.483	  5.245	 -0.011	  0.357	 -0.747	  0.320	 -0.005	  0.217	 -0.378	  0.344
 46.900	  0.002	  0.089	 -0.192	  0.271	  4.873	  0.215	  4.454	  5.133	 -0.008	  0.304	 -0.853	  0.213	 -0.009	  0.204	 -0.406	  0.237
 46.950	  0.002	  0.085	 -0.260	  0.274	  4.880	  0.167	  4.343	  5.021	  0.007	  0.216	 -0.958	  0.106	 -0.003	  0.159	 -0.512	  0.131
 47.000	 -0.002	  0.068	 -0.213	  0.176	  4.879	  0.075	  4.512	  4.909	 -0.002	  0.034	 -0.532	  0.000	 -0.004	  0.071	 -0.352	  0.024
 47.050	  0.002	  0.049	 -0.109	  0.107	  4.888	  0.147	  4.797	  5.474	  0.013	  0.238	 -0.106	  0.956	  0.004	  0.140	 -0.082	  0.559
 47.100	  0.002	  0.045	 -0.148	  0.124	  4.887	  0.199	  4.686	  5.362	 -0.006	  0.300	 -0.212	  0.849	  0.002	  0.188	 -0.188	  0.452
 47.150	 -0.002	  0.050	 -0.131	  0.127	  4.870	  0.225	  4.575	  5.250	 -0.005	  0.350	 -0.318	  0.742	 -0.015	  0.214	 -0.294	  0.346
 47.200	  0.000	  0.056	 -0.128	  0.201	  4.878	  0.241	  4.464	  5.221	  0.001	  0.383	 -0.424	  0.636	 -0.008	  0.229	 -0.400	  0.317
 47.250	 -0.000	  0.068	 -0.183	  0.145	  4.886	  0.238	  4.354	  5.307	  0.007	  0.376	 -0.529	  0.529	 -0.001	  0.226	 -0.505	  0.398
 47.300	 -0.001	  0.076	 -0.194	  0.133	  4.887	  0.222	  4.244	  5.195	 -0.004	  0.365	 -0.634	  0.423	 -0.000	  0.211	 -0.610	  0.292
 47.350	 -0.003	  0.085	 -0.220	  0.177	  4.877	  0.205	  4.133	  5.084	 -0.014	  0.355	 -0.739	  0.317	 -0.010	  0.194	 -0.715	  0.186
 47.400	  0.002	  0.081	 -0.232	  0.178	  4.894	  0.170	  4.417	  5.367	  0.011	  0.298	 -0.844	  0.211	  0.005	  0.161	 -0.447	  0.453
 47.450	  0.001	  0.067	 -0.245	  0.137	  4.890	  0.159	  4.585	  5.256	  0.002	  0.224	 -0.948	  0.105	  0.000	  0.151	 -0.289	  0.347
 47.500	  0.000	  0.064	 -0.158	  0.237	  4.890	  0.136	  4.752	  5.145	  0.000	  0.000	 -0.000	  0.000	  0.000	  0.129	 -0.130	  0.242
 47.550	 -0.002	  0.057	 -0.129	  0.364	  4.889	  0.180	  4.642	  5.589	  0.007	  0.221	 -0.105	  0.946	 -0.002	  0.171	 -0.235	  0.662
 47.600	 -0.003	  0.054	 -0.128	  0.195	  4.876	  0.203	  4.532	  5.478	 -0.016	  0.289	 -0.210	  0.840	 -0.015	  0.192	 -0.340	  0.556
 47.650	  0.002	  0.056	 -0.127	  0.139	  4.897	  0.220	  4.618	  5.367	  0.008	  0.350	 -0.315	  0.735	  0.005	  0.208	 -0.259	  0.451
 47.700	  0.002	  0.059	 -0.140	  0.195	  4.889	  0.210	  4.509	  5.257	 -0.006	  0.371	 -0.419	  0.629	 -0.004	  0.199	 -0.364	  0.346
 47.750	 -0.004	  0.062	 -0.140	  0.237	  4.885	  0.206	  4.594	  5.342	 -0.011	  0.373	 -0.524	  0.524	 -0.007	  0.196	 -0.283	  0.426
 47.800	 -0.001	  0.070	 -0.154	  0.195	  4.883	  0.224	  4.485	  5.232	 -0.013	  0.367	 -0.628	  0.418	 -0.010	  0.213	 -0.387	  0.321
 47.850	 -0.001	  0.072	 -0.182	  0.166	  4.896	  0.221	  4.376	  5.317	  0.004	  0.340	 -0.731	  0.313	  0.001	  0.210	 -0.491	  0.400
 47.900	 -0.001	  0.077	 -0.223	  0.123	  4.888	  0.215	  4.267	  5.207	 -0.000	  0.301	 -0.835	  0.209	 -0.007	  0.204	 -0.595	  0.296
 47.950	  0.004	  0.072	 -0.238	  0.150	  4.897	  0.174	  4.158	  5.097	  0.002	  0.220	 -0.938	  0.104	  0.002	  0.165	 -0.699	  0.191
 48.000	 -0.003	  0.072	 -0.349	  0.163	  4.897	  0.117	  4.599	  4.987	 -0.001	  0.023	 -0.521	  0.000	  0.001	  0.111	 -0.282	  0.087
 48.050	  0.001	  0.059	 -0.266	  0.147	  4.895	  0.141	  4.490	  5.233	  0.002	  0.227	 -0.104	  0.937	 -0.001	  0.134	 -0.385	  0.319
 48.100	 -0.001	  0.041	 -0.130	  0.104	  4.886	  0.160	  4.769	  5.705	 -0.012	  0.286	 -0.208	  0.832	 -0.010	  0.151	 -0.121	  0.766
 48.150	 -0.002	  0.039	 -0.076	  0.157	  4.894	  0.205	  4.660	  5.595	 -0.001	  0.339	 -0.312	  0.727	 -0.003	  0.194	 -0.225	  0.661
 48.200	 -0.000	  0.056	 -0.146	  0.141	  4.893	  0.228	  4.552	  5.486	 -0.016	  0.360	 -0.415	  0.622	 -0.005	  0.216	 -0.329	  0.557
 48.250	  0.003	  0.065	 -0.162	  0.180	  4.902	  0.237	  4.443	  5.376	  0.012	  0.361	 -0.518	  0.518	  0.003	  0.225	 -0.432	  0.453
 48.300	  0.001	  0.072	 -0.150	  0.191	  4.902	  0.231	  4.528	  5.267	  0.011	  0.355	 -0.621	  0.414	  0.002	  0.219	 -0.352	  0.349
 48.350	 -0.001	  0.080	 -0.166	  0.216	  4.895	  0.212	  4.500	  5.158	 -0.013	  0.345	 -0.724	  0.310	 -0.004	  0.201	 -0.379	  0.245
 48.400	  0.002	  0.081	 -0.209	  0.253	  4.897	  0.177	  4.392	  5.050	 -0.002	  0.297	 -0.826	  0.207	 -0.003	  0.168	 -0.482	  0.141
 48.450	 -0.003	  0.072	 -0.225	  0.196	  4.894	  0.132	  4.397	  5.134	 -0.011	  0.232	 -0.929	  0.103	 -0.007	  0.125	 -0.478	  0.220
 48.500	  0.001	  0.063	 -0.200	  0.165	  4.896	  0.100	  4.561	  5.218	 -0.002	  0.028	 -0.515	  0.000	 -0.005	  0.095	 -0.323	  0.299
 48.550	  0.003	  0.041	 -0.122	  0.121	  4.904	  0.172	  4.725	  5.381	 -0.007	  0.215	 -0.103	  0.927	  0.001	  0.163	 -0.168	  0.454
 48.600	 -0.002	  0.041	 -0.099	  0.184	  4.898	  0.204	  4.618	  5.272	 -0.008	  0.295	 -0.206	  0.823	 -0.004	  0.193	 -0.271	  0.350
 48.650	 -0.001	  0.054	 -0.142	  0.180	  4.909	  0.222	  4.510	  5.244	  0.016	  0.335	 -0.308	  0.719	  0.005	  0.211	 -0.373	  0.322
 48.700	 -0.003	  0.062	 -0.213	  0.149	  4.888	  0.223	  4.403	  5.327	 -0.019	  0.360	 -0.411	  0.616	 -0.015	  0.211	 -0.476	  0.401
 48.750	 -0.000	  0.068	 -0.337	  0.145	  4.895	  0.213	  4.296	  5.219	 -0.010	  0.360	 -0.513	  0.513	 -0.009	  0.202	 -0.578	  0.298
 48.800	  0.001	  0.068	 -0.207	  0.127	  4.901	  0.195	  4.571	  5.302	 -0.010	  0.354	 -0.615	  0.410	 -0.004	  0.185	 -0.317	  0.376
 48.850	 -0.001	  0.069	 -0.198	  0.135	  4.903	  0.205	  4.464	  5.385	 -0.008	  0.337	 -0.716	  0.307	 -0.003	  0.195	 -0.419	  0.454
 48.900	 -0.000	  0.075	 -0.189	  0.157	  4.908	  0.200	  4.548	  5.278	  0.004	  0.281	 -0.818	  0.204	  0.001	  0.190	 -0.340	  0.352
 48.950	 -0.000	  0.075	 -0.220	  0.152	  4.903	  0.177	  4.520	  5.170	 -0.001	  0.215	 -0.919	  0.102	 -0.004	  0.168	 -0.367	  0.249
 49.000	  0.001	  0.063	 -0.238	  0.160	  4.902	  0.132	  4.413	  5.063	 -0.001	  0.016	 -0.510	  0.000	 -0.005	  0.125	 -0.469	  0.147
 49.050	  0.003	  0.055	 -0.150	  0.194	  4.907	  0.166	  4.575	  5.493	 -0.001	  0.211	 -0.102	  0.917	 -0.002	  0.157	 -0.316	  0.554
 49.100	 -0.001	  0.055	 -0.142	  0.188	  4.909	  0.175	  4.659	  5.386	  0.003	  0.287	 -0.204	  0.815	  0.000	  0.166	 -0.237	  0.452
 49.150	 -0.000	  0.050	 -0.148	  0.195	  4.914	  0.180	  4.742	  5.279	  0.011	  0.333	 -0.305	  0.712	  0.004	  0.171	 -0.159	  0.350
 49.200	 -0.002	  0.050	 -0.127	  0.123	  4.900	  0.210	  4.636	  5.283	 -0.017	  0.354	 -0.407	  0.610	 -0.010	  0.199	 -0.260	  0.353
 49.250	  0.000	  0.053	 -0.107	  0.156	  4.910	  0.232	  4.529	  5.254	  0.005	  0.366	 -0.508	  0.508	 -0.001	  0.220	 -0.362	  0.326
 49.300	  0.003	  0.069	 -0.178	  0.136	  4.914	  0.223	  4.423	  5.336	  0.010	  0.348	 -0.609	  0.406	  0.003	  0.212	 -0.463	  0.403
 49.350	  0.005	  0.074	 -0.237	  0.142	  4.915	  0.204	  4.318	  5.230	  0.004	  0.315	 -0.709	  0.304	  0.003	  0.193	 -0.563	  0.301
 49.400	 -0.002	  0.082	 -0.269	  0.109	  4.894	  0.207	  4.212	  5.123	 -0.010	  0.301	 -0.810	  0.202	 -0.017	  0.196	 -0.664	  0.200
 49.450	  0.002	  0.071	 -0.288	  0.141	  4.914	  0.144	  4.107	  5.017	 -0.007	  0.218	 -0.910	  0.101	  0.001	  0.137	 -0.764	  0.099
 49.500	 -0.001	  0.059	 -0.334	  0.134	  4.911	  0.030	  4.190	  5.099	 -0.002	  0.039	 -1.010	  0.000	 -0.003	  0.029	 -0.686	  0.176
 49.550	  0.000	  0.046	 -0.107	  0.139	  4.912	  0.146	  4.805	  5.714	  0.001	  0.212	 -0.101	  0.908	 -0.002	  0.138	 -0.103	  0.758
 49.600	 -0.003	  0.045	 -0.127	  0.132	  4.908	  0.178	  4.699	  5.607	 -0.004	  0.275	 -0.202	  0.806	 -0.007	  0.169	 -0.204	  0.656
 49.650	  0.001	  0.046	 -0.096	  0.188	  4.920	  0.224	  4.594	  5.501	 -0.000	  0.330	 -0.302	  0.705	  0.005	  0.212	 -0.305	  0.555
 49.700	  0.001	  0.053	 -0.103	  0.193	  4.922	  0.227	  4.489	  5.394	  0.016	  0.345	 -0.402	  0.604	  0.006	  0.215	 -0.405	  0.454
 49.750	 -0.003	  0.066	 -0.111	  0.159	  4.918	  0.224	  4.571	  5.289	  0.003	  0.359	 -0.503	  0.503	  0.002	  0.213	 -0.327	  0.353
 49.800	  0.003	  0.074	 -0.196	  0.176	  4.925	  0.204	  4.544	  5.183	  0.016	  0.343	 -0.602	  0.402	  0.008	  0.194	 -0.354	  0.252
 49.850	  0.000	  0.072	 -0.127	  0.180	  4.915	  0.175	  4.548	  5.077	 -0.004	  0.331	 -0.702	  0.301	 -0.003	  0.166	 -0.350	  0.151
 49.900	  0.003	  0.067	 -0.174	  0.146	  4.929	  0.164	  4.444	  5.159	  0.020	  0.268	 -0.802	  0.200	  0.010	  0.155	 -0.450	  0.228
 49.950	 -0.001	  0.066	 -0.297	  0.201	  4.916	  0.165	  4.339	  5.240	 -0.002	  0.217	 -0.901	  0.100	 -0.002	  0.156	 -0.550	  0.305
 50.000	 -0.001	  0.060	 -0.203	  0.102	  4.918	  0.131	  4.498	  5.135	 -0.002	  0.032	 -0.500	  0.000	 -0.001	  0.124	 -0.399	  0.205
 50.050	  0.000	  0.053	 -0.174	  0.118	  4.909	  0.168	  4.657	  5.293	 -0.017	  0.195	 -0.100	  0.899	 -0.010	  0.159	 -0.249	  0.354
 50.100	  0.002	  0.049	 -0.132	  0.134	  4.916	  0.192	  4.553	  5.265	 -0.018	  0.262	 -0.200	  0.798	 -0.004	  0.182	 -0.348	  0.327
 50.150	 -0.000	  0.049	 -0.141	  0.137	  4.931	  0.189	  4.449	  5.346	  0.021	  0.323	 -0.299	  0.698	  0.009	  0.179	 -0.448	  0.403
 50.200	 -0.001	  0.056	 -0.201	  0.140	  4.916	  0.186	  4.530	  5.241	 -0.003	  0.350	 -0.398	  0.598	 -0.005	  0.177	 -0.371	  0.303
 50.250	  0.000	  0.057	 -0.198	  0.167	  4.917	  0.206	  4.612	  5.508	 -0.008	  0.348	 -0.498	  0.498	 -0.005	  0.195	 -0.294	  0.555
 50.300	 -0.000	  0.063	 -0.195	  0.220	  4.926	  0.217	  4.508	  5.403	 -0.000	  0.358	 -0.596	  0.398	  0.003	  0.206	 -0.393	  0.455
 50.350	  0.004	  0.068	 -0.167	  0.235	  4.934	  0.217	  4.589	  5.298	  0.014	  0.327	 -0.695	  0.298	  0.011	  0.206	 -0.316	  0.356
 50.400	 -0.002	  0.073	 -0.177	  0.161	  4.917	  0.197	  4.562	  5.194	 -0.002	  0.282	 -0.794	  0.198	 -0.006	  0.187	 -0.343	  0.256
 50.450	  0.002	  0.075	 -0.175	  0.150	  4.921	  0.172	  4.459	  5.090	  0.002	  0.212	 -0.892	  0.099	 -0.003	  0.163	 -0.441	  0.157
 50.500	  0.001	  0.066	 -0.185	  0.164	  4.918	  0.100	  4.616	  4.985	 -0.001	  0.022	 -0.495	  0.000	 -0.006	  0.094	 -0.292	  0.058
 50.550	 -0.002	  0.051	 -0.121	  0.103	  4.920	  0.115	  4.697	  5.403	 -0.004	  0.202	 -0.099	  0.890	 -0.005	  0.109	 -0.216	  0.453
 50.600	 -0.001	  0.036	 -0.095	  0.092	  4.930	  0.165	  4.778	  5.407	  0.001	  0.268	 -0.198	  0.791	  0.004	  0.157	 -0.140	  0.456
 50.650	 -0.001	  0.041	 -0.106	  0.155	  4.914	  0.203	  4.675	  5.303	 -0.018	  0.314	 -0.296	  0.691	 -0.012	  0.192	 -0.239	  0.357
 50.700	  0.000	  0.054	 -0.129	  0.131	  4.931	  0.220	  4.571	  5.275	 -0.002	  0.341	 -0.394	  0.592	  0.004	  0.209	 -0.337	  0.330
 50.750	  0.002	  0.061	 -0.153	  0.156	  4.925	  0.224	  4.468	  5.355	  0.008	  0.352	 -0.493	  0.493	 -0.002	  0.212	 -0.435	  0.406
 50.800	 -0.004	  0.067	 -0.177	  0.132	  4.915	  0.221	  4.365	  5.252	 -0.021	  0.347	 -0.591	  0.394	 -0.012	  0.209	 -0.533	  0.307
 50.850	 -0.004	  0.077	 -0.237	  0.144	  4.914	  0.204	  4.263	  5.148	 -0.014	  0.326	 -0.688	  0.295	 -0.014	  0.193	 -0.631	  0.208
 50.900	  0.001	  0.074	 -0.372	  0.132	  4.929	  0.155	  4.160	  5.045	  0.004	  0.279	 -0.786	  0.196	 -0.000	  0.147	 -0.729	  0.110
 50.950	  0.001	  0.067	 -0.359	  0.181	  4.922	  0.136	  4.607	  5.308	 -0.008	  0.214	 -0.883	  0.098	 -0.007	  0.129	 -0.306	  0.358
 51.000	 -0.001	  0.052	 -0.138	  0.229	  4.926	  0.113	  4.580	  5.204	 -0.002	  0.035	 -0.490	  0.000	 -0.004	  0.107	 -0.332	  0.260
 51.050	 -0.000	  0.042	 -0.138	  0.131	  4.926	  0.166	  4.736	  5.618	 -0.002	  0.208	 -0.098	  0.881	 -0.004	  0.157	 -0.184	  0.652
 51.100	 -0.002	  0.041	 -0.102	  0.178	  4.917	  0.183	  4.634	  5.515	 -0.022	  0.261	 -0.196	  0.783	 -0.013	  0.173	 -0.282	  0.553
 51.150	 -0.001	  0.053	 -0.102	  0.165	  4.934	  0.201	  4.531	  5.412	 -0.008	  0.313	 -0.293	  0.684	  0.002	  0.190	 -0.380	  0.455
 51.200	 -0.001	  0.058	 -0.103	  0.176	  4.932	  0.205	  4.611	  5.309	  0.008	  0.332	 -0.391	  0.586	 -0.000	  0.194	 -0.304	  0.357
 51.250	 -0.002	  0.057	 -0.128	  0.175	  4.928	  0.185	  4.509	  5.206	 -0.011	  0.338	 -0.488	  0.488	 -0.005	  0.175	 -0.401	  0.259
 51.300	 -0.001	  0.059	 -0.141	  0.149	  4.933	  0.189	  4.589	  5.285	  0.004	  0.333	 -0.585	  0.390	 -0.000	  0.179	 -0.326	  0.333
 51.350	 -0.005	  0.068	 -0.155	  0.123	  4.927	  0.197	  4.487	  5.183	 -0.004	  0.311	 -0.682	  0.292	 -0.006	  0.186	 -0.423	  0.236
 51.400	 -0.002	  0.070	 -0.156	  0.157	  4.933	  0.189	  4.386	  5.262	 -0.009	  0.272	 -0.778	  0.195	 -0.001	  0.179	 -0.520	  0.310
 51.450	 -0.002	  0.066	 -0.218	  0.131	  4.930	  0.173	  4.284	  5.159	 -0.004	  0.207	 -0.875	  0.097	 -0.005	  0.164	 -0.617	  0.213
 51.500	  0.001	  0.061	 -0.280	  0.105	  4.931	  0.123	  4.439	  5.057	 -0.002	  0.031	 -0.485	  0.000	 -0.004	  0.116	 -0.471	  0.115
 51.550	 -0.002	  0.053	 -0.221	  0.126	  4.930	  0.147	  4.594	  5.211	 -0.009	  0.193	 -0.097	  0.873	 -0.006	  0.139	 -0.325	  0.261
 51.600	  0.002	  0.050	 -0.187	  0.135	  4.939	  0.160	  4.492	  5.365	  0.008	  0.285	 -0.194	  0.775	  0.002	  0.152	 -0.421	  0.406
 51.650	 -0.001	  0.043	 -0.106	  0.156	  4.936	  0.178	  4.752	  5.624	 -0.000	  0.315	 -0.290	  0.678	 -0.001	  0.169	 -0.175	  0.651
 51.700	 -0.000	  0.044	 -0.133	  0.118	  4.938	  0.211	  4.651	  5.521	  0.008	  0.333	 -0.387	  0.580	  0.000	  0.200	 -0.272	  0.554
 51.750	  0.002	  0.056	 -0.100	  0.198	  4.939	  0.225	  4.550	  5.420	  0.005	  0.342	 -0.483	  0.483	  0.001	  0.213	 -0.368	  0.456
 51.800	  0.001	  0.066	 -0.150	  0.241	  4.929	  0.219	  4.629	  5.318	 -0.012	  0.339	 -0.579	  0.386	 -0.009	  0.208	 -0.294	  0.359
 51.850	 -0.001	  0.072	 -0.224	  0.202	  4.934	  0.207	  4.602	  5.216	 -0.006	  0.315	 -0.675	  0.289	 -0.005	  0.196	 -0.319	  0.263
 51.900	  0.002	  0.073	 -0.192	  0.175	  4.941	  0.179	  4.502	  5.115	 -0.003	  0.272	 -0.771	  0.193	  0.001	  0.170	 -0.415	  0.166
 51.950	 -0.001	  0.067	 -0.148	  0.147	  4.941	  0.124	  4.401	  5.014	  0.001	  0.208	 -0.866	  0.096	  0.001	  0.118	 -0.511	  0.070
 52.000	  0.001	  0.055	 -0.140	  0.131	  4.938	  0.067	  4.659	  5.271	 -0.001	  0.021	 -0.481	  0.000	 -0.003	  0.063	 -0.267	  0.313
 52.050	 -0.001	  0.044	 -0.155	  0.115	  4.945	  0.153	  4.812	  5.423	  0.009	  0.217	 -0.096	  0.865	  0.003	  0.145	 -0.123	  0.457
 52.100	  0.001	  0.040	 -0.112	  0.134	  4.941	  0.186	  4.711	  5.322	 -0.003	  0.270	 -0.192	  0.768	 -0.001	  0.176	 -0.218	  0.361
 52.150	 -0.001	  0.043	 -0.128	  0.176	  4.946	  0.208	  4.611	  5.295	  0.008	  0.318	 -0.288	  0.671	  0.003	  0.197	 -0.314	  0.335
 52.200	  0.002	  0.054	 -0.132	  0.113	  4.945	  0.211	  4.511	  5.373	  0.002	  0.324	 -0.383	  0.575	  0.002	  0.200	 -0.410	  0.408
 52.250	  0.002	  0.064	 -0.149	  0.120	  4.940	  0.216	  4.411	  5.272	 -0.005	  0.339	 -0.478	  0.478	 -0.003	  0.204	 -0.505	  0.312
 52.300	 -0.001	  0.066	 -0.200	  0.126	  4.936	  0.191	  4.311	  5.172	 -0.010	  0.336	 -0.574	  0.382	 -0.007	  0.181	 -0.600	  0.216
 52.350	  0.000	  0.065	 -0.216	  0.109	  4.944	  0.181	  4.567	  5.427	 -0.003	  0.321	 -0.669	  0.287	 -0.000	  0.171	 -0.357	  0.458
 52.400	 -0.002	  0.065	 -0.186	  0.150	  4.946	  0.176	  4.646	  5.327	 -0.003	  0.274	 -0.763	  0.191	  0.002	  0.167	 -0.284	  0.362
 52.450	  0.001	  0.060	 -0.214	  0.179	  4.941	  0.166	  4.619	  5.226	  0.001	  0.197	 -0.858	  0.095	 -0.004	  0.157	 -0.309	  0.266
 52.500	 -0.001	  0.061	 -0.266	  0.231	  4.945	  0.127	  4.520	  5.126	 -0.002	  0.034	 -0.476	  0.000	 -0.001	  0.120	 -0.404	  0.171
 52.550	 -0.002	  0.048	 -0.098	  0.155	  4.947	  0.165	  4.671	  5.528	  0.009	  0.207	 -0.095	  0.856	  0.001	  0.156	 -0.261	  0.551
 52.600	 -0.001	  0.048	 -0.104	  0.230	  4.948	  0.175	  4.749	  5.428	  0.015	  0.273	 -0.190	  0.760	  0.001	  0.166	 -0.188	  0.456
 52.650	 -0.000	  0.049	 -0.144	  0.200	  4.943	  0.177	  4.650	  5.327	 -0.003	  0.308	 -0.285	  0.665	 -0.004	  0.168	 -0.282	  0.360
 52.700	 -0.001	  0.046	 -0.082	  0.194	  4.942	  0.181	  4.727	  5.331	 -0.011	  0.327	 -0.380	  0.569	 -0.006	  0.171	 -0.209	  0.363
 52.750	 -0.001	  0.053	 -0.191	  0.164	  4.943	  0.199	  4.628	  5.305	 -0.004	  0.330	 -0.474	  0.474	 -0.005	  0.189	 -0.304	  0.338
 52.800	  0.001	  0.059	 -0.129	  0.123	  4.952	  0.212	  4.529	  5.205	  0.008	  0.329	 -0.568	  0.379	  0.003	  0.201	 -0.398	  0.243
 52.850	  0.000	  0.064	 -0.169	  0.127	  4.953	  0.201	  4.430	  5.282	  0.004	  0.304	 -0.662	  0.284	  0.003	  0.190	 -0.492	  0.315
 52.900	  0.001	  0.069	 -0.176	  0.154	  4.947	  0.186	  4.331	  5.182	  0.008	  0.268	 -0.756	  0.189	 -0.002	  0.177	 -0.587	  0.220
 52.950	 -0.001	  0.071	 -0.217	  0.158	  4.944	  0.153	  4.233	  5.083	 -0.004	  0.202	 -0.850	  0.094	 -0.006	  0.145	 -0.680	  0.126
 53.000	 -0.000	  0.057	 -0.178	  0.116	  4.946	  0.079	  4.632	  4.984	 -0.001	  0.021	 -0.472	  0.000	 -0.005	  0.074	 -0.302	  0.031
 53.050	 -0.000	  0.040	 -0.140	  0.109	  4.950	  0.120	  4.885	  5.558	  0.008	  0.209	 -0.094	  0.848	 -0.002	  0.114	 -0.063	  0.575
 53.100	  0.000	  0.037	 -0.091	  0.123	  4.955	  0.163	  4.786	  5.634	  0.012	  0.262	 -0.188	  0.753	  0.003	  0.155	 -0.157	  0.646
 53.150	 -0.001	  0.039	 -0.087	  0.104	  4.947	  0.191	  4.687	  5.534	 -0.000	  0.299	 -0.282	  0.659	 -0.005	  0.181	 -0.251	  0.552
 53.200	  0.001	  0.050	 -0.129	  0.141	  4.949	  0.205	  4.589	  5.435	 -0.000	  0.318	 -0.376	  0.564	 -0.004	  0.195	 -0.345	  0.457
 53.250	 -0.001	  0.057	 -0.137	  0.178	  4.959	  0.214	  4.666	  5.336	  0.005	  0.340	 -0.469	  0.469	  0.006	  0.203	 -0.273	  0.363
 53.300	 -0.001	  0.062	 -0.134	  0.191	  4.946	  0.199	  4.568	  5.237	 -0.014	  0.328	 -0.563	  0.375	 -0.007	  0.188	 -0.366	  0.269
 53.350	  0.001	  0.068	 -0.153	  0.194	  4.955	  0.177	  4.542	  5.139	  0.002	  0.298	 -0.656	  0.281	  0.000	  0.168	 -0.391	  0.175
 53.400	  0.001	  0.066	 -0.206	  0.163	  4.950	  0.144	  4.547	  5.215	 -0.004	  0.262	 -0.749	  0.187	 -0.005	  0.136	 -0.387	  0.247
 53.450	  0.000	  0.059	 -0.248	  0.131	  4.957	  0.141	  4.449	  5.291	  0.004	  0.195	 -0.842	  0.094	  0.001	  0.134	 -0.480	  0.318
 53.500	  0.003	  0.048	 -0.156	  0.100	  4.948	  0.112	  4.598	  5.193	 -0.001	  0.026	 -0.467	  0.000	 -0.007	  0.106	 -0.340	  0.224
 53.550	  0.000	  0.046	 -0.143	  0.102	  4.963	  0.158	  4.746	  5.341	  0.003	  0.205	 -0.093	  0.840	  0.006	  0.149	 -0.199	  0.364
 53.600	  0.001	  0.046	 -0.140	  0.103	  4.963	  0.186	  4.648	  5.242	  0.007	  0.267	 -0.187	  0.746	  0.006	  0.177	 -0.292	  0.271
 53.650	  0.002	  0.049	 -0.138	  0.116	  4.961	  0.192	  4.551	  5.390	  0.006	  0.303	 -0.280	  0.652	  0.004	  0.182	 -0.385	  0.410
 53.700	 -0.002	  0.049	 -0.159	  0.139	  4.949	  0.183	  4.454	  5.292	 -0.015	  0.323	 -0.372	  0.559	 -0.008	  0.174	 -0.478	  0.317
 53.750	 -0.001	  0.053	 -0.146	  0.129	  4.957	  0.177	  4.703	  5.367	  0.002	  0.328	 -0.465	  0.465	 -0.001	  0.168	 -0.242	  0.388
 53.800	 -0.000	  0.057	 -0.134	  0.207	  4.961	  0.194	  4.606	  5.443	  0.007	  0.323	 -0.558	  0.372	  0.002	  0.184	 -0.334	  0.459
 53.850	  0.001	  0.061	 -0.121	  0.120	  4.963	  0.196	  4.682	  5.345	  0.010	  0.295	 -0.650	  0.279	  0.003	  0.186	 -0.263	  0.366
 53.900	 -0.003	  0.065	 -0.164	  0.143	  4.953	  0.185	  4.656	  5.247	 -0.009	  0.262	 -0.742	  0.186	 -0.006	  0.176	 -0.287	  0.272
 53.950	 -0.000	  0.061	 -0.152	  0.143	  4.959	  0.155	  4.560	  5.150	 -0.001	  0.195	 -0.834	  0.093	 -0.001	  0.147	 -0.380	  0.179
 54.000	  0.003	  0.060	 -0.184	  0.209	  4.968	  0.105	  4.463	  5.052	 -0.001	  0.021	 -0.463	  0.000	  0.007	  0.100	 -0.472	  0.087
 54.050	  0.001	  0.052	 -0.162	  0.154	  4.950	  0.125	  4.782	  5.443	 -0.012	  0.182	 -0.093	  0.833	 -0.011	  0.118	 -0.169	  0.457
 54.100	 -0.001	  0.040	 -0.096	  0.110	  4.958	  0.139	  4.858	  5.345	 -0.005	  0.258	 -0.185	  0.739	 -0.004	  0.132	 -0.098	  0.364
 54.150	  0.001	  0.033	 -0.085	  0.186	  4.964	  0.182	  4.761	  5.349	  0.006	  0.302	 -0.277	  0.646	  0.001	  0.173	 -0.191	  0.367
 54.200	  0.001	  0.043	 -0.085	  0.196	  4.967	  0.197	  4.665	  5.323	  0.006	  0.315	 -0.369	  0.554	  0.005	  0.187	 -0.283	  0.342
 54.250	 -0.001	  0.053	 -0.129	  0.174	  4.956	  0.213	  4.568	  5.226	  0.000	  0.326	 -0.461	  0.461	 -0.006	  0.202	 -0.374	  0.249
 54.300	  0.001	  0.063	 -0.205	  0.108	  4.960	  0.205	  4.472	  5.301	  0.005	  0.321	 -0.552	  0.368	 -0.003	  0.194	 -0.466	  0.320
 54.350	 -0.004	  0.070	 -0.227	  0.108	  4.951	  0.205	  4.376	  5.204	 -0.021	  0.310	 -0.644	  0.276	 -0.012	  0.194	 -0.558	  0.227
 54.400	 -0.004	  0.066	 -0.238	  0.117	  4.960	  0.164	  4.280	  5.107	 -0.008	  0.266	 -0.735	  0.184	 -0.004	  0.156	 -0.649	  0.135
 54.450	 -0.001	  0.062	 -0.249	  0.116	  4.964	  0.102	  4.526	  5.182	  0.000	  0.195	 -0.826	  0.092	 -0.001	  0.096	 -0.416	  0.206
 54.500	 -0.002	  0.053	 -0.186	  0.115	  4.964	  0.089	  4.672	  5.256	 -0.002	  0.032	 -0.459	  0.000	 -0.001	  0.084	 -0.278	  0.276
 54.550	 -0.000	  0.040	 -0.112	  0.177	  4.958	  0.139	  4.818	  5.643	 -0.011	  0.179	 -0.092	  0.825	 -0.008	  0.132	 -0.140	  0.642
 54.600	  0.001	  0.035	 -0.070	  0.133	  4.969	  0.185	  4.722	  5.547	  0.010	  0.265	 -0.183	  0.733	  0.003	  0.176	 -0.231	  0.550
 54.650	 -0.000	  0.043	 -0.125	  0.109	  4.966	  0.198	  4.626	  5.450	  0.007	  0.295	 -0.274	  0.640	 -0.001	  0.187	 -0.323	  0.458
 54.700	 -0.000	  0.052	 -0.106	  0.128	  4.968	  0.202	  4.701	  5.354	  0.000	  0.320	 -0.366	  0.548	  0.001	  0.191	 -0.252	  0.366
 54.750	 -0.002	  0.058	 -0.097	  0.169	  4.956	  0.188	  4.606	  5.257	 -0.011	  0.315	 -0.457	  0.457	 -0.011	  0.178	 -0.343	  0.275
 54.800	 -0.003	  0.060	 -0.173	  0.209	  4.962	  0.166	  4.680	  5.161	 -0.010	  0.312	 -0.547	  0.365	 -0.006	  0.157	 -0.273	  0.183
 54.850	  0.001	  0.057	 -0.133	  0.174	  4.965	  0.172	  4.585	  5.236	 -0.003	  0.291	 -0.638	  0.273	 -0.003	  0.163	 -0.364	  0.253
 54.900	  0.001	  0.058	 -0.209	  0.139	  4.966	  0.164	  4.490	  5.310	 -0.008	  0.255	 -0.729	  0.182	 -0.003	  0.156	 -0.455	  0.323
 54.950	 -0.001	  0.064	 -0.275	  0.147	  4.968	  0.160	  4.395	  5.214	 -0.005	  0.199	 -0.819	  0.091	 -0.002	  0.151	 -0.545	  0.231
 55.000	  0.001	  0.055	 -0.298	  0.102	  4.969	  0.119	  4.779	  5.118	 -0.001	  0.025	 -0.455	  0.000	 -0.001	  0.113	 -0.181	  0.140
 55.050	  0.002	  0.045	 -0.153	  0.099	  4.970	  0.151	  4.684	  5.262	  0.000	  0.194	 -0.091	  0.817	 -0.001	  0.143	 -0.272	  0.276
 55.100	  0.002	  0.042	 -0.104	  0.127	  4.975	  0.162	  4.589	  5.406	  0.006	  0.262	 -0.181	  0.726	  0.004	  0.154	 -0.362	  0.412
 55.150	  0.002	  0.046	 -0.117	  0.134	  4.978	  0.161	  4.663	  5.310	  0.018	  0.300	 -0.272	  0.635	  0.006	  0.153	 -0.292	  0.321
 55.200	 -0.003	  0.044	 -0.121	  0.140	  4.958	  0.180	  4.737	  5.553	 -0.022	  0.313	 -0.362	  0.543	 -0.013	  0.170	 -0.223	  0.551
 55.250	  0.001	  0.047	 -0.103	  0.199	  4.972	  0.200	  4.642	  5.457	 -0.004	  0.325	 -0.452	  0.452	 -0.000	  0.190	 -0.313	  0.460
 55.300	 -0.003	  0.055	 -0.107	  0.164	  4.963	  0.197	  4.716	  5.362	 -0.004	  0.302	 -0.542	  0.362	 -0.010	  0.187	 -0.243	  0.369
 55.350	 -0.003	  0.063	 -0.121	  0.149	  4.963	  0.192	  4.622	  5.267	 -0.019	  0.301	 -0.632	  0.271	 -0.009	  0.182	 -0.333	  0.278
 55.400	  0.000	  0.069	 -0.135	  0.155	  4.972	  0.177	  4.597	  5.172	 -0.005	  0.262	 -0.722	  0.181	 -0.002	  0.168	 -0.357	  0.188
 55.450	  0.000	  0.064	 -0.191	  0.119	  4.971	  0.129	  4.503	  5.077	 -0.005	  0.197	 -0.812	  0.090	 -0.003	  0.123	 -0.447	  0.097
 55.500	 -0.001	  0.049	 -0.206	  0.125	  4.971	  0.043	  4.646	  4.982	 -0.002	  0.028	 -0.450	  0.000	 -0.003	  0.041	 -0.311	  0.007
 55.550	 -0.000	  0.036	 -0.117	  0.120	  4.973	  0.123	  4.888	  5.461	 -0.007	  0.180	 -0.090	  0.810	 -0.002	  0.116	 -0.083	  0.460
 55.600	  0.001	  0.036	 -0.121	  0.115	  4.976	  0.172	  4.793	  5.366	  0.005	  0.249	 -0.180	  0.719	  0.000	  0.163	 -0.173	  0.370
 55.650	  0.001	  0.040	 -0.136	  0.131	  4.977	  0.195	  4.699	  5.271	 -0.004	  0.289	 -0.270	  0.629	  0.001	  0.185	 -0.262	  0.280
 55.700	 -0.000	  0.044	 -0.100	  0.115	  4.974	  0.202	  4.605	  5.246	  0.002	  0.315	 -0.359	  0.539	 -0.003	  0.191	 -0.352	  0.256
 55.750	 -0.000	  0.053	 -0.136	  0.151	  4.979	  0.198	  4.511	  5.319	  0.000	  0.307	 -0.448	  0.448	  0.002	  0.187	 -0.441	  0.324
 55.800	 -0.002	  0.063	 -0.192	  0.104	  4.965	  0.192	  4.418	  5.224	 -0.013	  0.312	 -0.538	  0.358	 -0.012	  0.182	 -0.531	  0.234
 55.850	 -0.004	  0.066	 -0.228	  0.140	  4.970	  0.166	  4.324	  5.130	 -0.011	  0.302	 -0.627	  0.269	 -0.008	  0.158	 -0.620	  0.145
 55.900	 -0.003	  0.063	 -0.223	  0.123	  4.977	  0.150	  4.565	  5.370	  0.002	  0.257	 -0.716	  0.179	 -0.001	  0.143	 -0.392	  0.371
 55.950	 -0.001	  0.056	 -0.177	  0.138	  4.970	  0.139	  4.707	  5.276	 -0.006	  0.193	 -0.804	  0.089	 -0.008	  0.132	 -0.258	  0.281
 56.000	 -0.000	  0.046	 -0.132	  0.132	  4.974	  0.114	  4.613	  5.182	 -0.000	  0.014	 -0.446	  0.000	 -0.005	  0.108	 -0.347	  0.192
 56.050	  0.001	  0.044	 -0.098	  0.105	  4.981	  0.155	  4.755	  5.558	 -0.001	  0.191	 -0.089	  0.803	  0.001	  0.147	 -0.213	  0.549
 56.100	 -0.001	  0.046	 -0.104	  0.210	  4.973	  0.174	  4.662	  5.464	 -0.002	  0.255	 -0.178	  0.713	 -0.007	  0.165	 -0.302	  0.459
 56.150	 -0.001	  0.042	 -0.120	  0.173	  4.979	  0.176	  4.735	  5.370	  0.008	  0.286	 -0.267	  0.623	 -0.001	  0.167	 -0.233	  0.370
 56.200	  0.001	  0.045	 -0.116	  0.116	  4.976	  0.173	  4.641	  5.277	 -0.004	  0.313	 -0.356	  0.534	 -0.004	  0.164	 -0.322	  0.280
 56.250	 -0.003	  0.051	 -0.093	  0.149	  4.978	  0.179	  4.714	  5.349	 -0.004	  0.313	 -0.444	  0.444	 -0.004	  0.170	 -0.253	  0.348
 56.300	 -0.000	  0.054	 -0.129	  0.122	  4.979	  0.190	  4.621	  5.255	 -0.005	  0.304	 -0.533	  0.355	 -0.003	  0.180	 -0.342	  0.259
 56.350	 -0.002	  0.058	 -0.136	  0.115	  4.975	  0.198	  4.528	  5.327	 -0.011	  0.297	 -0.621	  0.266	 -0.007	  0.188	 -0.430	  0.327
 56.400	 -0.000	  0.062	 -0.173	  0.117	  4.977	  0.183	  4.436	  5.234	 -0.004	  0.252	 -0.709	  0.177	 -0.005	  0.173	 -0.519	  0.238
 56.450	 -0.001	  0.062	 -0.230	  0.100	  4.978	  0.152	  4.343	  5.141	 -0.004	  0.190	 -0.797	  0.089	 -0.005	  0.144	 -0.607	  0.149
 56.500	 -0.001	  0.056	 -0.237	  0.072	  4.980	  0.096	  4.484	  5.048	 -0.002	  0.028	 -0.442	  0.000	 -0.003	  0.091	 -0.473	  0.061
 56.550	  0.001	  0.045	 -0.204	  0.094	  4.982	  0.110	  4.790	  5.256	 -0.000	  0.187	 -0.088	  0.796	 -0.002	  0.104	 -0.184	  0.258
 56.600	  0.000	  0.034	 -0.162	  0.116	  4.984	  0.150	  4.862	  5.657	 -0.001	  0.248	 -0.177	  0.707	  0.000	  0.142	 -0.116	  0.638
 56.650	 -0.002	  0.030	 -0.080	  0.138	  4.983	  0.173	  4.769	  5.564	 -0.002	  0.284	 -0.265	  0.618	 -0.001	  0.164	 -0.204	  0.549
 56.700	  0.001	  0.044	 -0.108	  0.199	  4.980	  0.191	  4.677	  5.471	 -0.002	  0.300	 -0.353	  0.529	 -0.005	  0.181	 -0.292	  0.460
 56.750	 -0.002	  0.049	 -0.096	  0.211	  4.974	  0.194	  4.749	  5.378	 -0.002	  0.303	 -0.441	  0.441	 -0.011	  0.184	 -0.224	  0.372
 56.800	  0.003	  0.057	 -0.104	  0.241	  4.996	  0.197	  4.657	  5.285	  0.013	  0.296	 -0.528	  0.352	  0.009	  0.187	 -0.312	  0.284
 56.850	  0.002	  0.062	 -0.132	  0.154	  4.990	  0.178	  4.633	  5.193	  0.003	  0.288	 -0.616	  0.264	  0.003	  0.169	 -0.335	  0.195
 56.900	  0.002	  0.061	 -0.120	  0.145	  4.991	  0.141	  4.541	  5.100	  0.010	  0.241	 -0.703	  0.176	  0.004	  0.134	 -0.423	  0.107
 56.950	  0.002	  0.058	 -0.139	  0.146	  4.988	  0.115	  4.545	  5.172	 -0.000	  0.185	 -0.790	  0.088	  0.001	  0.109	 -0.420	  0.175
 57.000	 -0.000	  0.048	 -0.147	  0.098	  4.982	  0.094	  4.685	  5.243	 -0.002	  0.031	 -0.439	  0.000	 -0.006	  0.089	 -0.288	  0.242
 57.050	  0.002	  0.037	 -0.088	  0.089	  4.988	  0.151	  4.824	  5.382	 -0.003	  0.190	 -0.088	  0.789	 -0.000	  0.144	 -0.156	  0.373
 57.100	 -0.001	  0.035	 -0.116	  0.099	  4.981	  0.173	  4.732	  5.290	 -0.011	  0.242	 -0.175	  0.701	 -0.007	  0.164	 -0.243	  0.285
 57.150	  0.001	  0.042	 -0.086	  0.128	  4.995	  0.183	  4.640	  5.265	  0.007	  0.280	 -0.262	  0.612	  0.005	  0.174	 -0.331	  0.261
 57.200	 -0.001	  0.052	 -0.115	  0.148	  4.981	  0.186	  4.549	  5.336	 -0.016	  0.296	 -0.350	  0.524	 -0.008	  0.177	 -0.418	  0.328
 57.250	 -0.002	  0.051	 -0.192	  0.099	  4.982	  0.172	  4.621	  5.244	 -0.014	  0.305	 -0.437	  0.437	 -0.008	  0.163	 -0.350	  0.241
 57.300	 -0.001	  0.050	 -0.133	  0.157	  4.983	  0.169	  4.692	  5.478	 -0.005	  0.304	 -0.524	  0.349	 -0.007	  0.160	 -0.283	  0.462
 57.350	  0.001	  0.059	 -0.172	  0.167	  4.991	  0.176	  4.601	  5.386	 -0.005	  0.289	 -0.610	  0.262	 -0.000	  0.167	 -0.370	  0.374
 57.400	  0.001	  0.058	 -0.143	  0.166	  4.991	  0.171	  4.672	  5.294	 -0.002	  0.249	 -0.697	  0.174	 -0.000	  0.162	 -0.303	  0.287
 57.450	 -0.002	  0.056	 -0.191	  0.156	  4.985	  0.152	  4.648	  5.202	 -0.003	  0.186	 -0.783	  0.087	 -0.007	  0.144	 -0.326	  0.199
 57.500	  0.001	  0.050	 -0.163	  0.174	  4.994	  0.111	  4.786	  5.111	 -0.001	  0.019	 -0.435	  0.000	  0.002	  0.105	 -0.195	  0.112
 57.550	 -0.004	  0.044	 -0.096	  0.106	  4.981	  0.135	  4.695	  5.478	 -0.006	  0.181	 -0.087	  0.782	 -0.011	  0.128	 -0.282	  0.460
 57.600	 -0.002	  0.040	 -0.087	  0.105	  4.985	  0.142	  4.766	  5.386	 -0.008	  0.237	 -0.174	  0.694	 -0.007	  0.134	 -0.215	  0.373
 57.650	 -0.001	  0.038	 -0.107	  0.180	  4.982	  0.155	  4.837	  5.389	 -0.017	  0.274	 -0.260	  0.607	 -0.010	  0.147	 -0.148	  0.375
 57.700	 -0.002	  0.039	 -0.079	  0.179	  4.986	  0.179	  4.746	  5.298	 -0.013	  0.295	 -0.347	  0.520	 -0.007	  0.170	 -0.235	  0.288
 57.750	 -0.000	  0.045	 -0.118	  0.111	  4.986	  0.197	  4.656	  5.274	  0.002	  0.316	 -0.433	  0.433	 -0.007	  0.187	 -0.321	  0.265
 57.800	 -0.001	  0.055	 -0.129	  0.119	  4.987	  0.192	  4.565	  5.344	  0.003	  0.302	 -0.519	  0.346	 -0.007	  0.182	 -0.407	  0.331
 57.850	 -0.001	  0.061	 -0.159	  0.107	  4.989	  0.187	  4.475	  5.253	  0.001	  0.286	 -0.605	  0.259	 -0.006	  0.178	 -0.493	  0.244
 57.900	  0.001	  0.060	 -0.180	  0.105	  5.002	  0.157	  4.385	  5.162	  0.009	  0.237	 -0.691	  0.173	  0.006	  0.149	 -0.579	  0.158
 57.950	  0.003	  0.056	 -0.247	  0.103	  4.999	  0.111	  4.294	  5.071	  0.006	  0.176	 -0.777	  0.086	  0.003	  0.106	 -0.665	  0.071
 58.000	  0.001	  0.047	 -0.164	  0.092	  4.994	  0.046	  4.753	  5.141	 -0.001	  0.019	 -0.431	  0.000	 -0.003	  0.043	 -0.230	  0.138
 58.050	 -0.001	  0.036	 -0.128	  0.089	  4.997	  0.137	  4.890	  5.666	  0.010	  0.193	 -0.086	  0.775	  0.000	  0.130	 -0.101	  0.634
 58.100	 -0.000	  0.035	 -0.111	  0.087	  4.993	  0.165	  4.800	  5.575	  0.005	  0.241	 -0.172	  0.688	 -0.004	  0.156	 -0.187	  0.548
 58.150	  0.000	  0.036	 -0.104	  0.112	  5.002	  0.190	  4.710	  5.484	  0.009	  0.285	 -0.258	  0.602	  0.005	  0.180	 -0.273	  0.461
 58.200	 -0.003	  0.043	 -0.106	  0.138	  4.990	  0.191	  4.780	  5.393	 -0.002	  0.296	 -0.344	  0.515	 -0.008	  0.181	 -0.207	  0.375
 58.250	 -0.003	  0.049	 -0.109	  0.182	  4.991	  0.187	  4.690	  5.303	 -0.002	  0.299	 -0.429	  0.429	 -0.007	  0.178	 -0.292	  0.289
 58.300	  0.001	  0.060	 -0.130	  0.244	  5.003	  0.169	  4.667	  5.213	  0.014	  0.294	 -0.515	  0.343	  0.004	  0.160	 -0.315	  0.203
 58.350	  0.001	  0.057	 -0.143	  0.194	  4.996	  0.152	  4.671	  5.282	 -0.004	  0.277	 -0.600	  0.257	 -0.003	  0.144	 -0.312	  0.268
 58.400	 -0.001	  0.053	 -0.164	  0.116	  4.997	  0.163	  4.581	  5.192	 -0.007	  0.253	 -0.685	  0.171	 -0.003	  0.154	 -0.397	  0.182
 58.450	 -0.002	  0.053	 -0.139	  0.112	  4.991	  0.145	  4.491	  5.262	 -0.007	  0.187	 -0.770	  0.086	 -0.009	  0.137	 -0.482	  0.248
 58.500	  0.002	  0.047	 -0.152	  0.099	  4.997	  0.109	  4.628	  5.172	 -0.001	  0.019	 -0.427	  0.000	 -0.003	  0.103	 -0.354	  0.162
 58.550	  0.001	  0.043	 -0.109	  0.086	  5.003	  0.146	  4.763	  5.307	  0.002	  0.179	 -0.085	  0.769	  0.002	  0.138	 -0.225	  0.290
 58.600	  0.002	  0.039	 -0.103	  0.092	  4.996	  0.162	  4.674	  5.283	 -0.004	  0.243	 -0.171	  0.683	 -0.005	  0.153	 -0.310	  0.267
 58.650	  0.001	  0.041	 -0.107	  0.115	  5.000	  0.160	  4.585	  5.352	 -0.002	  0.271	 -0.256	  0.597	 -0.002	  0.152	 -0.395	  0.332
 58.700	  0.001	  0.039	 -0.101	  0.084	  5.002	  0.161	  4.813	  5.580	  0.003	  0.295	 -0.341	  0.511	 -0.000	  0.153	 -0.179	  0.548
 58.750	  0.002	  0.045	 -0.105	  0.125	  5.007	  0.180	  4.724	  5.490	  0.019	  0.292	 -0.426	  0.426	  0.004	  0.171	 -0.264	  0.462
 58.800	  0.002	  0.052	 -0.118	  0.130	  5.010	  0.188	  4.635	  5.401	  0.014	  0.291	 -0.510	  0.340	  0.007	  0.178	 -0.349	  0.377
 58.850	  0.001	  0.054	 -0.104	  0.135	  5.009	  0.184	  4.705	  5.311	  0.005	  0.270	 -0.595	  0.255	  0.006	  0.174	 -0.283	  0.292
 58.900	 -0.000	  0.059	 -0.127	  0.194	  5.003	  0.169	  4.681	  5.222	 -0.005	  0.238	 -0.679	  0.170	 -0.001	  0.161	 -0.306	  0.207
 58.950	 -0.001	  0.058	 -0.141	  0.189	  5.005	  0.136	  4.593	  5.132	  0.007	  0.168	 -0.763	  0.085	  0.001	  0.129	 -0.390	  0.122
 59.000	  0.002	  0.052	 -0.209	  0.166	  5.003	  0.075	  4.727	  5.043	  0.000	  0.000	  0.000	  0.000	 -0.001	  0.071	 -0.263	  0.037
 59.050	  0.001	  0.037	 -0.086	  0.097	  5.001	  0.096	  4.954	  5.401	 -0.002	  0.177	 -0.085	  0.762	 -0.004	  0.091	 -0.048	  0.375
 59.100	  0.002	  0.028	 -0.073	  0.082	  5.004	  0.153	  4.866	  5.404	 -0.013	  0.229	 -0.169	  0.677	 -0.001	  0.145	 -0.132	  0.378
 59.150	 -0.001	  0.032	 -0.078	  0.122	  5.007	  0.174	  4.777	  5.315	  0.010	  0.282	 -0.254	  0.592	  0.001	  0.165	 -0.217	  0.293
 59.200	 -0.002	  0.042	 -0.110	  0.135	  4.997	  0.193	  4.688	  5.291	 -0.005	  0.297	 -0.338	  0.507	 -0.009	  0.183	 -0.301	  0.270
 59.250	  0.001	  0.051	 -0.188	  0.174	  5.004	  0.190	  4.600	  5.360	  0.003	  0.294	 -0.422	  0.422	 -0.003	  0.180	 -0.385	  0.335
 59.300	  0.002	  0.053	 -0.139	  0.114	  5.008	  0.180	  4.512	  5.271	  0.007	  0.290	 -0.506	  0.337	  0.001	  0.171	 -0.469	  0.250
 59.350	  0.002	  0.052	 -0.154	  0.117	  5.012	  0.152	  4.424	  5.182	 -0.001	  0.259	 -0.590	  0.253	  0.004	  0.144	 -0.553	  0.166
 59.400	  0.000	  0.058	 -0.150	  0.129	  5.006	  0.129	  4.650	  5.251	 -0.001	  0.241	 -0.673	  0.168	 -0.002	  0.122	 -0.339	  0.230
 59.450	  0.001	  0.051	 -0.174	  0.105	  5.005	  0.120	  4.719	  5.319	  0.006	  0.172	 -0.757	  0.084	 -0.003	  0.114	 -0.274	  0.295
 59.500	 -0.000	  0.042	 -0.108	  0.126	  5.007	  0.102	  4.696	  5.231	 -0.002	  0.030	 -0.420	  0.000	 -0.002	  0.096	 -0.297	  0.211
 59.550	  0.001	  0.037	 -0.069	  0.200	  5.001	  0.139	  4.829	  5.585	 -0.010	  0.168	 -0.084	  0.756	 -0.007	  0.131	 -0.170	  0.546
 59.600	 -0.001	  0.038	 -0.103	  0.122	  5.003	  0.161	  4.741	  5.496	  0.002	  0.234	 -0.168	  0.671	 -0.006	  0.153	 -0.254	  0.462
 59.650	 -0.002	  0.042	 -0.100	  0.088	  5.005	  0.172	  4.810	  5.408	 -0.006	  0.269	 -0.251	  0.587	 -0.004	  0.163	 -0.190	  0.378
 59.700	  0.001	  0.044	 -0.098	  0.135	  5.006	  0.171	  4.722	  5.320	 -0.008	  0.293	 -0.335	  0.503	 -0.004	  0.162	 -0.273	  0.294
 59.750	  0.003	  0.047	 -0.086	  0.137	  5.016	  0.158	  4.790	  5.232	  0.014	  0.297	 -0.418	  0.418	  0.005	  0.150	 -0.209	  0.210
 59.800	 -0.000	  0.047	 -0.102	  0.156	  5.004	  0.169	  4.703	  5.300	 -0.006	  0.288	 -0.502	  0.334	 -0.006	  0.160	 -0.292	  0.274
 59.850	 -0.004	  0.052	 -0.136	  0.158	  4.997	  0.177	  4.615	  5.212	 -0.021	  0.275	 -0.585	  0.251	 -0.014	  0.168	 -0.376	  0.190
 59.900	  0.005	  0.054	 -0.205	  0.150	  5.024	  0.154	  4.528	  5.279	  0.016	  0.224	 -0.668	  0.167	  0.012	  0.146	 -0.459	  0.254
 59.950	 -0.000	  0.053	 -0.212	  0.081	  5.012	  0.139	  4.441	  5.192	  0.006	  0.168	 -0.751	  0.083	 -0.000	  0.132	 -0.542	  0.170
 60.000	 -0.000	  0.048	 -0.139	  0.091	  5.013	  0.103	  4.573	  5.104	 -0.002	  0.029	 -0.417	  0.000	  0.000	  0.098	 -0.416	  0.087
 60.050	 -0.003	  0.044	 -0.146	  0.092	  5.012	  0.125	  4.706	  5.300	  0.005	  0.185	 -0.083	  0.749	 -0.001	  0.118	 -0.291	  0.273
 60.100	 -0.001	  0.037	 -0.163	  0.075	  5.012	  0.127	  4.774	  5.368	  0.001	  0.235	 -0.166	  0.666	 -0.001	  0.121	 -0.227	  0.336
 60.150	 -0.001	  0.032	 -0.100	  0.111	  5.013	  0.159	  4.842	  5.590	  0.003	  0.271	 -0.249	  0.582	 -0.000	  0.151	 -0.163	  0.547
 60.200	 -0.000	  0.035	 -0.108	  0.129	  5.012	  0.175	  4.755	  5.503	 -0.001	  0.290	 -0.332	  0.498	 -0.002	  0.166	 -0.246	  0.463
 60.250	 -0.004	  0.044	 -0.089	  0.183	  5.006	  0.185	  4.668	  5.415	 -0.025	  0.297	 -0.415	  0.415	 -0.008	  0.175	 -0.329	  0.380
 60.300	 -0.001	  0.053	 -0.124	  0.122	  5.005	  0.188	  4.736	  5.328	 -0.013	  0.282	 -0.498	  0.332	 -0.010	  0.178	 -0.265	  0.297
 60.350	  0.001	  0.059	 -0.114	  0.148	  5.011	  0.175	  4.713	  5.240	  0.000	  0.258	 -0.580	  0.249	 -0.003	  0.166	 -0.287	  0.213
 60.400	  0.001	  0.057	 -0.114	  0.139	  5.013	  0.148	  4.626	  5.153	 -0.002	  0.231	 -0.662	  0.166	 -0.003	  0.141	 -0.369	  0.130
 60.450	 -0.002	  0.051	 -0.174	  0.192	  5.009	  0.102	  4.540	  5.066	 -0.011	  0.181	 -0.744	  0.083	 -0.007	  0.097	 -0.452	  0.048
 60.500	 -0.001	  0.044	 -0.183	  0.165	  5.014	  0.071	  4.761	  5.288	 -0.001	  0.023	 -0.413	  0.000	 -0.002	  0.067	 -0.242	  0.257
 60.550	 -0.000	  0.036	 -0.113	  0.130	  5.017	  0.139	  4.893	  5.418	 -0.000	  0.175	 -0.083	  0.743	  0.000	  0.132	 -0.118	  0.381
 60.600	  0.001	  0.029	 -0.105	  0.086	  5.019	  0.159	  4.806	  5.331	  0.010	  0.235	 -0.165	  0.660	  0.002	  0.150	 -0.200	  0.298
 60.650	  0.000	  0.035	 -0.079	  0.164	  5.014	  0.178	  4.720	  5.308	 -0.009	  0.262	 -0.247	  0.577	 -0.003	  0.169	 -0.282	  0.276
 60.700	  0.000	  0.044	 -0.131	  0.128	  5.017	  0.180	  4.633	  5.375	 -0.011	  0.276	 -0.329	  0.494	 -0.001	  0.170	 -0.364	  0.339
 60.750	  0.002	  0.049	 -0.175	  0.084	  5.024	  0.172	  4.547	  5.288	  0.016	  0.288	 -0.412	  0.412	  0.005	  0.163	 -0.446	  0.256
 60.800	 -0.002	  0.053	 -0.210	  0.092	  5.013	  0.151	  4.615	  5.202	 -0.009	  0.281	 -0.493	  0.329	 -0.005	  0.143	 -0.383	  0.174
 60.850	  0.001	  0.050	 -0.141	  0.108	  5.018	  0.154	  4.682	  5.422	  0.002	  0.268	 -0.575	  0.247	 -0.001	  0.146	 -0.319	  0.382
 60.900	  0.000	  0.050	 -0.134	  0.107	  5.025	  0.155	  4.749	  5.335	  0.009	  0.228	 -0.657	  0.164	  0.006	  0.147	 -0.256	  0.299
 60.950	  0.002	  0.053	 -0.135	  0.105	  5.019	  0.143	  4.727	  5.249	 -0.003	  0.174	 -0.738	  0.082	 -0.001	  0.135	 -0.278	  0.217
 61.000	  0.000	  0.048	 -0.127	  0.112	  5.020	  0.105	  4.641	  5.163	 -0.000	  0.013	 -0.410	  0.000	  0.000	  0.100	 -0.360	  0.135
 61.050	  0.002	  0.039	 -0.086	  0.102	  5.029	  0.138	  4.771	  5.508	  0.002	  0.175	 -0.082	  0.737	  0.008	  0.130	 -0.237	  0.463
 61.100	 -0.002	  0.035	 -0.087	  0.126	  5.016	  0.141	  4.838	  5.422	 -0.005	  0.226	 -0.164	  0.655	 -0.005	  0.133	 -0.174	  0.380
 61.150	 -0.001	  0.038	 -0.097	  0.099	  5.018	  0.145	  4.752	  5.336	 -0.003	  0.260	 -0.245	  0.572	 -0.003	  0.138	 -0.255	  0.298
 61.200	  0.001	  0.038	 -0.082	  0.088	  5.022	  0.164	  4.819	  5.339	  0.001	  0.288	 -0.327	  0.490	 -0.000	  0.155	 -0.192	  0.301
 61.250	 -0.002	  0.042	 -0.118	  0.111	  5.014	  0.182	  4.733	  5.316	 -0.019	  0.286	 -0.408	  0.408	 -0.007	  0.173	 -0.274	  0.279
 61.300	 -0.003	  0.048	 -0.094	  0.101	  5.009	  0.190	  4.648	  5.230	 -0.021	  0.286	 -0.489	  0.326	 -0.013	  0.180	 -0.355	  0.197
 61.350	 -0.001	  0.052	 -0.156	  0.115	  5.017	  0.180	  4.563	  5.296	 -0.004	  0.268	 -0.570	  0.244	 -0.005	  0.170	 -0.436	  0.259
 61.400	 -0.001	  0.058	 -0.217	  0.096	  5.016	  0.166	  4.477	  5.211	 -0.003	  0.237	 -0.651	  0.163	 -0.006	  0.158	 -0.517	  0.178
 61.450	 -0.000	  0.055	 -0.253	  0.110	  5.017	  0.126	  4.392	  5.125	 -0.015	  0.183	 -0.732	  0.081	 -0.006	  0.119	 -0.598	  0.096
 61.500	 -0.004	  0.048	 -0.213	  0.073	  5.020	  0.055	  4.522	  5.040	 -0.002	  0.026	 -0.407	  0.000	 -0.004	  0.052	 -0.476	  0.015
 61.550	  0.002	  0.031	 -0.114	  0.079	  5.022	  0.104	  4.954	  5.686	 -0.000	  0.168	 -0.081	  0.731	 -0.002	  0.099	 -0.066	  0.627
 61.600	 -0.000	  0.027	 -0.075	  0.160	  5.025	  0.154	  4.869	  5.600	  0.002	  0.234	 -0.162	  0.649	  0.000	  0.146	 -0.147	  0.545
 61.650	  0.002	  0.036	 -0.086	  0.115	  5.026	  0.183	  4.784	  5.514	  0.001	  0.273	 -0.243	  0.568	  0.001	  0.174	 -0.228	  0.464
 61.700	  0.000	  0.040	 -0.073	  0.161	  5.017	  0.181	  4.699	  5.429	 -0.002	  0.276	 -0.324	  0.486	 -0.008	  0.171	 -0.309	  0.382
 61.750	 -0.001	  0.045	 -0.084	  0.150	  5.025	  0.187	  4.765	  5.343	 -0.004	  0.292	 -0.405	  0.405	 -0.000	  0.177	 -0.247	  0.301
 61.800	  0.001	  0.051	 -0.104	  0.213	  5.023	  0.172	  4.743	  5.258	  0.006	  0.273	 -0.485	  0.324	 -0.003	  0.163	 -0.268	  0.220
 61.850	 -0.002	  0.054	 -0.116	  0.125	  5.019	  0.151	  4.658	  5.173	 -0.004	  0.261	 -0.566	  0.243	 -0.007	  0.144	 -0.349	  0.139
 61.900	  0.001	  0.053	 -0.094	  0.122	  5.027	  0.130	  4.662	  5.239	  0.001	  0.225	 -0.646	  0.162	  0.001	  0.123	 -0.346	  0.201
 61.950	 -0.000	  0.050	 -0.131	  0.118	  5.028	  0.127	  4.578	  5.304	  0.002	  0.171	 -0.726	  0.081	  0.001	  0.120	 -0.426	  0.263
 62.000	  0.001	  0.039	 -0.127	  0.105	  5.028	  0.102	  4.706	  5.219	 -0.001	  0.022	 -0.403	  0.000	  0.001	  0.097	 -0.305	  0.182
 62.050	 -0.001	  0.035	 -0.122	  0.093	  5.025	  0.142	  4.834	  5.347	 -0.000	  0.167	 -0.081	  0.725	 -0.002	  0.135	 -0.184	  0.302
 62.100	  0.001	  0.038	 -0.093	  0.089	  5.016	  0.159	  4.750	  5.262	 -0.012	  0.220	 -0.161	  0.644	 -0.011	  0.151	 -0.264	  0.222
 62.150	 -0.001	  0.039	 -0.089	  0.092	  5.034	  0.165	  4.665	  5.390	  0.021	  0.278	 -0.241	  0.563	  0.005	  0.157	 -0.344	  0.342
 62.200	 -0.001	  0.037	 -0.151	  0.104	  5.030	  0.161	  4.581	  5.305	  0.006	  0.291	 -0.322	  0.482	  0.001	  0.153	 -0.425	  0.262
 62.250	 -0.001	  0.042	 -0.147	  0.100	  5.025	  0.164	  4.797	  5.520	 -0.011	  0.286	 -0.402	  0.402	 -0.004	  0.155	 -0.221	  0.465
 62.300	  0.001	  0.044	 -0.118	  0.136	  5.027	  0.166	  4.713	  5.435	  0.003	  0.273	 -0.482	  0.321	 -0.002	  0.158	 -0.301	  0.384
 62.350	  0.002	  0.051	 -0.123	  0.139	  5.032	  0.173	  4.778	  5.351	  0.009	  0.257	 -0.561	  0.241	  0.002	  0.164	 -0.239	  0.304
 62.400	  0.000	  0.052	 -0.111	  0.142	  5.032	  0.158	  4.756	  5.266	 -0.000	  0.232	 -0.641	  0.160	  0.001	  0.150	 -0.260	  0.224
 62.450	  0.001	  0.050	 -0.116	  0.170	  5.035	  0.132	  4.672	  5.182	  0.006	  0.164	 -0.721	  0.080	  0.004	  0.125	 -0.340	  0.143
 62.500	  0.001	  0.045	 -0.129	  0.115	  5.032	  0.086	  4.799	  5.098	 -0.001	  0.022	 -0.400	  0.000	  0.001	  0.081	 -0.220	  0.063
 62.550	  0.000	  0.041	 -0.110	  0.094	  5.031	  0.106	  4.865	  5.435	  0.003	  0.171	 -0.080	  0.719	 -0.001	  0.100	 -0.158	  0.383
 62.600	  0.001	  0.032	 -0.115	  0.104	  5.029	  0.128	  4.930	  5.438	 -0.001	  0.229	 -0.160	  0.639	 -0.003	  0.122	 -0.097	  0.385
 62.650	  0.001	  0.027	 -0.063	  0.091	  5.028	  0.162	  4.846	  5.354	 -0.007	  0.257	 -0.239	  0.559	 -0.004	  0.154	 -0.176	  0.305
 62.700	  0.000	  0.034	 -0.077	  0.085	  5.030	  0.180	  4.762	  5.332	 -0.008	  0.279	 -0.319	  0.478	 -0.003	  0.171	 -0.256	  0.284
 62.750	 -0.001	  0.045	 -0.139	  0.079	  5.029	  0.181	  4.679	  5.248	 -0.001	  0.284	 -0.398	  0.398	 -0.003	  0.172	 -0.335	  0.204
 62.800	 -0.001	  0.052	 -0.121	  0.105	  5.027	  0.182	  4.596	  5.312	 -0.005	  0.281	 -0.478	  0.318	 -0.005	  0.172	 -0.415	  0.265
 62.850	  0.001	  0.054	 -0.159	  0.099	  5.033	  0.167	  4.512	  5.229	 -0.005	  0.258	 -0.557	  0.239	 -0.000	  0.158	 -0.494	  0.185
 62.900	 -0.001	  0.054	 -0.229	  0.101	  5.031	  0.138	  4.429	  5.145	 -0.001	  0.231	 -0.636	  0.159	 -0.003	  0.131	 -0.573	  0.105
 62.950	 -0.003	  0.051	 -0.291	  0.079	  5.031	  0.101	  4.643	  5.210	 -0.006	  0.173	 -0.715	  0.079	 -0.003	  0.096	 -0.371	  0.166
 63.000	 -0.002	  0.042	 -0.144	  0.153	  5.033	  0.084	  4.769	  5.274	 -0.003	  0.033	 -0.397	  0.000	 -0.002	  0.079	 -0.252	  0.227
 63.050	 -0.001	  0.033	 -0.086	  0.106	  5.035	  0.133	  4.895	  5.609	 -0.002	  0.165	 -0.079	  0.714	 -0.000	  0.126	 -0.133	  0.544
 63.100	 -0.000	  0.029	 -0.061	  0.099	  5.031	  0.154	  4.812	  5.525	 -0.007	  0.219	 -0.158	  0.634	 -0.004	  0.146	 -0.212	  0.464
 63.150	 -0.000	  0.033	 -0.075	  0.148	  5.032	  0.166	  4.729	  5.442	 -0.006	  0.254	 -0.238	  0.554	 -0.004	  0.157	 -0.291	  0.385
 63.200	  0.001	  0.043	 -0.098	  0.125	  5.039	  0.171	  4.793	  5.358	  0.012	  0.270	 -0.316	  0.475	  0.003	  0.162	 -0.230	  0.305
 63.250	 -0.001	  0.046	 -0.081	  0.134	  5.032	  0.161	  4.711	  5.275	 -0.009	  0.283	 -0.395	  0.395	 -0.004	  0.152	 -0.309	  0.226
 63.300	  0.001	  0.046	 -0.088	  0.143	  5.034	  0.151	  4.775	  5.339	 -0.002	  0.278	 -0.474	  0.316	 -0.002	  0.143	 -0.248	  0.287
 63.350	 -0.001	  0.047	 -0.110	  0.143	  5.033	  0.159	  4.693	  5.256	 -0.003	  0.261	 -0.552	  0.237	 -0.004	  0.151	 -0.327	  0.207
 63.400	  0.002	  0.050	 -0.125	  0.096	  5.043	  0.148	  4.610	  5.320	  0.012	  0.216	 -0.631	  0.158	  0.005	  0.140	 -0.405	  0.268
 63.450	 -0.002	  0.050	 -0.132	  0.081	  5.030	  0.139	  4.528	  5.237	 -0.006	  0.174	 -0.709	  0.079	 -0.007	  0.132	 -0.484	  0.189
 63.500	  0.000	  0.043	 -0.132	  0.105	  5.036	  0.100	  4.653	  5.154	 -0.001	  0.022	 -0.394	  0.000	 -0.002	  0.095	 -0.365	  0.110
 63.550	  0.002	  0.035	 -0.100	  0.082	  5.036	  0.122	  4.778	  5.279	 -0.006	  0.168	 -0.079	  0.708	 -0.002	  0.116	 -0.247	  0.228
 63.600	  0.000	  0.034	 -0.091	  0.090	  5.040	  0.132	  4.696	  5.403	  0.006	  0.223	 -0.157	  0.629	  0.002	  0.125	 -0.325	  0.346
 63.650	  0.001	  0.034	 -0.083	  0.090	  5.037	  0.129	  4.906	  5.467	 -0.003	  0.244	 -0.236	  0.550	 -0.002	  0.122	 -0.126	  0.406
 63.700	 -0.001	  0.036	 -0.099	  0.089	  5.030	  0.158	  4.824	  5.531	 -0.011	  0.268	 -0.314	  0.471	 -0.009	  0.150	 -0.204	  0.466
 63.750	 -0.000	  0.037	 -0.091	  0.222	  5.034	  0.173	  4.742	  5.448	 -0.009	  0.276	 -0.392	  0.392	 -0.006	  0.164	 -0.283	  0.387
 63.800	 -0.001	  0.045	 -0.083	  0.159	  5.030	  0.174	  4.806	  5.365	 -0.012	  0.273	 -0.470	  0.313	 -0.009	  0.165	 -0.222	  0.308
 63.850	  0.001	  0.052	 -0.107	  0.158	  5.039	  0.168	  4.784	  5.283	 -0.002	  0.251	 -0.548	  0.235	 -0.001	  0.160	 -0.243	  0.230
 63.900	  0.000	  0.054	 -0.115	  0.142	  5.038	  0.151	  4.702	  5.200	  0.001	  0.219	 -0.626	  0.156	 -0.003	  0.143	 -0.321	  0.151
 63.950	  0.002	  0.052	 -0.131	  0.133	  5.042	  0.111	  4.620	  5.118	 -0.002	  0.169	 -0.704	  0.078	  0.001	  0.105	 -0.399	  0.073
 64.000	 -0.000	  0.040	 -0.147	  0.187	  5.040	  0.028	  4.830	  5.182	 -0.002	  0.025	 -0.391	  0.000	 -0.002	  0.027	 -0.201	  0.133
 64.050	  0.001	  0.030	 -0.078	  0.077	  5.034	  0.113	  4.954	  5.451	 -0.008	  0.160	 -0.078	  0.703	 -0.007	  0.107	 -0.083	  0.388
 64.100	 -0.000	  0.028	 -0.079	  0.084	  5.036	  0.146	  4.872	  5.369	 -0.012	  0.221	 -0.156	  0.624	 -0.006	  0.139	 -0.161	  0.309
 64.150	 -0.003	  0.033	 -0.134	  0.113	  5.034	  0.163	  4.790	  5.347	 -0.008	  0.245	 -0.234	  0.546	 -0.009	  0.154	 -0.239	  0.288
 64.200	  0.000	  0.037	 -0.112	  0.096	  5.043	  0.173	  4.709	  5.265	  0.005	  0.277	 -0.312	  0.467	 -0.000	  0.164	 -0.317	  0.210
 64.250	  0.001	  0.043	 -0.113	  0.087	  5.046	  0.171	  4.627	  5.328	 -0.002	  0.273	 -0.389	  0.389	  0.003	  0.162	 -0.394	  0.270
 64.300	  0.000	  0.048	 -0.122	  0.109	  5.039	  0.158	  4.546	  5.246	 -0.001	  0.270	 -0.467	  0.311	 -0.005	  0.150	 -0.472	  0.192
 64.350	  0.001	  0.050	 -0.124	  0.099	  5.045	  0.134	  4.754	  5.309	  0.004	  0.255	 -0.544	  0.233	  0.001	  0.127	 -0.275	  0.251
 64.400	  0.002	  0.048	 -0.125	  0.090	  5.050	  0.135	  4.673	  5.372	  0.007	  0.223	 -0.621	  0.155	  0.005	  0.128	 -0.352	  0.311
 64.450	 -0.002	  0.044	 -0.135	  0.111	  5.039	  0.125	  4.796	  5.290	 -0.004	  0.166	 -0.698	  0.078	 -0.005	  0.118	 -0.235	  0.233
 64.500	 -0.000	  0.038	 -0.190	  0.124	  5.037	  0.097	  4.920	  5.209	  0.000	  0.000	  0.000	  0.000	 -0.008	  0.092	 -0.119	  0.155
 64.550	  0.003	  0.036	 -0.069	  0.129	  5.044	  0.124	  4.838	  5.536	 -0.007	  0.152	 -0.077	  0.697	 -0.001	  0.118	 -0.196	  0.465
 64.600	 -0.001	  0.038	 -0.087	  0.119	  5.045	  0.145	  4.757	  5.454	 -0.001	  0.213	 -0.155	  0.619	 -0.001	  0.137	 -0.273	  0.387
 64.650	 -0.002	  0.034	 -0.112	  0.102	  5.041	  0.149	  4.820	  5.373	 -0.004	  0.248	 -0.232	  0.541	 -0.005	  0.141	 -0.214	  0.310
 64.700	 -0.001	  0.035	 -0.076	  0.122	  5.045	  0.143	  4.739	  5.291	 -0.002	  0.269	 -0.309	  0.464	 -0.002	  0.135	 -0.291	  0.232
 64.750	 -0.001	  0.038	 -0.094	  0.157	  5.042	  0.160	  4.803	  5.354	 -0.007	  0.270	 -0.386	  0.386	 -0.004	  0.152	 -0.231	  0.291
 64.800	  0.000	  0.045	 -0.149	  0.116	  5.040	  0.173	  4.722	  5.272	 -0.001	  0.277	 -0.463	  0.309	 -0.007	  0.164	 -0.308	  0.214
 64.850	  0.001	  0.046	 -0.144	  0.113	  5.055	  0.160	  4.641	  5.335	  0.014	  0.248	 -0.540	  0.231	  0.007	  0.152	 -0.385	  0.273
 64.900	 -0.000	  0.048	 -0.162	  0.088	  5.048	  0.149	  4.560	  5.254	 -0.000	  0.217	 -0.616	  0.154	  0.000	  0.141	 -0.462	  0.196
 64.950	  0.001	  0.050	 -0.150	  0.107	  5.046	  0.133	  4.480	  5.173	  0.001	  0.166	 -0.693	  0.077	 -0.001	  0.126	 -0.539	  0.118
 65.000	 -0.000	  0.045	 -0.137	  0.111	  5.049	  0.072	  4.805	  5.092	 -0.000	  0.012	 -0.385	  0.000	  0.001	  0.069	 -0.231	  0.041
 65.050	  0.001	  0.036	 -0.140	  0.078	  5.050	  0.095	  4.868	  5.417	  0.005	  0.173	 -0.077	  0.692	  0.001	  0.090	 -0.171	  0.349
 65.100	  0.001	  0.025	 -0.068	  0.089	  5.048	  0.132	  4.931	  5.622	 -0.002	  0.216	 -0.154	  0.614	 -0.001	  0.126	 -0.112	  0.543
 65.150	 -0.000	  0.027	 -0.072	  0.071	  5.042	  0.162	  4.850	  5.541	 -0.010	  0.250	 -0.230	  0.537	 -0.007	  0.154	 -0.189	  0.466
 65.200	 -0.001	  0.035	 -0.083	  0.097	  5.051	  0.182	  4.770	  5.460	  0.006	  0.272	 -0.307	  0.460	  0.001	  0.173	 -0.265	  0.389
 65.250	  0.003	  0.043	 -0.101	  0.093	  5.055	  0.180	  4.832	  5.379	  0.005	  0.273	 -0.383	  0.383	  0.005	  0.171	 -0.206	  0.312
 65.300	  0.001	  0.046	 -0.097	  0.127	  5.047	  0.167	  4.752	  5.299	  0.009	  0.259	 -0.459	  0.306	 -0.003	  0.158	 -0.283	  0.235
 65.350	  0.001	  0.049	 -0.094	  0.137	  5.054	  0.151	  4.731	  5.218	  0.011	  0.243	 -0.536	  0.230	  0.004	  0.143	 -0.303	  0.159
 65.400	  0.000	  0.048	 -0.127	  0.118	  5.053	  0.115	  4.734	  5.138	  0.007	  0.210	 -0.612	  0.153	  0.002	  0.109	 -0.300	  0.082
 65.450	  0.000	  0.046	 -0.191	  0.114	  5.050	  0.107	  4.654	  5.200	 -0.000	  0.160	 -0.688	  0.076	 -0.001	  0.101	 -0.376	  0.141
 65.500	  0.001	  0.037	 -0.165	  0.095	  5.050	  0.089	  4.776	  5.262	 -0.002	  0.024	 -0.382	  0.000	 -0.001	  0.084	 -0.262	  0.199
 65.550	  0.003	  0.030	 -0.095	  0.105	  5.058	  0.134	  4.897	  5.383	  0.004	  0.161	 -0.076	  0.686	  0.006	  0.127	 -0.147	  0.313
 65.600	 -0.001	  0.031	 -0.092	  0.071	  5.044	  0.146	  4.817	  5.302	 -0.002	  0.225	 -0.152	  0.610	 -0.008	  0.138	 -0.223	  0.237
 65.650	  0.001	  0.035	 -0.096	  0.111	  5.050	  0.161	  4.737	  5.281	 -0.013	  0.238	 -0.228	  0.533	 -0.002	  0.152	 -0.299	  0.216
 65.700	 -0.001	  0.041	 -0.204	  0.106	  5.051	  0.163	  4.657	  5.343	  0.007	  0.268	 -0.304	  0.457	 -0.002	  0.154	 -0.375	  0.275
 65.750	  0.000	  0.042	 -0.194	  0.071	  5.048	  0.149	  4.720	  5.263	 -0.008	  0.271	 -0.380	  0.380	 -0.005	  0.142	 -0.316	  0.198
 65.800	  0.001	  0.040	 -0.103	  0.088	  5.054	  0.153	  4.782	  5.466	  0.002	  0.257	 -0.456	  0.304	  0.000	  0.145	 -0.258	  0.391
 65.850	  0.002	  0.045	 -0.108	  0.098	  5.057	  0.158	  4.702	  5.386	  0.003	  0.244	 -0.532	  0.228	  0.003	  0.150	 -0.333	  0.315
 65.900	  0.000	  0.048	 -0.112	  0.078	  5.055	  0.151	  4.764	  5.306	  0.006	  0.211	 -0.607	  0.152	  0.001	  0.143	 -0.275	  0.239
 65.950	 -0.002	  0.047	 -0.117	  0.109	  5.051	  0.132	  4.743	  5.226	 -0.001	  0.164	 -0.682	  0.076	 -0.004	  0.126	 -0.295	  0.163
 66.000	 -0.003	  0.040	 -0.130	  0.089	  5.052	  0.095	  4.864	  5.146	 -0.001	  0.017	 -0.379	  0.000	 -0.003	  0.090	 -0.181	  0.087
 66.050	  0.001	  0.036	 -0.077	  0.106	  5.060	  0.114	  4.784	  5.466	  0.006	  0.162	 -0.076	  0.681	  0.005	  0.108	 -0.257	  0.389
 66.100	  0.001	  0.033	 -0.082	  0.093	  5.062	  0.124	  4.846	  5.386	  0.014	  0.225	 -0.151	  0.605	  0.006	  0.117	 -0.198	  0.314
 66.150	  0.002	  0.029	 -0.059	  0.087	  5.061	  0.146	  4.908	  5.389	  0.012	  0.251	 -0.227	  0.529	  0.005	  0.138	 -0.140	  0.316
 66.200	  0.000	  0.031	 -0.071	  0.074	  5.051	  0.164	  4.829	  5.309	 -0.006	  0.266	 -0.302	  0.453	 -0.005	  0.155	 -0.216	  0.240
 66.250	 -0.001	  0.037	 -0.099	  0.082	  5.052	  0.175	  4.750	  5.288	 -0.005	  0.270	 -0.377	  0.377	 -0.004	  0.166	 -0.291	  0.220
 66.300	  0.000	  0.045	 -0.134	  0.112	  5.059	  0.175	  4.671	  5.350	  0.001	  0.263	 -0.452	  0.302	  0.003	  0.166	 -0.366	  0.278
 66.350	 -0.001	  0.050	 -0.205	  0.070	  5.054	  0.161	  4.592	  5.270	 -0.002	  0.242	 -0.528	  0.226	 -0.003	  0.152	 -0.441	  0.202
 66.400	  0.001	  0.051	 -0.283	  0.093	  5.057	  0.137	  4.513	  5.191	 -0.000	  0.212	 -0.602	  0.151	 -0.000	  0.130	 -0.516	  0.127
 66.450	  0.003	  0.042	 -0.209	  0.086	  5.060	  0.092	  4.434	  5.112	  0.002	  0.156	 -0.677	  0.075	  0.002	  0.087	 -0.591	  0.051
 66.500	  0.001	  0.034	 -0.107	  0.080	  5.053	  0.052	  4.834	  5.313	 -0.000	  0.012	 -0.376	  0.000	 -0.005	  0.050	 -0.212	  0.242
 66.550	  0.001	  0.030	 -0.092	  0.080	  5.057	  0.117	  4.954	  5.630	 -0.001	  0.158	 -0.075	  0.676	 -0.001	  0.111	 -0.099	  0.542
 66.600	 -0.001	  0.027	 -0.091	  0.153	  5.050	  0.138	  4.875	  5.551	 -0.005	  0.206	 -0.150	  0.601	 -0.008	  0.131	 -0.174	  0.467
 66.650	  0.001	  0.032	 -0.091	  0.096	  5.060	  0.165	  4.796	  5.472	  0.004	  0.245	 -0.225	  0.525	  0.001	  0.157	 -0.249	  0.391
 66.700	  0.002	  0.037	 -0.083	  0.096	  5.071	  0.168	  4.858	  5.393	  0.013	  0.264	 -0.300	  0.450	  0.011	  0.159	 -0.191	  0.316
 66.750	 -0.000	  0.041	 -0.097	  0.110	  5.056	  0.156	  4.779	  5.314	 -0.001	  0.258	 -0.375	  0.375	 -0.003	  0.148	 -0.266	  0.241
 66.800	 -0.002	  0.046	 -0.111	  0.103	  5.049	  0.145	  4.758	  5.235	 -0.019	  0.261	 -0.449	  0.299	 -0.010	  0.138	 -0.286	  0.166
 66.850	  0.001	  0.045	 -0.096	  0.096	  5.064	  0.134	  4.762	  5.296	  0.018	  0.237	 -0.524	  0.224	  0.004	  0.127	 -0.283	  0.223
 66.900	  0.001	  0.042	 -0.103	  0.089	  5.064	  0.136	  4.683	  5.217	  0.006	  0.206	 -0.598	  0.149	  0.003	  0.129	 -0.358	  0.148
 66.950	 -0.000	  0.042	 -0.132	  0.088	  5.062	  0.127	  4.605	  5.278	  0.006	  0.151	 -0.672	  0.075	  0.001	  0.120	 -0.432	  0.205
 67.000	 -0.002	  0.044	 -0.224	  0.095	  5.053	  0.098	  4.921	  5.199	 -0.001	  0.017	 -0.373	  0.000	 -0.007	  0.093	 -0.133	  0.131
 67.050	 -0.000	  0.037	 -0.168	  0.087	  5.058	  0.119	  4.842	  5.317	 -0.005	  0.156	 -0.075	  0.671	 -0.003	  0.113	 -0.208	  0.242
 67.100	 -0.000	  0.032	 -0.083	  0.108	  5.059	  0.138	  4.764	  5.296	 -0.001	  0.206	 -0.149	  0.596	 -0.002	  0.131	 -0.282	  0.222
 67.150	  0.002	  0.032	 -0.098	  0.072	  5.058	  0.134	  4.686	  5.357	 -0.003	  0.239	 -0.223	  0.521	 -0.004	  0.127	 -0.356	  0.279
 67.200	 -0.001	  0.034	 -0.091	  0.106	  5.063	  0.144	  4.886	  5.556	  0.006	  0.261	 -0.298	  0.446	  0.001	  0.137	 -0.167	  0.468
 67.250	 -0.002	  0.036	 -0.120	  0.147	  5.051	  0.152	  4.808	  5.477	 -0.014	  0.261	 -0.372	  0.372	 -0.011	  0.144	 -0.242	  0.393
 67.300	 -0.002	  0.042	 -0.142	  0.139	  5.057	  0.163	  4.730	  5.399	 -0.004	  0.255	 -0.446	  0.297	 -0.006	  0.154	 -0.316	  0.318
 67.350	  0.001	  0.044	 -0.087	  0.131	  5.061	  0.161	  4.791	  5.321	 -0.004	  0.239	 -0.520	  0.223	 -0.002	  0.152	 -0.258	  0.244
 67.400	  0.002	  0.049	 -0.102	  0.137	  5.063	  0.146	  4.770	  5.243	  0.001	  0.210	 -0.593	  0.148	 -0.000	  0.138	 -0.278	  0.170
 67.450	  0.003	  0.048	 -0.124	  0.100	  5.068	  0.109	  4.693	  5.165	  0.004	  0.155	 -0.667	  0.074	  0.004	  0.104	 -0.352	  0.095
 67.500	 -0.001	  0.040	 -0.174	  0.106	  5.063	  0.054	  4.810	  5.087	 -0.000	  0.012	 -0.370	  0.000	 -0.001	  0.051	 -0.241	  0.021
 67.550	  0.001	  0.027	 -0.056	  0.062	  5.065	  0.097	  5.009	  5.480	  0.005	  0.162	 -0.074	  0.666	  0.001	  0.092	 -0.053	  0.394
 67.600	  0.001	  0.023	 -0.058	  0.109	  5.061	  0.138	  4.931	  5.402	 -0.003	  0.208	 -0.148	  0.592	 -0.003	  0.131	 -0.127	  0.320
 67.650	 -0.002	  0.028	 -0.080	  0.086	  5.058	  0.151	  4.854	  5.324	 -0.004	  0.240	 -0.222	  0.517	 -0.007	  0.143	 -0.201	  0.246
 67.700	  0.001	  0.036	 -0.075	  0.091	  5.068	  0.164	  4.776	  5.303	  0.005	  0.260	 -0.295	  0.443	  0.002	  0.156	 -0.274	  0.226
 67.750	 -0.000	  0.041	 -0.098	  0.082	  5.065	  0.163	  4.699	  5.363	 -0.004	  0.260	 -0.369	  0.369	 -0.001	  0.155	 -0.348	  0.282
 67.800	 -0.002	  0.045	 -0.114	  0.087	  5.059	  0.157	  4.622	  5.286	 -0.010	  0.257	 -0.442	  0.295	 -0.006	  0.149	 -0.421	  0.208
 67.850	  0.002	  0.045	 -0.150	  0.092	  5.066	  0.136	  4.545	  5.208	  0.007	  0.235	 -0.516	  0.221	 -0.000	  0.129	 -0.495	  0.134
 67.900	  0.002	  0.044	 -0.207	  0.076	  5.063	  0.116	  4.742	  5.405	  0.001	  0.205	 -0.589	  0.147	 -0.003	  0.110	 -0.308	  0.321
 67.950	  0.001	  0.044	 -0.202	  0.115	  5.066	  0.111	  4.859	  5.328	  0.003	  0.153	 -0.662	  0.074	 -0.001	  0.105	 -0.197	  0.247
 68.000	 -0.001	  0.035	 -0.136	  0.105	  5.070	  0.096	  4.782	  5.250	 -0.001	  0.020	 -0.368	  0.000	  0.003	  0.091	 -0.270	  0.173
 68.050	  0.000	  0.029	 -0.069	  0.096	  5.063	  0.127	  4.899	  5.560	 -0.004	  0.152	 -0.073	  0.661	 -0.004	  0.120	 -0.160	  0.467
 68.100	 -0.000	  0.030	 -0.065	  0.120	  5.065	  0.140	  4.822	  5.483	 -0.008	  0.200	 -0.147	  0.587	 -0.003	  0.133	 -0.233	  0.393
 68.150	  0.001	  0.035	 -0.102	  0.124	  5.066	  0.151	  4.882	  5.405	 -0.002	  0.240	 -0.220	  0.514	 -0.003	  0.143	 -0.177	  0.320
 68.200	 -0.001	  0.035	 -0.064	  0.128	  5.068	  0.144	  4.805	  5.328	 -0.006	  0.255	 -0.293	  0.440	 -0.001	  0.136	 -0.250	  0.246
 68.250	 -0.003	  0.034	 -0.067	  0.091	  5.062	  0.140	  4.865	  5.331	 -0.014	  0.255	 -0.366	  0.366	 -0.007	  0.133	 -0.194	  0.249
 68.300	 -0.002	  0.038	 -0.097	  0.087	  5.060	  0.151	  4.788	  5.310	 -0.019	  0.251	 -0.439	  0.293	 -0.009	  0.144	 -0.267	  0.229
 68.350	  0.001	  0.044	 -0.107	  0.098	  5.075	  0.152	  4.711	  5.233	  0.008	  0.235	 -0.512	  0.219	  0.005	  0.144	 -0.340	  0.156
 68.400	 -0.002	  0.048	 -0.117	  0.088	  5.061	  0.152	  4.635	  5.293	 -0.006	  0.214	 -0.585	  0.146	 -0.008	  0.144	 -0.412	  0.212
 68.450	 -0.003	  0.046	 -0.147	  0.084	  5.061	  0.131	  4.558	  5.216	 -0.007	  0.161	 -0.657	  0.073	 -0.008	  0.124	 -0.485	  0.138
 68.500	 -0.001	  0.040	 -0.143	  0.067	  5.065	  0.086	  4.867	  5.139	 -0.001	  0.016	 -0.365	  0.000	 -0.005	  0.081	 -0.193	  0.065
 68.550	  0.000	  0.034	 -0.147	  0.090	  5.065	  0.102	  4.790	  5.311	 -0.007	  0.146	 -0.073	  0.656	 -0.005	  0.097	 -0.266	  0.228
 68.600	  0.002	  0.031	 -0.143	  0.093	  5.070	  0.114	  4.986	  5.642	  0.002	  0.205	 -0.146	  0.583	 -0.001	  0.108	 -0.081	  0.541
 68.650	  0.000	  0.023	 -0.073	  0.056	  5.071	  0.144	  4.909	  5.565	  0.001	  0.237	 -0.218	  0.510	  0.000	  0.137	 -0.153	  0.468
 68.700	 -0.000	  0.029	 -0.070	  0.139	  5.075	  0.162	  4.833	  5.488	  0.003	  0.255	 -0.291	  0.437	  0.003	  0.154	 -0.226	  0.395
 68.750	 -0.003	  0.035	 -0.080	  0.149	  5.064	  0.161	  4.757	  5.412	 -0.015	  0.259	 -0.364	  0.364	 -0.008	  0.153	 -0.299	  0.322
 68.800	  0.002	  0.046	 -0.078	  0.144	  5.076	  0.167	  4.816	  5.335	  0.004	  0.253	 -0.436	  0.291	  0.004	  0.158	 -0.243	  0.249
 68.850	  0.003	  0.049	 -0.129	  0.147	  5.077	  0.151	  4.796	  5.258	 -0.003	  0.240	 -0.508	  0.218	  0.004	  0.144	 -0.262	  0.176
 68.900	 -0.001	  0.046	 -0.106	  0.115	  5.065	  0.129	  4.720	  5.182	 -0.004	  0.205	 -0.581	  0.145	 -0.007	  0.122	 -0.334	  0.104
 68.950	  0.001	  0.040	 -0.083	  0.091	  5.075	  0.083	  4.723	  5.241	  0.005	  0.150	 -0.653	  0.073	  0.002	  0.078	 -0.331	  0.159
 69.000	 -0.000	  0.035	 -0.094	  0.079	  5.070	  0.069	  4.839	  5.300	 -0.002	  0.028	 -0.362	  0.000	 -0.003	  0.066	 -0.223	  0.215
 69.050	  0.001	  0.030	 -0.072	  0.068	  5.075	  0.120	  4.954	  5.415	  0.005	  0.159	 -0.072	  0.652	  0.002	  0.114	 -0.114	  0.323
 69.100	  0.000	  0.026	 -0.070	  0.070	  5.072	  0.147	  4.878	  5.338	 -0.002	  0.201	 -0.145	  0.579	 -0.001	  0.139	 -0.186	  0.251
 69.150	 -0.000	  0.028	 -0.068	  0.118	  5.076	  0.159	  4.802	  5.318	  0.004	  0.234	 -0.217	  0.506	  0.002	  0.150	 -0.258	  0.231
 69.200	  0.001	  0.037	 -0.079	  0.100	  5.076	  0.157	  4.726	  5.377	  0.003	  0.249	 -0.289	  0.434	  0.002	  0.149	 -0.330	  0.286
 69.250	  0.001	  0.042	 -0.118	  0.095	  5.081	  0.145	  4.650	  5.301	  0.006	  0.249	 -0.361	  0.361	  0.006	  0.137	 -0.402	  0.214
 69.300	 -0.000	  0.041	 -0.103	  0.090	  5.073	  0.131	  4.844	  5.359	 -0.004	  0.244	 -0.433	  0.289	 -0.002	  0.124	 -0.219	  0.269
 69.350	  0.001	  0.040	 -0.108	  0.078	  5.080	  0.141	  4.768	  5.418	  0.010	  0.237	 -0.505	  0.216	  0.004	  0.134	 -0.291	  0.324
 69.400	 -0.001	  0.042	 -0.106	  0.139	  5.076	  0.139	  4.827	  5.342	 -0.007	  0.207	 -0.576	  0.144	  0.000	  0.131	 -0.235	  0.252
 69.450	 -0.000	  0.043	 -0.144	  0.146	  5.077	  0.127	  4.807	  5.266	 -0.001	  0.159	 -0.648	  0.072	  0.001	  0.121	 -0.255	  0.180
 69.500	 -0.001	  0.037	 -0.123	  0.134	  5.067	  0.093	  4.922	  5.190	 -0.001	  0.020	 -0.360	  0.000	 -0.008	  0.088	 -0.146	  0.108
 69.550	 -0.002	  0.032	 -0.063	  0.108	  5.071	  0.120	  4.846	  5.494	  0.003	  0.153	 -0.072	  0.647	 -0.005	  0.114	 -0.218	  0.395
 69.600	  0.000	  0.031	 -0.068	  0.083	  5.076	  0.130	  4.905	  5.418	  0.004	  0.206	 -0.144	  0.575	 -0.001	  0.123	 -0.163	  0.323
 69.650	  0.002	  0.028	 -0.074	  0.143	  5.080	  0.126	  4.830	  5.342	  0.008	  0.237	 -0.215	  0.503	  0.003	  0.119	 -0.235	  0.251
 69.700	  0.000	  0.033	 -0.099	  0.110	  5.071	  0.146	  4.888	  5.345	 -0.005	  0.249	 -0.287	  0.430	 -0.006	  0.138	 -0.179	  0.254
 69.750	 -0.002	  0.033	 -0.072	  0.098	  5.068	  0.160	  4.813	  5.325	 -0.013	  0.252	 -0.358	  0.358	 -0.009	  0.152	 -0.251	  0.234
 69.800	 -0.000	  0.038	 -0.117	  0.092	  5.075	  0.164	  4.738	  5.383	 -0.003	  0.252	 -0.430	  0.287	 -0.003	  0.156	 -0.322	  0.289
 69.850	 -0.000	  0.043	 -0.117	  0.085	  5.076	  0.153	  4.663	  5.307	 -0.003	  0.232	 -0.501	  0.215	 -0.002	  0.145	 -0.394	  0.217
 69.900	  0.000	  0.046	 -0.136	  0.086	  5.077	  0.139	  4.588	  5.232	 -0.005	  0.206	 -0.572	  0.143	 -0.002	  0.131	 -0.465	  0.146
 69.950	 -0.001	  0.047	 -0.129	  0.092	  5.073	  0.109	  4.513	  5.157	 -0.007	  0.157	 -0.643	  0.071	 -0.005	  0.103	 -0.536	  0.074
