Radius	Area	AreaStd	ImageJ	ImageJStd	Crofton2	Crofton2Std	Crofton4	Crofton4Std
  1.000	  3.168	  0.684	  5.469	  0.440	  6.026	  0.582	  5.883	  0.630
  1.050	  3.481	  0.612	  5.738	  0.588	  6.332	  0.617	  6.205	  0.558
  1.100	  3.797	  0.480	  6.034	  0.786	  6.648	  0.780	  6.526	  0.512
  1.150	  4.144	  0.421	  6.366	  1.005	  6.965	  1.001	  6.850	  0.579
  1.200	  4.526	  0.618	  6.750	  1.139	  7.328	  1.158	  7.199	  0.747
  1.250	  4.917	  0.813	  7.045	  1.138	  7.600	  1.178	  7.523	  0.850
  1.300	  5.323	  0.921	  7.416	  1.142	  7.972	  1.221	  7.863	  0.890
  1.350	  5.686	  0.981	  7.716	  1.119	  8.266	  1.186	  8.151	  0.889
  1.400	  6.150	  0.953	  8.104	  1.037	  8.613	  1.077	  8.503	  0.819
  1.450	  6.612	  0.892	  8.458	  0.886	  8.927	  0.904	  8.835	  0.716
  1.500	  7.095	  0.780	  8.800	  0.640	  9.246	  0.603	  9.169	  0.561
  1.550	  7.520	  0.660	  9.140	  0.498	  9.561	  0.525	  9.463	  0.408
  1.600	  8.000	  0.550	  9.430	  0.551	  9.849	  0.698	  9.773	  0.332
  1.650	  8.581	  0.780	  9.808	  0.624	 10.215	  0.897	 10.138	  0.461
  1.700	  9.121	  0.954	 10.124	  0.633	 10.568	  0.996	 10.468	  0.542
  1.750	  9.616	  0.967	 10.413	  0.610	 10.817	  1.027	 10.756	  0.529
  1.800	 10.160	  0.930	 10.745	  0.608	 11.173	  1.028	 11.085	  0.513
  1.850	 10.779	  1.010	 11.060	  0.601	 11.490	  1.004	 11.423	  0.557
  1.900	 11.270	  1.097	 11.332	  0.550	 11.712	  0.906	 11.695	  0.570
  1.950	 11.985	  1.133	 11.682	  0.487	 12.136	  0.745	 12.059	  0.531
  2.000	 12.541	  1.037	 11.979	  0.352	 12.444	  0.421	 12.359	  0.428
  2.050	 13.243	  0.821	 12.323	  0.464	 12.774	  0.585	 12.714	  0.407
  2.100	 13.854	  0.701	 12.594	  0.539	 13.019	  0.824	 12.989	  0.420
  2.150	 14.517	  0.743	 12.942	  0.555	 13.375	  1.023	 13.324	  0.433
  2.200	 15.211	  0.863	 13.285	  0.649	 13.689	  1.135	 13.653	  0.521
  2.250	 15.887	  0.901	 13.593	  0.669	 13.999	  1.155	 13.951	  0.571
  2.300	 16.594	  1.100	 13.909	  0.652	 14.297	  1.196	 14.273	  0.598
  2.350	 17.406	  1.252	 14.270	  0.604	 14.711	  1.098	 14.629	  0.573
  2.400	 18.118	  1.332	 14.579	  0.563	 15.007	  0.978	 14.929	  0.540
  2.450	 18.898	  1.317	 14.884	  0.490	 15.306	  0.802	 15.232	  0.471
  2.500	 19.614	  0.959	 15.209	  0.275	 15.606	  0.441	 15.550	  0.246
  2.550	 20.388	  0.674	 15.546	  0.397	 15.966	  0.582	 15.880	  0.399
  2.600	 21.242	  0.786	 15.853	  0.534	 16.220	  0.779	 16.162	  0.538
  2.650	 22.074	  0.919	 16.192	  0.592	 16.507	  0.892	 16.503	  0.607
  2.700	 22.910	  0.996	 16.521	  0.608	 16.839	  1.018	 16.812	  0.604
  2.750	 23.765	  1.197	 16.846	  0.592	 17.183	  1.049	 17.125	  0.573
  2.800	 24.677	  1.280	 17.195	  0.522	 17.541	  1.013	 17.479	  0.490
  2.850	 25.616	  1.345	 17.556	  0.507	 17.891	  0.966	 17.806	  0.453
  2.900	 26.434	  1.304	 17.839	  0.499	 18.124	  0.895	 18.081	  0.480
  2.950	 27.345	  1.197	 18.161	  0.480	 18.460	  0.711	 18.393	  0.481
  3.000	 28.232	  1.132	 18.487	  0.439	 18.774	  0.336	 18.719	  0.445
  3.050	 29.187	  0.982	 18.812	  0.489	 19.058	  0.561	 19.020	  0.518
  3.100	 30.192	  1.056	 19.146	  0.556	 19.418	  0.842	 19.350	  0.583
  3.150	 31.186	  1.039	 19.485	  0.604	 19.710	  1.042	 19.663	  0.630
  3.200	 32.196	  0.935	 19.814	  0.573	 20.034	  1.106	 19.988	  0.577
  3.250	 33.188	  1.128	 20.158	  0.605	 20.408	  1.144	 20.323	  0.616
  3.300	 34.134	  1.389	 20.416	  0.661	 20.581	  1.163	 20.563	  0.663
  3.350	 35.257	  1.434	 20.799	  0.653	 20.965	  1.087	 20.928	  0.646
  3.400	 36.244	  1.583	 21.096	  0.644	 21.258	  0.998	 21.221	  0.632
  3.450	 37.425	  1.471	 21.461	  0.546	 21.597	  0.757	 21.571	  0.523
  3.500	 38.549	  1.313	 21.807	  0.395	 21.930	  0.320	 21.894	  0.346
  3.550	 39.600	  1.017	 22.110	  0.364	 22.239	  0.578	 22.192	  0.368
  3.600	 40.691	  0.838	 22.429	  0.434	 22.539	  0.797	 22.506	  0.477
  3.650	 41.860	  0.779	 22.768	  0.535	 22.868	  0.936	 22.819	  0.589
  3.700	 43.090	  1.176	 23.134	  0.643	 23.226	  1.073	 23.189	  0.716
  3.750	 44.136	  1.429	 23.412	  0.667	 23.494	  1.060	 23.448	  0.693
  3.800	 45.423	  1.505	 23.766	  0.629	 23.832	  1.052	 23.792	  0.663
  3.850	 46.557	  1.583	 24.067	  0.594	 24.105	  0.999	 24.077	  0.600
  3.900	 47.799	  1.544	 24.425	  0.485	 24.473	  0.860	 24.423	  0.450
  3.950	 49.072	  1.513	 24.738	  0.445	 24.778	  0.679	 24.724	  0.401
  4.000	 50.393	  1.266	 25.098	  0.393	 25.071	  0.304	 25.066	  0.354
  4.050	 51.521	  1.013	 25.387	  0.460	 25.368	  0.595	 25.341	  0.479
  4.100	 52.835	  1.075	 25.712	  0.560	 25.692	  0.885	 25.640	  0.598
  4.150	 54.129	  1.218	 26.048	  0.596	 26.036	  1.026	 25.992	  0.658
  4.200	 55.428	  1.412	 26.373	  0.624	 26.338	  1.128	 26.296	  0.688
  4.250	 56.795	  1.400	 26.733	  0.617	 26.661	  1.159	 26.627	  0.662
  4.300	 58.198	  1.361	 27.075	  0.628	 27.044	  1.102	 26.976	  0.674
  4.350	 59.486	  1.596	 27.374	  0.633	 27.316	  1.073	 27.275	  0.686
  4.400	 60.795	  1.777	 27.675	  0.611	 27.571	  0.958	 27.560	  0.641
  4.450	 62.209	  1.695	 28.020	  0.544	 27.918	  0.716	 27.874	  0.515
  4.500	 63.699	  1.508	 28.367	  0.442	 28.219	  0.289	 28.199	  0.371
  4.550	 65.092	  1.252	 28.659	  0.422	 28.504	  0.564	 28.500	  0.397
  4.600	 66.445	  1.034	 28.987	  0.434	 28.816	  0.807	 28.808	  0.428
  4.650	 67.928	  1.047	 29.322	  0.520	 29.151	  0.957	 29.126	  0.558
  4.700	 69.485	  1.250	 29.683	  0.608	 29.523	  1.048	 29.493	  0.654
  4.750	 70.881	  1.367	 29.966	  0.641	 29.784	  1.095	 29.746	  0.704
  4.800	 72.351	  1.669	 30.296	  0.653	 30.100	  1.077	 30.067	  0.703
  4.850	 73.979	  1.793	 30.671	  0.581	 30.483	  0.957	 30.428	  0.600
  4.900	 75.450	  1.935	 30.973	  0.575	 30.795	  0.871	 30.725	  0.569
  4.950	 76.952	  1.636	 31.301	  0.466	 31.039	  0.696	 31.022	  0.399
  5.000	 78.587	  1.277	 31.603	  0.355	 31.355	  0.304	 31.328	  0.280
  5.050	 80.082	  1.133	 31.921	  0.438	 31.655	  0.594	 31.630	  0.424
  5.100	 81.754	  1.143	 32.289	  0.550	 32.016	  0.884	 31.983	  0.574
  5.150	 83.274	  1.170	 32.591	  0.573	 32.305	  1.008	 32.275	  0.613
  5.200	 84.900	  1.430	 32.915	  0.609	 32.616	  1.116	 32.587	  0.645
  5.250	 86.564	  1.660	 33.262	  0.599	 32.933	  1.145	 32.919	  0.631
  5.300	 88.292	  1.801	 33.585	  0.594	 33.227	  1.150	 33.220	  0.592
  5.350	 89.982	  1.752	 33.917	  0.553	 33.595	  1.056	 33.553	  0.571
  5.400	 91.638	  1.736	 34.240	  0.556	 33.881	  0.929	 33.859	  0.577
  5.450	 93.303	  1.665	 34.595	  0.525	 34.229	  0.687	 34.201	  0.546
  5.500	 94.987	  1.712	 34.868	  0.491	 34.498	  0.316	 34.480	  0.464
  5.550	 96.782	  1.471	 35.211	  0.493	 34.814	  0.597	 34.788	  0.494
  5.600	 98.507	  1.271	 35.545	  0.525	 35.123	  0.832	 35.098	  0.519
  5.650	100.223	  1.200	 35.855	  0.463	 35.415	  0.979	 35.414	  0.467
  5.700	102.110	  1.261	 36.237	  0.527	 35.814	  1.068	 35.779	  0.547
  5.750	103.886	  1.549	 36.537	  0.549	 36.102	  1.069	 36.065	  0.583
  5.800	105.653	  1.756	 36.869	  0.558	 36.372	  1.072	 36.383	  0.607
  5.850	107.588	  1.938	 37.196	  0.591	 36.733	  0.997	 36.705	  0.623
  5.900	109.403	  2.049	 37.525	  0.554	 37.038	  0.900	 37.013	  0.579
  5.950	111.176	  2.033	 37.843	  0.489	 37.333	  0.718	 37.319	  0.491
  6.000	113.036	  1.726	 38.165	  0.344	 37.646	  0.285	 37.639	  0.236
  6.050	114.957	  1.152	 38.508	  0.423	 37.963	  0.624	 37.955	  0.379
  6.100	116.940	  0.979	 38.862	  0.517	 38.296	  0.869	 38.285	  0.533
  6.150	118.864	  1.255	 39.161	  0.589	 38.574	  1.012	 38.569	  0.642
  6.200	120.654	  1.588	 39.444	  0.604	 38.905	  1.131	 38.875	  0.641
  6.250	122.655	  1.795	 39.821	  0.609	 39.248	  1.172	 39.206	  0.652
  6.300	124.732	  1.893	 40.142	  0.561	 39.554	  1.091	 39.524	  0.599
  6.350	126.696	  1.970	 40.482	  0.520	 39.862	  1.034	 39.844	  0.534
  6.400	128.638	  2.007	 40.768	  0.489	 40.139	  0.934	 40.126	  0.476
  6.450	130.730	  1.861	 41.137	  0.458	 40.517	  0.702	 40.477	  0.439
  6.500	132.793	  1.618	 41.441	  0.417	 40.789	  0.289	 40.769	  0.376
  6.550	134.801	  1.383	 41.773	  0.519	 41.106	  0.614	 41.091	  0.520
  6.600	136.875	  1.498	 42.126	  0.570	 41.439	  0.872	 41.405	  0.590
  6.650	138.943	  1.604	 42.430	  0.568	 41.730	  0.984	 41.712	  0.586
  6.700	141.035	  1.566	 42.756	  0.552	 42.036	  1.059	 42.036	  0.574
  6.750	143.089	  1.661	 43.076	  0.546	 42.342	  1.105	 42.325	  0.578
  6.800	145.324	  1.727	 43.454	  0.575	 42.746	  1.063	 42.708	  0.609
  6.850	147.452	  2.043	 43.756	  0.564	 43.004	  1.002	 42.994	  0.604
  6.900	149.521	  2.246	 44.057	  0.543	 43.305	  0.902	 43.281	  0.590
  6.950	151.793	  2.116	 44.421	  0.466	 43.641	  0.674	 43.620	  0.483
  7.000	153.992	  1.850	 44.737	  0.370	 43.954	  0.209	 43.925	  0.349
  7.050	156.110	  1.601	 45.088	  0.462	 44.292	  0.660	 44.271	  0.409
  7.100	158.394	  1.279	 45.393	  0.541	 44.584	  0.884	 44.555	  0.500
  7.150	160.649	  1.204	 45.710	  0.625	 44.887	  1.011	 44.865	  0.601
  7.200	162.842	  1.427	 46.041	  0.683	 45.198	  1.112	 45.174	  0.690
  7.250	165.166	  1.826	 46.367	  0.686	 45.511	  1.116	 45.498	  0.706
  7.300	167.301	  1.963	 46.681	  0.650	 45.782	  1.096	 45.770	  0.676
  7.350	169.720	  2.393	 47.022	  0.618	 46.142	  1.036	 46.115	  0.638
  7.400	171.959	  2.292	 47.375	  0.546	 46.455	  0.933	 46.440	  0.526
  7.450	174.297	  2.005	 47.708	  0.430	 46.759	  0.727	 46.748	  0.392
  7.500	176.673	  1.700	 48.038	  0.373	 47.096	  0.209	 47.075	  0.326
  7.550	179.087	  1.507	 48.346	  0.512	 47.408	  0.613	 47.394	  0.494
  7.600	181.498	  1.404	 48.697	  0.577	 47.716	  0.836	 47.727	  0.582
  7.650	183.783	  1.455	 48.979	  0.639	 48.004	  0.997	 47.976	  0.666
  7.700	186.234	  1.827	 49.332	  0.648	 48.338	  1.086	 48.330	  0.670
  7.750	188.682	  2.029	 49.669	  0.603	 48.662	  1.080	 48.638	  0.637
  7.800	191.129	  2.024	 49.986	  0.575	 48.962	  1.058	 48.950	  0.584
  7.850	193.583	  2.103	 50.313	  0.585	 49.285	  1.027	 49.258	  0.605
  7.900	196.064	  2.128	 50.662	  0.588	 49.609	  0.885	 49.594	  0.603
  7.950	198.500	  2.160	 50.953	  0.529	 49.910	  0.687	 49.877	  0.555
  8.000	201.128	  2.148	 51.325	  0.405	 50.236	  0.215	 50.230	  0.407
  8.050	203.582	  1.809	 51.666	  0.501	 50.572	  0.672	 50.549	  0.497
  8.100	206.124	  1.466	 51.975	  0.529	 50.867	  0.911	 50.851	  0.524
  8.150	208.547	  1.418	 52.269	  0.507	 51.104	  0.975	 51.119	  0.507
  8.200	211.199	  1.613	 52.631	  0.614	 51.491	  1.100	 51.483	  0.628
  8.250	213.739	  1.869	 52.902	  0.676	 51.720	  1.149	 51.728	  0.711
  8.300	216.483	  2.054	 53.297	  0.625	 52.171	  1.095	 52.122	  0.680
  8.350	219.161	  2.396	 53.628	  0.622	 52.499	  1.049	 52.438	  0.688
  8.400	221.604	  2.515	 53.925	  0.561	 52.743	  0.940	 52.718	  0.624
  8.450	224.370	  2.427	 54.272	  0.441	 53.071	  0.710	 53.053	  0.476
  8.500	227.037	  1.851	 54.595	  0.228	 53.379	  0.220	 53.361	  0.171
  8.550	229.709	  1.277	 54.914	  0.436	 53.654	  0.580	 53.661	  0.369
  8.600	232.476	  1.279	 55.275	  0.571	 54.010	  0.862	 54.006	  0.523
  8.650	235.006	  1.624	 55.567	  0.624	 54.290	  0.979	 54.284	  0.588
  8.700	237.899	  1.983	 55.917	  0.665	 54.618	  1.078	 54.631	  0.636
  8.750	240.502	  2.062	 56.251	  0.645	 54.962	  1.080	 54.947	  0.630
  8.800	243.238	  2.348	 56.566	  0.595	 55.245	  1.065	 55.233	  0.592
  8.850	245.937	  2.271	 56.890	  0.524	 55.564	  1.021	 55.557	  0.512
  8.900	248.843	  2.247	 57.244	  0.520	 55.895	  0.871	 55.891	  0.517
  8.950	251.737	  2.192	 57.564	  0.517	 56.205	  0.672	 56.201	  0.491
  9.000	254.371	  1.990	 57.869	  0.409	 56.505	  0.259	 56.492	  0.383
  9.050	257.304	  1.699	 58.209	  0.523	 56.855	  0.657	 56.811	  0.500
  9.100	260.209	  1.795	 58.562	  0.562	 57.131	  0.877	 57.158	  0.536
  9.150	263.078	  1.931	 58.885	  0.598	 57.496	  1.020	 57.455	  0.568
  9.200	265.856	  1.633	 59.202	  0.561	 57.774	  1.095	 57.760	  0.526
  9.250	268.817	  1.853	 59.536	  0.620	 58.105	  1.141	 58.074	  0.594
  9.300	271.711	  2.258	 59.888	  0.664	 58.415	  1.123	 58.414	  0.643
  9.350	274.585	  2.466	 60.211	  0.639	 58.720	  1.028	 58.723	  0.625
  9.400	277.480	  2.526	 60.521	  0.598	 59.027	  0.908	 59.013	  0.597
  9.450	280.563	  2.467	 60.866	  0.485	 59.371	  0.702	 59.347	  0.481
  9.500	283.597	  2.144	 61.188	  0.294	 59.660	  0.226	 59.653	  0.293
  9.550	286.628	  1.715	 61.493	  0.333	 59.934	  0.582	 59.942	  0.308
  9.600	289.537	  1.480	 61.832	  0.541	 60.276	  0.894	 60.269	  0.514
  9.650	292.552	  1.347	 62.174	  0.611	 60.589	  1.010	 60.587	  0.592
  9.700	295.558	  1.705	 62.501	  0.666	 60.915	  1.079	 60.905	  0.643
  9.750	298.617	  2.182	 62.845	  0.668	 61.283	  1.124	 61.231	  0.651
  9.800	301.759	  2.551	 63.190	  0.634	 61.572	  1.081	 61.557	  0.628
  9.850	304.752	  2.596	 63.493	  0.578	 61.855	  1.020	 61.845	  0.577
  9.900	307.820	  2.448	 63.821	  0.446	 62.153	  0.885	 62.156	  0.439
  9.950	310.943	  2.290	 64.136	  0.436	 62.477	  0.690	 62.457	  0.426
 10.000	314.241	  2.030	 64.471	  0.393	 62.797	  0.231	 62.777	  0.366
 10.050	317.266	  1.721	 64.809	  0.505	 63.124	  0.631	 63.095	  0.472
 10.100	320.531	  1.657	 65.192	  0.669	 63.485	  0.918	 63.464	  0.636
 10.150	323.686	  1.822	 65.509	  0.699	 63.784	  1.060	 63.763	  0.667
 10.200	326.868	  2.077	 65.845	  0.653	 64.148	  1.079	 64.081	  0.626
 10.250	329.967	  2.317	 66.132	  0.615	 64.365	  1.141	 64.352	  0.588
 10.300	333.181	  2.201	 66.444	  0.632	 64.651	  1.101	 64.652	  0.601
 10.350	336.507	  2.314	 66.826	  0.635	 64.996	  1.020	 65.016	  0.607
 10.400	339.892	  2.589	 67.154	  0.620	 65.333	  0.908	 65.328	  0.593
 10.450	343.106	  2.672	 67.454	  0.540	 65.640	  0.694	 65.611	  0.520
 10.500	346.449	  2.275	 67.803	  0.394	 65.964	  0.121	 65.945	  0.373
 10.550	349.667	  1.891	 68.142	  0.472	 66.269	  0.642	 66.266	  0.449
 10.600	352.979	  1.591	 68.449	  0.490	 66.564	  0.856	 66.558	  0.466
 10.650	356.257	  1.607	 68.780	  0.616	 66.877	  1.007	 66.872	  0.583
 10.700	359.723	  1.877	 69.142	  0.680	 67.227	  1.070	 67.214	  0.643
 10.750	363.093	  2.135	 69.461	  0.730	 67.562	  1.076	 67.518	  0.692
 10.800	366.498	  2.425	 69.795	  0.718	 67.851	  1.058	 67.832	  0.683
 10.850	369.793	  2.717	 70.104	  0.659	 68.157	  1.011	 68.128	  0.626
 10.900	373.335	  2.903	 70.468	  0.569	 68.468	  0.895	 68.474	  0.539
 10.950	376.735	  2.668	 70.765	  0.403	 68.758	  0.688	 68.755	  0.383
 11.000	380.165	  1.968	 71.101	  0.245	 69.091	  0.191	 69.074	  0.231
 11.050	383.592	  1.608	 71.421	  0.484	 69.388	  0.636	 69.377	  0.459
 11.100	387.109	  1.563	 71.757	  0.614	 69.695	  0.862	 69.696	  0.582
 11.150	390.507	  1.896	 72.117	  0.689	 70.073	  1.075	 70.037	  0.653
 11.200	394.062	  2.233	 72.421	  0.723	 70.337	  1.101	 70.326	  0.685
 11.250	397.610	  2.350	 72.775	  0.700	 70.689	  1.131	 70.661	  0.664
 11.300	401.082	  2.702	 73.069	  0.654	 70.931	  1.109	 70.940	  0.620
 11.350	404.721	  2.525	 73.445	  0.600	 71.325	  0.998	 71.297	  0.569
 11.400	408.378	  2.487	 73.770	  0.606	 71.627	  0.892	 71.605	  0.574
 11.450	411.896	  2.479	 74.084	  0.545	 71.903	  0.710	 71.902	  0.517
 11.500	415.464	  2.390	 74.424	  0.420	 72.225	  0.231	 72.224	  0.398
 11.550	419.156	  2.060	 74.749	  0.500	 72.524	  0.607	 72.533	  0.474
 11.600	422.705	  1.959	 75.075	  0.549	 72.843	  0.846	 72.842	  0.521
 11.650	426.324	  1.908	 75.425	  0.570	 73.209	  1.007	 73.174	  0.540
 11.700	430.018	  1.728	 75.748	  0.600	 73.502	  1.061	 73.480	  0.569
 11.750	433.729	  2.195	 76.082	  0.685	 73.829	  1.128	 73.796	  0.649
 11.800	437.404	  2.589	 76.418	  0.697	 74.101	  1.059	 74.115	  0.661
 11.850	441.291	  2.735	 76.786	  0.659	 74.468	  0.986	 74.464	  0.625
 11.900	444.896	  2.830	 77.095	  0.617	 74.787	  0.875	 74.757	  0.585
 11.950	448.668	  2.875	 77.396	  0.518	 75.059	  0.687	 75.042	  0.492
 12.000	452.315	  2.626	 77.734	  0.244	 75.381	  0.164	 75.363	  0.231
 12.050	456.287	  1.755	 78.057	  0.359	 75.646	  0.599	 75.669	  0.340
 12.100	459.956	  1.303	 78.420	  0.587	 76.044	  0.922	 76.013	  0.556
 12.150	463.727	  1.696	 78.705	  0.635	 76.323	  1.001	 76.283	  0.602
 12.200	467.698	  2.155	 79.082	  0.706	 76.636	  1.112	 76.641	  0.669
 12.250	471.454	  2.646	 79.388	  0.699	 76.942	  1.121	 76.931	  0.663
 12.300	475.414	  2.828	 79.746	  0.676	 77.261	  1.124	 77.270	  0.641
 12.350	479.143	  2.821	 80.035	  0.579	 77.520	  1.049	 77.544	  0.549
 12.400	483.157	  2.774	 80.389	  0.509	 77.888	  0.890	 77.880	  0.483
 12.450	487.130	  2.658	 80.745	  0.479	 78.251	  0.652	 78.217	  0.454
 12.500	490.925	  2.279	 81.054	  0.419	 78.508	  0.220	 78.510	  0.397
 12.550	494.842	  1.815	 81.370	  0.530	 78.823	  0.640	 78.810	  0.502
 12.600	498.834	  2.074	 81.773	  0.618	 79.226	  0.883	 79.192	  0.586
 12.650	502.764	  2.127	 82.039	  0.629	 79.432	  0.976	 79.444	  0.596
 12.700	506.762	  2.429	 82.373	  0.593	 79.784	  1.062	 79.761	  0.562
 12.750	510.722	  2.191	 82.721	  0.575	 80.120	  1.093	 80.091	  0.545
 12.800	514.684	  2.325	 83.043	  0.623	 80.401	  1.090	 80.396	  0.591
 12.850	518.835	  2.612	 83.403	  0.650	 80.773	  1.021	 80.737	  0.616
 12.900	522.826	  2.970	 83.687	  0.640	 81.030	  0.896	 81.007	  0.607
 12.950	526.849	  2.926	 84.063	  0.513	 81.369	  0.666	 81.362	  0.487
 13.000	530.807	  2.422	 84.368	  0.376	 81.663	  0.171	 81.652	  0.357
 13.050	535.005	  2.048	 84.680	  0.416	 81.956	  0.625	 81.948	  0.395
 13.100	539.117	  1.860	 85.032	  0.500	 82.288	  0.901	 82.282	  0.474
 13.150	543.277	  1.857	 85.371	  0.616	 82.619	  1.041	 82.603	  0.584
 13.200	547.386	  1.971	 85.674	  0.692	 82.903	  1.114	 82.891	  0.656
 13.250	551.576	  2.372	 86.034	  0.714	 83.269	  1.149	 83.231	  0.677
 13.300	555.803	  2.825	 86.380	  0.686	 83.559	  1.092	 83.559	  0.651
 13.350	559.996	  3.074	 86.718	  0.624	 83.906	  1.010	 83.880	  0.592
 13.400	564.243	  3.171	 87.048	  0.511	 84.217	  0.874	 84.193	  0.485
 13.450	568.330	  2.762	 87.361	  0.372	 84.506	  0.684	 84.489	  0.353
 13.500	572.610	  2.120	 87.678	  0.304	 84.804	  0.185	 84.791	  0.288
 13.550	576.820	  1.990	 88.011	  0.494	 85.118	  0.630	 85.105	  0.468
 13.600	581.016	  1.859	 88.325	  0.579	 85.401	  0.844	 85.403	  0.549
 13.650	585.306	  1.969	 88.671	  0.676	 85.761	  1.014	 85.731	  0.641
 13.700	589.667	  2.400	 89.026	  0.682	 86.081	  1.074	 86.068	  0.646
 13.750	593.824	  2.601	 89.323	  0.639	 86.339	  1.095	 86.349	  0.606
 13.800	598.218	  2.792	 89.654	  0.588	 86.666	  1.108	 86.664	  0.558
 13.850	602.769	  2.828	 90.032	  0.607	 87.049	  1.005	 87.022	  0.575
 13.900	606.979	  2.870	 90.336	  0.599	 87.303	  0.905	 87.310	  0.568
 13.950	611.431	  2.795	 90.675	  0.542	 87.641	  0.684	 87.631	  0.514
 14.000	615.623	  2.697	 90.993	  0.418	 87.950	  0.148	 87.933	  0.396
 14.050	620.093	  2.474	 91.307	  0.491	 88.233	  0.648	 88.231	  0.466
 14.100	624.705	  2.015	 91.691	  0.564	 88.623	  0.902	 88.594	  0.535
 14.150	629.102	  1.878	 92.009	  0.553	 88.923	  1.014	 88.896	  0.524
 14.200	633.403	  2.043	 92.296	  0.645	 89.143	  1.061	 89.168	  0.611
 14.250	637.980	  2.450	 92.648	  0.701	 89.513	  1.107	 89.502	  0.664
 14.300	642.386	  2.772	 92.970	  0.726	 89.810	  1.094	 89.807	  0.688
 14.350	646.932	  3.018	 93.330	  0.674	 90.112	  1.055	 90.148	  0.639
 14.400	651.521	  3.237	 93.664	  0.593	 90.467	  0.913	 90.465	  0.563
 14.450	656.137	  3.159	 94.004	  0.457	 90.797	  0.667	 90.787	  0.433
 14.500	660.660	  2.756	 94.312	  0.099	 91.090	  0.156	 91.080	  0.094
 14.550	664.998	  1.851	 94.662	  0.461	 91.420	  0.659	 91.411	  0.437
 14.600	669.711	  1.463	 94.985	  0.603	 91.695	  0.867	 91.717	  0.572
 14.650	674.271	  2.128	 95.314	  0.701	 92.049	  0.984	 92.029	  0.665
 14.700	679.027	  2.445	 95.648	  0.707	 92.317	  1.060	 92.346	  0.671
 14.750	683.508	  2.764	 95.978	  0.702	 92.675	  1.101	 92.659	  0.665
 14.800	688.030	  2.946	 96.293	  0.660	 92.966	  1.091	 92.958	  0.625
 14.850	692.699	  3.055	 96.613	  0.585	 93.257	  1.034	 93.261	  0.555
 14.900	697.443	  2.968	 96.950	  0.568	 93.579	  0.898	 93.581	  0.538
 14.950	702.127	  2.927	 97.297	  0.526	 93.907	  0.692	 93.909	  0.499
 15.000	706.891	  2.591	 97.616	  0.446	 94.213	  0.231	 94.212	  0.423
 15.050	711.634	  2.126	 97.984	  0.565	 94.573	  0.678	 94.561	  0.535
 15.100	716.423	  2.275	 98.307	  0.585	 94.853	  0.862	 94.867	  0.554
 15.150	721.065	  2.396	 98.606	  0.601	 95.160	  1.001	 95.150	  0.570
 15.200	725.784	  2.303	 98.962	  0.599	 95.498	  1.109	 95.488	  0.568
 15.250	730.585	  2.286	 99.255	  0.652	 95.759	  1.119	 95.766	  0.618
 15.300	735.388	  2.670	 99.615	  0.688	 96.087	  1.082	 96.107	  0.652
 15.350	740.156	  3.036	 99.955	  0.693	 96.419	  1.035	 96.429	  0.657
 15.400	745.102	  3.137	100.294	  0.628	 96.766	  0.894	 96.751	  0.595
 15.450	749.924	  3.052	100.613	  0.529	 97.061	  0.666	 97.053	  0.502
 15.500	754.739	  2.756	100.942	  0.319	 97.378	  0.131	 97.365	  0.303
 15.550	759.768	  2.176	101.266	  0.346	 97.663	  0.620	 97.673	  0.328
 15.600	764.683	  1.966	101.613	  0.514	 98.002	  0.864	 98.002	  0.487
 15.650	769.377	  1.740	101.911	  0.594	 98.297	  0.969	 98.284	  0.563
 15.700	774.320	  1.976	102.259	  0.675	 98.588	  1.092	 98.613	  0.640
 15.750	779.322	  2.774	102.612	  0.679	 98.915	  1.107	 98.948	  0.644
 15.800	784.255	  3.208	102.923	  0.688	 99.263	  1.089	 99.244	  0.652
 15.850	789.259	  3.381	103.267	  0.622	 99.585	  1.020	 99.569	  0.590
 15.900	794.005	  3.317	103.564	  0.501	 99.835	  0.898	 99.851	  0.475
 15.950	799.091	  2.857	103.917	  0.435	100.185	  0.688	100.186	  0.412
 16.000	804.452	  2.437	104.249	  0.354	100.518	  0.140	100.500	  0.335
 16.050	809.281	  2.290	104.562	  0.510	100.820	  0.629	100.797	  0.484
 16.100	814.377	  2.057	104.918	  0.623	101.120	  0.861	101.135	  0.591
 16.150	819.356	  2.215	105.225	  0.663	101.437	  1.011	101.426	  0.629
 16.200	824.504	  2.550	105.585	  0.644	101.750	  1.091	101.767	  0.611
 16.250	829.711	  2.895	105.934	  0.595	102.154	  1.116	102.098	  0.564
 16.300	834.465	  3.066	106.222	  0.626	102.319	  1.152	102.371	  0.594
 16.350	839.919	  2.890	106.598	  0.633	102.782	  0.981	102.727	  0.600
 16.400	845.073	  3.070	106.928	  0.614	103.079	  0.865	103.040	  0.582
 16.450	850.246	  3.243	107.252	  0.522	103.387	  0.642	103.347	  0.495
 16.500	855.338	  2.963	107.578	  0.384	103.657	  0.156	103.657	  0.364
 16.550	860.574	  2.525	107.906	  0.490	104.007	  0.684	103.968	  0.465
 16.600	865.736	  2.137	108.235	  0.504	104.301	  0.875	104.279	  0.478
 16.650	870.934	  1.794	108.514	  0.554	104.527	  0.961	104.544	  0.526
 16.700	876.082	  2.353	108.917	  0.659	104.899	  1.072	104.926	  0.625
 16.750	881.377	  2.733	109.231	  0.694	105.254	  1.126	105.224	  0.658
 16.800	886.660	  2.910	109.514	  0.707	105.510	  1.099	105.492	  0.670
 16.850	892.033	  3.400	109.884	  0.686	105.856	  1.038	105.843	  0.650
 16.900	897.305	  3.640	110.233	  0.582	106.194	  0.893	106.173	  0.552
 16.950	902.480	  3.387	110.542	  0.406	106.492	  0.661	106.466	  0.385
 17.000	907.831	  2.571	110.881	  0.213	106.808	  0.099	106.787	  0.202
 17.050	913.248	  1.912	111.238	  0.515	107.158	  0.698	107.126	  0.489
 17.100	918.635	  1.759	111.544	  0.624	107.409	  0.883	107.416	  0.591
 17.150	924.110	  2.402	111.928	  0.716	107.799	  1.038	107.780	  0.679
 17.200	929.554	  2.862	112.232	  0.733	108.091	  1.116	108.068	  0.695
 17.250	934.837	  2.865	112.535	  0.688	108.347	  1.126	108.356	  0.653
 17.300	940.158	  3.121	112.861	  0.622	108.657	  1.110	108.665	  0.590
 17.350	945.604	  3.244	113.217	  0.565	109.009	  1.001	109.003	  0.535
 17.400	951.264	  3.210	113.563	  0.573	109.321	  0.893	109.330	  0.543
 17.450	956.741	  3.117	113.866	  0.552	109.629	  0.694	109.617	  0.523
 17.500	962.046	  2.624	114.201	  0.417	109.946	  0.121	109.936	  0.395
 17.550	967.628	  2.399	114.539	  0.535	110.251	  0.638	110.256	  0.507
 17.600	973.165	  2.387	114.861	  0.592	110.554	  0.852	110.561	  0.562
 17.650	978.677	  2.526	115.197	  0.574	110.879	  0.989	110.880	  0.544
 17.700	984.066	  2.234	115.495	  0.626	111.132	  1.073	111.162	  0.593
 17.750	989.856	  2.578	115.874	  0.700	111.534	  1.106	111.521	  0.664
 17.800	995.441	  2.940	116.167	  0.700	111.841	  1.040	111.800	  0.664
 17.850	1001.044	  3.464	116.532	  0.698	112.150	  1.008	112.145	  0.661
 17.900	1006.605	  3.433	116.838	  0.629	112.469	  0.867	112.435	  0.596
 17.950	1012.239	  3.428	117.182	  0.498	112.764	  0.672	112.761	  0.472
 18.000	1017.982	  3.139	117.509	  0.268	113.077	  0.178	113.072	  0.255
 18.050	1023.563	  2.312	117.858	  0.394	113.424	  0.675	113.402	  0.374
 18.100	1029.129	  1.940	118.190	  0.566	113.746	  0.903	113.718	  0.536
 18.150	1034.887	  1.978	118.489	  0.657	113.986	  1.025	114.000	  0.623
 18.200	1040.624	  2.311	118.864	  0.716	114.400	  1.086	114.356	  0.679
 18.250	1046.349	  3.180	119.135	  0.745	114.582	  1.116	114.613	  0.706
 18.300	1052.006	  3.573	119.489	  0.696	114.938	  1.094	114.949	  0.660
 18.350	1057.920	  3.448	119.825	  0.639	115.290	  1.037	115.268	  0.605
 18.400	1063.493	  3.307	120.142	  0.509	115.565	  0.907	115.568	  0.482
 18.450	1069.308	  3.380	120.499	  0.484	115.895	  0.708	115.906	  0.459
 18.500	1075.205	  2.743	120.827	  0.385	116.230	  0.121	116.217	  0.365
 18.550	1080.970	  2.406	121.173	  0.531	116.564	  0.656	116.545	  0.504
 18.600	1086.912	  2.164	121.504	  0.595	116.883	  0.869	116.859	  0.564
 18.650	1092.588	  2.630	121.781	  0.639	117.115	  1.002	117.122	  0.606
 18.700	1098.536	  2.820	122.138	  0.630	117.453	  1.088	117.460	  0.597
 18.750	1104.501	  2.953	122.498	  0.585	117.824	  1.090	117.801	  0.555
 18.800	1110.279	  2.924	122.810	  0.666	118.102	  1.097	118.097	  0.631
 18.850	1116.185	  3.202	123.096	  0.679	118.389	  1.043	118.369	  0.644
 18.900	1122.168	  3.563	123.480	  0.631	118.719	  0.911	118.733	  0.598
 18.950	1128.352	  3.512	123.845	  0.525	119.070	  0.661	119.079	  0.498
 19.000	1134.321	  3.014	124.159	  0.368	119.373	  0.111	119.376	  0.349
 19.050	1140.205	  2.367	124.481	  0.429	119.681	  0.657	119.681	  0.407
 19.100	1146.089	  2.193	124.802	  0.464	119.985	  0.885	119.985	  0.440
 19.150	1152.132	  2.002	125.157	  0.594	120.353	  1.013	120.322	  0.563
 19.200	1158.078	  2.595	125.444	  0.682	120.606	  1.084	120.594	  0.647
 19.250	1164.124	  2.943	125.792	  0.705	120.915	  1.105	120.924	  0.668
 19.300	1170.240	  3.252	126.147	  0.703	121.276	  1.087	121.261	  0.667
 19.350	1176.325	  3.647	126.483	  0.647	121.635	  0.999	121.580	  0.614
 19.400	1182.422	  3.949	126.773	  0.546	121.850	  0.912	121.855	  0.517
 19.450	1188.474	  3.331	127.126	  0.368	122.195	  0.694	122.189	  0.349
 19.500	1194.506	  2.635	127.468	  0.322	122.502	  0.178	122.513	  0.305
 19.550	1200.768	  2.107	127.786	  0.508	122.838	  0.672	122.815	  0.482
 19.600	1206.827	  2.272	128.123	  0.622	123.161	  0.888	123.134	  0.590
 19.650	1213.023	  2.501	128.422	  0.665	123.406	  0.992	123.418	  0.630
 19.700	1219.243	  2.776	128.800	  0.658	123.791	  1.088	123.776	  0.624
 19.750	1225.390	  3.182	129.104	  0.637	124.047	  1.098	124.065	  0.604
 19.800	1231.567	  3.489	129.401	  0.562	124.318	  1.087	124.346	  0.533
 19.850	1237.949	  3.438	129.775	  0.591	124.721	  1.014	124.701	  0.560
 19.900	1244.096	  3.349	130.099	  0.573	125.056	  0.851	125.008	  0.544
 19.950	1250.263	  3.192	130.434	  0.525	125.351	  0.651	125.325	  0.498
 20.000	1256.543	  3.107	130.774	  0.421	125.656	  0.111	125.648	  0.399
 20.050	1262.892	  2.830	131.099	  0.538	125.987	  0.688	125.955	  0.511
 20.100	1269.393	  2.615	131.468	  0.553	126.303	  0.891	126.306	  0.525
 20.150	1275.745	  2.209	131.785	  0.576	126.625	  1.065	126.606	  0.546
 20.200	1281.961	  2.399	132.118	  0.641	126.936	  1.089	126.922	  0.608
 20.250	1288.205	  2.723	132.436	  0.661	127.219	  1.082	127.224	  0.626
 20.300	1294.718	  3.460	132.760	  0.709	127.528	  1.107	127.531	  0.673
 20.350	1300.863	  3.724	133.082	  0.691	127.852	  1.048	127.836	  0.655
 20.400	1307.440	  3.731	133.446	  0.603	128.197	  0.891	128.181	  0.572
 20.450	1313.815	  3.585	133.745	  0.467	128.494	  0.672	128.465	  0.443
 20.500	1320.231	  3.250	134.080	  0.167	128.796	  0.121	128.781	  0.158
 20.550	1326.766	  2.356	134.404	  0.415	129.096	  0.630	129.089	  0.393
 20.600	1333.182	  1.843	134.738	  0.589	129.430	  0.880	129.406	  0.558
 20.650	1339.718	  2.363	135.102	  0.694	129.740	  1.041	129.751	  0.658
 20.700	1346.142	  2.917	135.411	  0.722	130.038	  1.092	130.044	  0.685
 20.750	1352.631	  3.333	135.739	  0.698	130.327	  1.131	130.355	  0.662
 20.800	1359.337	  3.596	136.106	  0.652	130.730	  1.069	130.703	  0.618
 20.850	1365.699	  3.595	136.411	  0.558	131.009	  1.026	130.992	  0.529
 20.900	1372.415	  3.500	136.735	  0.528	131.315	  0.909	131.299	  0.500
 20.950	1379.042	  3.298	137.095	  0.479	131.655	  0.631	131.640	  0.454
 21.000	1385.353	  3.260	137.395	  0.411	131.939	  0.111	131.925	  0.390
 21.050	1391.990	  2.600	137.719	  0.539	132.261	  0.678	132.232	  0.511
 21.100	1398.755	  2.394	138.075	  0.599	132.567	  0.876	132.569	  0.568
 21.150	1405.422	  2.749	138.415	  0.636	132.913	  1.060	132.892	  0.603
 21.200	1412.059	  2.853	138.740	  0.605	133.207	  1.085	133.200	  0.574
 21.250	1418.770	  2.772	139.074	  0.639	133.551	  1.096	133.516	  0.606
 21.300	1425.319	  3.142	139.377	  0.682	133.805	  1.097	133.804	  0.647
 21.350	1431.954	  3.445	139.710	  0.676	134.121	  1.022	134.119	  0.641
 21.400	1438.708	  3.851	140.062	  0.638	134.446	  0.886	134.453	  0.605
 21.450	1445.532	  3.948	140.381	  0.508	134.766	  0.676	134.756	  0.482
 21.500	1452.245	  3.240	140.718	  0.337	135.079	  0.140	135.075	  0.319
 21.550	1459.054	  2.529	141.065	  0.396	135.414	  0.671	135.404	  0.376
 21.600	1465.806	  2.324	141.376	  0.515	135.718	  0.875	135.699	  0.488
 21.650	1472.492	  2.239	141.714	  0.626	136.051	  1.005	136.019	  0.593
 21.700	1479.205	  2.465	142.025	  0.702	136.318	  1.089	136.314	  0.666
 21.750	1486.205	  3.043	142.398	  0.712	136.678	  1.091	136.668	  0.675
 21.800	1493.014	  3.629	142.693	  0.705	136.942	  1.091	136.948	  0.668
 21.850	1499.826	  3.931	143.015	  0.635	137.284	  1.016	137.253	  0.602
 21.900	1506.650	  3.823	143.357	  0.506	137.570	  0.874	137.577	  0.480
 21.950	1513.860	  3.338	143.702	  0.410	137.930	  0.664	137.904	  0.388
 22.000	1520.594	  2.740	144.031	  0.335	138.222	  0.111	138.216	  0.318
 22.050	1527.492	  2.425	144.341	  0.512	138.540	  0.648	138.510	  0.485
 22.100	1534.326	  2.548	144.681	  0.592	138.824	  0.865	138.832	  0.561
 22.150	1541.325	  2.546	145.005	  0.660	139.151	  1.000	139.140	  0.625
 22.200	1548.085	  2.772	145.314	  0.640	139.416	  1.051	139.432	  0.607
 22.250	1555.398	  3.362	145.717	  0.629	139.835	  1.120	139.814	  0.597
 22.300	1562.358	  3.617	146.024	  0.623	140.135	  1.122	140.106	  0.591
 22.350	1569.495	  3.631	146.359	  0.641	140.459	  1.047	140.423	  0.608
 22.400	1576.441	  3.508	146.711	  0.596	140.756	  0.881	140.757	  0.565
 22.450	1583.496	  3.539	147.024	  0.524	141.095	  0.631	141.053	  0.496
 22.500	1590.573	  3.304	147.354	  0.405	141.361	  0.149	141.366	  0.384
 22.550	1597.549	  3.160	147.656	  0.489	141.667	  0.653	141.653	  0.464
 22.600	1604.635	  2.476	148.003	  0.507	141.986	  0.897	141.982	  0.481
 22.650	1611.761	  2.100	148.336	  0.542	142.333	  0.993	142.298	  0.514
 22.700	1618.704	  2.543	148.657	  0.612	142.614	  1.058	142.601	  0.581
 22.750	1626.033	  3.294	149.010	  0.707	142.950	  1.110	142.937	  0.671
 22.800	1633.208	  3.435	149.337	  0.688	143.302	  1.038	143.246	  0.652
 22.850	1640.147	  3.844	149.636	  0.675	143.530	  1.006	143.530	  0.640
 22.900	1647.472	  4.076	149.984	  0.594	143.876	  0.893	143.860	  0.563
 22.950	1654.631	  3.878	150.329	  0.445	144.199	  0.674	144.186	  0.422
 23.000	1661.777	  3.282	150.656	  0.195	144.498	  0.156	144.497	  0.185
 23.050	1669.252	  2.114	150.964	  0.434	144.769	  0.614	144.789	  0.412
 23.100	1676.355	  1.973	151.326	  0.606	145.146	  0.876	145.132	  0.574
 23.150	1683.752	  2.581	151.660	  0.690	145.443	  1.001	145.449	  0.654
 23.200	1691.083	  3.158	152.010	  0.681	145.776	  1.079	145.780	  0.646
 23.250	1698.154	  3.511	152.324	  0.671	146.064	  1.108	146.078	  0.636
 23.300	1705.468	  3.658	152.635	  0.636	146.368	  1.087	146.373	  0.603
 23.350	1712.853	  3.658	152.968	  0.554	146.692	  1.022	146.689	  0.525
 23.400	1720.255	  3.876	153.298	  0.573	146.990	  0.903	147.002	  0.544
 23.450	1727.570	  3.661	153.643	  0.515	147.342	  0.691	147.329	  0.488
 23.500	1735.028	  3.130	153.951	  0.407	147.647	  0.131	147.621	  0.386
 23.550	1742.388	  2.734	154.300	  0.533	147.944	  0.648	147.951	  0.505
 23.600	1749.705	  2.787	154.608	  0.594	148.258	  0.876	148.244	  0.563
 23.650	1757.047	  2.868	154.983	  0.584	148.604	  0.978	148.599	  0.553
 23.700	1764.456	  2.747	155.279	  0.581	148.871	  1.076	148.880	  0.551
 23.750	1771.923	  2.911	155.580	  0.663	149.117	  1.091	149.165	  0.628
 23.800	1779.293	  3.330	155.932	  0.661	149.463	  1.033	149.498	  0.627
 23.850	1786.972	  4.035	156.291	  0.659	149.848	  1.010	149.839	  0.625
 23.900	1794.577	  4.033	156.646	  0.596	150.218	  0.850	150.176	  0.566
 23.950	1801.958	  3.808	156.947	  0.495	150.459	  0.676	150.461	  0.469
 24.000	1809.557	  3.521	157.282	  0.284	150.785	  0.131	150.778	  0.269
 24.050	1817.154	  2.460	157.600	  0.347	151.078	  0.627	151.081	  0.329
 24.100	1824.591	  2.435	157.947	  0.584	151.418	  0.913	151.409	  0.554
 24.150	1832.260	  2.271	158.303	  0.680	151.744	  1.039	151.747	  0.645
 24.200	1839.586	  2.453	158.547	  0.675	151.956	  1.067	151.978	  0.640
 24.250	1847.313	  3.258	158.931	  0.701	152.331	  1.112	152.342	  0.665
 24.300	1855.116	  4.025	159.257	  0.696	152.655	  1.104	152.651	  0.660
 24.350	1862.842	  4.346	159.597	  0.611	152.970	  1.038	152.974	  0.579
 24.400	1870.643	  3.694	159.969	  0.464	153.360	  0.879	153.326	  0.440
 24.450	1877.960	  3.542	160.253	  0.469	153.592	  0.699	153.595	  0.445
 24.500	1885.981	  3.228	160.601	  0.382	153.935	  0.070	153.925	  0.362
 24.550	1893.549	  2.720	160.913	  0.531	154.247	  0.674	154.221	  0.503
 24.600	1901.079	  2.670	161.254	  0.641	154.571	  0.867	154.544	  0.608
 24.650	1909.050	  2.961	161.598	  0.664	154.846	  0.974	154.871	  0.630
 24.700	1916.673	  3.124	161.919	  0.657	155.168	  1.068	155.174	  0.623
 24.750	1924.625	  3.437	162.265	  0.601	155.521	  1.107	155.503	  0.570
 24.800	1932.214	  3.662	162.578	  0.656	155.788	  1.089	155.800	  0.622
 24.850	1940.063	  3.573	162.923	  0.645	156.169	  1.028	156.126	  0.611
 24.900	1947.656	  3.905	163.221	  0.620	156.421	  0.918	156.409	  0.588
 24.950	1955.730	  4.045	163.579	  0.539	156.751	  0.677	156.749	  0.511
 25.000	1963.495	  3.646	163.893	  0.399	157.072	  0.111	157.047	  0.378
 25.050	1971.194	  2.899	164.242	  0.481	157.417	  0.683	157.377	  0.456
 25.100	1979.225	  2.410	164.580	  0.478	157.711	  0.884	157.698	  0.453
 25.150	1987.196	  2.281	164.926	  0.598	158.033	  1.014	158.025	  0.567
 25.200	1995.024	  2.837	165.237	  0.693	158.321	  1.100	158.321	  0.657
 25.250	2003.011	  3.280	165.566	  0.711	158.646	  1.119	158.632	  0.674
 25.300	2010.858	  3.664	165.901	  0.718	158.928	  1.088	158.950	  0.681
 25.350	2018.753	  4.076	166.227	  0.662	159.276	  1.028	159.259	  0.628
 25.400	2026.841	  4.231	166.570	  0.582	159.602	  0.890	159.584	  0.552
 25.450	2034.899	  4.127	166.906	  0.398	159.905	  0.679	159.903	  0.377
 25.500	2042.802	  3.029	167.205	  0.260	160.202	  0.171	160.186	  0.247
 25.550	2050.950	  2.227	167.552	  0.483	160.553	  0.664	160.515	  0.458
 25.600	2058.934	  2.537	167.887	  0.582	160.826	  0.862	160.833	  0.552
 25.650	2066.830	  2.915	168.198	  0.639	161.110	  0.991	161.128	  0.606
 25.700	2074.948	  3.309	168.530	  0.649	161.431	  1.041	161.443	  0.615
 25.750	2083.032	  3.367	168.873	  0.649	161.773	  1.093	161.768	  0.615
 25.800	2091.096	  3.635	169.224	  0.576	162.114	  1.058	162.100	  0.546
 25.850	2099.261	  3.989	169.540	  0.610	162.406	  1.043	162.400	  0.579
 25.900	2107.496	  4.134	169.867	  0.581	162.713	  0.887	162.710	  0.551
 25.950	2115.640	  3.611	170.242	  0.520	163.072	  0.642	163.065	  0.493
 26.000	2123.573	  3.310	170.527	  0.420	163.339	  0.191	163.336	  0.398
 26.050	2131.803	  3.246	170.882	  0.513	163.699	  0.700	163.672	  0.486
 26.100	2140.110	  2.919	171.192	  0.546	163.949	  0.889	163.967	  0.518
 26.150	2148.121	  3.001	171.501	  0.533	164.236	  0.985	164.259	  0.505
 26.200	2156.428	  2.704	171.886	  0.607	164.630	  1.091	164.624	  0.576
 26.250	2164.604	  3.044	172.162	  0.656	164.850	  1.100	164.886	  0.622
 26.300	2173.190	  3.712	172.537	  0.677	165.282	  1.099	165.241	  0.642
 26.350	2181.401	  4.283	172.875	  0.667	165.573	  1.030	165.562	  0.632
 26.400	2189.332	  4.291	173.139	  0.633	165.810	  0.936	165.812	  0.600
 26.450	2197.858	  4.048	173.521	  0.483	166.162	  0.689	166.175	  0.458
 26.500	2206.156	  3.690	173.859	  0.197	166.495	  0.121	166.494	  0.186
 26.550	2214.573	  2.815	174.174	  0.400	166.786	  0.611	166.793	  0.379
 26.600	2223.075	  2.227	174.531	  0.595	167.130	  0.894	167.132	  0.564
 26.650	2231.269	  2.436	174.868	  0.664	167.496	  1.055	167.452	  0.630
 26.700	2239.500	  3.158	175.176	  0.707	167.734	  1.086	167.743	  0.671
 26.750	2248.012	  3.745	175.514	  0.700	168.047	  1.082	168.063	  0.664
 26.800	2256.513	  4.135	175.830	  0.645	168.350	  1.057	168.364	  0.611
 26.850	2264.963	  4.162	176.203	  0.559	168.754	  1.010	168.717	  0.530
 26.900	2273.276	  3.966	176.499	  0.524	168.994	  0.901	168.998	  0.497
 26.950	2281.817	  3.791	176.840	  0.492	169.329	  0.673	169.321	  0.466
 27.000	2290.161	  3.598	177.164	  0.407	169.638	  0.111	169.628	  0.386
 27.050	2298.640	  2.965	177.505	  0.554	169.952	  0.657	169.952	  0.525
 27.100	2307.117	  2.618	177.818	  0.608	170.251	  0.870	170.248	  0.576
 27.150	2315.807	  3.168	178.153	  0.627	170.521	  1.010	170.566	  0.594
 27.200	2324.218	  3.310	178.489	  0.623	170.893	  1.077	170.884	  0.591
 27.250	2332.896	  3.498	178.835	  0.612	171.229	  1.096	171.212	  0.580
 27.300	2341.591	  3.556	179.193	  0.637	171.575	  1.059	171.552	  0.604
 27.350	2350.015	  3.702	179.520	  0.662	171.869	  1.022	171.861	  0.627
 27.400	2358.317	  4.440	179.796	  0.660	172.125	  0.924	172.123	  0.626
 27.450	2367.449	  3.985	180.153	  0.502	172.451	  0.671	172.462	  0.476
 27.500	2375.647	  4.288	180.454	  0.383	172.772	  0.156	172.747	  0.363
 27.550	2384.583	  2.896	180.801	  0.410	173.067	  0.625	173.076	  0.389
 27.600	2393.149	  2.509	181.112	  0.499	173.364	  0.864	173.371	  0.473
 27.650	2401.803	  2.527	181.486	  0.651	173.758	  1.021	173.725	  0.617
 27.700	2410.556	  2.992	181.799	  0.700	173.999	  1.096	174.023	  0.664
 27.750	2419.241	  3.547	182.148	  0.738	174.385	  1.103	174.353	  0.700
 27.800	2427.718	  3.795	182.447	  0.680	174.610	  1.069	174.636	  0.645
 27.850	2436.826	  4.539	182.805	  0.636	174.988	  1.016	174.976	  0.603
 27.900	2445.434	  4.559	183.108	  0.551	175.255	  0.920	175.264	  0.522
 27.950	2454.317	  4.119	183.452	  0.391	175.590	  0.680	175.590	  0.371
 28.000	2462.842	  3.078	183.793	  0.316	175.915	  0.148	175.913	  0.300
 28.050	2471.765	  2.519	184.120	  0.535	176.245	  0.664	176.223	  0.507
 28.100	2480.794	  2.989	184.494	  0.636	176.589	  0.877	176.577	  0.603
 28.150	2489.569	  3.101	184.805	  0.667	176.850	  0.990	176.873	  0.632
 28.200	2498.461	  3.414	185.153	  0.675	177.192	  1.077	177.202	  0.640
 28.250	2507.165	  3.814	185.458	  0.649	177.489	  1.115	177.492	  0.615
 28.300	2516.200	  3.929	185.785	  0.609	177.809	  1.089	177.801	  0.578
 28.350	2524.904	  4.027	186.099	  0.632	178.109	  1.003	178.099	  0.599
 28.400	2533.814	  4.131	186.424	  0.616	178.420	  0.881	178.407	  0.584
 28.450	2542.869	  3.927	186.797	  0.521	178.771	  0.660	178.761	  0.494
 28.500	2551.854	  3.586	187.130	  0.382	179.066	  0.086	179.077	  0.362
 28.550	2560.779	  3.423	187.458	  0.489	179.387	  0.660	179.387	  0.463
 28.600	2569.739	  3.104	187.769	  0.532	179.685	  0.870	179.683	  0.504
 28.650	2578.680	  2.394	188.104	  0.552	179.996	  0.999	180.000	  0.523
 28.700	2587.641	  2.752	188.414	  0.659	180.277	  1.091	180.294	  0.625
 28.750	2596.625	  3.430	188.730	  0.735	180.546	  1.110	180.593	  0.697
 28.800	2605.562	  4.107	189.043	  0.734	180.890	  1.117	180.890	  0.696
 28.850	2614.759	  4.378	189.429	  0.672	181.246	  1.005	181.256	  0.637
 28.900	2623.844	  4.518	189.758	  0.577	181.578	  0.873	181.568	  0.547
 28.950	2632.963	  4.277	190.082	  0.451	181.879	  0.676	181.875	  0.428
 29.000	2642.013	  3.572	190.423	  0.113	182.206	  0.099	182.199	  0.107
 29.050	2651.100	  2.845	190.745	  0.448	182.492	  0.637	182.503	  0.424
 29.100	2660.498	  2.390	191.081	  0.573	182.820	  0.863	182.822	  0.544
 29.150	2669.517	  2.463	191.432	  0.685	183.178	  1.031	183.155	  0.649
 29.200	2678.889	  3.784	191.790	  0.731	183.496	  1.117	183.495	  0.693
 29.250	2687.827	  3.793	192.079	  0.680	183.766	  1.119	183.768	  0.645
 29.300	2697.187	  4.140	192.437	  0.622	184.126	  1.066	184.108	  0.590
 29.350	2706.420	  4.094	192.770	  0.533	184.454	  1.007	184.423	  0.505
 29.400	2715.426	  4.240	193.077	  0.557	184.719	  0.887	184.715	  0.528
 29.450	2724.638	  4.090	193.398	  0.529	185.024	  0.696	185.019	  0.502
 29.500	2733.832	  3.687	193.748	  0.419	185.345	  0.121	185.351	  0.397
 29.550	2743.297	  2.886	194.068	  0.529	185.645	  0.630	185.654	  0.502
 29.600	2752.537	  2.877	194.425	  0.586	185.989	  0.882	185.992	  0.555
 29.650	2761.792	  3.254	194.732	  0.604	186.298	  1.028	186.284	  0.572
 29.700	2771.389	  3.453	195.101	  0.553	186.667	  1.065	186.633	  0.525
 29.750	2780.538	  3.294	195.388	  0.627	186.909	  1.086	186.906	  0.595
 29.800	2790.080	  3.816	195.750	  0.685	187.248	  1.075	187.248	  0.649
 29.850	2799.487	  4.225	196.094	  0.671	187.610	  1.004	187.575	  0.636
 29.900	2808.564	  4.605	196.400	  0.608	187.848	  0.900	187.865	  0.577
 29.950	2818.002	  4.496	196.691	  0.530	188.155	  0.667	188.140	  0.502
 30.000	2827.365	  3.980	197.036	  0.319	188.488	  0.111	188.468	  0.302
 30.050	2837.050	  3.001	197.372	  0.341	188.774	  0.632	188.786	  0.324
 30.100	2846.327	  2.570	197.703	  0.564	189.116	  0.907	189.100	  0.534
 30.150	2855.820	  2.887	198.063	  0.665	189.446	  1.032	189.441	  0.631
 30.200	2865.252	  3.118	198.363	  0.703	189.724	  1.101	189.726	  0.666
 30.250	2874.696	  3.561	198.706	  0.721	190.066	  1.107	190.051	  0.683
 30.300	2884.251	  4.383	199.051	  0.690	190.373	  1.099	190.378	  0.654
 30.350	2893.625	  4.749	199.364	  0.619	190.646	  1.024	190.675	  0.587
 30.400	2903.276	  4.383	199.718	  0.469	191.021	  0.875	191.011	  0.445
 30.450	2913.189	  3.816	200.053	  0.433	191.342	  0.649	191.328	  0.410
 30.500	2922.511	  3.430	200.350	  0.351	191.625	  0.140	191.610	  0.333
 30.550	2931.901	  2.863	200.692	  0.557	191.943	  0.672	191.934	  0.528
 30.600	2941.738	  3.050	201.037	  0.629	192.251	  0.892	192.261	  0.596
 30.650	2951.212	  3.141	201.369	  0.682	192.603	  1.036	192.576	  0.646
 30.700	2960.837	  3.287	201.680	  0.646	192.877	  1.062	192.871	  0.613
 30.750	2970.779	  3.892	202.073	  0.604	193.274	  1.116	193.244	  0.572
 30.800	2980.348	  4.284	202.343	  0.630	193.486	  1.079	193.500	  0.597
 30.850	2989.911	  4.220	202.686	  0.660	193.810	  1.026	193.825	  0.626
 30.900	2999.487	  4.336	203.002	  0.633	194.102	  0.921	194.124	  0.601
 30.950	3009.504	  4.135	203.369	  0.502	194.493	  0.630	194.472	  0.476
 31.000	3018.835	  4.160	203.658	  0.401	194.772	  0.099	194.746	  0.380
 31.050	3028.872	  3.563	204.011	  0.474	195.072	  0.648	195.081	  0.450
 31.100	3038.548	  2.839	204.345	  0.512	195.401	  0.910	195.397	  0.485
 31.150	3048.349	  2.451	204.655	  0.615	195.680	  1.034	195.691	  0.584
 31.200	3058.029	  2.925	204.982	  0.674	195.976	  1.095	196.001	  0.639
 31.250	3068.191	  3.822	205.362	  0.736	196.394	  1.128	196.361	  0.698
 31.300	3078.077	  4.333	205.722	  0.724	196.723	  1.104	196.703	  0.686
 31.350	3087.698	  4.476	206.020	  0.667	196.973	  1.037	196.985	  0.632
 31.400	3097.442	  4.543	206.343	  0.577	197.292	  0.900	197.292	  0.547
 31.450	3107.558	  4.707	206.673	  0.382	197.616	  0.641	197.604	  0.362
 31.500	3117.295	  3.694	206.988	  0.236	197.914	  0.099	197.903	  0.223
 31.550	3127.319	  2.602	207.342	  0.505	198.241	  0.686	198.238	  0.479
 31.600	3137.059	  2.534	207.663	  0.627	198.509	  0.838	198.543	  0.594
 31.650	3147.070	  3.068	207.975	  0.681	198.816	  1.005	198.839	  0.646
 31.700	3156.649	  3.767	208.300	  0.705	199.168	  1.088	199.147	  0.668
 31.750	3166.985	  4.329	208.637	  0.686	199.436	  1.079	199.466	  0.651
 31.800	3177.016	  4.141	209.007	  0.627	199.846	  1.101	199.817	  0.594
 31.850	3186.897	  4.308	209.305	  0.590	200.102	  1.006	200.099	  0.559
 31.900	3196.884	  4.537	209.623	  0.580	200.407	  0.899	200.402	  0.550
 31.950	3206.741	  4.312	209.961	  0.544	200.710	  0.703	200.721	  0.516
 32.000	3217.126	  3.787	210.297	  0.436	201.046	  0.156	201.041	  0.413
 32.050	3227.207	  3.328	210.625	  0.528	201.337	  0.660	201.351	  0.501
 32.100	3237.062	  3.330	210.967	  0.577	201.675	  0.892	201.675	  0.547
 32.150	3246.997	  3.271	211.294	  0.561	202.004	  0.986	201.986	  0.531
 32.200	3257.326	  3.221	211.655	  0.622	202.336	  1.097	202.327	  0.590
 32.250	3267.519	  3.352	211.973	  0.681	202.631	  1.106	202.629	  0.646
 32.300	3277.887	  4.107	212.324	  0.697	202.999	  1.105	202.961	  0.661
 32.350	3287.506	  4.769	212.596	  0.717	203.233	  1.050	203.220	  0.679
 32.400	3298.032	  4.862	212.974	  0.618	203.583	  0.888	203.578	  0.586
 32.450	3308.113	  4.439	213.268	  0.522	203.878	  0.692	203.857	  0.495
 32.500	3318.219	  3.904	213.621	  0.240	204.197	  0.099	204.192	  0.227
 32.550	3328.501	  3.115	213.937	  0.379	204.508	  0.656	204.492	  0.359
 32.600	3338.869	  2.489	214.265	  0.560	204.799	  0.874	204.802	  0.530
 32.650	3348.945	  2.584	214.595	  0.618	205.124	  0.982	205.115	  0.586
 32.700	3359.312	  3.176	214.974	  0.711	205.501	  1.093	205.474	  0.674
 32.750	3369.519	  3.862	215.258	  0.692	205.737	  1.090	205.744	  0.656
 32.800	3379.899	  4.603	215.603	  0.678	206.066	  1.113	206.070	  0.643
 32.850	3390.108	  5.018	215.924	  0.599	206.376	  1.024	206.374	  0.568
 32.900	3400.375	  4.305	216.258	  0.506	206.679	  0.900	206.692	  0.480
 32.950	3410.785	  4.041	216.619	  0.488	207.023	  0.680	207.034	  0.463
 33.000	3421.297	  3.705	216.934	  0.381	207.337	  0.111	207.333	  0.361
 33.050	3431.664	  3.135	217.288	  0.534	207.642	  0.662	207.668	  0.506
 33.100	3441.951	  3.055	217.595	  0.613	207.950	  0.887	207.960	  0.582
 33.150	3452.358	  3.398	217.902	  0.652	208.250	  0.987	208.250	  0.619
 33.200	3462.869	  3.617	218.279	  0.634	208.633	  1.122	208.607	  0.601
 33.250	3473.146	  3.900	218.614	  0.609	208.947	  1.126	208.925	  0.577
 33.300	3483.882	  4.324	218.929	  0.665	209.218	  1.083	209.224	  0.630
 33.350	3494.134	  4.321	219.259	  0.641	209.529	  1.033	209.537	  0.608
 33.400	3504.708	  4.626	219.572	  0.616	209.825	  0.921	209.834	  0.584
 33.450	3515.019	  4.605	219.912	  0.535	210.176	  0.653	210.155	  0.507
 33.500	3525.405	  4.166	220.255	  0.351	210.480	  0.099	210.480	  0.333
 33.550	3536.035	  3.361	220.575	  0.431	210.782	  0.653	210.785	  0.408
 33.600	3546.706	  2.492	220.938	  0.495	211.148	  0.894	211.128	  0.469
 33.650	3557.106	  2.834	221.206	  0.615	211.340	  0.969	211.383	  0.583
 33.700	3567.743	  3.379	221.562	  0.697	211.693	  1.061	211.720	  0.661
 33.750	3578.416	  3.962	221.935	  0.692	212.092	  1.115	212.074	  0.656
 33.800	3589.062	  4.491	222.229	  0.707	212.332	  1.094	212.353	  0.670
 33.850	3599.764	  4.587	222.598	  0.607	212.686	  0.989	212.702	  0.575
 33.900	3610.497	  4.785	222.929	  0.509	213.053	  0.855	213.016	  0.483
 33.950	3621.096	  4.786	223.250	  0.366	213.336	  0.662	213.320	  0.347
 34.000	3631.523	  3.452	223.552	  0.301	213.620	  0.111	213.607	  0.286
 34.050	3642.353	  2.570	223.855	  0.501	213.898	  0.622	213.894	  0.475
 34.100	3653.177	  2.940	224.256	  0.674	214.299	  0.939	214.274	  0.639
 34.150	3663.842	  3.584	224.572	  0.685	214.632	  1.017	214.574	  0.650
 34.200	3674.438	  3.813	224.862	  0.675	214.832	  1.083	214.849	  0.640
 34.250	3685.401	  4.243	225.220	  0.644	215.183	  1.095	215.188	  0.611
 34.300	3696.231	  4.414	225.580	  0.584	215.565	  1.101	215.530	  0.554
 34.350	3706.659	  4.500	225.865	  0.612	215.798	  1.016	215.799	  0.580
 34.400	3717.245	  4.633	226.194	  0.630	216.096	  0.926	216.112	  0.597
 34.450	3728.522	  4.418	226.554	  0.551	216.438	  0.689	216.452	  0.523
 34.500	3739.252	  3.858	226.873	  0.417	216.764	  0.099	216.755	  0.395
 34.550	3750.223	  3.397	227.188	  0.508	217.037	  0.619	217.054	  0.481
 34.600	3760.883	  3.555	227.527	  0.574	217.376	  0.882	217.375	  0.544
 34.650	3771.721	  3.109	227.870	  0.550	217.703	  1.032	217.700	  0.521
 34.700	3782.782	  2.957	228.221	  0.659	218.052	  1.100	218.033	  0.625
 34.750	3793.557	  3.748	228.506	  0.704	218.262	  1.126	218.304	  0.667
 34.800	3804.710	  4.433	228.883	  0.715	218.656	  1.105	218.661	  0.678
 34.850	3815.507	  4.894	229.190	  0.688	218.980	  0.996	218.952	  0.652
 34.900	3826.478	  4.994	229.511	  0.603	219.277	  0.890	219.257	  0.571
 34.950	3837.470	  4.790	229.853	  0.476	219.582	  0.667	219.580	  0.452
 35.000	3848.527	  3.963	230.194	  0.093	219.907	  0.086	219.904	  0.089
 35.050	3859.382	  3.269	230.499	  0.436	220.196	  0.641	220.193	  0.414
 35.100	3870.482	  2.686	230.843	  0.581	220.496	  0.883	220.519	  0.551
 35.150	3881.605	  2.749	231.204	  0.682	220.816	  0.974	220.862	  0.647
 35.200	3892.484	  3.640	231.491	  0.728	221.123	  1.094	221.133	  0.690
 35.250	3903.476	  4.367	231.828	  0.726	221.421	  1.120	221.453	  0.689
 35.300	3914.401	  4.810	232.150	  0.670	221.754	  1.085	221.758	  0.635
 35.350	3925.767	  4.792	232.500	  0.581	222.101	  1.053	222.090	  0.551
 35.400	3936.812	  4.502	232.828	  0.548	222.390	  0.905	222.400	  0.520
 35.450	3948.110	  4.265	233.196	  0.493	222.758	  0.668	222.750	  0.467
 35.500	3959.167	  3.873	233.514	  0.401	223.047	  0.099	223.051	  0.381
 35.550	3970.285	  3.489	233.861	  0.545	223.359	  0.650	223.380	  0.516
 35.600	3981.586	  3.125	234.166	  0.596	223.670	  0.876	223.670	  0.565
 35.650	3992.633	  3.562	234.490	  0.606	223.977	  0.989	223.976	  0.574
 35.700	4003.924	  3.752	234.831	  0.598	224.310	  1.093	224.300	  0.567
 35.750	4015.203	  4.033	235.177	  0.636	224.621	  1.098	224.628	  0.603
 35.800	4026.249	  3.988	235.486	  0.689	224.922	  1.098	224.921	  0.653
 35.850	4037.729	  4.550	235.831	  0.666	225.258	  1.015	225.247	  0.632
 35.900	4048.686	  5.172	236.125	  0.639	225.526	  0.893	225.527	  0.605
 35.950	4060.268	  4.667	236.522	  0.479	225.906	  0.637	225.903	  0.454
 36.000	4071.261	  4.505	236.798	  0.334	226.185	  0.121	226.165	  0.317
 36.050	4082.813	  3.231	237.154	  0.394	226.510	  0.679	226.503	  0.373
 36.100	4094.205	  2.444	237.475	  0.535	226.804	  0.894	226.806	  0.507
 36.150	4105.546	  2.984	237.803	  0.620	227.120	  1.004	227.117	  0.588
 36.200	4116.666	  3.509	238.102	  0.667	227.384	  1.070	227.401	  0.632
 36.250	4128.065	  3.833	238.448	  0.701	227.728	  1.113	227.729	  0.665
 36.300	4139.729	  4.766	238.817	  0.695	228.097	  1.071	228.078	  0.659
 36.350	4151.015	  5.071	239.132	  0.616	228.369	  1.017	228.377	  0.584
 36.400	4162.379	  5.023	239.463	  0.518	228.705	  0.912	228.691	  0.491
 36.450	4174.050	  4.785	239.801	  0.441	229.019	  0.698	229.011	  0.418
 36.500	4185.462	  3.518	240.143	  0.368	229.327	  0.121	229.336	  0.349
 36.550	4197.057	  2.938	240.471	  0.522	229.633	  0.627	229.647	  0.495
 36.600	4208.203	  3.310	240.809	  0.612	229.972	  0.893	229.967	  0.581
 36.650	4219.671	  3.806	241.114	  0.656	230.252	  0.975	230.257	  0.622
 36.700	4231.088	  3.756	241.440	  0.663	230.574	  1.126	230.566	  0.629
 36.750	4242.887	  4.150	241.797	  0.617	230.918	  1.121	230.904	  0.585
 36.800	4254.481	  4.466	242.128	  0.612	231.221	  1.109	231.218	  0.580
 36.850	4265.983	  4.683	242.456	  0.640	231.554	  0.979	231.529	  0.606
 36.900	4277.709	  4.602	242.786	  0.623	231.856	  0.891	231.842	  0.591
 36.950	4289.212	  4.791	243.111	  0.548	232.137	  0.681	232.149	  0.520
 37.000	4300.736	  4.306	243.445	  0.404	232.472	  0.099	232.467	  0.383
 37.050	4312.683	  3.821	243.797	  0.500	232.795	  0.691	232.801	  0.474
 37.100	4324.063	  3.619	244.099	  0.531	233.108	  0.889	233.086	  0.504
 37.150	4335.691	  2.724	244.427	  0.596	233.394	  1.049	233.397	  0.565
 37.200	4347.610	  3.080	244.782	  0.658	233.749	  1.089	233.734	  0.624
 37.250	4359.153	  4.118	245.096	  0.707	234.041	  1.143	234.031	  0.670
 37.300	4370.846	  4.766	245.443	  0.693	234.361	  1.093	234.361	  0.657
 37.350	4382.490	  5.056	245.736	  0.697	234.652	  1.041	234.639	  0.661
 37.400	4394.211	  5.238	246.094	  0.602	234.986	  0.906	234.978	  0.571
 37.450	4406.134	  4.935	246.438	  0.422	235.310	  0.674	235.304	  0.400
 37.500	4418.005	  3.800	246.758	  0.196	235.613	  0.099	235.607	  0.186
 37.550	4429.820	  3.230	247.074	  0.440	235.923	  0.632	235.907	  0.417
 37.600	4441.421	  2.555	247.415	  0.590	236.226	  0.874	236.230	  0.559
 37.650	4453.250	  3.045	247.770	  0.680	236.589	  0.999	236.567	  0.645
 37.700	4465.069	  4.017	248.072	  0.695	236.879	  1.060	236.853	  0.659
 37.750	4476.940	  4.610	248.425	  0.682	237.219	  1.093	237.188	  0.647
 37.800	4488.672	  4.748	248.737	  0.619	237.478	  1.088	237.484	  0.587
 37.850	4501.050	  4.596	249.099	  0.560	237.853	  1.014	237.827	  0.531
 37.900	4512.590	  4.873	249.405	  0.581	238.114	  0.906	238.117	  0.551
 37.950	4524.387	  4.814	249.728	  0.529	238.414	  0.685	238.423	  0.501
 38.000	4536.416	  4.260	250.058	  0.405	238.756	  0.086	238.736	  0.384
 38.050	4548.306	  3.605	250.383	  0.514	239.058	  0.662	239.044	  0.488
 38.100	4560.230	  3.439	250.718	  0.589	239.363	  0.878	239.361	  0.558
 38.150	4572.402	  3.569	251.055	  0.604	239.667	  1.021	239.681	  0.573
 38.200	4584.364	  3.725	251.407	  0.608	240.024	  1.102	240.015	  0.576
 38.250	4596.459	  3.835	251.751	  0.690	240.365	  1.112	240.341	  0.654
 38.300	4608.268	  4.203	252.042	  0.699	240.597	  1.094	240.617	  0.662
 38.350	4620.525	  4.812	252.397	  0.702	240.930	  1.045	240.953	  0.666
 38.400	4632.719	  5.402	252.749	  0.613	241.284	  0.885	241.287	  0.581
 38.450	4644.843	  5.105	253.088	  0.488	241.617	  0.614	241.608	  0.463
 38.500	4656.617	  4.189	253.391	  0.258	241.898	  0.086	241.895	  0.245
 38.550	4668.678	  3.238	253.720	  0.373	242.217	  0.659	242.208	  0.354
 38.600	4680.964	  2.757	254.078	  0.561	242.566	  0.892	242.547	  0.532
 38.650	4692.861	  3.230	254.355	  0.663	242.815	  1.025	242.809	  0.629
 38.700	4705.236	  3.560	254.755	  0.696	243.197	  1.072	243.189	  0.660
 38.750	4717.568	  4.036	255.080	  0.665	243.505	  1.063	243.497	  0.631
 38.800	4729.907	  5.120	255.417	  0.656	243.860	  1.039	243.817	  0.622
 38.850	4741.804	  5.461	255.691	  0.609	244.053	  1.015	244.076	  0.577
 38.900	4754.062	  5.110	256.043	  0.496	244.417	  0.889	244.410	  0.471
 38.950	4766.059	  4.439	256.376	  0.485	244.708	  0.682	244.726	  0.460
 39.000	4778.281	  3.733	256.700	  0.373	245.041	  0.070	245.032	  0.354
 39.050	4790.657	  3.436	257.037	  0.521	245.318	  0.636	245.353	  0.494
 39.100	4802.868	  3.455	257.385	  0.618	245.668	  0.888	245.682	  0.586
 39.150	4814.975	  3.485	257.657	  0.646	245.924	  0.992	245.940	  0.612
 39.200	4827.491	  3.974	258.024	  0.631	246.310	  1.073	246.289	  0.598
 39.250	4839.745	  4.148	258.370	  0.561	246.634	  1.054	246.616	  0.531
 39.300	4851.990	  4.572	258.656	  0.660	246.884	  1.118	246.887	  0.626
 39.350	4864.563	  4.944	259.041	  0.632	247.284	  0.980	247.252	  0.599
 39.400	4876.981	  4.651	259.375	  0.618	247.562	  0.880	247.569	  0.585
 39.450	4889.381	  4.770	259.686	  0.536	247.865	  0.671	247.864	  0.508
 39.500	4901.567	  4.758	260.009	  0.388	248.172	  0.148	248.170	  0.368
 39.550	4914.112	  3.853	260.350	  0.468	248.516	  0.685	248.493	  0.443
 39.600	4926.805	  3.053	260.688	  0.459	248.822	  0.874	248.814	  0.435
 39.650	4938.956	  2.923	261.024	  0.620	249.166	  1.043	249.132	  0.588
 39.700	4951.492	  3.377	261.378	  0.692	249.485	  1.119	249.468	  0.656
 39.750	4964.059	  4.233	261.709	  0.715	249.797	  1.122	249.782	  0.678
 39.800	4976.508	  4.946	262.008	  0.703	250.057	  1.094	250.065	  0.666
 39.850	4989.013	  5.127	262.332	  0.662	250.393	  1.003	250.372	  0.627
 39.900	5001.427	  5.179	262.675	  0.561	250.707	  0.901	250.698	  0.532
 39.950	5014.031	  5.007	262.995	  0.367	250.996	  0.686	251.001	  0.348
 40.000	5026.522	  4.089	263.324	  0.283	251.320	  0.111	251.313	  0.269
 40.050	5039.136	  2.904	263.672	  0.517	251.660	  0.680	251.643	  0.490
 40.100	5051.743	  2.918	264.000	  0.623	251.973	  0.906	251.954	  0.591
 40.150	5064.333	  3.523	264.317	  0.669	252.297	  1.052	252.254	  0.634
 40.200	5076.866	  4.275	264.656	  0.690	252.593	  1.096	252.576	  0.654
 40.250	5089.534	  4.485	264.976	  0.663	252.876	  1.113	252.879	  0.628
 40.300	5102.101	  4.847	265.301	  0.584	253.173	  1.105	253.187	  0.553
 40.350	5114.981	  4.822	265.668	  0.619	253.560	  1.028	253.535	  0.587
 40.400	5127.869	  4.929	265.992	  0.599	253.863	  0.856	253.842	  0.568
 40.450	5140.235	  4.972	266.296	  0.530	254.138	  0.693	254.131	  0.503
 40.500	5152.973	  4.112	266.631	  0.419	254.461	  0.111	254.448	  0.397
 40.550	5165.703	  3.697	266.961	  0.507	254.764	  0.653	254.761	  0.481
 40.600	5178.539	  3.841	267.313	  0.553	255.082	  0.875	255.094	  0.524
 40.650	5191.366	  3.556	267.637	  0.554	255.402	  1.017	255.402	  0.525
 40.700	5203.828	  3.259	267.944	  0.625	255.657	  1.059	255.693	  0.592
 40.750	5216.693	  3.872	268.259	  0.708	255.993	  1.141	255.991	  0.671
 40.800	5229.617	  4.376	268.656	  0.670	256.390	  1.051	256.368	  0.635
 40.850	5242.396	  5.389	268.945	  0.679	256.673	  1.024	256.642	  0.644
 40.900	5254.932	  5.711	269.265	  0.638	256.941	  0.920	256.945	  0.605
 40.950	5268.592	  4.814	269.643	  0.421	257.329	  0.615	257.303	  0.399
 41.000	5281.059	  4.014	269.950	  0.187	257.598	  0.140	257.594	  0.177
 41.050	5293.926	  3.129	270.269	  0.426	257.885	  0.633	257.897	  0.403
 41.100	5306.909	  2.988	270.598	  0.568	258.189	  0.859	258.209	  0.539
 41.150	5319.622	  2.883	270.917	  0.604	258.517	  0.948	258.511	  0.573
 41.200	5332.717	  3.716	271.300	  0.720	258.907	  1.094	258.874	  0.682
 41.250	5345.559	  4.485	271.614	  0.696	259.185	  1.077	259.172	  0.660
 41.300	5358.503	  5.325	271.925	  0.656	259.494	  1.084	259.468	  0.622
 41.350	5371.547	  5.369	272.267	  0.571	259.789	  1.032	259.792	  0.541
 41.400	5384.768	  5.080	272.624	  0.518	260.143	  0.888	260.130	  0.491
 41.450	5397.643	  4.715	272.951	  0.509	260.444	  0.677	260.440	  0.483
 41.500	5410.648	  4.164	273.257	  0.403	260.743	  0.121	260.730	  0.382
 41.550	5423.449	  3.947	273.602	  0.561	261.071	  0.655	261.057	  0.532
 41.600	5436.553	  3.361	273.916	  0.602	261.352	  0.897	261.355	  0.570
 41.650	5449.743	  3.618	274.250	  0.649	261.698	  1.044	261.672	  0.616
 41.700	5462.850	  4.108	274.565	  0.628	261.954	  1.082	261.970	  0.596
 41.750	5475.812	  4.270	274.967	  0.648	262.354	  1.150	262.351	  0.614
 41.800	5489.139	  4.499	275.255	  0.662	262.648	  1.073	262.624	  0.628
 41.850	5502.358	  4.836	275.600	  0.672	262.980	  0.975	262.951	  0.637
 41.900	5515.084	  5.025	275.886	  0.621	263.229	  0.914	263.223	  0.589
 41.950	5528.539	  5.508	276.229	  0.545	263.559	  0.684	263.547	  0.517
 42.000	5541.961	  4.988	276.587	  0.337	263.891	  0.070	263.887	  0.320
 42.050	5555.040	  3.745	276.908	  0.386	264.183	  0.629	264.191	  0.366
 42.100	5568.182	  2.535	277.267	  0.518	264.547	  0.899	264.532	  0.491
 42.150	5581.527	  3.139	277.609	  0.660	264.890	  1.043	264.856	  0.625
 42.200	5594.732	  3.878	277.902	  0.697	265.125	  1.084	265.133	  0.661
 42.250	5607.884	  4.285	278.266	  0.701	265.476	  1.092	265.478	  0.664
 42.300	5621.064	  5.063	278.558	  0.718	265.769	  1.107	265.756	  0.680
 42.350	5634.673	  5.309	278.938	  0.638	266.126	  1.013	266.116	  0.605
 42.400	5647.770	  5.596	279.226	  0.544	266.394	  0.897	266.389	  0.515
 42.450	5661.353	  5.036	279.567	  0.406	266.724	  0.690	266.713	  0.385
 42.500	5674.637	  3.943	279.895	  0.335	267.028	  0.111	267.024	  0.317
 42.550	5687.887	  3.070	280.215	  0.512	267.334	  0.652	267.327	  0.485
 42.600	5701.326	  3.045	280.547	  0.589	267.650	  0.867	267.641	  0.559
 42.650	5714.657	  3.844	280.883	  0.642	267.951	  0.990	267.960	  0.609
 42.700	5728.204	  4.381	281.247	  0.668	268.308	  1.082	268.304	  0.634
 42.750	5741.290	  4.232	281.541	  0.609	268.567	  1.076	268.584	  0.577
 42.800	5754.673	  4.665	281.851	  0.609	268.865	  1.107	268.878	  0.577
 42.850	5768.436	  4.847	282.224	  0.616	269.203	  0.988	269.231	  0.584
 42.900	5781.840	  4.958	282.568	  0.606	269.553	  0.883	269.557	  0.575
 42.950	5795.317	  5.150	282.873	  0.553	269.860	  0.669	269.847	  0.524
 43.000	5808.478	  4.575	283.193	  0.403	270.168	  0.121	270.150	  0.382
 43.050	5822.269	  4.023	283.531	  0.506	270.479	  0.650	270.471	  0.480
 43.100	5835.784	  3.942	283.881	  0.521	270.808	  0.878	270.802	  0.494
 43.150	5849.274	  3.417	284.199	  0.560	271.094	  1.020	271.104	  0.531
 43.200	5862.992	  3.162	284.562	  0.668	271.465	  1.120	271.448	  0.633
 43.250	5876.449	  4.339	284.854	  0.694	271.727	  1.125	271.725	  0.658
 43.300	5889.994	  5.080	285.188	  0.690	272.070	  1.074	272.042	  0.655
 43.350	5904.052	  5.466	285.555	  0.677	272.439	  1.031	272.389	  0.641
 43.400	5917.869	  5.567	285.913	  0.577	272.748	  0.854	272.728	  0.547
 43.450	5930.951	  5.326	286.172	  0.451	272.984	  0.670	272.975	  0.428
 43.500	5944.748	  4.372	286.514	  0.144	273.308	  0.131	273.298	  0.137
 43.550	5958.235	  3.476	286.854	  0.454	273.620	  0.639	273.620	  0.430
 43.600	5972.160	  3.102	287.201	  0.619	273.956	  0.888	273.950	  0.587
 43.650	5985.732	  3.291	287.511	  0.689	274.248	  1.025	274.243	  0.653
 43.700	5999.524	  4.103	287.848	  0.695	274.569	  1.094	274.563	  0.659
 43.750	6013.179	  4.977	288.187	  0.690	274.880	  1.111	274.884	  0.655
 43.800	6027.078	  5.535	288.518	  0.631	275.213	  1.072	275.199	  0.598
 43.850	6040.728	  4.982	288.852	  0.555	275.521	  1.021	275.515	  0.526
 43.900	6054.161	  5.165	289.150	  0.562	275.769	  0.933	275.798	  0.532
 43.950	6068.226	  4.882	289.506	  0.532	276.124	  0.678	276.135	  0.504
 44.000	6082.108	  4.607	289.842	  0.411	276.457	  0.070	276.454	  0.390
 44.050	6095.954	  3.902	290.177	  0.558	276.787	  0.690	276.771	  0.529
 44.100	6109.837	  3.639	290.516	  0.574	277.081	  0.862	277.092	  0.544
 44.150	6123.729	  3.614	290.859	  0.599	277.443	  1.016	277.418	  0.568
 44.200	6137.646	  4.070	291.169	  0.581	277.723	  1.091	277.712	  0.551
 44.250	6151.291	  4.387	291.477	  0.662	278.015	  1.127	278.003	  0.628
 44.300	6165.127	  4.387	291.818	  0.707	278.296	  1.089	278.327	  0.670
 44.350	6179.548	  5.073	292.199	  0.655	278.727	  1.002	278.688	  0.621
 44.400	6193.176	  5.734	292.487	  0.659	278.964	  0.934	278.961	  0.625
 44.450	6207.072	  5.580	292.815	  0.505	279.278	  0.677	279.272	  0.479
 44.500	6221.005	  4.873	293.154	  0.297	279.594	  0.111	279.594	  0.281
 44.550	6235.092	  3.437	293.488	  0.365	279.916	  0.678	279.910	  0.346
 44.600	6249.137	  2.836	293.832	  0.569	280.224	  0.899	280.237	  0.540
 44.650	6263.202	  3.085	294.141	  0.631	280.532	  0.991	280.529	  0.599
 44.700	6277.150	  4.002	294.508	  0.700	280.896	  1.090	280.878	  0.664
 44.750	6291.291	  4.568	294.821	  0.720	281.147	  1.148	281.174	  0.682
 44.800	6305.398	  5.149	295.140	  0.696	281.482	  1.073	281.476	  0.660
 44.850	6319.351	  5.816	295.469	  0.625	281.796	  0.988	281.789	  0.592
 44.900	6333.470	  5.728	295.787	  0.479	282.080	  0.894	282.090	  0.454
 44.950	6347.687	  4.752	296.152	  0.430	282.443	  0.649	282.436	  0.408
 45.000	6362.013	  3.810	296.479	  0.361	282.742	  0.050	282.746	  0.342
 45.050	6376.027	  3.530	296.813	  0.542	283.056	  0.673	283.063	  0.513
 45.100	6390.134	  3.810	297.138	  0.624	283.359	  0.892	283.371	  0.592
 45.150	6404.347	  4.146	297.476	  0.670	283.675	  1.008	283.691	  0.635
 45.200	6418.206	  4.402	297.771	  0.665	283.964	  1.086	283.970	  0.630
 45.250	6432.636	  4.154	298.116	  0.596	284.289	  1.091	284.297	  0.565
 45.300	6446.710	  5.049	298.471	  0.682	284.617	  1.124	284.634	  0.647
 45.350	6461.352	  5.263	298.822	  0.657	285.001	  0.996	284.967	  0.623
 45.400	6474.901	  5.067	299.086	  0.621	285.209	  0.912	285.217	  0.589
 45.450	6489.543	  5.369	299.434	  0.548	285.536	  0.704	285.547	  0.519
 45.500	6504.153	  4.930	299.806	  0.369	285.882	  0.070	285.900	  0.350
 45.550	6518.234	  4.290	300.111	  0.477	286.209	  0.684	286.190	  0.452
 45.600	6532.355	  3.727	300.454	  0.488	286.537	  0.885	286.515	  0.463
 45.650	6546.699	  2.902	300.771	  0.585	286.807	  1.002	286.815	  0.555
 45.700	6561.205	  3.482	301.127	  0.669	287.162	  1.077	287.152	  0.635
 45.750	6575.646	  4.433	301.433	  0.712	287.426	  1.108	287.442	  0.675
 45.800	6589.960	  5.267	301.773	  0.714	287.746	  1.094	287.765	  0.677
 45.850	6604.226	  5.453	302.115	  0.617	288.089	  0.982	288.089	  0.585
 45.900	6618.970	  5.553	302.464	  0.583	288.444	  0.883	288.420	  0.553
 45.950	6633.354	  5.174	302.775	  0.389	288.725	  0.658	288.715	  0.368
 46.000	6647.436	  4.437	303.100	  0.254	289.022	  0.086	289.023	  0.241
 46.050	6662.064	  3.216	303.413	  0.474	289.328	  0.639	289.319	  0.449
 46.100	6676.573	  2.794	303.753	  0.623	289.616	  0.890	289.642	  0.591
 46.150	6691.076	  3.850	304.088	  0.673	289.955	  1.013	289.959	  0.639
 46.200	6705.575	  4.562	304.426	  0.712	290.307	  1.110	290.280	  0.675
 46.250	6720.188	  5.179	304.770	  0.669	290.627	  1.078	290.606	  0.634
 46.300	6734.646	  5.346	305.104	  0.601	290.930	  1.088	290.923	  0.569
 46.350	6749.200	  5.070	305.435	  0.575	291.254	  0.993	291.236	  0.546
 46.400	6763.639	  5.260	305.716	  0.605	291.501	  0.930	291.503	  0.573
 46.450	6778.417	  5.195	306.092	  0.526	291.885	  0.640	291.860	  0.499
 46.500	6793.123	  4.695	306.406	  0.431	292.159	  0.121	292.157	  0.408
 46.550	6807.330	  3.890	306.741	  0.528	292.518	  0.722	292.475	  0.501
 46.600	6822.095	  3.788	307.067	  0.570	292.811	  0.919	292.784	  0.540
 46.650	6836.745	  3.966	307.424	  0.557	293.133	  1.025	293.123	  0.528
 46.700	6851.749	  3.971	307.750	  0.599	293.453	  1.076	293.431	  0.568
 46.750	6866.335	  4.089	308.107	  0.674	293.792	  1.103	293.770	  0.639
 46.800	6880.971	  4.737	308.411	  0.700	294.059	  1.094	294.058	  0.664
 46.850	6895.393	  5.375	308.721	  0.673	294.336	  1.051	294.352	  0.638
 46.900	6910.421	  6.167	309.042	  0.633	294.658	  0.896	294.656	  0.600
 46.950	6925.148	  5.912	309.391	  0.493	295.016	  0.637	294.987	  0.468
 47.000	6939.638	  4.710	309.719	  0.222	295.303	  0.099	295.298	  0.210
 47.050	6954.668	  3.425	310.075	  0.436	295.663	  0.703	295.635	  0.413
 47.100	6969.450	  3.137	310.400	  0.588	295.921	  0.889	295.943	  0.557
 47.150	6983.982	  3.486	310.679	  0.667	296.236	  1.038	296.208	  0.633
 47.200	6998.977	  3.938	311.032	  0.715	296.568	  1.137	296.543	  0.678
 47.250	7013.787	  4.784	311.386	  0.707	296.901	  1.117	296.879	  0.670
 47.300	7028.612	  5.352	311.719	  0.661	297.184	  1.084	297.194	  0.627
 47.350	7043.287	  5.982	312.019	  0.610	297.468	  1.057	297.479	  0.578
 47.400	7058.532	  5.708	312.399	  0.507	297.854	  0.888	297.839	  0.481
 47.450	7073.380	  4.766	312.715	  0.475	298.142	  0.667	298.139	  0.451
 47.500	7088.228	  4.516	313.046	  0.405	298.451	  0.000	298.453	  0.384
 47.550	7102.998	  4.038	313.371	  0.538	298.787	  0.660	298.761	  0.510
 47.600	7117.858	  3.847	313.662	  0.606	299.032	  0.865	299.036	  0.574
 47.650	7133.213	  4.010	314.056	  0.658	299.419	  1.048	299.410	  0.624
 47.700	7148.186	  4.247	314.359	  0.630	299.689	  1.112	299.697	  0.597
 47.750	7162.759	  4.445	314.679	  0.619	299.989	  1.119	300.000	  0.587
 47.800	7177.954	  5.033	315.002	  0.674	300.297	  1.103	300.307	  0.639
 47.850	7193.000	  5.185	315.369	  0.664	300.661	  1.023	300.655	  0.630
 47.900	7208.051	  5.539	315.675	  0.648	300.965	  0.906	300.945	  0.614
 47.950	7223.426	  5.221	316.033	  0.525	301.285	  0.662	301.284	  0.497
 48.000	7238.009	  5.243	316.361	  0.354	301.590	  0.070	301.595	  0.335
 48.050	7253.409	  4.254	316.686	  0.427	301.913	  0.686	301.903	  0.405
 48.100	7268.363	  2.983	316.989	  0.483	302.185	  0.865	302.191	  0.458
 48.150	7283.427	  2.816	317.342	  0.619	302.534	  1.026	302.525	  0.587
 48.200	7298.649	  4.061	317.668	  0.689	302.801	  1.091	302.834	  0.653
 48.250	7314.024	  4.725	318.025	  0.718	303.201	  1.095	303.172	  0.681
 48.300	7329.068	  5.282	318.353	  0.701	303.512	  1.076	303.484	  0.665
 48.350	7344.113	  5.864	318.664	  0.644	303.753	  1.048	303.779	  0.611
 48.400	7359.545	  5.994	318.999	  0.539	304.100	  0.904	304.096	  0.511
 48.450	7374.370	  5.309	319.318	  0.401	304.387	  0.707	304.399	  0.380
 48.500	7389.889	  4.629	319.655	  0.306	304.730	  0.086	304.718	  0.290
 48.550	7405.288	  3.018	320.007	  0.523	305.028	  0.656	305.052	  0.496
 48.600	7420.184	  3.055	320.321	  0.622	305.339	  0.901	305.349	  0.589
 48.650	7435.495	  4.044	320.681	  0.679	305.727	  1.024	305.691	  0.644
 48.700	7450.674	  4.639	320.949	  0.682	305.933	  1.101	305.944	  0.647
 48.750	7466.178	  5.103	321.300	  0.654	306.274	  1.104	306.278	  0.620
 48.800	7481.591	  5.055	321.648	  0.599	306.590	  1.085	306.608	  0.568
 48.850	7496.814	  5.200	321.983	  0.630	306.908	  1.034	306.925	  0.597
 48.900	7512.203	  5.637	322.328	  0.616	307.260	  0.864	307.252	  0.584
 48.950	7527.556	  5.674	322.641	  0.545	307.559	  0.662	307.549	  0.517
 49.000	7543.055	  4.774	322.969	  0.407	307.875	  0.050	307.860	  0.386
 49.050	7558.585	  4.148	323.312	  0.510	308.189	  0.651	308.185	  0.484
 49.100	7573.719	  4.129	323.650	  0.541	308.512	  0.885	308.506	  0.513
 49.150	7589.195	  3.826	323.994	  0.556	308.852	  1.027	308.832	  0.527
 49.200	7604.504	  3.777	324.279	  0.648	309.079	  1.095	309.102	  0.614
 49.250	7620.147	  4.054	324.640	  0.718	309.461	  1.132	309.444	  0.680
 49.300	7635.873	  5.244	324.983	  0.692	309.792	  1.079	309.770	  0.656
 49.350	7651.466	  5.678	325.314	  0.632	310.088	  0.976	310.083	  0.599
 49.400	7666.460	  6.279	325.580	  0.642	310.360	  0.934	310.335	  0.609
 49.450	7682.322	  5.477	325.971	  0.448	310.683	  0.677	310.706	  0.425
 49.500	7697.626	  4.574	326.290	  0.094	311.011	  0.122	311.009	  0.089
 49.550	7713.274	  3.542	326.624	  0.454	311.333	  0.660	311.325	  0.431
 49.600	7728.601	  3.491	326.941	  0.555	311.633	  0.858	311.625	  0.526
 49.650	7744.483	  3.550	327.309	  0.699	311.960	  1.031	311.975	  0.662
 49.700	7760.075	  4.139	327.644	  0.708	312.325	  1.077	312.292	  0.672
 49.750	7775.415	  5.169	327.962	  0.701	312.596	  1.123	312.593	  0.664
 49.800	7791.527	  5.755	328.313	  0.639	312.953	  1.073	312.926	  0.606
 49.850	7806.935	  5.609	328.610	  0.548	313.204	  1.036	313.208	  0.519
 49.900	7822.830	  5.214	328.984	  0.514	313.592	  0.841	313.562	  0.487
 49.950	7838.187	  5.179	329.275	  0.518	313.839	  0.682	313.838	  0.491
 50.000	7853.883	  4.675	329.610	  0.411	314.153	  0.099	314.156	  0.389
 50.050	7869.698	  4.177	329.911	  0.528	314.420	  0.614	314.441	  0.500
 50.100	7885.563	  3.825	330.263	  0.604	314.729	  0.824	314.775	  0.572
 50.150	7901.155	  3.891	330.639	  0.596	315.168	  1.018	315.131	  0.566
 50.200	7916.840	  4.443	330.922	  0.587	315.406	  1.104	315.400	  0.557
 50.250	7932.757	  4.543	331.253	  0.649	315.705	  1.100	315.714	  0.616
 50.300	7948.495	  5.040	331.612	  0.687	316.044	  1.131	316.054	  0.651
 50.350	7964.652	  5.409	331.968	  0.687	316.402	  1.034	316.392	  0.651
 50.400	7979.999	  5.819	332.244	  0.623	316.665	  0.893	316.653	  0.591
 50.450	7996.147	  5.993	332.587	  0.544	316.995	  0.672	316.978	  0.515
 50.500	8011.921	  5.287	332.906	  0.316	317.298	  0.070	317.281	  0.300
 50.550	8027.599	  4.084	333.242	  0.367	317.601	  0.641	317.600	  0.348
 50.600	8043.528	  2.871	333.604	  0.525	317.934	  0.853	317.942	  0.498
 50.650	8059.408	  3.272	333.881	  0.645	318.187	  0.999	318.205	  0.611
 50.700	8075.436	  4.385	334.265	  0.702	318.551	  1.085	318.569	  0.666
 50.750	8091.530	  4.926	334.577	  0.714	318.898	  1.123	318.865	  0.677
 50.800	8106.996	  5.407	334.875	  0.705	319.120	  1.108	319.147	  0.668
 50.850	8122.961	  6.267	335.199	  0.652	319.456	  1.042	319.455	  0.618
 50.900	8139.338	  6.058	335.578	  0.496	319.827	  0.892	319.814	  0.471
 50.950	8155.356	  5.492	335.886	  0.437	320.103	  0.684	320.106	  0.414
 51.000	8171.167	  4.268	336.226	  0.361	320.435	  0.111	320.429	  0.342
 51.050	8187.301	  3.464	336.558	  0.533	320.750	  0.666	320.743	  0.505
 51.100	8203.227	  3.402	336.859	  0.588	321.000	  0.839	321.028	  0.557
 51.150	8219.373	  4.383	337.241	  0.644	321.358	  1.005	321.390	  0.611
 51.200	8235.385	  4.761	337.565	  0.659	321.726	  1.068	321.698	  0.625
 51.250	8251.450	  4.691	337.881	  0.595	321.977	  1.089	321.997	  0.564
 51.300	8267.604	  4.900	338.228	  0.608	322.340	  1.074	322.327	  0.577
 51.350	8283.422	  5.612	338.539	  0.634	322.627	  1.004	322.621	  0.601
 51.400	8299.800	  5.816	338.888	  0.611	322.926	  0.880	322.952	  0.579
 51.450	8315.934	  5.514	339.206	  0.559	323.257	  0.668	323.254	  0.530
 51.500	8332.356	  5.093	339.541	  0.397	323.578	  0.099	323.571	  0.377
 51.550	8348.324	  4.423	339.867	  0.476	323.870	  0.626	323.880	  0.451
 51.600	8364.883	  4.209	340.224	  0.519	324.237	  0.923	324.218	  0.492
 51.650	8380.786	  3.578	340.545	  0.577	324.527	  1.021	324.523	  0.547
 51.700	8397.121	  3.680	340.880	  0.685	324.866	  1.082	324.841	  0.649
 51.750	8413.512	  4.672	341.216	  0.730	325.171	  1.113	325.159	  0.692
 51.800	8429.734	  5.558	341.512	  0.713	325.430	  1.103	325.439	  0.676
 51.850	8445.838	  6.107	341.858	  0.674	325.763	  1.025	325.767	  0.639
 51.900	8462.386	  6.202	342.211	  0.585	326.088	  0.888	326.102	  0.555
 51.950	8478.438	  5.643	342.540	  0.406	326.416	  0.678	326.415	  0.385
 52.000	8494.915	  4.674	342.859	  0.219	326.722	  0.070	326.717	  0.207
 52.050	8511.111	  3.763	343.211	  0.501	327.070	  0.708	327.051	  0.475
 52.100	8527.620	  3.388	343.527	  0.608	327.345	  0.885	327.350	  0.576
 52.150	8543.830	  3.688	343.873	  0.681	327.693	  1.043	327.678	  0.646
 52.200	8560.505	  4.632	344.201	  0.693	327.989	  1.063	327.989	  0.657
 52.250	8576.887	  5.479	344.515	  0.708	328.279	  1.112	328.286	  0.671
 52.300	8593.109	  5.666	344.832	  0.627	328.578	  1.103	328.588	  0.595
 52.350	8609.643	  5.621	345.187	  0.595	328.915	  1.057	328.924	  0.564
 52.400	8625.849	  5.637	345.525	  0.580	329.228	  0.902	329.244	  0.549
 52.450	8642.588	  5.219	345.836	  0.546	329.556	  0.649	329.540	  0.518
 52.500	8658.917	  5.248	346.178	  0.418	329.859	  0.111	329.863	  0.397
 52.550	8675.360	  4.140	346.516	  0.545	330.210	  0.682	330.184	  0.517
 52.600	8691.940	  4.168	346.849	  0.578	330.546	  0.902	330.500	  0.548
 52.650	8708.543	  4.287	347.161	  0.586	330.799	  1.020	330.795	  0.556
 52.700	8724.983	  4.019	347.488	  0.598	331.086	  1.082	331.105	  0.567
 52.750	8741.578	  4.643	347.820	  0.659	331.424	  1.094	331.420	  0.625
 52.800	8758.343	  5.164	348.179	  0.704	331.777	  1.093	331.761	  0.667
 52.850	8774.894	  5.572	348.513	  0.667	332.080	  1.008	332.077	  0.632
 52.900	8791.578	  6.107	348.825	  0.620	332.406	  0.890	332.373	  0.588
 52.950	8807.961	  6.276	349.143	  0.509	332.681	  0.673	332.675	  0.483
 53.000	8824.697	  5.011	349.478	  0.261	333.006	  0.070	332.992	  0.248
 53.050	8841.378	  3.525	349.821	  0.400	333.348	  0.698	333.317	  0.379
 53.100	8858.070	  3.312	350.169	  0.545	333.676	  0.876	333.647	  0.517
 53.150	8874.678	  3.488	350.472	  0.638	333.951	  0.999	333.935	  0.605
 53.200	8891.542	  4.482	350.808	  0.686	334.265	  1.064	334.253	  0.650
 53.250	8908.129	  5.090	351.173	  0.716	334.597	  1.136	334.599	  0.679
 53.300	8924.793	  5.530	351.459	  0.665	334.848	  1.098	334.870	  0.630
 53.350	8941.749	  6.083	351.817	  0.592	335.214	  0.997	335.209	  0.562
 53.400	8958.506	  5.954	352.130	  0.483	335.508	  0.880	335.507	  0.458
 53.450	8975.225	  5.315	352.483	  0.475	335.850	  0.657	335.841	  0.450
 53.500	8992.267	  4.289	352.784	  0.376	336.146	  0.086	336.126	  0.356
 53.550	9008.883	  4.123	353.162	  0.531	336.474	  0.691	336.485	  0.503
 53.600	9025.751	  4.136	353.495	  0.627	336.801	  0.898	336.800	  0.595
 53.650	9042.667	  4.398	353.817	  0.646	337.113	  1.020	337.106	  0.612
 53.700	9059.186	  4.441	354.107	  0.619	337.355	  1.090	337.381	  0.587
 53.750	9076.192	  4.805	354.463	  0.599	337.729	  1.108	337.718	  0.568
 53.800	9093.149	  5.206	354.804	  0.657	338.057	  1.091	338.042	  0.623
 53.850	9110.120	  5.557	355.141	  0.662	338.383	  0.999	338.361	  0.628
 53.900	9126.719	  5.962	355.439	  0.628	338.634	  0.888	338.643	  0.595
 53.950	9143.912	  5.579	355.789	  0.524	338.975	  0.662	338.975	  0.497
 54.000	9161.126	  5.500	356.148	  0.358	339.289	  0.070	339.315	  0.339
 54.050	9177.961	  4.810	356.417	  0.424	339.567	  0.617	339.570	  0.402
 54.100	9194.752	  3.709	356.772	  0.472	339.905	  0.878	339.908	  0.447
 54.150	9211.896	  2.998	357.122	  0.621	340.255	  1.027	340.239	  0.589
 54.200	9229.004	  4.012	357.465	  0.672	340.571	  1.072	340.564	  0.637
 54.250	9245.830	  4.879	357.758	  0.726	340.863	  1.111	340.842	  0.689
 54.300	9263.008	  5.857	358.099	  0.700	341.194	  1.096	341.166	  0.663
 54.350	9279.652	  6.498	358.398	  0.699	341.419	  1.060	341.449	  0.663
 54.400	9296.722	  6.171	358.758	  0.561	341.779	  0.910	341.790	  0.532
 54.450	9314.072	  5.769	359.102	  0.347	342.121	  0.666	342.116	  0.329
 54.500	9331.118	  4.958	359.432	  0.304	342.426	  0.111	342.429	  0.288
 54.550	9348.412	  3.728	359.741	  0.477	342.710	  0.615	342.722	  0.452
 54.600	9365.682	  3.281	360.110	  0.636	343.095	  0.908	343.072	  0.603
 54.650	9382.718	  4.080	360.428	  0.679	343.401	  1.012	343.373	  0.643
 54.700	9399.885	  4.850	360.765	  0.693	343.692	  1.099	343.693	  0.657
 54.750	9416.929	  5.424	361.054	  0.646	343.965	  1.082	343.967	  0.612
 54.800	9434.014	  5.703	361.405	  0.570	344.284	  1.075	344.299	  0.540
 54.850	9451.608	  5.409	361.744	  0.593	344.623	  1.002	344.621	  0.563
 54.900	9468.932	  5.462	362.078	  0.567	344.920	  0.879	344.938	  0.537
 54.950	9485.931	  6.076	362.412	  0.551	345.245	  0.688	345.254	  0.523
 55.000	9503.438	  5.194	362.748	  0.411	345.570	  0.086	345.573	  0.390
 55.050	9520.803	  4.275	363.079	  0.522	345.891	  0.672	345.887	  0.494
 55.100	9538.121	  3.980	363.428	  0.561	346.226	  0.906	346.217	  0.532
 55.150	9555.370	  4.358	363.768	  0.558	346.579	  1.039	346.540	  0.529
 55.200	9572.296	  4.223	364.028	  0.623	346.756	  1.085	346.786	  0.591
 55.250	9589.963	  4.489	364.406	  0.694	347.133	  1.129	347.145	  0.658
 55.300	9607.008	  5.319	364.703	  0.686	347.448	  1.051	347.426	  0.650
 55.350	9624.399	  6.016	365.036	  0.667	347.707	  1.047	347.742	  0.632
 55.400	9642.093	  6.662	365.396	  0.617	348.071	  0.911	348.083	  0.585
 55.450	9659.470	  6.144	365.721	  0.451	348.384	  0.687	348.391	  0.428
 55.500	9676.771	  4.789	366.053	  0.149	348.711	  0.099	348.706	  0.141
 55.550	9694.312	  3.477	366.388	  0.428	349.006	  0.629	349.024	  0.406
 55.600	9711.882	  3.531	366.728	  0.602	349.362	  0.869	349.346	  0.571
 55.650	9729.356	  3.913	367.061	  0.681	349.644	  1.011	349.662	  0.645
 55.700	9746.736	  4.278	367.380	  0.707	349.981	  1.101	349.964	  0.670
 55.750	9764.263	  5.204	367.727	  0.692	350.289	  1.074	350.294	  0.656
 55.800	9781.633	  6.172	368.010	  0.674	350.558	  1.094	350.561	  0.639
 55.850	9798.937	  6.483	368.356	  0.584	350.878	  1.060	350.889	  0.554
 55.900	9816.618	  6.155	368.710	  0.529	351.238	  0.904	351.225	  0.501
 55.950	9834.328	  5.490	369.017	  0.488	351.524	  0.677	351.516	  0.463
 56.000	9852.021	  4.484	369.360	  0.400	351.857	  0.050	351.841	  0.379
 56.050	9869.708	  4.390	369.713	  0.547	352.169	  0.672	352.176	  0.518
 56.100	9887.149	  4.507	370.015	  0.612	352.479	  0.899	352.462	  0.580
 56.150	9904.833	  4.207	370.367	  0.622	352.828	  1.009	352.796	  0.589
 56.200	9922.614	  4.487	370.687	  0.611	353.102	  1.105	353.099	  0.579
 56.250	9939.939	  5.027	371.021	  0.634	353.413	  1.104	353.416	  0.601
 56.300	9957.828	  5.423	371.356	  0.671	353.726	  1.077	353.734	  0.637
 56.350	9975.352	  5.817	371.671	  0.702	354.018	  1.050	354.032	  0.666
 56.400	9993.257	  6.160	372.010	  0.647	354.359	  0.894	354.354	  0.613
 56.450	10010.909	  6.254	372.342	  0.538	354.673	  0.675	354.669	  0.510
 56.500	10028.634	  5.636	372.679	  0.342	354.994	  0.099	354.988	  0.325
 56.550	10046.608	  4.541	373.017	  0.390	355.314	  0.663	355.309	  0.369
 56.600	10064.310	  3.427	373.355	  0.532	355.625	  0.883	355.628	  0.504
 56.650	10081.871	  3.024	373.680	  0.615	355.936	  1.010	355.937	  0.583
 56.700	10099.941	  4.423	373.998	  0.682	356.250	  1.069	356.239	  0.646
 56.750	10117.510	  4.945	374.306	  0.691	356.564	  1.082	356.530	  0.655
 56.800	10135.833	  5.790	374.715	  0.704	356.932	  1.056	356.918	  0.668
 56.850	10153.562	  6.304	375.023	  0.636	357.210	  1.030	357.211	  0.603
 56.900	10171.484	  6.234	375.356	  0.504	357.548	  0.862	357.526	  0.478
 56.950	10189.307	  5.949	375.677	  0.410	357.826	  0.660	357.831	  0.389
 57.000	10207.013	  4.890	375.984	  0.337	358.134	  0.111	358.121	  0.320
 57.050	10225.160	  3.743	376.337	  0.543	358.445	  0.681	358.455	  0.515
 57.100	10242.802	  3.599	376.641	  0.619	358.729	  0.867	358.744	  0.587
 57.150	10260.975	  4.331	377.019	  0.658	359.108	  1.005	359.103	  0.623
 57.200	10278.673	  5.297	377.299	  0.670	359.342	  1.064	359.368	  0.635
 57.250	10296.577	  5.280	377.633	  0.618	359.664	  1.098	359.685	  0.585
 57.300	10314.695	  5.173	377.967	  0.609	360.008	  1.094	360.001	  0.577
 57.350	10332.838	  6.059	378.324	  0.634	360.323	  1.042	360.340	  0.601
 57.400	10350.847	  6.001	378.655	  0.616	360.649	  0.898	360.653	  0.584
 57.450	10368.580	  5.839	378.962	  0.549	360.960	  0.670	360.944	  0.521
 57.500	10387.046	  5.181	379.327	  0.400	361.280	  0.070	361.290	  0.379
 57.550	10404.530	  4.613	379.608	  0.490	361.575	  0.654	361.557	  0.464
 57.600	10422.861	  4.141	379.953	  0.512	361.882	  0.858	361.884	  0.486
 57.650	10441.035	  3.964	380.273	  0.561	362.163	  0.992	362.188	  0.532
 57.700	10459.079	  4.112	380.616	  0.650	362.491	  1.068	362.513	  0.617
 57.750	10477.386	  4.713	380.947	  0.716	362.860	  1.148	362.827	  0.679
 57.800	10495.495	  5.784	381.281	  0.697	363.181	  1.096	363.143	  0.661
 57.850	10513.646	  6.465	381.615	  0.681	363.485	  1.038	363.460	  0.645
 57.900	10532.000	  6.267	381.993	  0.570	363.828	  0.863	363.818	  0.540
 57.950	10550.461	  5.870	382.312	  0.406	364.134	  0.642	364.121	  0.385
 58.000	10568.462	  4.938	382.623	  0.166	364.422	  0.070	364.415	  0.158
 58.050	10586.398	  3.845	382.965	  0.501	364.777	  0.703	364.739	  0.475
 58.100	10604.772	  3.680	383.278	  0.602	365.072	  0.881	365.037	  0.571
 58.150	10623.100	  3.864	383.645	  0.694	365.402	  1.041	365.384	  0.658
 58.200	10641.015	  4.569	383.927	  0.700	365.674	  1.083	365.652	  0.664
 58.250	10659.346	  5.196	384.262	  0.686	365.988	  1.094	365.969	  0.651
 58.300	10678.007	  6.399	384.636	  0.619	366.362	  1.076	366.324	  0.587
 58.350	10696.372	  6.139	384.940	  0.557	366.610	  1.014	366.612	  0.528
 58.400	10714.450	  5.730	385.273	  0.597	366.913	  0.928	366.928	  0.566
 58.450	10732.713	  5.708	385.581	  0.532	367.225	  0.688	367.220	  0.504
 58.500	10751.514	  5.062	385.933	  0.401	367.563	  0.070	367.554	  0.380
 58.550	10769.756	  4.661	386.287	  0.536	367.888	  0.657	367.889	  0.508
 58.600	10788.320	  4.192	386.590	  0.595	368.181	  0.895	368.176	  0.564
 58.650	10806.650	  4.392	386.934	  0.591	368.501	  1.000	368.503	  0.560
 58.700	10825.066	  4.269	387.270	  0.595	368.832	  1.089	368.821	  0.564
 58.750	10843.645	  4.856	387.620	  0.664	369.208	  1.076	369.153	  0.630
 58.800	10862.101	  5.619	387.961	  0.695	369.502	  1.075	369.476	  0.659
 58.850	10880.444	  5.885	388.288	  0.680	369.783	  0.997	369.786	  0.644
 58.900	10898.829	  6.454	388.593	  0.627	370.061	  0.881	370.075	  0.595
 58.950	10917.300	  6.371	388.932	  0.505	370.419	  0.621	370.397	  0.479
 59.000	10936.068	  5.679	389.255	  0.279	370.708	  0.000	370.703	  0.264
 59.050	10954.504	  4.005	389.577	  0.358	371.014	  0.657	371.009	  0.339
 59.100	10973.250	  3.114	389.919	  0.569	371.289	  0.851	371.333	  0.539
 59.150	10991.486	  3.527	390.258	  0.646	371.688	  1.048	371.654	  0.612
 59.200	11009.902	  4.585	390.550	  0.718	371.947	  1.105	371.931	  0.681
 59.250	11028.910	  5.587	390.906	  0.707	372.288	  1.096	372.268	  0.671
 59.300	11047.602	  5.816	391.252	  0.671	372.620	  1.082	372.597	  0.636
 59.350	11066.263	  5.808	391.597	  0.567	372.904	  0.966	372.923	  0.538
 59.400	11084.687	  6.472	391.904	  0.480	373.218	  0.901	373.214	  0.455
 59.450	11103.412	  5.704	392.231	  0.448	373.557	  0.643	373.525	  0.425
 59.500	11121.987	  4.618	392.568	  0.380	373.842	  0.111	373.843	  0.360
 59.550	11140.823	  4.110	392.877	  0.519	374.124	  0.629	374.137	  0.492
 59.600	11159.310	  4.256	393.213	  0.602	374.484	  0.876	374.456	  0.571
 59.650	11177.894	  4.749	393.551	  0.645	374.768	  1.007	374.776	  0.612
 59.700	11197.045	  4.915	393.886	  0.640	375.078	  1.098	375.093	  0.606
 59.750	11216.055	  5.267	394.250	  0.593	375.472	  1.113	375.438	  0.562
 59.800	11234.449	  5.284	394.537	  0.634	375.712	  1.081	375.711	  0.601
 59.850	11252.803	  5.880	394.839	  0.666	375.970	  1.032	375.997	  0.632
 59.900	11272.577	  6.099	395.271	  0.580	376.422	  0.845	376.407	  0.550
 59.950	11290.839	  5.928	395.555	  0.524	376.701	  0.634	376.676	  0.497
 60.000	11309.713	  5.431	395.888	  0.388	376.983	  0.111	376.991	  0.368
 60.050	11328.300	  4.970	396.217	  0.471	377.323	  0.697	377.303	  0.446
 60.100	11347.350	  4.228	396.545	  0.481	377.624	  0.887	377.614	  0.456
 60.150	11366.273	  3.631	396.881	  0.601	377.945	  1.024	377.933	  0.570
 60.200	11385.212	  3.990	397.207	  0.661	378.243	  1.095	378.242	  0.626
 60.250	11403.728	  5.019	397.511	  0.700	378.466	  1.124	378.530	  0.664
 60.300	11422.979	  6.013	397.837	  0.712	378.826	  1.070	378.840	  0.675
 60.350	11442.214	  6.753	398.193	  0.665	379.192	  0.977	379.177	  0.631
 60.400	11461.105	  6.580	398.527	  0.563	379.495	  0.877	379.494	  0.534
 60.450	11479.769	  5.847	398.842	  0.389	379.778	  0.687	379.792	  0.369
 60.500	11498.853	  5.028	399.193	  0.269	380.128	  0.086	380.125	  0.255
 60.550	11517.993	  4.190	399.534	  0.529	380.445	  0.666	380.448	  0.501
 60.600	11537.131	  3.396	399.873	  0.604	380.800	  0.895	380.769	  0.573
 60.650	11556.108	  4.095	400.184	  0.679	381.039	  0.999	381.064	  0.644
 60.700	11575.210	  5.130	400.522	  0.686	381.347	  1.054	381.385	  0.650
 60.750	11594.463	  5.683	400.879	  0.657	381.766	  1.101	381.723	  0.623
 60.800	11613.093	  6.199	401.169	  0.576	381.985	  1.074	381.999	  0.546
 60.850	11632.587	  5.778	401.518	  0.589	382.341	  1.025	382.329	  0.558
 60.900	11651.624	  5.827	401.875	  0.593	382.682	  0.871	382.668	  0.562
 60.950	11670.910	  6.136	402.179	  0.546	382.948	  0.668	382.956	  0.518
 61.000	11689.886	  5.663	402.517	  0.404	383.273	  0.050	383.276	  0.383
 61.050	11709.279	  4.581	402.878	  0.528	383.595	  0.671	383.618	  0.500
 61.100	11728.032	  4.133	403.159	  0.540	383.885	  0.866	383.885	  0.512
 61.150	11747.366	  4.426	403.497	  0.557	384.206	  0.998	384.205	  0.528
 61.200	11766.799	  4.450	403.840	  0.630	384.536	  1.107	384.531	  0.597
 61.250	11785.594	  4.990	404.142	  0.702	384.773	  1.102	384.817	  0.666
 61.300	11804.778	  5.617	404.452	  0.731	385.078	  1.102	385.111	  0.693
 61.350	11824.331	  6.135	404.814	  0.692	385.458	  1.033	385.454	  0.656
 61.400	11843.518	  6.861	405.140	  0.641	385.777	  0.913	385.763	  0.608
 61.450	11862.925	  6.548	405.473	  0.486	386.044	  0.708	386.079	  0.461
 61.500	11881.791	  5.760	405.813	  0.212	386.410	  0.099	386.401	  0.201
 61.550	11901.819	  3.633	406.151	  0.404	386.728	  0.651	386.721	  0.383
 61.600	11920.912	  3.163	406.492	  0.597	387.050	  0.904	387.045	  0.566
 61.650	11940.530	  4.261	406.828	  0.709	387.363	  1.056	387.363	  0.673
 61.700	11959.714	  4.793	407.123	  0.700	387.666	  1.071	387.643	  0.664
 61.750	11979.022	  5.416	407.484	  0.724	387.973	  1.132	387.985	  0.686
 61.800	11998.570	  6.108	407.805	  0.666	388.323	  1.059	388.290	  0.632
 61.850	12017.696	  6.483	408.118	  0.589	388.601	  1.014	388.586	  0.558
 61.900	12037.522	  6.374	408.482	  0.504	388.932	  0.874	388.932	  0.478
 61.950	12056.769	  5.997	408.815	  0.493	389.251	  0.665	389.247	  0.467
 62.000	12076.356	  4.767	409.145	  0.397	389.553	  0.086	389.560	  0.376
 62.050	12095.655	  4.290	409.465	  0.555	389.872	  0.652	389.863	  0.526
 62.100	12115.345	  4.555	409.759	  0.620	390.137	  0.859	390.142	  0.588
 62.150	12134.705	  4.753	410.158	  0.646	390.580	  1.086	390.520	  0.612
 62.200	12154.237	  4.549	410.472	  0.631	390.836	  1.139	390.818	  0.598
 62.250	12173.764	  5.069	410.782	  0.641	391.086	  1.120	391.111	  0.608
 62.300	12193.515	  5.418	411.122	  0.651	391.455	  1.069	391.434	  0.617
 62.350	12213.225	  6.286	411.471	  0.678	391.791	  1.009	391.765	  0.643
 62.400	12232.656	  6.304	411.798	  0.621	392.071	  0.908	392.075	  0.589
 62.450	12252.311	  6.094	412.140	  0.519	392.410	  0.644	392.399	  0.492
 62.500	12271.929	  5.518	412.459	  0.336	392.694	  0.086	392.702	  0.318
 62.550	12291.539	  5.049	412.784	  0.417	393.024	  0.671	393.010	  0.395
 62.600	12311.325	  3.883	413.107	  0.505	393.323	  0.902	393.316	  0.478
 62.650	12330.910	  3.323	413.434	  0.639	393.613	  1.013	393.626	  0.606
 62.700	12350.517	  4.199	413.771	  0.709	393.926	  1.099	393.945	  0.672
 62.750	12370.138	  5.564	414.100	  0.715	394.265	  1.121	394.257	  0.678
 62.800	12389.769	  6.458	414.422	  0.718	394.564	  1.109	394.562	  0.681
 62.850	12409.841	  6.665	414.775	  0.659	394.879	  1.020	394.897	  0.625
 62.900	12429.340	  6.771	415.095	  0.547	395.209	  0.914	395.201	  0.518
 62.950	12448.788	  6.384	415.424	  0.401	395.503	  0.683	395.513	  0.380
 63.000	12468.765	  5.220	415.762	  0.331	395.830	  0.131	395.834	  0.314
 63.050	12488.702	  4.173	416.099	  0.528	396.149	  0.655	396.153	  0.500
 63.100	12508.575	  3.614	416.416	  0.611	396.441	  0.869	396.453	  0.579
 63.150	12528.370	  4.188	416.748	  0.658	396.760	  1.010	396.768	  0.624
 63.200	12548.419	  5.452	417.108	  0.678	397.146	  1.071	397.109	  0.643
 63.250	12568.043	  5.809	417.408	  0.638	397.375	  1.123	397.394	  0.605
 63.300	12588.114	  5.729	417.748	  0.601	397.719	  1.106	397.716	  0.569
 63.350	12607.842	  5.949	418.073	  0.633	398.029	  1.041	398.024	  0.600
 63.400	12628.049	  6.255	418.442	  0.588	398.403	  0.862	398.374	  0.558
 63.450	12647.548	  6.342	418.722	  0.553	398.643	  0.695	398.639	  0.525
 63.500	12667.690	  5.429	419.074	  0.400	398.978	  0.086	398.973	  0.379
 63.550	12687.916	  4.474	419.406	  0.487	399.274	  0.669	399.288	  0.462
 63.600	12707.648	  4.384	419.753	  0.528	399.633	  0.893	399.617	  0.501
 63.650	12727.686	  4.293	420.068	  0.515	399.912	  0.976	399.915	  0.488
 63.700	12747.542	  4.610	420.373	  0.632	400.196	  1.075	400.205	  0.599
 63.750	12767.566	  4.774	420.717	  0.691	400.517	  1.105	400.531	  0.655
 63.800	12787.549	  5.776	421.033	  0.697	400.819	  1.094	400.830	  0.661
 63.850	12807.790	  6.693	421.398	  0.675	401.174	  1.005	401.177	  0.640
 63.900	12827.792	  6.917	421.723	  0.605	401.499	  0.880	401.484	  0.574
 63.950	12848.078	  6.655	422.070	  0.445	401.800	  0.681	401.814	  0.422
 64.000	12867.941	  5.140	422.389	  0.113	402.118	  0.099	402.116	  0.107
 64.050	12888.186	  3.905	422.697	  0.456	402.407	  0.643	402.408	  0.433
 64.100	12908.175	  3.662	423.036	  0.589	402.705	  0.891	402.729	  0.559
 64.150	12928.001	  4.241	423.355	  0.656	403.035	  0.988	403.032	  0.622
 64.200	12948.569	  4.820	423.722	  0.697	403.399	  1.116	403.379	  0.661
 64.250	12968.795	  5.552	424.067	  0.692	403.685	  1.102	403.707	  0.656
 64.300	12988.921	  6.223	424.366	  0.639	404.004	  1.089	403.991	  0.606
 64.350	13009.172	  6.514	424.722	  0.542	404.339	  1.030	404.328	  0.514
 64.400	13029.527	  6.235	425.070	  0.544	404.667	  0.903	404.658	  0.516
 64.450	13049.305	  5.681	425.358	  0.506	404.936	  0.670	404.931	  0.480
 64.500	13069.748	  4.998	425.677	  0.394	405.265	  0.000	405.233	  0.374
 64.550	13090.434	  4.729	426.039	  0.503	405.550	  0.617	405.576	  0.477
 64.600	13110.279	  4.923	426.371	  0.588	405.889	  0.863	405.892	  0.558
 64.650	13130.400	  4.467	426.683	  0.604	406.191	  1.006	406.187	  0.572
 64.700	13150.837	  4.563	427.029	  0.579	406.514	  1.092	406.515	  0.549
 64.750	13171.235	  5.046	427.350	  0.651	406.806	  1.099	406.819	  0.617
 64.800	13191.688	  5.952	427.669	  0.704	407.147	  1.128	407.122	  0.667
 64.850	13212.227	  6.121	428.062	  0.653	407.521	  1.009	407.494	  0.619
 64.900	13232.385	  6.355	428.364	  0.606	407.779	  0.883	407.780	  0.575
 64.950	13252.959	  6.645	428.687	  0.544	408.098	  0.678	408.087	  0.516
 65.000	13273.173	  5.948	429.028	  0.295	408.405	  0.050	408.410	  0.280
 65.050	13293.758	  4.845	429.360	  0.389	408.743	  0.707	408.725	  0.369
 65.100	13314.183	  3.307	429.684	  0.542	409.029	  0.885	409.032	  0.514
 65.150	13334.520	  3.591	429.991	  0.665	409.310	  1.021	409.323	  0.631
 65.200	13354.881	  4.616	430.355	  0.746	409.687	  1.114	409.668	  0.707
 65.250	13375.963	  5.812	430.704	  0.739	409.998	  1.121	409.999	  0.701
 65.300	13396.177	  6.190	431.001	  0.685	410.330	  1.061	410.281	  0.650
 65.350	13416.634	  6.587	431.360	  0.619	410.653	  0.998	410.621	  0.587
 65.400	13437.148	  6.482	431.686	  0.474	410.949	  0.861	410.930	  0.449
 65.450	13457.672	  6.147	432.003	  0.440	411.233	  0.657	411.230	  0.417
 65.500	13478.289	  5.018	432.333	  0.367	411.542	  0.099	411.543	  0.348
 65.550	13499.188	  4.049	432.696	  0.553	411.879	  0.663	411.887	  0.524
 65.600	13519.230	  4.193	432.967	  0.601	412.171	  0.929	412.145	  0.570
 65.650	13540.093	  4.787	433.322	  0.662	412.439	  0.981	412.481	  0.628
 65.700	13560.491	  5.557	433.656	  0.671	412.834	  1.106	412.798	  0.636
 65.750	13581.320	  5.653	433.972	  0.617	413.088	  1.120	413.098	  0.585
 65.800	13602.094	  5.401	434.329	  0.633	413.443	  1.063	413.436	  0.600
 65.850	13622.870	  6.138	434.671	  0.655	413.762	  1.011	413.760	  0.621
 65.900	13643.374	  6.486	434.992	  0.625	414.085	  0.873	414.064	  0.592
 65.950	13663.760	  6.465	435.305	  0.549	414.371	  0.681	414.361	  0.520
 66.000	13684.419	  5.446	435.639	  0.392	414.687	  0.070	414.677	  0.372
 66.050	13705.664	  4.922	436.003	  0.474	415.031	  0.674	415.023	  0.450
 66.100	13726.405	  4.506	436.342	  0.514	415.377	  0.935	415.344	  0.487
 66.150	13747.327	  3.989	436.667	  0.606	415.685	  1.043	415.653	  0.575
 66.200	13767.883	  4.309	436.958	  0.681	415.923	  1.105	415.928	  0.645
 66.250	13788.536	  5.149	437.292	  0.729	416.239	  1.124	416.245	  0.691
 66.300	13809.525	  6.150	437.651	  0.731	416.580	  1.095	416.586	  0.693
 66.350	13830.234	  6.935	437.958	  0.670	416.881	  1.010	416.876	  0.635
 66.400	13851.275	  7.021	438.302	  0.571	417.204	  0.883	417.203	  0.541
 66.450	13872.474	  5.872	438.645	  0.384	417.524	  0.651	417.528	  0.364
 66.500	13893.099	  4.677	438.945	  0.219	417.830	  0.050	417.812	  0.207
 66.550	13913.936	  4.202	439.291	  0.489	418.141	  0.660	418.140	  0.463
 66.600	13934.635	  3.777	439.594	  0.579	418.440	  0.863	418.427	  0.549
 66.650	13955.830	  4.408	439.964	  0.692	418.790	  1.028	418.778	  0.656
 66.700	13976.814	  5.191	440.339	  0.704	419.142	  1.105	419.134	  0.667
 66.750	13997.514	  5.756	440.607	  0.656	419.398	  1.083	419.388	  0.622
 66.800	14018.239	  6.400	440.908	  0.609	419.635	  1.096	419.673	  0.578
 66.850	14039.638	  6.292	441.302	  0.564	420.105	  0.995	420.047	  0.535
 66.900	14060.740	  5.947	441.632	  0.570	420.370	  0.867	420.360	  0.540
 66.950	14081.535	  5.935	441.954	  0.534	420.684	  0.637	420.665	  0.506
 67.000	14102.292	  6.158	442.247	  0.413	420.970	  0.070	420.942	  0.391
 67.050	14123.660	  5.156	442.596	  0.501	421.267	  0.656	421.273	  0.475
 67.100	14144.674	  4.530	442.933	  0.584	421.599	  0.869	421.592	  0.554
 67.150	14166.052	  4.586	443.258	  0.566	421.903	  1.008	421.901	  0.537
 67.200	14186.818	  4.766	443.608	  0.609	422.254	  1.103	422.233	  0.577
 67.250	14207.771	  5.130	443.888	  0.642	422.485	  1.103	422.498	  0.609
 67.300	14228.948	  6.016	444.242	  0.689	422.841	  1.079	422.833	  0.653
 67.350	14250.497	  6.332	444.589	  0.680	423.155	  1.011	423.163	  0.645
 67.400	14271.725	  6.956	444.929	  0.618	423.493	  0.891	423.485	  0.586
 67.450	14293.080	  6.847	445.280	  0.463	423.820	  0.657	423.818	  0.439
 67.500	14313.755	  5.742	445.589	  0.228	424.113	  0.050	424.111	  0.217
 67.550	14335.264	  3.932	445.927	  0.411	424.450	  0.688	424.431	  0.390
 67.600	14356.455	  3.299	446.242	  0.586	424.731	  0.884	424.730	  0.556
 67.650	14377.285	  4.075	446.557	  0.641	425.039	  1.021	425.029	  0.607
 67.700	14398.923	  5.194	446.928	  0.698	425.392	  1.107	425.380	  0.662
 67.750	14420.053	  5.861	447.246	  0.695	425.669	  1.108	425.682	  0.659
 67.800	14441.060	  6.503	447.553	  0.670	425.956	  1.096	425.973	  0.636
 67.850	14462.950	  6.505	447.911	  0.580	426.346	  1.001	426.312	  0.550
 67.900	14484.293	  6.377	448.230	  0.497	426.635	  0.874	426.615	  0.471
 67.950	14505.482	  6.346	448.573	  0.473	426.955	  0.654	426.940	  0.448
 68.000	14526.519	  5.107	448.919	  0.409	427.252	  0.086	427.268	  0.388
 68.050	14548.143	  4.246	449.220	  0.542	427.555	  0.648	427.553	  0.513
 68.100	14569.442	  4.386	449.556	  0.600	427.849	  0.856	427.872	  0.568
 68.150	14591.020	  5.040	449.890	  0.648	428.191	  1.029	428.188	  0.614
 68.200	14612.122	  5.139	450.229	  0.616	428.487	  1.093	428.510	  0.584
 68.250	14633.314	  4.906	450.534	  0.602	428.769	  1.095	428.799	  0.570
 68.300	14654.852	  5.632	450.855	  0.650	429.058	  1.079	429.103	  0.616
 68.350	14676.801	  6.419	451.250	  0.653	429.492	  1.011	429.478	  0.619
 68.400	14697.781	  6.997	451.521	  0.653	429.745	  0.918	429.735	  0.619
 68.450	14719.172	  6.735	451.853	  0.561	430.054	  0.690	430.049	  0.532
 68.500	14741.000	  5.910	452.199	  0.369	430.395	  0.070	430.377	  0.349
 68.550	14762.700	  4.960	452.529	  0.441	430.684	  0.630	430.690	  0.418
 68.600	14784.519	  4.625	452.880	  0.492	431.034	  0.882	431.024	  0.466
 68.650	14805.773	  3.406	453.215	  0.623	431.345	  1.020	431.341	  0.591
 68.700	14827.317	  4.249	453.561	  0.701	431.667	  1.101	431.669	  0.665
 68.750	14848.549	  5.260	453.842	  0.697	431.903	  1.118	431.935	  0.661
 68.800	14870.877	  6.880	454.225	  0.723	432.300	  1.092	432.299	  0.685
 68.850	14892.631	  7.311	454.560	  0.655	432.583	  1.038	432.616	  0.621
 68.900	14913.577	  6.886	454.840	  0.559	432.894	  0.889	432.882	  0.530
 68.950	14935.598	  5.956	455.211	  0.359	433.249	  0.649	433.233	  0.340
 69.000	14957.087	  5.290	455.520	  0.300	433.530	  0.121	433.526	  0.285
 69.050	14978.955	  4.449	455.874	  0.521	433.874	  0.688	433.861	  0.494
 69.100	15000.581	  3.925	456.190	  0.638	434.160	  0.871	434.162	  0.605
 69.150	15022.177	  4.257	456.536	  0.689	434.501	  1.015	434.490	  0.653
 69.200	15044.134	  5.560	456.867	  0.682	434.811	  1.083	434.803	  0.647
 69.250	15065.873	  6.320	457.218	  0.629	435.137	  1.085	435.136	  0.597
 69.300	15087.418	  6.154	457.512	  0.570	435.409	  1.063	435.415	  0.540
 69.350	15109.351	  6.039	457.874	  0.615	435.781	  1.034	435.757	  0.583
 69.400	15130.856	  6.321	458.187	  0.605	436.023	  0.905	436.055	  0.573
 69.450	15152.842	  6.556	458.521	  0.556	436.361	  0.693	436.372	  0.527
 69.500	15174.555	  5.624	458.809	  0.405	436.677	  0.086	436.644	  0.384
 69.550	15196.229	  4.871	459.156	  0.525	437.010	  0.669	436.973	  0.498
 69.600	15218.386	  4.650	459.506	  0.568	437.325	  0.900	437.305	  0.538
 69.650	15240.542	  4.339	459.856	  0.550	437.658	  1.039	437.637	  0.522
 69.700	15262.190	  4.979	460.144	  0.638	437.916	  1.089	437.910	  0.604
 69.750	15283.798	  5.076	460.463	  0.702	438.197	  1.104	438.212	  0.665
 69.800	15305.933	  5.875	460.824	  0.721	438.555	  1.104	438.554	  0.683
 69.850	15327.878	  6.598	461.158	  0.670	438.866	  1.016	438.871	  0.635
 69.900	15349.919	  6.996	461.491	  0.609	439.171	  0.904	439.187	  0.577
 69.950	15371.608	  7.183	461.807	  0.477	439.477	  0.688	439.486	  0.453
