  1.00000     1.50000     2.00000     2.50000     3.00000     3.50000     4.00000     4.50000     5.00000     5.50000     6.00000     6.50000     7.00000     7.50000     8.00000     8.50000     9.00000     9.50000    10.00000    10.50000    11.00000    11.50000    12.00000    12.50000    13.00000    13.50000    14.00000    14.50000    15.00000    15.50000    16.00000    16.50000    17.00000    17.50000    18.00000    18.50000    19.00000    19.50000    20.00000    20.50000    21.00000    21.50000    22.00000    22.50000    23.00000    23.50000    24.00000    24.50000    25.00000    25.50000    26.00000    26.50000    27.00000    27.50000    28.00000    28.50000    29.00000    29.50000    30.00000    30.50000    31.00000    31.50000    32.00000    32.50000    33.00000    33.50000    34.00000    34.50000    35.00000    35.50000    36.00000    36.50000    37.00000    37.50000    38.00000    38.50000    39.00000    39.50000    40.00000    40.50000    41.00000    41.50000    42.00000    42.50000    43.00000    43.50000    44.00000    44.50000    45.00000    45.50000    46.00000    46.50000    47.00000    47.50000    48.00000    48.50000    49.00000    49.50000    50.00000    50.50000    51.00000    51.50000    52.00000    52.50000    53.00000    53.50000    54.00000    54.50000    55.00000    55.50000    56.00000    56.50000    57.00000    57.50000    58.00000    58.50000    59.00000    59.50000    60.00000    60.50000    61.00000    61.50000    62.00000    62.50000    63.00000    63.50000    64.00000    64.50000    65.00000    65.50000    66.00000    66.50000    67.00000    67.50000    68.00000    68.50000    69.00000    69.50000    70.00000    70.50000    71.00000    71.50000    72.00000    72.50000    73.00000    73.50000    74.00000    74.50000    75.00000    75.50000    76.00000    76.50000    77.00000    77.50000    78.00000    78.50000    79.00000    79.50000    80.00000    80.50000    81.00000    81.50000    82.00000    82.50000    83.00000    83.50000    84.00000    84.50000    85.00000    85.50000    86.00000    86.50000    87.00000    87.50000    88.00000    88.50000    89.00000    89.50000    90.00000    90.50000    91.00000    91.50000    92.00000    92.50000    93.00000    93.50000    94.00000    94.50000    95.00000    95.50000    96.00000    96.50000    97.00000    97.50000    98.00000    98.50000    99.00000    99.50000   100.00000   100.50000   101.00000   101.50000   102.00000   102.50000   103.00000   103.50000   104.00000   104.50000   105.00000   105.50000   106.00000   106.50000   107.00000   107.50000   108.00000   108.50000   109.00000   109.50000   110.00000   110.50000   111.00000   111.50000   112.00000   112.50000   113.00000   113.50000   114.00000   114.50000   115.00000   115.50000   116.00000   116.50000   117.00000   117.50000   118.00000   118.50000   119.00000   119.50000   120.00000   120.50000   121.00000   121.50000   122.00000   122.50000   123.00000   123.50000   124.00000   124.50000   125.00000   125.50000   126.00000   126.50000   127.00000   127.50000   128.00000   128.50000   129.00000   129.50000   130.00000   130.50000   131.00000   131.50000   132.00000   132.50000   133.00000   133.50000   134.00000   134.50000   135.00000   135.50000   136.00000   136.50000   137.00000   137.50000   138.00000   138.50000   139.00000   139.50000   140.00000   140.50000   141.00000   141.50000   142.00000   142.50000   143.00000   143.50000   144.00000   144.50000   145.00000   145.50000   146.00000   146.50000   147.00000   147.50000   148.00000   148.50000   149.00000   149.50000   150.00000   150.50000   151.00000   151.50000   152.00000   152.50000   153.00000   153.50000   154.00000   154.50000   155.00000   155.50000   156.00000   156.50000   157.00000   157.50000   158.00000   158.50000   159.00000   159.50000   160.00000   160.50000   161.00000   161.50000   162.00000   162.50000   163.00000   163.50000   164.00000   164.50000   165.00000   165.50000   166.00000   166.50000   167.00000   167.50000   168.00000   168.50000   169.00000   169.50000   170.00000   170.50000   171.00000   171.50000   172.00000   172.50000   173.00000   173.50000   174.00000   174.50000   175.00000   175.50000   176.00000   176.50000   177.00000   177.50000   178.00000   178.50000   179.00000   179.50000   180.00000
318.872 320.442 325.155 329.867 329.867 331.438 334.58 339.292 339.292 344.004 345.575 348.717 350.288 351.858 353.429 356.571 358.142 361.283 364.425 365.996 367.566 369.137 370.708 373.85 376.991 376.991 380.133 381.704 384.845 386.416 387.987 391.128 392.699 392.699 394.27 395.841 397.411 398.982 402.124 402.124 405.265 406.836 408.407 409.978 411.549 411.549 413.119 414.69 414.69 417.832 417.832 420.973 420.973 422.544 422.544 424.115 425.686 427.257 427.257 428.827 427.257 430.398 431.969 431.969 431.969 433.54 436.681 435.111 436.681 435.111 438.252 438.252 438.252 438.252 439.823 439.823 441.394 441.394 442.965 441.394 442.965 442.965 442.965 442.965 442.965 442.965 441.394 442.965 444.535 442.965 442.965 441.394 444.535 444.535 441.394 441.394 442.965 441.394 441.394 439.823 441.394 439.823 436.681 439.823 438.252 436.681 436.681 435.111 435.111 436.681 435.111 433.54 433.54 433.54 431.969 430.398 430.398 428.827 427.257 427.257 424.115 424.115 422.544 420.973 420.973 417.832 419.403 417.832 417.832 414.69 414.69 413.119 413.119 408.407 408.407 405.265 405.265 405.265 400.553 398.982 398.982 395.841 394.27 392.699 392.699 389.557 386.416 384.845 383.274 383.274 380.133 376.991 375.42 375.42 373.85 370.708 367.566 365.996 362.854 361.283 358.142 356.571 355 351.858 350.288 345.575 345.575 342.434 340.863 339.292 336.15 329.867 329.867 326.726 323.584 323.584 317.301 317.301 314.159 315.73 318.872 323.584 325.155 326.726 329.867 333.009 334.58 337.721 340.863 342.434 344.004 348.717 350.288 351.858 353.429 356.571 359.712 361.283 362.854 365.996 369.137 369.137 370.708 373.85 375.42 378.562 380.133 383.274 384.845 386.416 386.416 389.557 392.699 392.699 394.27 397.411 398.982 400.553 402.124 402.124 403.695 406.836 406.836 408.407 411.549 411.549 413.119 416.261 414.69 417.832 417.832 417.832 420.973 424.115 425.686 424.115 425.686 427.257 427.257 428.827 428.827 430.398 431.969 433.54 433.54 433.54 435.111 435.111 436.681 436.681 435.111 438.252 438.252 438.252 439.823 442.965 439.823 441.394 439.823 441.394 439.823 441.394 442.965 442.965 446.106 442.965 442.965 442.965 442.965 442.965 442.965 441.394 442.965 442.965 442.965 441.394 439.823 441.394 441.394 441.394 439.823 439.823 441.394 439.823 438.252 436.681 436.681 436.681 436.681 435.111 435.111 433.54 433.54 431.969 433.54 430.398 427.257 428.827 427.257 427.257 424.115 424.115 422.544 424.115 420.973 420.973 419.403 420.973 416.261 414.69 413.119 411.549 409.978 408.407 405.265 405.265 405.265 403.695 400.553 400.553 397.411 395.841 394.27 392.699 391.128 389.557 387.987 386.416 386.416 383.274 380.133 378.562 375.42 373.85 372.279 369.137 367.566 365.996 364.425 361.283 358.142 356.571 355 351.858 348.717 348.717 344.004 342.434 340.863 339.292 336.15 333.009 329.867 326.726 325.155 323.584 318.872 317.301 314.159
318.872 323.584 326.726 326.726 331.438 333.009 336.15 339.292 339.292 342.434 345.575 347.146 350.288 351.858 353.429 356.571 359.712 361.283 362.854 365.996 367.566 369.137 372.279 373.85 375.42 378.562 380.133 381.704 383.274 384.845 387.987 389.557 391.128 392.699 394.27 397.411 398.982 398.982 402.124 402.124 405.265 406.836 408.407 409.978 409.978 414.69 413.119 416.261 417.832 417.832 417.832 420.973 422.544 420.973 422.544 425.686 427.257 425.686 427.257 428.827 430.398 430.398 430.398 430.398 433.54 436.681 435.111 435.111 436.681 436.681 436.681 438.252 438.252 438.252 436.681 439.823 441.394 441.394 442.965 441.394 441.394 442.965 442.965 442.965 442.965 442.965 441.394 441.394 444.535 442.965 442.965 442.965 441.394 439.823 439.823 441.394 441.394 441.394 441.394 439.823 439.823 438.252 439.823 438.252 438.252 436.681 438.252 436.681 435.111 436.681 433.54 436.681 433.54 433.54 431.969 431.969 428.827 428.827 428.827 425.686 427.257 424.115 424.115 424.115 420.973 420.973 419.403 417.832 417.832 414.69 413.119 411.549 411.549 408.407 408.407 406.836 405.265 403.695 402.124 400.553 398.982 395.841 394.27 392.699 392.699 389.557 389.557 384.845 384.845 381.704 380.133 380.133 375.42 373.85 373.85 370.708 369.137 365.996 362.854 361.283 361.283 356.571 353.429 351.858 351.858 348.717 344.004 342.434 339.292 339.292 336.15 331.438 329.867 326.726 323.584 323.584 318.872 317.301 314.159 315.73 318.872 323.584 323.584 326.726 329.867 333.009 336.15 336.15 340.863 342.434 344.004 347.146 350.288 351.858 353.429 358.142 358.142 359.712 362.854 364.425 367.566 370.708 372.279 373.85 376.991 376.991 380.133 383.274 386.416 386.416 387.987 389.557 389.557 392.699 394.27 395.841 398.982 398.982 402.124 402.124 403.695 406.836 408.407 408.407 411.549 414.69 413.119 414.69 414.69 417.832 419.403 420.973 422.544 424.115 422.544 424.115 425.686 427.257 427.257 428.827 430.398 430.398 430.398 431.969 433.54 431.969 433.54 433.54 435.111 436.681 436.681 438.252 438.252 438.252 436.681 439.823 441.394 441.394 439.823 441.394 442.965 441.394 441.394 442.965 442.965 441.394 442.965 442.965 439.823 442.965 442.965 442.965 442.965 442.965 441.394 441.394 442.965 441.394 441.394 439.823 439.823 439.823 439.823 439.823 439.823 439.823 436.681 436.681 436.681 435.111 435.111 433.54 433.54 430.398 431.969 430.398 427.257 428.827 428.827 427.257 425.686 425.686 422.544 424.115 420.973 419.403 419.403 417.832 417.832 416.261 413.119 411.549 411.549 409.978 408.407 406.836 403.695 402.124 402.124 400.553 397.411 397.411 394.27 392.699 389.557 389.557 387.987 384.845 383.274 383.274 380.133 378.562 375.42 373.85 372.279 369.137 367.566 364.425 362.854 361.283 358.142 355 355 351.858 348.717 347.146 345.575 342.434 340.863 336.15 333.009 333.009 329.867 328.296 326.726 322.013 317.301 317.301 314.159
320.442 322.013 325.155 326.726 329.867 333.009 336.15 337.721 339.292 342.434 342.434 347.146 348.717 351.858 353.429 355 358.142 361.283 364.425 364.425 367.566 369.137 372.279 373.85 375.42 376.991 380.133 383.274 386.416 384.845 386.416 389.557 392.699 392.699 395.841 397.411 398.982 400.553 402.124 403.695 405.265 406.836 409.978 408.407 409.978 413.119 414.69 416.261 414.69 416.261 417.832 417.832 420.973 420.973 424.115 425.686 424.115 427.257 427.257 428.827 430.398 430.398 430.398 433.54 433.54 433.54 433.54 435.111 435.111 435.111 438.252 436.681 439.823 439.823 439.823 439.823 439.823 441.394 439.823 441.394 442.965 441.394 441.394 441.394 441.394 442.965 442.965 442.965 444.535 441.394 442.965 442.965 441.394 442.965 441.394 442.965 442.965 441.394 439.823 441.394 439.823 439.823 439.823 439.823 438.252 436.681 436.681 436.681 435.111 435.111 433.54 433.54 431.969 431.969 431.969 430.398 428.827 428.827 427.257 427.257 427.257 424.115 422.544 422.544 420.973 419.403 417.832 417.832 416.261 414.69 413.119 411.549 409.978 408.407 408.407 406.836 405.265 402.124 402.124 398.982 398.982 395.841 395.841 392.699 392.699 389.557 387.987 386.416 384.845 381.704 380.133 378.562 375.42 373.85 372.279 369.137 369.137 364.425 364.425 361.283 358.142 356.571 355 351.858 350.288 348.717 345.575 342.434 339.292 336.15 334.58 333.009 329.867 328.296 323.584 323.584 317.301 317.301 314.159 317.301 320.442 322.013 325.155 326.726 329.867 329.867 336.15 337.721 339.292 342.434 344.004 347.146 348.717 353.429 355 356.571 359.712 361.283 364.425 365.996 367.566 369.137 372.279 373.85 376.991 378.562 380.133 380.133 383.274 384.845 386.416 389.557 392.699 395.841 394.27 395.841 398.982 398.982 402.124 402.124 405.265 406.836 408.407 408.407 409.978 413.119 414.69 414.69 417.832 417.832 419.403 419.403 420.973 424.115 424.115 424.115 424.115 425.686 427.257 428.827 427.257 433.54 430.398 431.969 433.54 431.969 435.111 435.111 436.681 436.681 436.681 438.252 438.252 439.823 441.394 438.252 439.823 441.394 439.823 441.394 442.965 441.394 442.965 442.965 442.965 442.965 439.823 441.394 442.965 442.965 442.965 442.965 442.965 439.823 441.394 441.394 442.965 441.394 439.823 439.823 441.394 439.823 439.823 439.823 438.252 436.681 436.681 436.681 435.111 435.111 435.111 431.969 433.54 430.398 430.398 430.398 427.257 428.827 427.257 427.257 425.686 424.115 424.115 424.115 420.973 419.403 419.403 416.261 417.832 414.69 414.69 411.549 411.549 409.978 408.407 406.836 405.265 402.124 400.553 398.982 397.411 395.841 395.841 392.699 392.699 389.557 387.987 386.416 384.845 381.704 380.133 378.562 376.991 373.85 370.708 369.137 367.566 364.425 362.854 361.283 359.712 358.142 355 351.858 350.288 345.575 345.575 342.434 339.292 337.721 336.15 333.009 329.867 328.296 325.155 323.584 320.442 315.73 314.159
320.442 322.013 323.584 328.296 331.438 333.009 334.58 336.15 340.863 342.434 345.575 348.717 350.288 351.858 355 358.142 361.283 361.283 364.425 365.996 367.566 369.137 372.279 373.85 376.991 378.562 380.133 383.274 383.274 386.416 386.416 391.128 392.699 395.841 394.27 398.982 397.411 400.553 400.553 402.124 403.695 405.265 408.407 409.978 411.549 411.549 413.119 416.261 414.69 417.832 419.403 420.973 420.973 420.973 424.115 424.115 425.686 425.686 428.827 428.827 430.398 433.54 431.969 431.969 433.54 433.54 435.111 435.111 433.54 436.681 438.252 436.681 438.252 438.252 439.823 439.823 439.823 439.823 442.965 441.394 441.394 442.965 441.394 439.823 442.965 442.965 442.965 441.394 442.965 442.965 442.965 441.394 441.394 442.965 441.394 442.965 441.394 441.394 439.823 439.823 441.394 442.965 439.823 439.823 439.823 436.681 436.681 436.681 436.681 436.681 433.54 433.54 433.54 433.54 431.969 431.969 430.398 428.827 427.257 427.257 427.257 424.115 425.686 424.115 420.973 419.403 419.403 416.261 414.69 414.69 413.119 411.549 409.978 408.407 408.407 406.836 405.265 402.124 402.124 398.982 398.982 397.411 395.841 395.841 392.699 387.987 386.416 384.845 386.416 381.704 381.704 378.562 375.42 373.85 372.279 370.708 367.566 364.425 362.854 362.854 359.712 356.571 353.429 351.858 350.288 347.146 345.575 342.434 340.863 337.721 333.009 333.009 329.867 328.296 326.726 323.584 318.872 317.301 314.159 317.301 320.442 323.584 323.584 326.726 329.867 333.009 333.009 339.292 340.863 342.434 345.575 347.146 351.858 351.858 353.429 356.571 358.142 361.283 364.425 367.566 370.708 370.708 372.279 373.85 375.42 378.562 380.133 383.274 383.274 386.416 387.987 389.557 392.699 392.699 394.27 395.841 398.982 398.982 402.124 403.695 405.265 405.265 406.836 408.407 411.549 413.119 413.119 413.119 417.832 416.261 419.403 419.403 420.973 424.115 424.115 425.686 427.257 427.257 427.257 428.827 431.969 430.398 431.969 431.969 431.969 436.681 435.111 436.681 436.681 435.111 438.252 438.252 439.823 438.252 436.681 441.394 439.823 441.394 439.823 441.394 442.965 441.394 441.394 441.394 442.965 439.823 442.965 442.965 444.535 441.394 442.965 442.965 441.394 442.965 441.394 441.394 442.965 441.394 441.394 439.823 439.823 439.823 439.823 438.252 439.823 436.681 438.252 435.111 436.681 436.681 435.111 433.54 433.54 433.54 431.969 431.969 430.398 428.827 430.398 427.257 425.686 424.115 424.115 420.973 420.973 419.403 419.403 417.832 417.832 411.549 414.69 411.549 411.549 408.407 408.407 406.836 403.695 403.695 400.553 400.553 397.411 397.411 394.27 392.699 391.128 389.557 386.416 386.416 383.274 383.274 380.133 380.133 376.991 373.85 370.708 369.137 367.566 367.566 364.425 361.283 358.142 356.571 355 351.858 350.288 347.146 345.575 342.434 340.863 336.15 334.58 331.438 329.867 326.726 326.726 323.584 320.442 317.301 314.159
318.872 322.013 326.726 328.296 329.867 333.009 334.58 339.292 340.863 342.434 344.004 348.717 350.288 353.429 355 355 358.142 361.283 364.425 364.425 367.566 369.137 372.279 373.85 375.42 380.133 380.133 381.704 383.274 386.416 387.987 389.557 392.699 392.699 394.27 395.841 398.982 398.982 402.124 405.265 405.265 406.836 408.407 408.407 411.549 411.549 413.119 414.69 414.69 416.261 419.403 419.403 420.973 420.973 424.115 425.686 424.115 427.257 427.257 427.257 427.257 430.398 431.969 431.969 433.54 435.111 433.54 435.111 436.681 436.681 438.252 439.823 439.823 438.252 439.823 442.965 441.394 441.394 441.394 441.394 439.823 441.394 442.965 439.823 442.965 442.965 442.965 442.965 439.823 442.965 442.965 444.535 441.394 442.965 442.965 441.394 442.965 441.394 441.394 441.394 439.823 438.252 439.823 439.823 438.252 438.252 436.681 435.111 436.681 435.111 433.54 433.54 435.111 431.969 431.969 430.398 430.398 427.257 427.257 427.257 425.686 424.115 424.115 422.544 422.544 419.403 417.832 416.261 417.832 414.69 414.69 411.549 411.549 408.407 408.407 406.836 405.265 402.124 398.982 400.553 398.982 397.411 394.27 392.699 389.557 389.557 387.987 384.845 384.845 380.133 380.133 378.562 376.991 373.85 370.708 369.137 367.566 367.566 364.425 361.283 359.712 356.571 355 351.858 350.288 347.146 344.004 344.004 340.863 336.15 336.15 333.009 329.867 326.726 325.155 322.013 320.442 317.301 314.159 317.301 318.872 322.013 323.584 326.726 329.867 333.009 336.15 336.15 339.292 342.434 344.004 345.575 348.717 351.858 353.429 356.571 358.142 361.283 364.425 364.425 369.137 369.137 373.85 373.85 376.991 378.562 380.133 381.704 383.274 384.845 387.987 389.557 392.699 395.841 395.841 397.411 397.411 400.553 402.124 402.124 403.695 406.836 408.407 409.978 409.978 413.119 411.549 414.69 417.832 416.261 417.832 419.403 419.403 424.115 424.115 425.686 424.115 427.257 427.257 428.827 430.398 433.54 431.969 433.54 431.969 433.54 435.111 435.111 436.681 436.681 438.252 436.681 438.252 438.252 439.823 439.823 441.394 441.394 439.823 441.394 441.394 442.965 442.965 442.965 441.394 439.823 442.965 441.394 442.965 441.394 442.965 442.965 441.394 442.965 442.965 441.394 439.823 441.394 439.823 441.394 439.823 439.823 439.823 438.252 438.252 439.823 436.681 438.252 435.111 435.111 435.111 433.54 433.54 431.969 431.969 430.398 430.398 427.257 427.257 425.686 425.686 425.686 422.544 422.544 420.973 420.973 419.403 417.832 414.69 416.261 414.69 413.119 409.978 409.978 406.836 406.836 405.265 402.124 400.553 400.553 398.982 397.411 394.27 392.699 392.699 389.557 387.987 386.416 383.274 381.704 381.704 380.133 376.991 373.85 372.279 369.137 367.566 364.425 362.854 361.283 358.142 355 353.429 351.858 350.288 348.717 344.004 342.434 340.863 339.292 334.58 331.438 329.867 326.726 326.726 322.013 320.442 315.73 314.159
318.872 322.013 325.155 326.726 329.867 333.009 336.15 337.721 340.863 342.434 345.575 348.717 351.858 351.858 355 355 358.142 361.283 362.854 364.425 369.137 369.137 372.279 373.85 375.42 378.562 380.133 380.133 384.845 386.416 386.416 389.557 391.128 392.699 394.27 395.841 398.982 400.553 402.124 402.124 403.695 406.836 408.407 408.407 411.549 411.549 413.119 414.69 414.69 417.832 419.403 420.973 419.403 424.115 424.115 425.686 425.686 427.257 428.827 428.827 430.398 428.827 431.969 433.54 433.54 433.54 435.111 435.111 436.681 436.681 438.252 436.681 439.823 439.823 439.823 438.252 441.394 441.394 439.823 441.394 439.823 441.394 442.965 442.965 441.394 442.965 442.965 442.965 439.823 442.965 442.965 442.965 441.394 442.965 442.965 442.965 439.823 441.394 441.394 441.394 439.823 442.965 439.823 438.252 438.252 439.823 438.252 436.681 436.681 436.681 435.111 433.54 433.54 430.398 431.969 430.398 431.969 428.827 427.257 427.257 424.115 424.115 424.115 422.544 420.973 420.973 417.832 417.832 414.69 411.549 413.119 411.549 409.978 409.978 408.407 406.836 405.265 405.265 402.124 400.553 398.982 395.841 395.841 394.27 392.699 389.557 387.987 384.845 383.274 381.704 378.562 376.991 376.991 373.85 370.708 369.137 369.137 365.996 364.425 361.283 358.142 356.571 353.429 351.858 348.717 345.575 345.575 342.434 339.292 337.721 336.15 333.009 329.867 326.726 325.155 320.442 318.872 315.73 314.159 315.73 320.442 322.013 326.726 326.726 329.867 333.009 336.15 336.15 340.863 344.004 345.575 347.146 348.717 351.858 355 355 358.142 359.712 361.283 367.566 367.566 370.708 370.708 373.85 376.991 378.562 380.133 380.133 383.274 386.416 387.987 389.557 392.699 392.699 394.27 395.841 398.982 398.982 402.124 403.695 405.265 406.836 406.836 408.407 409.978 411.549 413.119 414.69 414.69 417.832 419.403 420.973 420.973 420.973 424.115 424.115 424.115 427.257 427.257 428.827 427.257 430.398 431.969 431.969 433.54 433.54 435.111 435.111 433.54 436.681 438.252 436.681 438.252 438.252 439.823 439.823 439.823 441.394 441.394 441.394 441.394 441.394 441.394 442.965 442.965 442.965 442.965 441.394 442.965 441.394 442.965 442.965 442.965 442.965 441.394 441.394 441.394 441.394 439.823 441.394 439.823 439.823 436.681 438.252 439.823 436.681 436.681 436.681 436.681 436.681 433.54 433.54 431.969 431.969 433.54 433.54 430.398 428.827 427.257 425.686 425.686 424.115 424.115 424.115 420.973 419.403 419.403 420.973 414.69 416.261 413.119 413.119 409.978 411.549 405.265 405.265 405.265 402.124 402.124 402.124 398.982 397.411 394.27 392.699 392.699 391.128 386.416 384.845 383.274 381.704 380.133 376.991 373.85 375.42 372.279 370.708 367.566 364.425 362.854 361.283 358.142 355 355 351.858 350.288 345.575 344.004 342.434 339.292 336.15 334.58 333.009 329.867 328.296 326.726 322.013 320.442 315.73 314.159
320.442 322.013 323.584 326.726 329.867 333.009 336.15 337.721 340.863 342.434 344.004 347.146 348.717 351.858 353.429 356.571 359.712 359.712 364.425 364.425 367.566 369.137 373.85 373.85 373.85 376.991 376.991 381.704 383.274 386.416 386.416 389.557 389.557 392.699 395.841 397.411 397.411 398.982 398.982 403.695 403.695 405.265 408.407 408.407 411.549 414.69 411.549 416.261 414.69 417.832 417.832 419.403 420.973 420.973 422.544 425.686 425.686 425.686 428.827 428.827 431.969 430.398 431.969 431.969 433.54 435.111 436.681 435.111 435.111 435.111 436.681 438.252 439.823 439.823 439.823 442.965 441.394 441.394 439.823 441.394 439.823 441.394 442.965 439.823 442.965 442.965 441.394 441.394 439.823 442.965 442.965 442.965 441.394 442.965 442.965 442.965 442.965 441.394 441.394 441.394 439.823 439.823 439.823 439.823 438.252 436.681 436.681 438.252 435.111 435.111 435.111 433.54 431.969 433.54 433.54 430.398 428.827 428.827 427.257 427.257 424.115 424.115 422.544 420.973 422.544 419.403 419.403 416.261 414.69 414.69 414.69 411.549 409.978 411.549 408.407 405.265 403.695 405.265 400.553 398.982 398.982 397.411 395.841 392.699 392.699 391.128 387.987 384.845 384.845 380.133 380.133 378.562 376.991 373.85 372.279 370.708 369.137 364.425 361.283 361.283 358.142 356.571 353.429 351.858 348.717 345.575 344.004 342.434 340.863 339.292 334.58 333.009 329.867 328.296 325.155 322.013 317.301 317.301 314.159 317.301 317.301 322.013 323.584 328.296 329.867 333.009 334.58 339.292 339.292 342.434 344.004 348.717 350.288 351.858 355 358.142 358.142 361.283 364.425 364.425 367.566 370.708 372.279 373.85 375.42 378.562 380.133 383.274 383.274 386.416 386.416 391.128 389.557 392.699 394.27 398.982 397.411 400.553 402.124 402.124 405.265 405.265 405.265 408.407 409.978 413.119 413.119 414.69 414.69 417.832 417.832 420.973 420.973 420.973 424.115 424.115 425.686 427.257 427.257 428.827 430.398 430.398 430.398 431.969 433.54 433.54 433.54 435.111 435.111 435.111 436.681 436.681 438.252 439.823 439.823 441.394 439.823 441.394 442.965 441.394 442.965 441.394 441.394 442.965 442.965 442.965 442.965 442.965 444.535 444.535 442.965 441.394 442.965 442.965 442.965 441.394 442.965 441.394 439.823 439.823 439.823 439.823 436.681 439.823 439.823 436.681 436.681 438.252 435.111 435.111 436.681 433.54 433.54 431.969 431.969 430.398 431.969 428.827 427.257 425.686 425.686 425.686 424.115 422.544 420.973 419.403 419.403 417.832 417.832 414.69 414.69 414.69 411.549 408.407 406.836 406.836 405.265 403.695 402.124 398.982 398.982 397.411 395.841 392.699 392.699 389.557 387.987 384.845 383.274 381.704 380.133 378.562 373.85 373.85 372.279 370.708 367.566 364.425 364.425 361.283 359.712 355 355 351.858 348.717 348.717 345.575 342.434 339.292 337.721 336.15 331.438 329.867 326.726 325.155 322.013 318.872 315.73 314.159
318.872 320.442 323.584 326.726 331.438 329.867 333.009 337.721 340.863 342.434 344.004 348.717 351.858 351.858 355 356.571 358.142 361.283 362.854 365.996 367.566 370.708 372.279 373.85 376.991 378.562 380.133 383.274 384.845 386.416 387.987 389.557 391.128 392.699 395.841 397.411 398.982 400.553 402.124 402.124 405.265 406.836 408.407 408.407 411.549 411.549 413.119 414.69 417.832 417.832 419.403 420.973 420.973 422.544 424.115 425.686 424.115 427.257 427.257 428.827 428.827 431.969 430.398 433.54 433.54 431.969 435.111 436.681 436.681 435.111 436.681 439.823 438.252 438.252 441.394 439.823 439.823 441.394 439.823 441.394 441.394 439.823 442.965 439.823 441.394 442.965 441.394 442.965 442.965 442.965 442.965 442.965 442.965 444.535 441.394 441.394 439.823 441.394 439.823 439.823 439.823 439.823 439.823 438.252 438.252 438.252 438.252 436.681 436.681 436.681 435.111 433.54 433.54 430.398 430.398 433.54 430.398 428.827 430.398 425.686 425.686 424.115 425.686 422.544 420.973 419.403 419.403 417.832 417.832 414.69 414.69 411.549 413.119 409.978 408.407 405.265 405.265 402.124 402.124 398.982 398.982 397.411 394.27 392.699 391.128 389.557 387.987 384.845 383.274 383.274 380.133 376.991 375.42 373.85 372.279 370.708 367.566 364.425 364.425 361.283 359.712 356.571 353.429 351.858 350.288 347.146 345.575 342.434 340.863 336.15 334.58 333.009 329.867 326.726 323.584 322.013 317.301 317.301 314.159 317.301 318.872 320.442 323.584 328.296 329.867 331.438 336.15 337.721 340.863 342.434 345.575 347.146 350.288 351.858 355 358.142 359.712 361.283 364.425 365.996 367.566 370.708 370.708 373.85 375.42 376.991 380.133 381.704 384.845 386.416 387.987 389.557 392.699 395.841 394.27 397.411 397.411 400.553 402.124 403.695 403.695 406.836 406.836 409.978 409.978 411.549 413.119 414.69 417.832 416.261 417.832 417.832 420.973 422.544 422.544 424.115 424.115 425.686 427.257 428.827 430.398 430.398 430.398 431.969 433.54 433.54 435.111 435.111 436.681 439.823 438.252 438.252 438.252 438.252 439.823 439.823 439.823 439.823 441.394 441.394 439.823 441.394 442.965 439.823 441.394 442.965 442.965 442.965 439.823 444.535 442.965 441.394 442.965 442.965 441.394 442.965 439.823 441.394 442.965 441.394 439.823 439.823 439.823 438.252 438.252 436.681 438.252 436.681 435.111 435.111 435.111 433.54 433.54 431.969 431.969 430.398 430.398 428.827 427.257 427.257 425.686 424.115 427.257 424.115 420.973 419.403 419.403 417.832 414.69 416.261 413.119 411.549 409.978 411.549 408.407 406.836 403.695 403.695 402.124 400.553 398.982 395.841 395.841 392.699 391.128 389.557 387.987 386.416 384.845 381.704 380.133 378.562 376.991 373.85 372.279 367.566 367.566 364.425 364.425 359.712 358.142 358.142 355 351.858 348.717 347.146 344.004 342.434 342.434 337.721 336.15 331.438 329.867 326.726 323.584 323.584 318.872 317.301 314.159
320.442 320.442 325.155 326.726 329.867 333.009 334.58 337.721 340.863 342.434 344.004 347.146 348.717 351.858 355 356.571 358.142 359.712 362.854 364.425 367.566 369.137 373.85 373.85 375.42 378.562 380.133 381.704 384.845 384.845 386.416 389.557 392.699 392.699 394.27 395.841 398.982 400.553 402.124 403.695 405.265 406.836 408.407 411.549 411.549 413.119 413.119 414.69 414.69 417.832 417.832 419.403 420.973 422.544 424.115 424.115 425.686 427.257 428.827 428.827 430.398 430.398 431.969 430.398 433.54 433.54 433.54 435.111 436.681 436.681 436.681 438.252 438.252 439.823 439.823 439.823 439.823 441.394 439.823 441.394 442.965 442.965 442.965 442.965 441.394 442.965 442.965 442.965 442.965 442.965 441.394 442.965 441.394 442.965 442.965 441.394 439.823 441.394 441.394 441.394 439.823 439.823 439.823 439.823 438.252 436.681 436.681 436.681 435.111 436.681 433.54 433.54 433.54 433.54 431.969 430.398 430.398 428.827 427.257 425.686 424.115 425.686 425.686 420.973 422.544 419.403 417.832 417.832 414.69 414.69 414.69 411.549 411.549 408.407 409.978 405.265 405.265 403.695 402.124 400.553 398.982 395.841 395.841 392.699 392.699 389.557 386.416 386.416 383.274 383.274 380.133 376.991 376.991 373.85 373.85 369.137 367.566 364.425 364.425 361.283 358.142 356.571 355 351.858 348.717 348.717 345.575 342.434 339.292 336.15 333.009 333.009 329.867 328.296 323.584 322.013 320.442 317.301 314.159 317.301 317.301 320.442 323.584 326.726 329.867 333.009 336.15 336.15 339.292 344.004 344.004 347.146 350.288 351.858 353.429 356.571 358.142 361.283 364.425 365.996 367.566 369.137 372.279 373.85 375.42 378.562 380.133 380.133 383.274 386.416 387.987 389.557 391.128 392.699 395.841 397.411 398.982 398.982 402.124 402.124 405.265 406.836 408.407 409.978 409.978 411.549 414.69 416.261 417.832 417.832 419.403 420.973 422.544 420.973 422.544 425.686 424.115 427.257 428.827 428.827 430.398 430.398 430.398 431.969 433.54 433.54 435.111 435.111 436.681 436.681 438.252 436.681 438.252 438.252 439.823 439.823 441.394 441.394 439.823 441.394 442.965 441.394 441.394 442.965 442.965 442.965 442.965 441.394 442.965 442.965 442.965 442.965 441.394 439.823 442.965 441.394 442.965 441.394 442.965 441.394 439.823 439.823 439.823 438.252 439.823 439.823 436.681 438.252 436.681 436.681 435.111 433.54 433.54 431.969 430.398 430.398 430.398 428.827 427.257 425.686 424.115 422.544 424.115 420.973 420.973 419.403 417.832 417.832 417.832 414.69 413.119 413.119 411.549 409.978 408.407 405.265 403.695 402.124 402.124 400.553 395.841 397.411 395.841 392.699 389.557 389.557 387.987 386.416 383.274 383.274 380.133 376.991 376.991 373.85 372.279 370.708 367.566 364.425 361.283 361.283 358.142 358.142 353.429 351.858 350.288 347.146 345.575 342.434 339.292 336.15 333.009 333.009 329.867 326.726 326.726 323.584 318.872 315.73 314.159
318.872 322.013 325.155 329.867 329.867 331.438 334.58 337.721 339.292 342.434 345.575 347.146 348.717 351.858 355 355 358.142 359.712 362.854 365.996 367.566 370.708 372.279 373.85 376.991 376.991 380.133 383.274 384.845 386.416 387.987 387.987 392.699 392.699 394.27 397.411 398.982 398.982 402.124 403.695 403.695 406.836 406.836 408.407 409.978 411.549 413.119 414.69 416.261 420.973 417.832 420.973 420.973 422.544 424.115 425.686 424.115 427.257 427.257 428.827 428.827 430.398 433.54 431.969 433.54 433.54 435.111 436.681 436.681 436.681 436.681 436.681 438.252 438.252 436.681 439.823 439.823 439.823 442.965 441.394 441.394 441.394 442.965 442.965 444.535 444.535 442.965 441.394 442.965 441.394 442.965 442.965 442.965 442.965 441.394 441.394 441.394 441.394 439.823 441.394 439.823 439.823 439.823 439.823 438.252 436.681 436.681 435.111 433.54 436.681 435.111 436.681 433.54 431.969 431.969 430.398 430.398 428.827 427.257 427.257 424.115 424.115 424.115 422.544 422.544 419.403 419.403 416.261 417.832 414.69 414.69 413.119 409.978 409.978 409.978 405.265 405.265 402.124 402.124 398.982 398.982 397.411 394.27 392.699 392.699 389.557 386.416 386.416 383.274 381.704 380.133 376.991 375.42 373.85 370.708 370.708 367.566 364.425 362.854 361.283 359.712 356.571 353.429 355 348.717 348.717 345.575 342.434 339.292 339.292 336.15 333.009 329.867 326.726 323.584 323.584 318.872 317.301 314.159 317.301 318.872 322.013 325.155 326.726 331.438 333.009 336.15 337.721 339.292 342.434 345.575 347.146 348.717 351.858 353.429 355 358.142 361.283 364.425 365.996 367.566 369.137 370.708 373.85 376.991 376.991 380.133 380.133 383.274 384.845 387.987 389.557 389.557 394.27 395.841 397.411 398.982 398.982 402.124 403.695 405.265 408.407 408.407 409.978 411.549 413.119 413.119 414.69 414.69 417.832 419.403 419.403 420.973 422.544 422.544 422.544 427.257 427.257 427.257 428.827 430.398 430.398 433.54 433.54 433.54 433.54 435.111 435.111 436.681 436.681 438.252 438.252 439.823 439.823 439.823 439.823 441.394 439.823 442.965 441.394 441.394 441.394 442.965 442.965 441.394 442.965 442.965 442.965 442.965 441.394 442.965 442.965 441.394 441.394 442.965 441.394 441.394 441.394 441.394 439.823 439.823 439.823 441.394 439.823 439.823 439.823 436.681 435.111 436.681 435.111 435.111 435.111 433.54 433.54 431.969 430.398 428.827 428.827 427.257 425.686 427.257 425.686 424.115 422.544 420.973 420.973 419.403 419.403 416.261 416.261 414.69 411.549 411.549 408.407 408.407 405.265 405.265 403.695 402.124 400.553 397.411 395.841 395.841 395.841 391.128 389.557 386.416 386.416 383.274 381.704 380.133 376.991 376.991 373.85 373.85 370.708 367.566 364.425 364.425 361.283 359.712 355 355 351.858 350.288 348.717 344.004 342.434 339.292 339.292 336.15 333.009 329.867 328.296 325.155 322.013 320.442 317.301 314.159
320.442 322.013 325.155 328.296 329.867 331.438 333.009 336.15 339.292 344.004 345.575 348.717 350.288 351.858 353.429 356.571 359.712 361.283 362.854 365.996 367.566 369.137 372.279 373.85 376.991 380.133 380.133 380.133 383.274 386.416 387.987 389.557 391.128 392.699 394.27 395.841 398.982 398.982 402.124 402.124 405.265 406.836 408.407 408.407 411.549 411.549 413.119 414.69 414.69 417.832 419.403 420.973 420.973 422.544 422.544 424.115 427.257 425.686 427.257 428.827 427.257 430.398 431.969 431.969 433.54 433.54 433.54 435.111 436.681 436.681 438.252 436.681 438.252 439.823 436.681 439.823 439.823 441.394 439.823 441.394 442.965 441.394 441.394 442.965 442.965 442.965 441.394 441.394 442.965 442.965 442.965 439.823 442.965 439.823 442.965 441.394 439.823 441.394 441.394 439.823 441.394 438.252 439.823 439.823 438.252 436.681 438.252 436.681 436.681 436.681 433.54 433.54 433.54 431.969 430.398 430.398 428.827 428.827 427.257 425.686 425.686 425.686 424.115 424.115 420.973 419.403 419.403 417.832 417.832 416.261 413.119 413.119 411.549 411.549 406.836 405.265 405.265 402.124 402.124 400.553 397.411 395.841 395.841 392.699 391.128 389.557 387.987 384.845 386.416 383.274 380.133 378.562 375.42 373.85 372.279 369.137 369.137 365.996 362.854 361.283 359.712 355 355 351.858 351.858 347.146 345.575 342.434 339.292 339.292 334.58 333.009 331.438 326.726 323.584 322.013 318.872 317.301 314.159 317.301 318.872 320.442 326.726 326.726 329.867 333.009 336.15 336.15 339.292 342.434 344.004 347.146 351.858 351.858 355 358.142 358.142 359.712 362.854 365.996 367.566 370.708 370.708 373.85 376.991 376.991 380.133 383.274 384.845 386.416 387.987 389.557 392.699 392.699 394.27 395.841 398.982 398.982 402.124 403.695 403.695 406.836 408.407 408.407 409.978 411.549 411.549 414.69 414.69 416.261 417.832 419.403 422.544 424.115 422.544 424.115 424.115 427.257 427.257 428.827 428.827 430.398 430.398 431.969 433.54 433.54 435.111 435.111 436.681 436.681 436.681 438.252 439.823 439.823 439.823 438.252 441.394 441.394 441.394 441.394 439.823 441.394 441.394 439.823 441.394 442.965 442.965 441.394 439.823 442.965 442.965 442.965 441.394 444.535 442.965 442.965 441.394 441.394 441.394 441.394 439.823 439.823 436.681 439.823 438.252 439.823 436.681 436.681 436.681 436.681 435.111 433.54 433.54 431.969 430.398 431.969 430.398 428.827 428.827 427.257 425.686 422.544 422.544 424.115 422.544 420.973 419.403 417.832 417.832 414.69 414.69 413.119 409.978 409.978 408.407 405.265 405.265 403.695 402.124 398.982 398.982 395.841 394.27 392.699 392.699 389.557 386.416 386.416 383.274 381.704 380.133 376.991 375.42 373.85 370.708 369.137 367.566 365.996 364.425 361.283 358.142 356.571 353.429 351.858 350.288 348.717 342.434 342.434 339.292 336.15 334.58 331.438 329.867 326.726 323.584 322.013 320.442 317.301 314.159
320.442 322.013 323.584 326.726 329.867 333.009 336.15 337.721 340.863 342.434 344.004 347.146 348.717 351.858 355 356.571 358.142 361.283 364.425 364.425 367.566 370.708 372.279 373.85 376.991 376.991 380.133 383.274 384.845 386.416 386.416 391.128 392.699 392.699 394.27 397.411 398.982 400.553 402.124 402.124 403.695 406.836 408.407 408.407 409.978 411.549 413.119 414.69 414.69 416.261 419.403 420.973 420.973 424.115 422.544 424.115 427.257 425.686 427.257 428.827 430.398 430.398 433.54 431.969 433.54 433.54 435.111 435.111 436.681 436.681 436.681 438.252 438.252 439.823 436.681 439.823 441.394 441.394 439.823 441.394 439.823 442.965 441.394 441.394 442.965 442.965 442.965 442.965 442.965 442.965 441.394 439.823 441.394 442.965 442.965 442.965 439.823 441.394 442.965 441.394 439.823 439.823 436.681 439.823 438.252 436.681 435.111 436.681 435.111 435.111 435.111 433.54 433.54 431.969 431.969 430.398 430.398 428.827 427.257 427.257 424.115 424.115 422.544 422.544 422.544 419.403 420.973 417.832 416.261 416.261 414.69 411.549 411.549 408.407 408.407 405.265 405.265 402.124 402.124 400.553 397.411 395.841 395.841 394.27 391.128 391.128 387.987 384.845 386.416 383.274 380.133 376.991 376.991 373.85 370.708 370.708 367.566 365.996 364.425 361.283 359.712 356.571 355 351.858 348.717 348.717 345.575 342.434 340.863 336.15 334.58 333.009 331.438 326.726 325.155 323.584 320.442 317.301 314.159 317.301 320.442 323.584 323.584 326.726 329.867 333.009 336.15 337.721 339.292 342.434 345.575 348.717 348.717 351.858 355 355 358.142 361.283 364.425 365.996 367.566 369.137 370.708 373.85 375.42 376.991 380.133 383.274 384.845 384.845 387.987 389.557 391.128 392.699 395.841 397.411 398.982 402.124 400.553 402.124 405.265 406.836 408.407 408.407 411.549 413.119 414.69 414.69 417.832 417.832 419.403 420.973 422.544 420.973 422.544 425.686 427.257 427.257 427.257 428.827 430.398 433.54 431.969 431.969 433.54 431.969 435.111 436.681 436.681 436.681 436.681 436.681 438.252 438.252 439.823 439.823 439.823 441.394 439.823 441.394 442.965 442.965 442.965 442.965 442.965 442.965 439.823 441.394 442.965 442.965 442.965 442.965 444.535 442.965 441.394 441.394 442.965 441.394 441.394 439.823 439.823 439.823 436.681 438.252 438.252 436.681 438.252 436.681 435.111 436.681 435.111 436.681 433.54 431.969 431.969 433.54 430.398 428.827 427.257 427.257 425.686 425.686 424.115 420.973 420.973 419.403 417.832 417.832 414.69 414.69 413.119 411.549 411.549 408.407 408.407 405.265 405.265 403.695 402.124 398.982 397.411 395.841 395.841 395.841 392.699 389.557 386.416 386.416 386.416 383.274 380.133 376.991 376.991 375.42 372.279 369.137 369.137 365.996 361.283 361.283 358.142 358.142 355 351.858 348.717 347.146 345.575 342.434 339.292 337.721 336.15 333.009 329.867 326.726 323.584 322.013 317.301 317.301 314.159
320.442 323.584 323.584 326.726 329.867 331.438 334.58 336.15 342.434 342.434 345.575 345.575 350.288 351.858 353.429 358.142 359.712 361.283 364.425 365.996 367.566 367.566 372.279 373.85 375.42 376.991 381.704 381.704 384.845 384.845 387.987 389.557 392.699 392.699 395.841 397.411 398.982 400.553 400.553 403.695 405.265 405.265 408.407 408.407 411.549 411.549 414.69 414.69 417.832 417.832 419.403 420.973 420.973 420.973 422.544 424.115 425.686 427.257 427.257 428.827 430.398 430.398 431.969 431.969 433.54 431.969 436.681 436.681 436.681 435.111 436.681 436.681 438.252 438.252 441.394 438.252 439.823 441.394 439.823 441.394 441.394 442.965 442.965 442.965 442.965 442.965 442.965 442.965 442.965 442.965 441.394 442.965 441.394 442.965 441.394 442.965 441.394 441.394 439.823 439.823 441.394 439.823 439.823 438.252 438.252 436.681 438.252 436.681 436.681 436.681 435.111 435.111 430.398 431.969 430.398 428.827 430.398 428.827 428.827 427.257 425.686 424.115 424.115 422.544 420.973 420.973 419.403 416.261 417.832 416.261 413.119 411.549 409.978 409.978 405.265 406.836 403.695 405.265 402.124 398.982 398.982 395.841 394.27 392.699 392.699 389.557 387.987 384.845 384.845 383.274 380.133 380.133 375.42 373.85 372.279 369.137 367.566 364.425 364.425 361.283 358.142 358.142 355 351.858 350.288 347.146 345.575 342.434 339.292 339.292 334.58 333.009 329.867 326.726 323.584 320.442 318.872 317.301 314.159 315.73 318.872 323.584 325.155 328.296 329.867 333.009 334.58 337.721 340.863 342.434 344.004 347.146 348.717 351.858 355 358.142 358.142 361.283 362.854 364.425 367.566 369.137 370.708 373.85 375.42 376.991 380.133 381.704 386.416 386.416 386.416 389.557 392.699 392.699 394.27 395.841 398.982 402.124 400.553 403.695 405.265 405.265 408.407 408.407 409.978 411.549 414.69 414.69 417.832 417.832 417.832 419.403 420.973 420.973 424.115 424.115 425.686 427.257 427.257 428.827 430.398 430.398 431.969 431.969 433.54 436.681 435.111 436.681 435.111 435.111 436.681 436.681 438.252 438.252 439.823 438.252 439.823 439.823 442.965 441.394 441.394 442.965 442.965 444.535 442.965 442.965 442.965 444.535 442.965 441.394 442.965 442.965 442.965 442.965 441.394 441.394 439.823 441.394 439.823 439.823 439.823 439.823 439.823 439.823 438.252 438.252 436.681 436.681 436.681 433.54 435.111 433.54 433.54 431.969 430.398 430.398 430.398 428.827 427.257 427.257 427.257 425.686 424.115 420.973 420.973 420.973 419.403 420.973 414.69 414.69 413.119 411.549 411.549 409.978 406.836 405.265 405.265 403.695 400.553 398.982 397.411 395.841 395.841 392.699 392.699 389.557 387.987 386.416 383.274 381.704 380.133 378.562 376.991 373.85 370.708 369.137 367.566 364.425 362.854 361.283 358.142 356.571 355 351.858 350.288 347.146 345.575 344.004 340.863 339.292 334.58 333.009 329.867 326.726 323.584 323.584 318.872 317.301 314.159
318.872 322.013 325.155 328.296 329.867 333.009 336.15 336.15 339.292 342.434 345.575 348.717 348.717 351.858 355 358.142 359.712 361.283 364.425 365.996 367.566 370.708 373.85 373.85 375.42 378.562 380.133 383.274 383.274 384.845 387.987 391.128 391.128 392.699 394.27 395.841 398.982 398.982 402.124 405.265 405.265 406.836 408.407 408.407 411.549 413.119 413.119 416.261 414.69 417.832 419.403 419.403 420.973 422.544 422.544 425.686 427.257 425.686 428.827 427.257 430.398 430.398 431.969 433.54 431.969 433.54 435.111 436.681 436.681 436.681 436.681 436.681 438.252 438.252 439.823 439.823 439.823 439.823 439.823 441.394 442.965 441.394 442.965 442.965 442.965 442.965 442.965 442.965 442.965 441.394 442.965 442.965 442.965 439.823 441.394 442.965 441.394 441.394 439.823 441.394 439.823 442.965 439.823 438.252 438.252 436.681 436.681 436.681 436.681 435.111 435.111 433.54 431.969 433.54 431.969 430.398 430.398 430.398 428.827 427.257 424.115 425.686 422.544 420.973 420.973 417.832 419.403 416.261 414.69 411.549 414.69 413.119 409.978 408.407 408.407 405.265 405.265 402.124 400.553 400.553 397.411 395.841 394.27 392.699 392.699 387.987 387.987 386.416 383.274 383.274 380.133 378.562 376.991 373.85 372.279 369.137 367.566 367.566 362.854 361.283 358.142 355 353.429 351.858 351.858 348.717 345.575 342.434 340.863 336.15 334.58 331.438 329.867 326.726 325.155 322.013 320.442 315.73 314.159 317.301 320.442 323.584 325.155 328.296 329.867 333.009 333.009 336.15 339.292 342.434 345.575 348.717 350.288 351.858 355 356.571 358.142 359.712 364.425 364.425 367.566 370.708 372.279 373.85 373.85 376.991 380.133 383.274 383.274 386.416 387.987 391.128 392.699 392.699 394.27 397.411 398.982 400.553 402.124 403.695 405.265 406.836 408.407 411.549 409.978 413.119 413.119 414.69 414.69 417.832 417.832 420.973 420.973 422.544 422.544 424.115 427.257 427.257 428.827 430.398 430.398 433.54 430.398 431.969 430.398 433.54 435.111 436.681 436.681 436.681 436.681 438.252 438.252 439.823 439.823 439.823 439.823 441.394 439.823 441.394 442.965 442.965 442.965 442.965 441.394 442.965 442.965 442.965 444.535 441.394 442.965 442.965 442.965 442.965 442.965 442.965 439.823 441.394 441.394 441.394 439.823 438.252 439.823 438.252 438.252 439.823 438.252 438.252 435.111 435.111 435.111 433.54 430.398 431.969 431.969 430.398 430.398 428.827 427.257 427.257 427.257 424.115 424.115 420.973 422.544 420.973 417.832 417.832 416.261 416.261 413.119 413.119 411.549 411.549 406.836 406.836 403.695 402.124 402.124 398.982 398.982 395.841 395.841 392.699 392.699 389.557 387.987 386.416 383.274 381.704 380.133 376.991 375.42 373.85 372.279 369.137 367.566 367.566 362.854 361.283 359.712 355 353.429 351.858 351.858 348.717 344.004 342.434 339.292 336.15 334.58 333.009 329.867 326.726 325.155 322.013 318.872 317.301 314.159
320.442 323.584 323.584 328.296 329.867 331.438 333.009 339.292 340.863 342.434 345.575 348.717 348.717 351.858 355 355 359.712 361.283 362.854 365.996 367.566 369.137 372.279 373.85 376.991 376.991 380.133 383.274 383.274 386.416 387.987 389.557 389.557 392.699 394.27 397.411 397.411 400.553 402.124 402.124 405.265 406.836 406.836 408.407 411.549 411.549 414.69 414.69 417.832 416.261 419.403 419.403 420.973 422.544 424.115 425.686 425.686 425.686 427.257 428.827 430.398 430.398 431.969 431.969 431.969 433.54 433.54 436.681 436.681 435.111 436.681 438.252 438.252 439.823 439.823 438.252 439.823 441.394 441.394 441.394 442.965 441.394 442.965 442.965 441.394 442.965 442.965 442.965 444.535 442.965 442.965 442.965 441.394 442.965 441.394 441.394 441.394 441.394 439.823 439.823 439.823 439.823 439.823 438.252 438.252 436.681 436.681 436.681 436.681 435.111 435.111 433.54 431.969 433.54 430.398 433.54 428.827 428.827 428.827 427.257 424.115 424.115 424.115 424.115 420.973 419.403 419.403 417.832 414.69 414.69 413.119 413.119 411.549 408.407 408.407 405.265 405.265 403.695 402.124 400.553 398.982 395.841 395.841 392.699 392.699 389.557 389.557 386.416 383.274 380.133 380.133 376.991 375.42 373.85 370.708 369.137 367.566 364.425 364.425 361.283 359.712 358.142 355 351.858 348.717 345.575 344.004 342.434 340.863 336.15 336.15 333.009 331.438 326.726 326.726 322.013 320.442 317.301 314.159 315.73 320.442 322.013 323.584 329.867 329.867 331.438 334.58 339.292 339.292 342.434 344.004 345.575 348.717 351.858 353.429 355 359.712 361.283 364.425 367.566 369.137 370.708 370.708 373.85 376.991 378.562 380.133 383.274 383.274 386.416 387.987 391.128 392.699 392.699 395.841 398.982 397.411 400.553 402.124 405.265 403.695 406.836 408.407 409.978 411.549 413.119 413.119 416.261 414.69 416.261 419.403 420.973 420.973 424.115 422.544 424.115 424.115 427.257 428.827 428.827 430.398 430.398 431.969 433.54 433.54 436.681 435.111 433.54 435.111 436.681 438.252 439.823 438.252 438.252 439.823 439.823 439.823 441.394 441.394 441.394 439.823 441.394 441.394 439.823 441.394 442.965 442.965 442.965 442.965 442.965 442.965 442.965 442.965 442.965 441.394 441.394 439.823 441.394 439.823 439.823 441.394 439.823 439.823 438.252 438.252 438.252 436.681 435.111 435.111 436.681 435.111 435.111 433.54 433.54 431.969 430.398 428.827 428.827 427.257 425.686 427.257 422.544 424.115 424.115 422.544 419.403 419.403 417.832 414.69 414.69 413.119 413.119 411.549 409.978 405.265 406.836 405.265 403.695 400.553 400.553 398.982 397.411 394.27 392.699 389.557 391.128 386.416 384.845 383.274 381.704 380.133 378.562 376.991 373.85 370.708 370.708 367.566 364.425 364.425 361.283 359.712 358.142 353.429 351.858 350.288 348.717 344.004 342.434 339.292 336.15 336.15 333.009 331.438 326.726 323.584 320.442 318.872 315.73 314.159
320.442 323.584 326.726 326.726 331.438 331.438 334.58 337.721 339.292 342.434 344.004 348.717 351.858 351.858 353.429 355 358.142 361.283 364.425 364.425 369.137 369.137 372.279 373.85 375.42 378.562 380.133 383.274 384.845 386.416 386.416 391.128 392.699 392.699 394.27 395.841 398.982 398.982 402.124 402.124 405.265 405.265 408.407 409.978 411.549 411.549 411.549 416.261 414.69 417.832 417.832 419.403 420.973 424.115 425.686 424.115 425.686 427.257 428.827 428.827 430.398 433.54 431.969 431.969 430.398 431.969 435.111 435.111 436.681 435.111 436.681 439.823 436.681 439.823 441.394 439.823 439.823 441.394 439.823 441.394 441.394 442.965 442.965 442.965 441.394 442.965 442.965 442.965 442.965 442.965 442.965 442.965 444.535 439.823 441.394 441.394 441.394 441.394 441.394 439.823 441.394 439.823 439.823 438.252 438.252 438.252 438.252 436.681 436.681 435.111 435.111 431.969 433.54 430.398 430.398 430.398 427.257 428.827 427.257 425.686 425.686 425.686 422.544 420.973 422.544 419.403 417.832 417.832 414.69 416.261 413.119 413.119 411.549 409.978 406.836 405.265 403.695 402.124 402.124 398.982 397.411 395.841 394.27 392.699 389.557 389.557 387.987 384.845 383.274 381.704 380.133 376.991 376.991 375.42 372.279 369.137 367.566 365.996 364.425 361.283 359.712 356.571 355 351.858 348.717 347.146 345.575 342.434 340.863 337.721 336.15 333.009 329.867 328.296 325.155 322.013 320.442 315.73 314.159 315.73 320.442 322.013 326.726 326.726 329.867 333.009 333.009 339.292 340.863 342.434 345.575 347.146 348.717 351.858 353.429 356.571 358.142 361.283 362.854 365.996 367.566 370.708 370.708 373.85 375.42 378.562 380.133 381.704 383.274 386.416 387.987 389.557 389.557 392.699 395.841 397.411 395.841 398.982 402.124 405.265 405.265 405.265 408.407 408.407 411.549 413.119 413.119 414.69 414.69 420.973 420.973 420.973 420.973 422.544 422.544 424.115 425.686 427.257 427.257 428.827 430.398 430.398 431.969 431.969 433.54 433.54 435.111 435.111 435.111 436.681 438.252 438.252 438.252 438.252 436.681 438.252 439.823 439.823 439.823 441.394 439.823 442.965 442.965 442.965 441.394 442.965 442.965 442.965 442.965 441.394 441.394 444.535 442.965 441.394 442.965 442.965 441.394 441.394 439.823 441.394 441.394 442.965 439.823 439.823 438.252 438.252 436.681 436.681 436.681 435.111 435.111 433.54 430.398 431.969 430.398 430.398 430.398 428.827 427.257 425.686 425.686 425.686 422.544 424.115 420.973 419.403 419.403 417.832 417.832 414.69 413.119 411.549 409.978 409.978 406.836 405.265 405.265 402.124 402.124 398.982 398.982 397.411 395.841 392.699 389.557 389.557 386.416 386.416 386.416 383.274 380.133 380.133 375.42 373.85 373.85 370.708 367.566 364.425 361.283 361.283 358.142 358.142 355 351.858 348.717 347.146 345.575 342.434 342.434 336.15 334.58 333.009 329.867 326.726 325.155 322.013 318.872 317.301 314.159
317.301 322.013 326.726 328.296 329.867 333.009 334.58 339.292 342.434 342.434 344.004 347.146 348.717 351.858 355 355 359.712 361.283 364.425 367.566 367.566 369.137 372.279 373.85 375.42 378.562 380.133 381.704 383.274 386.416 386.416 389.557 389.557 392.699 395.841 397.411 397.411 398.982 402.124 405.265 403.695 406.836 408.407 409.978 409.978 411.549 414.69 414.69 417.832 417.832 419.403 419.403 420.973 420.973 424.115 425.686 424.115 427.257 427.257 428.827 430.398 430.398 431.969 431.969 433.54 433.54 433.54 435.111 436.681 436.681 438.252 438.252 438.252 438.252 439.823 441.394 439.823 439.823 442.965 441.394 442.965 441.394 441.394 442.965 441.394 442.965 442.965 444.535 439.823 442.965 441.394 442.965 441.394 442.965 441.394 442.965 441.394 441.394 442.965 441.394 439.823 439.823 439.823 439.823 438.252 438.252 438.252 436.681 435.111 433.54 435.111 433.54 433.54 431.969 431.969 430.398 427.257 428.827 430.398 425.686 425.686 424.115 422.544 420.973 420.973 419.403 419.403 417.832 414.69 416.261 413.119 411.549 411.549 408.407 408.407 406.836 403.695 402.124 400.553 400.553 398.982 397.411 394.27 392.699 391.128 389.557 387.987 384.845 384.845 381.704 380.133 378.562 376.991 373.85 372.279 369.137 367.566 364.425 364.425 361.283 358.142 356.571 355 351.858 350.288 348.717 345.575 342.434 339.292 336.15 336.15 333.009 329.867 326.726 325.155 322.013 318.872 317.301 314.159 317.301 318.872 320.442 323.584 329.867 329.867 333.009 336.15 336.15 339.292 342.434 345.575 345.575 350.288 351.858 353.429 356.571 359.712 361.283 362.854 365.996 367.566 369.137 372.279 373.85 376.991 378.562 380.133 381.704 383.274 386.416 387.987 389.557 391.128 392.699 394.27 397.411 398.982 400.553 402.124 402.124 403.695 406.836 405.265 408.407 409.978 411.549 413.119 414.69 417.832 417.832 419.403 420.973 422.544 420.973 422.544 424.115 425.686 427.257 425.686 428.827 427.257 430.398 431.969 431.969 433.54 433.54 433.54 435.111 436.681 436.681 438.252 436.681 439.823 439.823 436.681 438.252 439.823 439.823 442.965 441.394 439.823 441.394 441.394 442.965 441.394 442.965 442.965 442.965 439.823 442.965 442.965 442.965 441.394 442.965 441.394 441.394 442.965 441.394 441.394 441.394 439.823 439.823 439.823 439.823 438.252 438.252 436.681 435.111 435.111 433.54 435.111 431.969 433.54 431.969 431.969 433.54 430.398 428.827 427.257 425.686 425.686 425.686 424.115 422.544 422.544 417.832 417.832 416.261 414.69 414.69 413.119 411.549 411.549 409.978 408.407 406.836 405.265 405.265 402.124 398.982 398.982 397.411 394.27 395.841 392.699 389.557 386.416 384.845 383.274 380.133 380.133 378.562 376.991 373.85 370.708 370.708 367.566 367.566 362.854 361.283 358.142 356.571 355 351.858 348.717 348.717 345.575 344.004 339.292 337.721 334.58 333.009 329.867 326.726 323.584 322.013 320.442 317.301 314.159
320.442 323.584 325.155 326.726 329.867 333.009 333.009 337.721 339.292 342.434 345.575 345.575 350.288 351.858 355 356.571 359.712 361.283 364.425 364.425 367.566 370.708 372.279 373.85 375.42 378.562 380.133 381.704 384.845 386.416 386.416 389.557 389.557 392.699 394.27 395.841 398.982 400.553 402.124 402.124 405.265 406.836 406.836 408.407 409.978 411.549 413.119 411.549 414.69 416.261 419.403 417.832 420.973 424.115 424.115 425.686 425.686 425.686 427.257 428.827 427.257 428.827 431.969 433.54 433.54 436.681 435.111 435.111 436.681 435.111 438.252 436.681 438.252 439.823 439.823 439.823 441.394 441.394 441.394 441.394 442.965 441.394 441.394 442.965 442.965 442.965 442.965 442.965 442.965 442.965 442.965 441.394 442.965 439.823 442.965 442.965 439.823 441.394 439.823 439.823 439.823 439.823 439.823 438.252 438.252 438.252 438.252 436.681 435.111 433.54 433.54 433.54 431.969 431.969 430.398 430.398 427.257 428.827 427.257 427.257 425.686 425.686 424.115 420.973 420.973 417.832 419.403 416.261 417.832 416.261 413.119 413.119 409.978 408.407 408.407 406.836 403.695 402.124 402.124 400.553 397.411 395.841 394.27 392.699 391.128 389.557 387.987 384.845 383.274 381.704 380.133 378.562 375.42 373.85 370.708 370.708 367.566 365.996 364.425 361.283 359.712 356.571 353.429 351.858 350.288 347.146 345.575 342.434 339.292 336.15 336.15 329.867 329.867 328.296 323.584 322.013 320.442 317.301 314.159 317.301 320.442 322.013 323.584 326.726 331.438 333.009 336.15 336.15 339.292 342.434 345.575 345.575 350.288 351.858 353.429 358.142 358.142 361.283 364.425 364.425 367.566 370.708 370.708 373.85 376.991 378.562 380.133 381.704 383.274 386.416 387.987 389.557 389.557 394.27 394.27 395.841 398.982 400.553 402.124 402.124 405.265 406.836 408.407 411.549 409.978 411.549 413.119 414.69 414.69 416.261 417.832 419.403 420.973 422.544 424.115 422.544 427.257 427.257 428.827 428.827 430.398 430.398 430.398 433.54 433.54 433.54 435.111 436.681 435.111 436.681 438.252 436.681 438.252 438.252 439.823 439.823 439.823 441.394 439.823 441.394 442.965 441.394 441.394 442.965 442.965 442.965 442.965 442.965 442.965 442.965 442.965 442.965 442.965 442.965 441.394 442.965 439.823 441.394 441.394 441.394 439.823 439.823 439.823 438.252 438.252 438.252 438.252 436.681 436.681 435.111 435.111 433.54 430.398 433.54 431.969 430.398 430.398 428.827 427.257 425.686 427.257 424.115 424.115 422.544 420.973 420.973 419.403 416.261 414.69 414.69 411.549 411.549 411.549 408.407 408.407 405.265 405.265 402.124 402.124 402.124 398.982 397.411 394.27 392.699 392.699 389.557 387.987 386.416 383.274 383.274 380.133 378.562 376.991 373.85 372.279 370.708 367.566 365.996 364.425 361.283 358.142 356.571 355 351.858 351.858 348.717 345.575 342.434 339.292 337.721 333.009 333.009 329.867 326.726 323.584 322.013 318.872 317.301 314.159
320.442 322.013 323.584 326.726 329.867 331.438 334.58 337.721 340.863 342.434 345.575 347.146 350.288 351.858 353.429 356.571 358.142 361.283 364.425 365.996 367.566 370.708 372.279 373.85 375.42 376.991 380.133 383.274 383.274 384.845 386.416 386.416 392.699 395.841 395.841 397.411 398.982 398.982 402.124 402.124 405.265 406.836 408.407 408.407 409.978 413.119 414.69 414.69 417.832 420.973 419.403 419.403 422.544 422.544 422.544 425.686 425.686 425.686 427.257 428.827 428.827 430.398 431.969 433.54 433.54 433.54 433.54 436.681 436.681 439.823 438.252 439.823 438.252 439.823 441.394 439.823 439.823 441.394 441.394 441.394 439.823 441.394 441.394 441.394 442.965 441.394 442.965 442.965 442.965 441.394 442.965 442.965 441.394 442.965 441.394 441.394 441.394 441.394 439.823 441.394 441.394 438.252 441.394 439.823 436.681 439.823 438.252 436.681 435.111 435.111 433.54 433.54 433.54 431.969 431.969 428.827 431.969 428.827 428.827 427.257 425.686 425.686 424.115 420.973 419.403 420.973 419.403 417.832 414.69 414.69 414.69 413.119 409.978 411.549 408.407 406.836 403.695 403.695 402.124 398.982 395.841 395.841 395.841 394.27 392.699 389.557 387.987 386.416 383.274 380.133 380.133 376.991 375.42 375.42 372.279 370.708 367.566 365.996 364.425 361.283 359.712 356.571 353.429 351.858 348.717 347.146 345.575 342.434 339.292 337.721 336.15 331.438 329.867 326.726 323.584 323.584 320.442 315.73 314.159 317.301 318.872 320.442 323.584 328.296 329.867 331.438 334.58 337.721 339.292 342.434 345.575 347.146 348.717 351.858 355 356.571 359.712 361.283 364.425 364.425 367.566 369.137 372.279 373.85 375.42 378.562 380.133 383.274 383.274 386.416 387.987 387.987 391.128 394.27 395.841 395.841 397.411 398.982 398.982 405.265 405.265 405.265 408.407 411.549 409.978 411.549 414.69 414.69 417.832 417.832 419.403 420.973 420.973 420.973 422.544 424.115 425.686 427.257 427.257 428.827 430.398 431.969 430.398 431.969 433.54 436.681 435.111 435.111 436.681 436.681 438.252 439.823 438.252 438.252 436.681 439.823 439.823 441.394 442.965 441.394 441.394 441.394 442.965 441.394 444.535 441.394 442.965 441.394 442.965 441.394 439.823 441.394 442.965 442.965 441.394 442.965 441.394 441.394 439.823 441.394 439.823 439.823 439.823 439.823 438.252 439.823 436.681 435.111 436.681 436.681 433.54 433.54 433.54 431.969 430.398 433.54 428.827 428.827 428.827 427.257 425.686 425.686 424.115 422.544 420.973 420.973 417.832 417.832 417.832 414.69 413.119 414.69 411.549 409.978 406.836 405.265 405.265 405.265 402.124 402.124 397.411 397.411 394.27 392.699 391.128 389.557 386.416 386.416 383.274 381.704 380.133 378.562 376.991 373.85 373.85 369.137 369.137 364.425 362.854 361.283 358.142 356.571 355 351.858 348.717 348.717 345.575 342.434 340.863 339.292 334.58 333.009 329.867 328.296 325.155 322.013 318.872 317.301 314.159
317.301 322.013 325.155 326.726 329.867 333.009 334.58 336.15 339.292 342.434 345.575 345.575 348.717 351.858 353.429 356.571 358.142 361.283 364.425 364.425 367.566 369.137 372.279 375.42 375.42 378.562 380.133 383.274 384.845 386.416 387.987 386.416 389.557 392.699 395.841 397.411 400.553 398.982 402.124 402.124 403.695 406.836 406.836 408.407 409.978 411.549 413.119 416.261 417.832 420.973 417.832 420.973 420.973 424.115 424.115 424.115 425.686 425.686 427.257 428.827 431.969 430.398 430.398 431.969 435.111 431.969 433.54 436.681 436.681 436.681 438.252 439.823 438.252 438.252 439.823 439.823 439.823 441.394 441.394 441.394 439.823 442.965 441.394 442.965 442.965 439.823 441.394 442.965 444.535 444.535 442.965 442.965 441.394 439.823 441.394 442.965 442.965 441.394 439.823 439.823 441.394 439.823 439.823 438.252 436.681 438.252 438.252 436.681 435.111 435.111 435.111 433.54 433.54 433.54 431.969 430.398 430.398 428.827 427.257 427.257 424.115 424.115 424.115 422.544 420.973 419.403 419.403 420.973 414.69 414.69 413.119 411.549 411.549 409.978 408.407 405.265 403.695 402.124 402.124 398.982 398.982 397.411 395.841 392.699 389.557 389.557 386.416 384.845 383.274 381.704 380.133 376.991 375.42 373.85 372.279 370.708 367.566 365.996 362.854 361.283 358.142 358.142 353.429 351.858 350.288 348.717 344.004 342.434 339.292 336.15 334.58 333.009 329.867 329.867 326.726 320.442 318.872 317.301 314.159 317.301 320.442 320.442 325.155 328.296 331.438 333.009 336.15 337.721 339.292 342.434 342.434 345.575 350.288 351.858 353.429 356.571 358.142 362.854 362.854 365.996 369.137 370.708 372.279 373.85 375.42 378.562 380.133 381.704 384.845 386.416 387.987 389.557 389.557 392.699 394.27 397.411 398.982 398.982 402.124 403.695 405.265 406.836 408.407 409.978 411.549 413.119 413.119 414.69 414.69 417.832 419.403 420.973 420.973 424.115 422.544 420.973 427.257 427.257 427.257 427.257 430.398 430.398 430.398 431.969 433.54 435.111 435.111 436.681 436.681 436.681 438.252 438.252 438.252 439.823 439.823 442.965 439.823 439.823 439.823 441.394 439.823 439.823 441.394 439.823 441.394 442.965 441.394 441.394 442.965 442.965 442.965 442.965 441.394 442.965 441.394 442.965 439.823 441.394 441.394 439.823 439.823 438.252 436.681 436.681 438.252 439.823 438.252 436.681 436.681 436.681 433.54 433.54 433.54 430.398 430.398 430.398 430.398 428.827 427.257 427.257 424.115 425.686 424.115 424.115 420.973 420.973 419.403 416.261 417.832 416.261 413.119 413.119 409.978 408.407 408.407 406.836 403.695 405.265 402.124 402.124 398.982 397.411 394.27 392.699 391.128 389.557 387.987 386.416 383.274 380.133 380.133 376.991 376.991 373.85 372.279 370.708 367.566 367.566 362.854 361.283 359.712 355 353.429 351.858 348.717 347.146 345.575 342.434 339.292 336.15 333.009 333.009 329.867 326.726 323.584 320.442 320.442 317.301 314.159
320.442 323.584 325.155 326.726 329.867 333.009 334.58 337.721 340.863 342.434 345.575 347.146 351.858 351.858 355 358.142 358.142 361.283 362.854 365.996 367.566 370.708 372.279 373.85 375.42 378.562 380.133 381.704 383.274 386.416 387.987 389.557 391.128 392.699 394.27 397.411 397.411 398.982 400.553 402.124 405.265 406.836 408.407 408.407 411.549 411.549 414.69 414.69 414.69 416.261 417.832 420.973 420.973 422.544 422.544 424.115 425.686 427.257 427.257 428.827 431.969 430.398 431.969 431.969 433.54 433.54 435.111 435.111 435.111 435.111 435.111 438.252 439.823 439.823 439.823 439.823 439.823 439.823 439.823 441.394 442.965 441.394 442.965 442.965 441.394 442.965 442.965 442.965 442.965 442.965 442.965 444.535 444.535 442.965 441.394 441.394 442.965 441.394 439.823 439.823 439.823 438.252 436.681 438.252 439.823 438.252 436.681 438.252 436.681 436.681 435.111 433.54 431.969 431.969 431.969 430.398 430.398 427.257 427.257 427.257 425.686 424.115 422.544 420.973 420.973 419.403 417.832 417.832 416.261 414.69 414.69 411.549 411.549 408.407 408.407 406.836 405.265 405.265 402.124 398.982 398.982 397.411 394.27 392.699 389.557 389.557 387.987 386.416 383.274 381.704 380.133 378.562 375.42 373.85 372.279 370.708 367.566 365.996 362.854 361.283 359.712 358.142 355 351.858 348.717 348.717 342.434 342.434 340.863 337.721 334.58 333.009 329.867 326.726 323.584 322.013 318.872 317.301 314.159 317.301 320.442 323.584 325.155 328.296 329.867 331.438 334.58 337.721 340.863 342.434 344.004 345.575 348.717 351.858 355 356.571 358.142 361.283 362.854 365.996 367.566 369.137 372.279 373.85 376.991 378.562 380.133 383.274 383.274 386.416 387.987 389.557 392.699 392.699 394.27 395.841 397.411 398.982 402.124 402.124 405.265 406.836 408.407 408.407 411.549 411.549 414.69 414.69 414.69 417.832 417.832 420.973 420.973 420.973 424.115 425.686 424.115 427.257 428.827 428.827 430.398 430.398 431.969 431.969 435.111 433.54 433.54 433.54 436.681 436.681 435.111 439.823 438.252 438.252 439.823 442.965 441.394 441.394 439.823 441.394 441.394 441.394 441.394 439.823 441.394 442.965 442.965 441.394 442.965 441.394 442.965 441.394 442.965 442.965 442.965 441.394 442.965 441.394 439.823 439.823 439.823 439.823 438.252 439.823 438.252 436.681 436.681 438.252 435.111 435.111 435.111 433.54 433.54 430.398 431.969 428.827 430.398 427.257 428.827 425.686 427.257 425.686 424.115 424.115 420.973 420.973 419.403 417.832 417.832 414.69 413.119 411.549 409.978 408.407 406.836 406.836 405.265 402.124 402.124 400.553 398.982 397.411 395.841 392.699 391.128 387.987 386.416 386.416 383.274 381.704 380.133 376.991 376.991 373.85 372.279 369.137 367.566 364.425 362.854 361.283 358.142 358.142 353.429 351.858 351.858 348.717 345.575 342.434 340.863 337.721 336.15 333.009 329.867 326.726 325.155 323.584 320.442 315.73 314.159
318.872 322.013 323.584 326.726 329.867 333.009 334.58 336.15 340.863 342.434 344.004 348.717 350.288 351.858 353.429 356.571 359.712 361.283 364.425 365.996 367.566 369.137 370.708 373.85 376.991 378.562 380.133 381.704 383.274 386.416 387.987 389.557 392.699 392.699 394.27 395.841 397.411 400.553 402.124 402.124 403.695 406.836 406.836 408.407 409.978 411.549 414.69 416.261 417.832 416.261 419.403 419.403 420.973 424.115 422.544 425.686 424.115 425.686 428.827 428.827 430.398 430.398 431.969 431.969 433.54 433.54 433.54 436.681 435.111 435.111 436.681 439.823 438.252 438.252 441.394 439.823 439.823 439.823 439.823 441.394 441.394 442.965 441.394 441.394 441.394 441.394 441.394 442.965 442.965 442.965 441.394 442.965 441.394 442.965 441.394 442.965 441.394 441.394 441.394 439.823 439.823 439.823 436.681 439.823 438.252 439.823 438.252 436.681 436.681 435.111 435.111 435.111 433.54 431.969 430.398 433.54 430.398 428.827 427.257 427.257 424.115 424.115 424.115 422.544 422.544 420.973 419.403 417.832 414.69 414.69 413.119 411.549 409.978 409.978 408.407 406.836 405.265 402.124 402.124 400.553 398.982 395.841 394.27 395.841 392.699 387.987 387.987 384.845 386.416 383.274 380.133 376.991 376.991 373.85 370.708 369.137 367.566 364.425 362.854 361.283 361.283 356.571 355 351.858 350.288 345.575 344.004 342.434 339.292 339.292 334.58 333.009 329.867 326.726 325.155 323.584 318.872 317.301 314.159 317.301 320.442 322.013 323.584 328.296 329.867 333.009 334.58 337.721 339.292 342.434 344.004 345.575 350.288 351.858 355 356.571 361.283 361.283 361.283 367.566 367.566 369.137 372.279 373.85 376.991 378.562 380.133 381.704 384.845 384.845 387.987 389.557 389.557 392.699 395.841 397.411 398.982 400.553 402.124 403.695 405.265 406.836 405.265 409.978 409.978 411.549 413.119 414.69 414.69 416.261 417.832 419.403 420.973 422.544 422.544 424.115 424.115 425.686 427.257 428.827 430.398 430.398 430.398 431.969 433.54 435.111 435.111 435.111 436.681 436.681 436.681 436.681 438.252 438.252 441.394 439.823 439.823 441.394 439.823 441.394 441.394 441.394 441.394 442.965 441.394 441.394 442.965 442.965 439.823 444.535 442.965 442.965 444.535 439.823 442.965 442.965 442.965 441.394 442.965 439.823 439.823 439.823 436.681 439.823 438.252 438.252 436.681 435.111 435.111 436.681 435.111 436.681 433.54 431.969 431.969 431.969 430.398 428.827 427.257 425.686 425.686 425.686 424.115 424.115 420.973 419.403 419.403 417.832 414.69 416.261 414.69 411.549 411.549 409.978 408.407 405.265 403.695 403.695 402.124 400.553 398.982 395.841 394.27 394.27 389.557 389.557 387.987 384.845 383.274 380.133 380.133 380.133 375.42 373.85 372.279 370.708 367.566 365.996 361.283 361.283 358.142 358.142 355 351.858 351.858 348.717 345.575 342.434 339.292 337.721 333.009 333.009 329.867 328.296 325.155 322.013 318.872 317.301 314.159
320.442 323.584 325.155 328.296 329.867 333.009 336.15 339.292 342.434 342.434 345.575 347.146 350.288 351.858 353.429 355 359.712 361.283 362.854 365.996 367.566 369.137 372.279 373.85 376.991 376.991 380.133 380.133 384.845 386.416 386.416 391.128 389.557 392.699 394.27 395.841 398.982 400.553 400.553 402.124 405.265 406.836 408.407 408.407 411.549 411.549 414.69 416.261 416.261 417.832 419.403 420.973 420.973 422.544 424.115 424.115 424.115 427.257 427.257 428.827 427.257 430.398 430.398 433.54 433.54 431.969 435.111 436.681 436.681 436.681 438.252 438.252 438.252 439.823 436.681 439.823 439.823 439.823 439.823 441.394 441.394 441.394 441.394 444.535 442.965 441.394 442.965 441.394 442.965 441.394 442.965 442.965 441.394 444.535 441.394 441.394 442.965 441.394 441.394 439.823 439.823 438.252 441.394 438.252 439.823 439.823 436.681 436.681 436.681 433.54 435.111 433.54 430.398 433.54 430.398 430.398 430.398 428.827 427.257 427.257 425.686 425.686 422.544 420.973 422.544 420.973 419.403 417.832 417.832 414.69 413.119 411.549 411.549 409.978 408.407 406.836 403.695 405.265 402.124 402.124 398.982 397.411 394.27 394.27 391.128 389.557 387.987 384.845 384.845 381.704 380.133 376.991 375.42 373.85 372.279 369.137 367.566 364.425 364.425 361.283 358.142 356.571 355 351.858 350.288 345.575 345.575 342.434 340.863 337.721 334.58 333.009 329.867 326.726 325.155 320.442 320.442 317.301 314.159 317.301 320.442 322.013 325.155 328.296 331.438 329.867 333.009 336.15 339.292 342.434 345.575 347.146 348.717 353.429 353.429 355 359.712 361.283 361.283 364.425 367.566 369.137 372.279 373.85 376.991 378.562 380.133 383.274 384.845 386.416 389.557 389.557 389.557 392.699 395.841 397.411 398.982 398.982 400.553 403.695 405.265 406.836 408.407 408.407 411.549 413.119 414.69 414.69 414.69 417.832 419.403 420.973 420.973 424.115 422.544 424.115 424.115 425.686 428.827 428.827 430.398 430.398 431.969 433.54 433.54 433.54 435.111 436.681 436.681 436.681 438.252 438.252 438.252 438.252 439.823 439.823 439.823 439.823 442.965 441.394 442.965 442.965 441.394 442.965 441.394 442.965 442.965 441.394 442.965 444.535 442.965 442.965 442.965 441.394 442.965 442.965 442.965 441.394 442.965 441.394 441.394 439.823 438.252 438.252 438.252 438.252 438.252 436.681 436.681 436.681 435.111 433.54 433.54 431.969 431.969 430.398 430.398 428.827 427.257 427.257 427.257 424.115 424.115 420.973 422.544 420.973 419.403 419.403 414.69 411.549 413.119 411.549 409.978 408.407 406.836 406.836 405.265 402.124 402.124 400.553 398.982 395.841 395.841 392.699 391.128 389.557 386.416 386.416 384.845 381.704 380.133 378.562 375.42 373.85 372.279 370.708 367.566 364.425 362.854 361.283 359.712 358.142 353.429 351.858 348.717 347.146 345.575 342.434 340.863 337.721 336.15 331.438 329.867 326.726 323.584 323.584 318.872 317.301 314.159
320.442 323.584 323.584 326.726 329.867 333.009 336.15 337.721 340.863 342.434 345.575 345.575 350.288 351.858 353.429 355 359.712 361.283 361.283 367.566 367.566 370.708 370.708 373.85 376.991 376.991 380.133 383.274 383.274 386.416 387.987 389.557 391.128 392.699 395.841 395.841 397.411 398.982 402.124 402.124 403.695 406.836 408.407 409.978 411.549 411.549 414.69 414.69 417.832 416.261 417.832 419.403 420.973 422.544 422.544 424.115 425.686 427.257 427.257 428.827 430.398 430.398 430.398 431.969 431.969 435.111 433.54 435.111 436.681 435.111 438.252 438.252 438.252 438.252 439.823 442.965 441.394 441.394 439.823 441.394 439.823 441.394 442.965 442.965 446.106 442.965 442.965 442.965 442.965 442.965 441.394 441.394 442.965 439.823 442.965 441.394 442.965 441.394 439.823 441.394 439.823 439.823 438.252 439.823 438.252 436.681 438.252 436.681 435.111 433.54 435.111 431.969 433.54 431.969 431.969 430.398 430.398 428.827 427.257 427.257 424.115 424.115 424.115 424.115 420.973 419.403 419.403 417.832 414.69 414.69 413.119 411.549 409.978 409.978 406.836 405.265 403.695 402.124 402.124 398.982 398.982 397.411 394.27 392.699 392.699 389.557 387.987 384.845 384.845 380.133 380.133 376.991 376.991 373.85 372.279 369.137 367.566 365.996 362.854 361.283 358.142 356.571 355 351.858 350.288 348.717 345.575 342.434 340.863 339.292 334.58 333.009 329.867 328.296 325.155 323.584 318.872 317.301 314.159 317.301 320.442 320.442 323.584 328.296 329.867 331.438 333.009 337.721 339.292 342.434 345.575 347.146 350.288 351.858 353.429 355 358.142 361.283 364.425 364.425 367.566 369.137 372.279 373.85 376.991 376.991 380.133 380.133 384.845 386.416 389.557 389.557 391.128 392.699 395.841 397.411 397.411 400.553 402.124 403.695 405.265 405.265 408.407 408.407 411.549 411.549 413.119 414.69 417.832 417.832 417.832 417.832 420.973 420.973 424.115 425.686 424.115 427.257 427.257 430.398 430.398 428.827 431.969 431.969 433.54 433.54 435.111 435.111 435.111 438.252 438.252 438.252 438.252 438.252 441.394 438.252 439.823 441.394 439.823 441.394 439.823 442.965 441.394 442.965 441.394 441.394 442.965 444.535 442.965 441.394 442.965 442.965 442.965 442.965 442.965 441.394 441.394 441.394 441.394 441.394 439.823 438.252 439.823 439.823 438.252 436.681 438.252 435.111 436.681 435.111 435.111 431.969 433.54 433.54 431.969 430.398 428.827 428.827 427.257 427.257 425.686 424.115 422.544 420.973 420.973 419.403 417.832 416.261 417.832 416.261 414.69 411.549 409.978 408.407 408.407 405.265 405.265 402.124 402.124 398.982 397.411 397.411 395.841 392.699 391.128 389.557 387.987 386.416 383.274 381.704 380.133 376.991 375.42 373.85 370.708 369.137 367.566 364.425 364.425 361.283 358.142 356.571 355 351.858 348.717 348.717 345.575 342.434 340.863 336.15 336.15 333.009 329.867 326.726 326.726 322.013 318.872 317.301 314.159
320.442 322.013 323.584 326.726 329.867 333.009 334.58 337.721 340.863 342.434 345.575 348.717 348.717 351.858 355 355 358.142 361.283 364.425 365.996 369.137 369.137 372.279 375.42 375.42 376.991 380.133 383.274 383.274 386.416 386.416 389.557 391.128 392.699 395.841 395.841 398.982 398.982 402.124 403.695 405.265 406.836 408.407 408.407 411.549 411.549 414.69 416.261 417.832 417.832 419.403 419.403 420.973 420.973 422.544 424.115 427.257 427.257 425.686 428.827 430.398 430.398 430.398 431.969 433.54 433.54 433.54 436.681 436.681 436.681 438.252 436.681 439.823 438.252 441.394 439.823 439.823 439.823 442.965 441.394 442.965 441.394 442.965 441.394 441.394 442.965 442.965 441.394 439.823 442.965 442.965 442.965 441.394 442.965 441.394 441.394 441.394 441.394 439.823 439.823 441.394 438.252 439.823 439.823 438.252 439.823 436.681 436.681 436.681 436.681 435.111 433.54 433.54 430.398 431.969 430.398 427.257 428.827 427.257 427.257 425.686 424.115 422.544 420.973 420.973 420.973 417.832 416.261 417.832 416.261 414.69 411.549 409.978 408.407 406.836 406.836 403.695 402.124 402.124 400.553 397.411 397.411 395.841 392.699 392.699 391.128 387.987 386.416 384.845 383.274 380.133 376.991 376.991 373.85 372.279 369.137 367.566 364.425 362.854 361.283 358.142 358.142 355 353.429 350.288 348.717 344.004 342.434 339.292 337.721 333.009 331.438 329.867 326.726 325.155 323.584 320.442 315.73 314.159 317.301 320.442 323.584 323.584 326.726 329.867 333.009 336.15 336.15 339.292 342.434 345.575 347.146 350.288 351.858 355 358.142 358.142 361.283 362.854 365.996 367.566 369.137 373.85 373.85 375.42 378.562 380.133 380.133 383.274 386.416 387.987 386.416 389.557 392.699 394.27 397.411 398.982 398.982 402.124 402.124 403.695 405.265 408.407 409.978 409.978 414.69 414.69 414.69 414.69 416.261 417.832 419.403 422.544 424.115 422.544 425.686 427.257 427.257 427.257 428.827 427.257 428.827 431.969 433.54 433.54 431.969 435.111 435.111 435.111 436.681 438.252 439.823 439.823 438.252 439.823 439.823 439.823 439.823 439.823 441.394 441.394 441.394 442.965 442.965 446.106 442.965 442.965 442.965 442.965 442.965 442.965 442.965 441.394 442.965 441.394 441.394 442.965 441.394 441.394 439.823 441.394 441.394 439.823 438.252 438.252 438.252 438.252 436.681 436.681 435.111 435.111 433.54 433.54 431.969 431.969 430.398 430.398 428.827 427.257 427.257 425.686 424.115 422.544 422.544 420.973 419.403 419.403 417.832 414.69 416.261 414.69 413.119 409.978 411.549 408.407 406.836 403.695 403.695 400.553 398.982 397.411 397.411 395.841 392.699 391.128 389.557 387.987 384.845 384.845 380.133 380.133 376.991 375.42 373.85 372.279 369.137 367.566 365.996 364.425 361.283 358.142 358.142 353.429 351.858 348.717 347.146 345.575 342.434 339.292 336.15 336.15 333.009 329.867 326.726 325.155 322.013 318.872 317.301 314.159
318.872 323.584 325.155 326.726 329.867 333.009 336.15 336.15 340.863 342.434 344.004 348.717 348.717 351.858 353.429 356.571 358.142 359.712 362.854 365.996 367.566 370.708 372.279 373.85 375.42 376.991 380.133 381.704 383.274 386.416 387.987 389.557 392.699 395.841 394.27 395.841 397.411 398.982 402.124 402.124 405.265 406.836 408.407 408.407 409.978 411.549 414.69 416.261 416.261 416.261 417.832 419.403 420.973 424.115 424.115 425.686 425.686 427.257 428.827 427.257 430.398 433.54 433.54 431.969 433.54 433.54 435.111 433.54 435.111 436.681 436.681 436.681 439.823 439.823 439.823 439.823 439.823 441.394 441.394 441.394 442.965 441.394 441.394 439.823 442.965 444.535 442.965 441.394 442.965 441.394 442.965 442.965 442.965 439.823 441.394 441.394 442.965 441.394 439.823 441.394 439.823 439.823 439.823 438.252 436.681 439.823 436.681 436.681 435.111 435.111 435.111 433.54 433.54 431.969 430.398 430.398 427.257 428.827 425.686 425.686 427.257 424.115 424.115 422.544 420.973 417.832 417.832 417.832 414.69 414.69 413.119 413.119 409.978 408.407 409.978 406.836 405.265 403.695 402.124 400.553 398.982 395.841 395.841 392.699 392.699 391.128 387.987 386.416 383.274 381.704 378.562 378.562 376.991 373.85 372.279 370.708 367.566 367.566 364.425 361.283 358.142 356.571 355 353.429 348.717 347.146 345.575 342.434 339.292 337.721 336.15 333.009 329.867 328.296 325.155 320.442 318.872 315.73 314.159 315.73 317.301 323.584 323.584 326.726 329.867 333.009 336.15 339.292 339.292 342.434 344.004 347.146 350.288 351.858 355 356.571 359.712 361.283 364.425 365.996 367.566 370.708 372.279 373.85 376.991 376.991 380.133 383.274 383.274 386.416 387.987 389.557 392.699 392.699 395.841 395.841 398.982 402.124 400.553 402.124 403.695 405.265 408.407 409.978 409.978 411.549 413.119 414.69 417.832 417.832 417.832 419.403 422.544 424.115 424.115 425.686 424.115 427.257 430.398 428.827 430.398 430.398 431.969 431.969 430.398 433.54 435.111 433.54 436.681 436.681 436.681 436.681 438.252 438.252 439.823 439.823 439.823 441.394 442.965 439.823 442.965 441.394 442.965 442.965 442.965 442.965 442.965 441.394 442.965 442.965 442.965 442.965 442.965 442.965 441.394 442.965 442.965 441.394 439.823 439.823 439.823 439.823 439.823 438.252 438.252 436.681 438.252 438.252 435.111 435.111 435.111 431.969 433.54 431.969 431.969 430.398 428.827 428.827 427.257 427.257 427.257 425.686 424.115 422.544 420.973 420.973 417.832 416.261 414.69 414.69 413.119 411.549 411.549 411.549 405.265 406.836 403.695 402.124 402.124 402.124 398.982 395.841 394.27 395.841 392.699 389.557 387.987 384.845 383.274 381.704 380.133 376.991 375.42 373.85 372.279 370.708 367.566 365.996 364.425 361.283 359.712 356.571 355 351.858 350.288 347.146 345.575 342.434 340.863 339.292 334.58 333.009 329.867 326.726 325.155 323.584 320.442 317.301 314.159
318.872 320.442 325.155 328.296 329.867 329.867 336.15 336.15 340.863 342.434 345.575 348.717 348.717 351.858 355 355 358.142 361.283 364.425 365.996 367.566 369.137 372.279 373.85 376.991 376.991 380.133 383.274 386.416 384.845 387.987 389.557 389.557 394.27 394.27 397.411 398.982 398.982 400.553 402.124 405.265 406.836 408.407 408.407 409.978 413.119 413.119 414.69 414.69 417.832 417.832 420.973 422.544 422.544 422.544 424.115 425.686 427.257 427.257 428.827 428.827 430.398 430.398 430.398 430.398 433.54 435.111 435.111 435.111 436.681 436.681 436.681 438.252 439.823 439.823 438.252 441.394 439.823 441.394 441.394 439.823 442.965 441.394 442.965 441.394 441.394 442.965 441.394 442.965 442.965 442.965 442.965 442.965 439.823 441.394 442.965 439.823 441.394 442.965 439.823 439.823 439.823 439.823 438.252 438.252 436.681 436.681 436.681 436.681 435.111 435.111 436.681 433.54 433.54 430.398 430.398 427.257 428.827 427.257 427.257 425.686 424.115 422.544 422.544 420.973 420.973 417.832 416.261 414.69 414.69 413.119 411.549 409.978 409.978 408.407 405.265 405.265 402.124 402.124 400.553 397.411 397.411 394.27 392.699 392.699 389.557 387.987 386.416 384.845 381.704 380.133 376.991 375.42 373.85 370.708 370.708 370.708 364.425 362.854 361.283 361.283 356.571 353.429 351.858 350.288 345.575 345.575 344.004 340.863 337.721 334.58 333.009 329.867 326.726 325.155 322.013 318.872 317.301 314.159 315.73 318.872 323.584 325.155 328.296 329.867 333.009 336.15 339.292 339.292 342.434 345.575 345.575 350.288 351.858 355 356.571 359.712 361.283 362.854 364.425 367.566 370.708 372.279 373.85 375.42 376.991 380.133 383.274 383.274 386.416 387.987 387.987 392.699 392.699 394.27 395.841 398.982 398.982 402.124 402.124 405.265 406.836 406.836 408.407 411.549 411.549 411.549 414.69 417.832 417.832 419.403 419.403 420.973 420.973 424.115 425.686 425.686 427.257 427.257 428.827 427.257 430.398 431.969 433.54 430.398 433.54 433.54 436.681 436.681 438.252 438.252 436.681 438.252 438.252 439.823 439.823 439.823 441.394 441.394 441.394 442.965 441.394 441.394 439.823 441.394 441.394 442.965 441.394 442.965 441.394 442.965 441.394 442.965 442.965 442.965 442.965 442.965 441.394 442.965 439.823 439.823 438.252 439.823 439.823 438.252 438.252 436.681 439.823 435.111 436.681 435.111 431.969 433.54 433.54 433.54 430.398 430.398 428.827 427.257 427.257 425.686 424.115 422.544 422.544 420.973 419.403 417.832 416.261 417.832 414.69 413.119 411.549 409.978 411.549 408.407 406.836 403.695 403.695 400.553 398.982 398.982 395.841 394.27 392.699 392.699 389.557 387.987 386.416 384.845 383.274 378.562 376.991 375.42 373.85 372.279 369.137 369.137 364.425 362.854 361.283 359.712 356.571 355 353.429 348.717 345.575 345.575 342.434 339.292 337.721 336.15 333.009 329.867 326.726 325.155 322.013 318.872 315.73 314.159
320.442 322.013 325.155 326.726 329.867 333.009 333.009 339.292 339.292 342.434 345.575 347.146 351.858 351.858 355 358.142 358.142 359.712 364.425 364.425 367.566 370.708 370.708 373.85 376.991 378.562 380.133 381.704 384.845 384.845 387.987 389.557 392.699 392.699 394.27 397.411 398.982 400.553 400.553 405.265 405.265 406.836 408.407 409.978 409.978 411.549 413.119 414.69 414.69 416.261 419.403 420.973 420.973 422.544 422.544 425.686 424.115 427.257 427.257 428.827 430.398 430.398 431.969 431.969 433.54 435.111 435.111 436.681 435.111 436.681 436.681 439.823 438.252 439.823 439.823 438.252 439.823 439.823 441.394 439.823 441.394 441.394 441.394 439.823 442.965 442.965 442.965 442.965 442.965 442.965 442.965 442.965 442.965 441.394 442.965 442.965 441.394 441.394 441.394 439.823 439.823 439.823 439.823 438.252 439.823 436.681 436.681 436.681 435.111 435.111 435.111 431.969 433.54 433.54 431.969 430.398 430.398 428.827 427.257 427.257 425.686 424.115 424.115 420.973 420.973 419.403 419.403 416.261 414.69 414.69 413.119 411.549 411.549 409.978 406.836 406.836 405.265 402.124 402.124 400.553 395.841 397.411 394.27 392.699 389.557 389.557 386.416 384.845 384.845 381.704 380.133 376.991 373.85 373.85 372.279 369.137 367.566 367.566 362.854 361.283 361.283 358.142 353.429 351.858 348.717 345.575 345.575 342.434 339.292 339.292 336.15 333.009 329.867 328.296 325.155 322.013 318.872 317.301 314.159 317.301 318.872 322.013 323.584 326.726 329.867 333.009 333.009 337.721 339.292 342.434 345.575 348.717 348.717 351.858 355 355 358.142 361.283 364.425 364.425 367.566 370.708 372.279 373.85 376.991 376.991 380.133 381.704 383.274 386.416 387.987 391.128 392.699 395.841 394.27 397.411 400.553 398.982 400.553 403.695 405.265 406.836 408.407 409.978 411.549 411.549 413.119 414.69 414.69 417.832 419.403 419.403 420.973 420.973 422.544 424.115 427.257 425.686 430.398 428.827 430.398 431.969 431.969 431.969 433.54 433.54 435.111 435.111 436.681 435.111 438.252 436.681 438.252 439.823 439.823 438.252 439.823 439.823 442.965 441.394 442.965 442.965 442.965 442.965 442.965 441.394 442.965 441.394 442.965 442.965 441.394 442.965 442.965 439.823 441.394 441.394 439.823 441.394 439.823 441.394 439.823 438.252 436.681 439.823 438.252 438.252 438.252 436.681 435.111 435.111 433.54 435.111 433.54 433.54 431.969 431.969 430.398 430.398 427.257 425.686 424.115 425.686 424.115 422.544 422.544 419.403 419.403 416.261 414.69 416.261 413.119 411.549 409.978 409.978 408.407 406.836 403.695 405.265 402.124 398.982 395.841 397.411 394.27 392.699 392.699 389.557 387.987 384.845 384.845 383.274 380.133 378.562 375.42 373.85 372.279 370.708 370.708 365.996 362.854 361.283 358.142 356.571 355 351.858 348.717 345.575 344.004 342.434 339.292 337.721 334.58 333.009 329.867 328.296 325.155 322.013 320.442 317.301 314.159
320.442 322.013 325.155 328.296 329.867 329.867 333.009 337.721 339.292 342.434 345.575 347.146 351.858 351.858 355 356.571 358.142 361.283 362.854 364.425 367.566 370.708 370.708 373.85 373.85 378.562 380.133 383.274 383.274 386.416 387.987 391.128 392.699 394.27 394.27 397.411 397.411 400.553 402.124 402.124 405.265 406.836 406.836 409.978 411.549 411.549 414.69 416.261 414.69 416.261 419.403 419.403 422.544 424.115 424.115 424.115 427.257 425.686 427.257 428.827 430.398 430.398 431.969 431.969 430.398 433.54 433.54 435.111 436.681 436.681 438.252 438.252 438.252 439.823 439.823 439.823 441.394 441.394 441.394 441.394 441.394 442.965 442.965 442.965 442.965 442.965 442.965 446.106 439.823 442.965 442.965 442.965 441.394 442.965 442.965 441.394 441.394 441.394 439.823 439.823 439.823 439.823 441.394 439.823 438.252 436.681 438.252 436.681 436.681 435.111 435.111 433.54 433.54 430.398 430.398 430.398 430.398 428.827 430.398 427.257 427.257 424.115 424.115 422.544 420.973 419.403 419.403 416.261 417.832 414.69 413.119 413.119 411.549 408.407 409.978 406.836 403.695 402.124 402.124 398.982 397.411 395.841 394.27 392.699 392.699 389.557 387.987 386.416 383.274 383.274 376.991 378.562 375.42 373.85 372.279 367.566 367.566 364.425 364.425 361.283 358.142 358.142 355 351.858 350.288 345.575 344.004 342.434 340.863 339.292 334.58 333.009 329.867 326.726 326.726 323.584 320.442 317.301 314.159 317.301 318.872 320.442 323.584 326.726 329.867 333.009 336.15 337.721 340.863 342.434 345.575 347.146 350.288 351.858 355 356.571 359.712 361.283 364.425 365.996 367.566 369.137 373.85 373.85 376.991 378.562 380.133 381.704 383.274 386.416 387.987 389.557 392.699 392.699 395.841 395.841 398.982 400.553 402.124 405.265 405.265 406.836 408.407 408.407 409.978 411.549 413.119 414.69 414.69 416.261 417.832 420.973 420.973 420.973 422.544 424.115 424.115 425.686 427.257 428.827 431.969 430.398 431.969 433.54 433.54 433.54 435.111 435.111 436.681 436.681 433.54 438.252 438.252 438.252 439.823 439.823 439.823 439.823 439.823 441.394 442.965 441.394 442.965 441.394 442.965 441.394 442.965 444.535 444.535 441.394 442.965 439.823 446.106 442.965 442.965 441.394 439.823 441.394 439.823 441.394 439.823 438.252 439.823 439.823 438.252 438.252 436.681 435.111 435.111 435.111 435.111 435.111 433.54 431.969 431.969 430.398 430.398 428.827 427.257 427.257 425.686 425.686 424.115 420.973 420.973 417.832 419.403 416.261 416.261 414.69 413.119 411.549 409.978 409.978 408.407 405.265 403.695 402.124 402.124 398.982 398.982 397.411 394.27 392.699 391.128 389.557 387.987 384.845 383.274 381.704 380.133 376.991 376.991 373.85 370.708 370.708 367.566 367.566 364.425 361.283 359.712 356.571 353.429 353.429 350.288 348.717 344.004 342.434 340.863 337.721 336.15 333.009 329.867 328.296 325.155 322.013 320.442 317.301 314.159
318.872 322.013 323.584 326.726 329.867 333.009 334.58 339.292 340.863 344.004 345.575 347.146 350.288 351.858 353.429 358.142 358.142 361.283 362.854 365.996 367.566 370.708 372.279 373.85 373.85 378.562 380.133 381.704 384.845 386.416 387.987 386.416 389.557 392.699 394.27 395.841 397.411 398.982 402.124 405.265 403.695 406.836 408.407 408.407 409.978 411.549 413.119 414.69 417.832 416.261 417.832 419.403 420.973 422.544 422.544 424.115 424.115 425.686 427.257 428.827 430.398 430.398 431.969 431.969 433.54 436.681 433.54 435.111 436.681 436.681 436.681 436.681 438.252 439.823 439.823 439.823 441.394 441.394 441.394 441.394 441.394 441.394 442.965 442.965 441.394 444.535 441.394 442.965 439.823 442.965 442.965 442.965 441.394 439.823 442.965 441.394 441.394 441.394 439.823 441.394 439.823 439.823 441.394 438.252 438.252 438.252 436.681 435.111 436.681 436.681 435.111 433.54 433.54 433.54 431.969 428.827 428.827 428.827 427.257 425.686 425.686 424.115 424.115 420.973 420.973 419.403 419.403 416.261 414.69 414.69 413.119 413.119 411.549 409.978 408.407 406.836 405.265 403.695 402.124 400.553 397.411 395.841 395.841 392.699 392.699 389.557 386.416 386.416 383.274 381.704 380.133 376.991 375.42 375.42 372.279 370.708 367.566 365.996 364.425 361.283 358.142 356.571 353.429 351.858 348.717 348.717 345.575 344.004 339.292 336.15 334.58 333.009 329.867 328.296 325.155 322.013 318.872 315.73 314.159 315.73 318.872 320.442 323.584 328.296 329.867 333.009 336.15 337.721 340.863 342.434 345.575 347.146 351.858 351.858 353.429 355 358.142 361.283 364.425 365.996 367.566 370.708 372.279 373.85 376.991 380.133 380.133 381.704 383.274 384.845 389.557 387.987 392.699 392.699 394.27 397.411 398.982 400.553 402.124 402.124 405.265 406.836 408.407 408.407 411.549 413.119 413.119 414.69 414.69 419.403 417.832 420.973 420.973 422.544 422.544 424.115 424.115 427.257 427.257 428.827 427.257 430.398 431.969 431.969 433.54 435.111 435.111 435.111 436.681 436.681 436.681 438.252 438.252 439.823 438.252 439.823 439.823 439.823 439.823 441.394 439.823 441.394 442.965 442.965 441.394 441.394 441.394 442.965 444.535 442.965 442.965 442.965 441.394 442.965 441.394 441.394 442.965 439.823 442.965 441.394 441.394 439.823 439.823 439.823 438.252 436.681 438.252 436.681 436.681 436.681 435.111 436.681 435.111 433.54 430.398 430.398 430.398 428.827 428.827 427.257 425.686 424.115 422.544 422.544 420.973 420.973 417.832 419.403 417.832 414.69 414.69 411.549 411.549 408.407 408.407 406.836 403.695 403.695 402.124 398.982 398.982 395.841 394.27 392.699 391.128 389.557 387.987 386.416 384.845 381.704 380.133 376.991 376.991 373.85 370.708 370.708 367.566 365.996 364.425 361.283 358.142 358.142 353.429 351.858 350.288 345.575 345.575 342.434 340.863 337.721 336.15 333.009 329.867 326.726 325.155 323.584 320.442 317.301 314.159
320.442 322.013 326.726 326.726 329.867 333.009 333.009 337.721 340.863 342.434 344.004 347.146 348.717 353.429 355 356.571 358.142 361.283 364.425 364.425 367.566 369.137 373.85 373.85 376.991 378.562 380.133 381.704 383.274 386.416 386.416 387.987 391.128 392.699 395.841 397.411 398.982 400.553 402.124 403.695 403.695 406.836 408.407 409.978 409.978 411.549 414.69 414.69 417.832 417.832 419.403 420.973 422.544 420.973 424.115 424.115 425.686 427.257 425.686 428.827 430.398 433.54 431.969 430.398 433.54 433.54 435.111 435.111 436.681 436.681 436.681 439.823 438.252 439.823 441.394 439.823 441.394 441.394 441.394 441.394 439.823 439.823 442.965 442.965 441.394 442.965 442.965 442.965 442.965 441.394 441.394 442.965 441.394 442.965 442.965 442.965 442.965 441.394 439.823 439.823 439.823 439.823 439.823 436.681 438.252 438.252 436.681 436.681 436.681 435.111 435.111 433.54 433.54 431.969 430.398 428.827 430.398 428.827 427.257 427.257 424.115 424.115 422.544 420.973 422.544 420.973 417.832 416.261 417.832 414.69 414.69 411.549 411.549 411.549 408.407 406.836 405.265 402.124 402.124 398.982 397.411 395.841 395.841 392.699 391.128 389.557 387.987 384.845 383.274 381.704 380.133 378.562 375.42 373.85 372.279 369.137 367.566 365.996 362.854 361.283 359.712 358.142 353.429 351.858 350.288 348.717 344.004 342.434 340.863 339.292 336.15 333.009 331.438 326.726 325.155 322.013 318.872 317.301 314.159 317.301 318.872 322.013 325.155 326.726 331.438 331.438 336.15 337.721 340.863 342.434 344.004 348.717 350.288 351.858 353.429 356.571 358.142 361.283 364.425 364.425 367.566 370.708 370.708 373.85 375.42 378.562 380.133 381.704 383.274 386.416 387.987 389.557 392.699 392.699 395.841 395.841 400.553 400.553 402.124 402.124 405.265 406.836 408.407 409.978 411.549 411.549 414.69 414.69 414.69 417.832 419.403 419.403 420.973 420.973 424.115 424.115 427.257 427.257 428.827 428.827 430.398 430.398 431.969 433.54 433.54 436.681 435.111 435.111 436.681 436.681 436.681 436.681 438.252 438.252 439.823 441.394 439.823 441.394 442.965 439.823 442.965 442.965 442.965 439.823 442.965 442.965 441.394 442.965 442.965 441.394 442.965 442.965 442.965 441.394 441.394 442.965 439.823 441.394 441.394 441.394 439.823 439.823 439.823 438.252 438.252 439.823 438.252 436.681 433.54 435.111 435.111 433.54 433.54 431.969 430.398 430.398 430.398 428.827 427.257 425.686 425.686 424.115 424.115 422.544 422.544 420.973 417.832 417.832 414.69 414.69 413.119 411.549 411.549 408.407 405.265 406.836 405.265 403.695 402.124 400.553 397.411 397.411 395.841 394.27 392.699 389.557 387.987 384.845 383.274 380.133 380.133 376.991 375.42 373.85 372.279 370.708 367.566 367.566 364.425 361.283 358.142 356.571 355 351.858 348.717 348.717 344.004 342.434 342.434 337.721 336.15 333.009 329.867 328.296 325.155 320.442 320.442 317.301 314.159
318.872 322.013 326.726 326.726 329.867 331.438 334.58 337.721 339.292 342.434 345.575 347.146 348.717 351.858 355 356.571 359.712 359.712 362.854 367.566 367.566 370.708 372.279 373.85 376.991 378.562 380.133 381.704 384.845 384.845 387.987 387.987 392.699 394.27 394.27 395.841 398.982 398.982 400.553 403.695 405.265 406.836 409.978 408.407 409.978 411.549 413.119 416.261 414.69 417.832 419.403 417.832 420.973 422.544 422.544 424.115 427.257 427.257 427.257 428.827 428.827 428.827 431.969 431.969 433.54 433.54 435.111 436.681 433.54 436.681 438.252 438.252 438.252 439.823 439.823 439.823 439.823 442.965 439.823 441.394 439.823 442.965 441.394 442.965 442.965 441.394 442.965 442.965 442.965 442.965 442.965 442.965 444.535 441.394 442.965 442.965 441.394 441.394 441.394 441.394 439.823 438.252 439.823 438.252 439.823 439.823 438.252 436.681 436.681 435.111 435.111 433.54 433.54 433.54 430.398 430.398 430.398 428.827 427.257 427.257 424.115 425.686 424.115 424.115 420.973 420.973 419.403 417.832 417.832 416.261 413.119 411.549 411.549 408.407 406.836 406.836 405.265 402.124 402.124 402.124 398.982 395.841 394.27 392.699 389.557 389.557 389.557 386.416 386.416 383.274 380.133 376.991 376.991 373.85 372.279 370.708 367.566 365.996 361.283 361.283 359.712 356.571 353.429 351.858 351.858 348.717 344.004 344.004 339.292 337.721 333.009 333.009 329.867 326.726 323.584 322.013 320.442 317.301 314.159 315.73 318.872 320.442 326.726 326.726 329.867 333.009 336.15 337.721 340.863 342.434 345.575 347.146 350.288 351.858 353.429 356.571 358.142 361.283 361.283 365.996 367.566 369.137 370.708 373.85 376.991 376.991 380.133 381.704 384.845 386.416 387.987 389.557 392.699 394.27 394.27 395.841 398.982 398.982 402.124 403.695 403.695 406.836 408.407 411.549 409.978 411.549 413.119 414.69 417.832 417.832 419.403 419.403 420.973 420.973 424.115 425.686 425.686 427.257 427.257 428.827 430.398 430.398 431.969 431.969 433.54 433.54 435.111 436.681 435.111 438.252 438.252 438.252 439.823 439.823 439.823 439.823 439.823 439.823 441.394 441.394 442.965 442.965 442.965 442.965 441.394 442.965 442.965 444.535 442.965 442.965 442.965 442.965 441.394 442.965 441.394 441.394 442.965 441.394 442.965 441.394 439.823 439.823 436.681 438.252 438.252 438.252 436.681 436.681 436.681 436.681 433.54 433.54 433.54 431.969 431.969 430.398 430.398 428.827 427.257 427.257 427.257 424.115 422.544 424.115 422.544 420.973 419.403 417.832 416.261 414.69 413.119 413.119 409.978 409.978 408.407 408.407 403.695 403.695 398.982 400.553 397.411 397.411 395.841 395.841 392.699 389.557 387.987 384.845 383.274 383.274 378.562 378.562 376.991 373.85 370.708 370.708 370.708 365.996 364.425 361.283 359.712 356.571 353.429 351.858 350.288 347.146 345.575 342.434 339.292 336.15 333.009 333.009 329.867 326.726 325.155 320.442 318.872 317.301 314.159
318.872 320.442 326.726 326.726 329.867 333.009 334.58 339.292 340.863 342.434 344.004 347.146 348.717 351.858 353.429 356.571 358.142 361.283 364.425 364.425 367.566 369.137 372.279 373.85 376.991 376.991 380.133 383.274 386.416 384.845 387.987 391.128 391.128 395.841 394.27 397.411 398.982 400.553 402.124 405.265 403.695 406.836 406.836 409.978 411.549 413.119 414.69 411.549 417.832 419.403 419.403 419.403 420.973 422.544 422.544 424.115 427.257 427.257 428.827 430.398 430.398 430.398 430.398 433.54 433.54 433.54 433.54 436.681 436.681 435.111 436.681 438.252 439.823 439.823 439.823 439.823 439.823 441.394 442.965 441.394 439.823 439.823 441.394 442.965 441.394 442.965 442.965 442.965 442.965 441.394 442.965 442.965 442.965 442.965 441.394 441.394 441.394 441.394 441.394 439.823 439.823 442.965 439.823 439.823 438.252 439.823 438.252 436.681 436.681 435.111 435.111 433.54 433.54 431.969 430.398 433.54 430.398 428.827 427.257 427.257 425.686 424.115 422.544 422.544 420.973 420.973 417.832 417.832 417.832 414.69 413.119 411.549 411.549 409.978 406.836 406.836 405.265 403.695 402.124 398.982 398.982 397.411 394.27 392.699 392.699 391.128 387.987 386.416 384.845 383.274 380.133 376.991 375.42 373.85 372.279 369.137 367.566 365.996 364.425 361.283 359.712 356.571 353.429 351.858 350.288 347.146 342.434 342.434 339.292 337.721 333.009 333.009 329.867 328.296 325.155 322.013 318.872 317.301 314.159 317.301 318.872 322.013 323.584 326.726 329.867 331.438 336.15 336.15 339.292 342.434 345.575 347.146 348.717 351.858 355 358.142 358.142 361.283 362.854 364.425 367.566 369.137 372.279 373.85 376.991 378.562 380.133 383.274 383.274 386.416 386.416 389.557 391.128 392.699 394.27 397.411 398.982 400.553 402.124 402.124 405.265 406.836 408.407 409.978 411.549 413.119 414.69 414.69 417.832 417.832 419.403 419.403 420.973 424.115 424.115 425.686 427.257 425.686 428.827 428.827 428.827 430.398 431.969 431.969 433.54 436.681 435.111 433.54 435.111 438.252 436.681 439.823 436.681 439.823 439.823 439.823 439.823 441.394 442.965 441.394 441.394 441.394 441.394 442.965 441.394 442.965 442.965 442.965 442.965 441.394 442.965 442.965 442.965 441.394 441.394 441.394 441.394 441.394 442.965 439.823 441.394 442.965 436.681 439.823 438.252 436.681 436.681 435.111 436.681 435.111 435.111 433.54 433.54 431.969 431.969 430.398 428.827 428.827 427.257 425.686 424.115 424.115 422.544 424.115 420.973 419.403 419.403 419.403 417.832 414.69 414.69 413.119 409.978 408.407 408.407 406.836 405.265 402.124 402.124 400.553 398.982 397.411 394.27 392.699 392.699 389.557 387.987 384.845 383.274 383.274 380.133 380.133 375.42 373.85 370.708 367.566 367.566 365.996 364.425 361.283 358.142 356.571 355 351.858 348.717 348.717 345.575 342.434 340.863 336.15 336.15 333.009 329.867 326.726 325.155 323.584 320.442 315.73 314.159
320.442 323.584 323.584 326.726 329.867 333.009 336.15 339.292 339.292 342.434 345.575 347.146 348.717 351.858 355 358.142 359.712 362.854 362.854 365.996 369.137 370.708 370.708 373.85 376.991 376.991 380.133 381.704 383.274 386.416 386.416 389.557 391.128 392.699 394.27 397.411 398.982 398.982 402.124 402.124 405.265 406.836 408.407 409.978 411.549 413.119 413.119 414.69 416.261 417.832 417.832 420.973 420.973 424.115 422.544 424.115 424.115 427.257 427.257 428.827 430.398 431.969 431.969 431.969 433.54 433.54 433.54 435.111 436.681 436.681 438.252 439.823 438.252 436.681 441.394 438.252 439.823 441.394 439.823 441.394 442.965 441.394 441.394 442.965 442.965 441.394 442.965 442.965 444.535 442.965 442.965 442.965 442.965 442.965 441.394 441.394 441.394 441.394 441.394 439.823 439.823 439.823 441.394 439.823 438.252 436.681 436.681 436.681 435.111 435.111 435.111 436.681 430.398 433.54 431.969 430.398 430.398 428.827 430.398 427.257 424.115 424.115 424.115 424.115 422.544 419.403 417.832 416.261 417.832 414.69 414.69 411.549 409.978 411.549 406.836 406.836 405.265 402.124 402.124 400.553 398.982 395.841 395.841 395.841 392.699 387.987 387.987 384.845 383.274 381.704 380.133 376.991 376.991 373.85 372.279 370.708 369.137 364.425 364.425 361.283 358.142 358.142 355 351.858 348.717 347.146 345.575 342.434 340.863 337.721 336.15 333.009 329.867 326.726 323.584 322.013 320.442 317.301 314.159 317.301 318.872 320.442 326.726 328.296 329.867 333.009 336.15 337.721 340.863 342.434 344.004 347.146 350.288 351.858 355 356.571 361.283 359.712 361.283 364.425 367.566 370.708 373.85 375.42 373.85 378.562 380.133 383.274 386.416 386.416 387.987 389.557 391.128 394.27 392.699 397.411 398.982 400.553 402.124 402.124 405.265 405.265 405.265 409.978 411.549 413.119 414.69 414.69 414.69 417.832 417.832 417.832 420.973 420.973 424.115 425.686 425.686 427.257 427.257 428.827 430.398 430.398 431.969 433.54 433.54 433.54 435.111 433.54 436.681 436.681 438.252 438.252 438.252 438.252 439.823 439.823 441.394 439.823 442.965 441.394 441.394 441.394 441.394 439.823 441.394 442.965 442.965 444.535 442.965 444.535 442.965 442.965 441.394 439.823 441.394 441.394 442.965 441.394 439.823 441.394 441.394 439.823 439.823 439.823 438.252 438.252 438.252 435.111 436.681 436.681 433.54 433.54 433.54 431.969 431.969 430.398 428.827 427.257 427.257 427.257 427.257 424.115 424.115 424.115 422.544 419.403 417.832 417.832 417.832 414.69 413.119 411.549 411.549 408.407 406.836 405.265 405.265 403.695 402.124 400.553 398.982 395.841 394.27 392.699 389.557 389.557 386.416 386.416 384.845 383.274 380.133 378.562 376.991 373.85 370.708 369.137 367.566 364.425 364.425 359.712 361.283 356.571 355 351.858 348.717 347.146 345.575 342.434 342.434 339.292 336.15 333.009 329.867 326.726 323.584 322.013 318.872 317.301 314.159
320.442 323.584 325.155 326.726 329.867 333.009 333.009 337.721 339.292 342.434 345.575 348.717 351.858 351.858 353.429 358.142 359.712 361.283 364.425 364.425 367.566 367.566 373.85 373.85 373.85 378.562 380.133 381.704 383.274 386.416 387.987 386.416 392.699 392.699 394.27 397.411 397.411 400.553 400.553 403.695 405.265 405.265 408.407 409.978 411.549 414.69 413.119 414.69 417.832 417.832 419.403 420.973 422.544 424.115 424.115 425.686 427.257 427.257 427.257 428.827 428.827 430.398 431.969 433.54 435.111 431.969 433.54 435.111 435.111 436.681 438.252 436.681 439.823 438.252 439.823 442.965 439.823 441.394 439.823 441.394 439.823 441.394 442.965 439.823 442.965 442.965 442.965 442.965 444.535 442.965 442.965 442.965 441.394 441.394 441.394 441.394 442.965 441.394 441.394 439.823 439.823 439.823 438.252 438.252 438.252 439.823 436.681 435.111 436.681 436.681 435.111 431.969 433.54 430.398 430.398 428.827 430.398 428.827 428.827 425.686 427.257 424.115 424.115 420.973 419.403 420.973 419.403 417.832 416.261 416.261 414.69 411.549 411.549 408.407 406.836 405.265 405.265 402.124 398.982 400.553 398.982 397.411 395.841 395.841 392.699 389.557 386.416 384.845 386.416 383.274 380.133 378.562 375.42 375.42 373.85 370.708 367.566 364.425 362.854 361.283 359.712 358.142 353.429 353.429 350.288 347.146 345.575 344.004 339.292 339.292 336.15 333.009 329.867 328.296 325.155 323.584 318.872 317.301 314.159 315.73 318.872 320.442 325.155 328.296 329.867 333.009 334.58 336.15 339.292 342.434 344.004 345.575 348.717 351.858 353.429 356.571 358.142 361.283 362.854 365.996 367.566 370.708 372.279 373.85 375.42 378.562 380.133 383.274 384.845 386.416 387.987 389.557 389.557 392.699 394.27 397.411 398.982 400.553 402.124 402.124 405.265 405.265 408.407 409.978 409.978 414.69 413.119 414.69 417.832 416.261 417.832 419.403 420.973 424.115 422.544 424.115 425.686 425.686 428.827 428.827 427.257 430.398 431.969 431.969 435.111 435.111 435.111 433.54 436.681 435.111 436.681 436.681 439.823 438.252 439.823 439.823 439.823 441.394 441.394 441.394 441.394 441.394 441.394 442.965 442.965 442.965 442.965 441.394 442.965 441.394 442.965 442.965 446.106 442.965 441.394 441.394 442.965 441.394 439.823 439.823 441.394 438.252 439.823 438.252 438.252 438.252 436.681 436.681 435.111 436.681 433.54 433.54 433.54 431.969 430.398 430.398 428.827 428.827 427.257 427.257 427.257 425.686 424.115 424.115 420.973 417.832 419.403 416.261 417.832 416.261 414.69 413.119 409.978 411.549 408.407 405.265 405.265 405.265 402.124 398.982 398.982 395.841 395.841 392.699 392.699 389.557 386.416 386.416 383.274 381.704 380.133 378.562 376.991 373.85 372.279 369.137 367.566 365.996 364.425 361.283 359.712 356.571 355 351.858 348.717 347.146 345.575 342.434 339.292 336.15 336.15 333.009 329.867 326.726 325.155 323.584 320.442 315.73 314.159
320.442 322.013 323.584 326.726 329.867 333.009 334.58 336.15 339.292 342.434 344.004 348.717 350.288 351.858 355 356.571 358.142 361.283 364.425 364.425 367.566 369.137 370.708 373.85 376.991 378.562 380.133 380.133 383.274 384.845 387.987 391.128 392.699 392.699 394.27 397.411 398.982 398.982 402.124 405.265 403.695 406.836 408.407 408.407 409.978 411.549 414.69 416.261 414.69 417.832 419.403 420.973 420.973 424.115 424.115 424.115 427.257 427.257 427.257 428.827 430.398 428.827 431.969 431.969 433.54 433.54 435.111 433.54 436.681 436.681 438.252 439.823 438.252 439.823 439.823 439.823 439.823 439.823 439.823 441.394 441.394 441.394 441.394 442.965 441.394 441.394 442.965 442.965 444.535 442.965 442.965 441.394 442.965 441.394 441.394 441.394 439.823 441.394 442.965 441.394 439.823 439.823 439.823 439.823 438.252 436.681 438.252 436.681 436.681 436.681 435.111 433.54 430.398 431.969 430.398 430.398 430.398 428.827 427.257 427.257 425.686 425.686 424.115 420.973 420.973 419.403 417.832 417.832 417.832 414.69 414.69 414.69 409.978 408.407 408.407 406.836 405.265 402.124 402.124 398.982 398.982 397.411 394.27 394.27 389.557 389.557 387.987 386.416 383.274 383.274 380.133 378.562 376.991 373.85 372.279 370.708 369.137 364.425 361.283 361.283 358.142 358.142 355 351.858 348.717 347.146 344.004 342.434 339.292 336.15 336.15 333.009 329.867 326.726 325.155 323.584 320.442 315.73 314.159 317.301 318.872 322.013 326.726 328.296 329.867 333.009 334.58 339.292 340.863 342.434 345.575 348.717 351.858 351.858 355 355 358.142 361.283 362.854 364.425 367.566 369.137 373.85 373.85 375.42 378.562 380.133 381.704 383.274 386.416 386.416 391.128 389.557 392.699 394.27 395.841 398.982 398.982 402.124 405.265 405.265 406.836 408.407 409.978 411.549 411.549 413.119 414.69 417.832 416.261 419.403 420.973 420.973 424.115 422.544 425.686 427.257 427.257 428.827 428.827 427.257 430.398 431.969 431.969 433.54 435.111 435.111 433.54 436.681 436.681 438.252 438.252 439.823 438.252 436.681 438.252 439.823 441.394 439.823 441.394 441.394 441.394 441.394 442.965 446.106 439.823 442.965 442.965 444.535 441.394 442.965 442.965 442.965 442.965 442.965 442.965 441.394 441.394 439.823 439.823 441.394 438.252 439.823 438.252 438.252 439.823 436.681 436.681 435.111 435.111 433.54 433.54 433.54 431.969 430.398 431.969 430.398 428.827 427.257 427.257 427.257 425.686 424.115 422.544 420.973 419.403 419.403 420.973 417.832 411.549 413.119 411.549 409.978 408.407 405.265 406.836 403.695 403.695 402.124 400.553 398.982 397.411 394.27 392.699 389.557 391.128 387.987 384.845 383.274 381.704 380.133 380.133 376.991 373.85 372.279 369.137 367.566 364.425 362.854 361.283 358.142 358.142 355 351.858 348.717 345.575 345.575 342.434 339.292 336.15 333.009 333.009 329.867 326.726 323.584 323.584 318.872 315.73 314.159
318.872 323.584 323.584 326.726 329.867 331.438 336.15 336.15 339.292 342.434 345.575 345.575 350.288 351.858 355 356.571 358.142 361.283 364.425 364.425 367.566 369.137 370.708 375.42 376.991 376.991 380.133 381.704 383.274 386.416 387.987 389.557 392.699 392.699 395.841 395.841 397.411 402.124 402.124 405.265 405.265 405.265 406.836 409.978 411.549 413.119 414.69 414.69 417.832 417.832 419.403 420.973 422.544 420.973 424.115 424.115 427.257 425.686 427.257 428.827 430.398 430.398 431.969 430.398 433.54 436.681 433.54 436.681 435.111 436.681 438.252 439.823 438.252 439.823 439.823 441.394 439.823 441.394 441.394 441.394 441.394 442.965 442.965 444.535 442.965 442.965 442.965 442.965 442.965 442.965 442.965 441.394 442.965 441.394 441.394 441.394 442.965 441.394 439.823 441.394 439.823 439.823 439.823 439.823 438.252 438.252 436.681 436.681 436.681 435.111 435.111 433.54 435.111 433.54 431.969 431.969 427.257 428.827 428.827 427.257 427.257 424.115 424.115 420.973 420.973 420.973 419.403 417.832 417.832 414.69 414.69 411.549 411.549 408.407 406.836 405.265 403.695 403.695 402.124 400.553 398.982 397.411 394.27 394.27 392.699 387.987 386.416 384.845 383.274 383.274 380.133 376.991 376.991 375.42 372.279 367.566 367.566 365.996 361.283 361.283 359.712 356.571 355 351.858 350.288 347.146 345.575 342.434 339.292 336.15 333.009 333.009 329.867 326.726 325.155 322.013 320.442 317.301 314.159 315.73 320.442 320.442 323.584 326.726 329.867 333.009 334.58 336.15 340.863 342.434 345.575 348.717 348.717 351.858 353.429 356.571 359.712 361.283 362.854 364.425 367.566 369.137 370.708 373.85 375.42 378.562 380.133 383.274 384.845 384.845 389.557 389.557 392.699 395.841 395.841 395.841 397.411 400.553 402.124 402.124 405.265 406.836 408.407 411.549 411.549 411.549 413.119 414.69 414.69 417.832 417.832 420.973 420.973 422.544 422.544 424.115 425.686 427.257 425.686 427.257 430.398 430.398 430.398 431.969 433.54 436.681 435.111 435.111 436.681 436.681 438.252 438.252 438.252 439.823 439.823 439.823 439.823 439.823 439.823 441.394 442.965 441.394 442.965 441.394 441.394 442.965 442.965 441.394 442.965 442.965 442.965 442.965 441.394 442.965 442.965 439.823 442.965 441.394 441.394 441.394 439.823 441.394 438.252 438.252 438.252 438.252 438.252 436.681 436.681 435.111 433.54 433.54 433.54 433.54 431.969 428.827 430.398 428.827 427.257 427.257 427.257 424.115 424.115 424.115 420.973 419.403 419.403 416.261 414.69 416.261 411.549 413.119 411.549 411.549 408.407 405.265 405.265 405.265 402.124 400.553 398.982 395.841 394.27 392.699 389.557 389.557 386.416 384.845 383.274 381.704 380.133 378.562 376.991 373.85 372.279 369.137 369.137 364.425 362.854 359.712 359.712 356.571 353.429 351.858 350.288 347.146 345.575 342.434 339.292 336.15 334.58 333.009 331.438 326.726 323.584 322.013 318.872 315.73 314.159
320.442 322.013 326.726 328.296 329.867 333.009 336.15 337.721 340.863 344.004 345.575 345.575 350.288 351.858 355 356.571 359.712 361.283 362.854 364.425 367.566 370.708 372.279 373.85 375.42 378.562 380.133 383.274 383.274 386.416 387.987 391.128 391.128 392.699 394.27 397.411 397.411 398.982 402.124 402.124 403.695 406.836 405.265 408.407 409.978 413.119 414.69 411.549 414.69 416.261 417.832 419.403 420.973 420.973 424.115 424.115 424.115 427.257 427.257 428.827 430.398 430.398 431.969 431.969 433.54 433.54 435.111 436.681 436.681 436.681 436.681 438.252 438.252 438.252 439.823 439.823 439.823 439.823 442.965 441.394 441.394 442.965 441.394 442.965 442.965 442.965 441.394 441.394 442.965 441.394 441.394 442.965 442.965 439.823 441.394 442.965 441.394 441.394 439.823 441.394 439.823 442.965 441.394 438.252 439.823 436.681 438.252 439.823 435.111 436.681 433.54 433.54 431.969 431.969 431.969 431.969 427.257 428.827 427.257 427.257 425.686 425.686 422.544 422.544 420.973 419.403 417.832 417.832 414.69 414.69 414.69 411.549 411.549 411.549 406.836 405.265 405.265 403.695 400.553 398.982 397.411 398.982 394.27 392.699 392.699 391.128 386.416 384.845 386.416 380.133 380.133 378.562 373.85 373.85 370.708 370.708 367.566 364.425 361.283 361.283 358.142 358.142 355 351.858 350.288 347.146 344.004 342.434 340.863 336.15 336.15 331.438 329.867 326.726 323.584 322.013 320.442 317.301 314.159 317.301 320.442 320.442 325.155 326.726 329.867 333.009 333.009 336.15 339.292 342.434 345.575 348.717 350.288 351.858 353.429 356.571 359.712 361.283 364.425 367.566 367.566 370.708 372.279 373.85 376.991 378.562 380.133 381.704 383.274 386.416 386.416 389.557 392.699 392.699 394.27 397.411 398.982 402.124 402.124 403.695 405.265 408.407 408.407 408.407 409.978 411.549 413.119 416.261 414.69 417.832 419.403 417.832 420.973 422.544 422.544 425.686 427.257 427.257 427.257 428.827 430.398 430.398 431.969 431.969 430.398 435.111 433.54 436.681 435.111 438.252 435.111 436.681 438.252 438.252 439.823 442.965 439.823 439.823 439.823 441.394 439.823 441.394 442.965 441.394 441.394 441.394 442.965 444.535 442.965 442.965 442.965 442.965 441.394 442.965 441.394 441.394 441.394 441.394 439.823 441.394 441.394 439.823 438.252 439.823 438.252 438.252 438.252 435.111 436.681 436.681 435.111 431.969 433.54 431.969 430.398 428.827 430.398 427.257 427.257 427.257 425.686 424.115 424.115 420.973 420.973 419.403 419.403 417.832 414.69 414.69 413.119 411.549 409.978 409.978 405.265 406.836 403.695 405.265 400.553 400.553 397.411 395.841 394.27 392.699 391.128 389.557 387.987 384.845 384.845 381.704 380.133 378.562 373.85 373.85 372.279 369.137 367.566 364.425 364.425 361.283 358.142 356.571 355 353.429 348.717 347.146 344.004 342.434 339.292 339.292 333.009 333.009 329.867 328.296 325.155 320.442 318.872 317.301 314.159
318.872 323.584 326.726 326.726 329.867 333.009 336.15 337.721 339.292 342.434 344.004 348.717 350.288 351.858 355 356.571 359.712 361.283 362.854 365.996 367.566 369.137 370.708 373.85 375.42 378.562 380.133 383.274 383.274 384.845 387.987 389.557 389.557 392.699 394.27 397.411 397.411 400.553 402.124 403.695 403.695 405.265 408.407 408.407 411.549 413.119 413.119 414.69 416.261 417.832 419.403 419.403 420.973 420.973 425.686 424.115 427.257 427.257 427.257 428.827 431.969 433.54 430.398 433.54 433.54 433.54 435.111 435.111 436.681 436.681 435.111 438.252 439.823 438.252 439.823 438.252 439.823 441.394 442.965 441.394 442.965 442.965 442.965 442.965 442.965 442.965 442.965 442.965 442.965 442.965 442.965 442.965 442.965 441.394 441.394 442.965 439.823 441.394 439.823 439.823 439.823 442.965 439.823 436.681 438.252 439.823 438.252 436.681 435.111 436.681 435.111 431.969 433.54 431.969 430.398 430.398 430.398 428.827 428.827 427.257 425.686 424.115 424.115 420.973 422.544 420.973 417.832 417.832 414.69 416.261 414.69 411.549 409.978 408.407 408.407 405.265 405.265 402.124 402.124 398.982 397.411 395.841 394.27 392.699 389.557 389.557 386.416 386.416 383.274 383.274 380.133 378.562 375.42 373.85 372.279 370.708 370.708 364.425 364.425 361.283 359.712 355 355 355 348.717 348.717 345.575 342.434 340.863 337.721 334.58 333.009 329.867 328.296 323.584 323.584 320.442 317.301 314.159 317.301 320.442 320.442 323.584 328.296 329.867 333.009 334.58 339.292 342.434 342.434 344.004 348.717 348.717 351.858 355 358.142 358.142 361.283 364.425 364.425 367.566 369.137 370.708 373.85 373.85 378.562 380.133 383.274 383.274 386.416 387.987 389.557 392.699 395.841 395.841 397.411 398.982 398.982 402.124 402.124 405.265 405.265 408.407 408.407 409.978 411.549 414.69 416.261 416.261 417.832 420.973 419.403 420.973 424.115 422.544 425.686 425.686 427.257 427.257 427.257 430.398 428.827 431.969 431.969 433.54 436.681 433.54 435.111 435.111 438.252 438.252 439.823 438.252 438.252 439.823 442.965 439.823 441.394 442.965 441.394 439.823 441.394 442.965 439.823 442.965 442.965 442.965 444.535 442.965 441.394 442.965 442.965 441.394 441.394 441.394 441.394 441.394 441.394 442.965 439.823 441.394 439.823 439.823 439.823 438.252 438.252 433.54 436.681 435.111 436.681 433.54 433.54 433.54 431.969 431.969 428.827 430.398 427.257 427.257 425.686 425.686 424.115 424.115 422.544 420.973 419.403 417.832 417.832 414.69 414.69 413.119 411.549 411.549 408.407 408.407 406.836 403.695 402.124 402.124 398.982 398.982 397.411 395.841 392.699 392.699 387.987 387.987 386.416 383.274 383.274 380.133 378.562 375.42 373.85 370.708 369.137 367.566 365.996 364.425 361.283 358.142 356.571 353.429 351.858 350.288 348.717 344.004 344.004 339.292 337.721 336.15 333.009 329.867 326.726 323.584 323.584 320.442 317.301 314.159
320.442 322.013 325.155 326.726 329.867 333.009 334.58 339.292 339.292 342.434 345.575 347.146 350.288 351.858 355 358.142 359.712 359.712 364.425 367.566 367.566 369.137 370.708 373.85 376.991 378.562 380.133 381.704 384.845 384.845 386.416 389.557 392.699 392.699 395.841 397.411 397.411 400.553 402.124 402.124 403.695 406.836 408.407 408.407 409.978 411.549 414.69 414.69 414.69 417.832 417.832 420.973 422.544 420.973 424.115 425.686 425.686 427.257 427.257 428.827 427.257 431.969 430.398 431.969 433.54 433.54 433.54 435.111 436.681 436.681 438.252 439.823 438.252 439.823 441.394 439.823 439.823 441.394 441.394 441.394 439.823 442.965 441.394 442.965 441.394 442.965 439.823 442.965 442.965 442.965 442.965 442.965 442.965 442.965 441.394 441.394 442.965 441.394 442.965 441.394 439.823 439.823 439.823 438.252 439.823 436.681 438.252 436.681 435.111 436.681 436.681 431.969 433.54 431.969 430.398 430.398 430.398 428.827 427.257 425.686 425.686 425.686 424.115 424.115 420.973 419.403 419.403 416.261 416.261 416.261 414.69 411.549 411.549 409.978 408.407 406.836 403.695 402.124 402.124 400.553 398.982 395.841 394.27 395.841 389.557 389.557 389.557 386.416 383.274 383.274 378.562 376.991 376.991 375.42 373.85 370.708 367.566 365.996 364.425 361.283 358.142 356.571 355 351.858 348.717 347.146 345.575 342.434 339.292 337.721 334.58 333.009 329.867 328.296 323.584 323.584 317.301 317.301 314.159 317.301 320.442 322.013 323.584 328.296 329.867 333.009 334.58 339.292 340.863 342.434 345.575 348.717 350.288 351.858 353.429 356.571 358.142 361.283 362.854 365.996 367.566 370.708 372.279 373.85 375.42 378.562 380.133 381.704 383.274 386.416 387.987 389.557 391.128 395.841 395.841 397.411 397.411 400.553 402.124 405.265 405.265 405.265 405.265 408.407 411.549 411.549 414.69 414.69 417.832 417.832 419.403 419.403 420.973 424.115 424.115 425.686 427.257 425.686 427.257 427.257 430.398 430.398 430.398 431.969 435.111 433.54 435.111 435.111 436.681 435.111 438.252 438.252 436.681 439.823 439.823 439.823 441.394 439.823 439.823 441.394 439.823 441.394 441.394 442.965 442.965 442.965 442.965 441.394 442.965 442.965 442.965 442.965 442.965 442.965 442.965 441.394 439.823 441.394 441.394 439.823 439.823 439.823 439.823 438.252 438.252 439.823 436.681 438.252 436.681 433.54 435.111 433.54 433.54 431.969 431.969 428.827 430.398 427.257 427.257 427.257 427.257 424.115 422.544 422.544 422.544 420.973 417.832 417.832 414.69 414.69 414.69 413.119 409.978 408.407 406.836 406.836 405.265 402.124 402.124 400.553 398.982 395.841 394.27 395.841 391.128 391.128 387.987 386.416 384.845 381.704 380.133 376.991 375.42 373.85 373.85 369.137 367.566 365.996 364.425 361.283 358.142 356.571 355 351.858 350.288 348.717 345.575 342.434 339.292 337.721 336.15 333.009 329.867 328.296 323.584 320.442 320.442 315.73 314.159
318.872 322.013 325.155 326.726 329.867 333.009 334.58 339.292 340.863 342.434 344.004 347.146 348.717 351.858 355 356.571 361.283 361.283 362.854 365.996 367.566 370.708 370.708 373.85 376.991 376.991 380.133 381.704 384.845 386.416 387.987 389.557 392.699 392.699 395.841 395.841 397.411 398.982 402.124 405.265 405.265 406.836 408.407 409.978 411.549 411.549 413.119 414.69 417.832 417.832 417.832 417.832 420.973 424.115 422.544 424.115 425.686 427.257 427.257 428.827 430.398 428.827 431.969 433.54 431.969 435.111 433.54 435.111 435.111 436.681 438.252 438.252 438.252 439.823 439.823 438.252 439.823 439.823 439.823 441.394 441.394 441.394 441.394 439.823 441.394 441.394 442.965 441.394 442.965 442.965 442.965 442.965 441.394 439.823 441.394 441.394 439.823 441.394 439.823 439.823 439.823 438.252 436.681 438.252 438.252 439.823 436.681 436.681 435.111 436.681 435.111 433.54 433.54 433.54 431.969 433.54 430.398 428.827 427.257 427.257 425.686 422.544 422.544 420.973 420.973 419.403 419.403 417.832 414.69 414.69 413.119 411.549 409.978 411.549 408.407 405.265 405.265 403.695 402.124 400.553 398.982 395.841 394.27 395.841 392.699 387.987 387.987 386.416 383.274 381.704 380.133 378.562 376.991 373.85 370.708 369.137 367.566 364.425 362.854 361.283 358.142 356.571 355 351.858 350.288 348.717 345.575 342.434 339.292 336.15 334.58 333.009 329.867 328.296 325.155 322.013 317.301 317.301 314.159 317.301 320.442 320.442 325.155 326.726 331.438 331.438 334.58 339.292 340.863 342.434 345.575 348.717 350.288 351.858 353.429 355 359.712 359.712 364.425 364.425 369.137 369.137 370.708 373.85 376.991 378.562 380.133 381.704 384.845 384.845 387.987 389.557 389.557 392.699 395.841 395.841 397.411 400.553 400.553 402.124 405.265 406.836 406.836 409.978 411.549 413.119 413.119 411.549 414.69 416.261 419.403 419.403 420.973 420.973 424.115 424.115 424.115 427.257 428.827 428.827 431.969 430.398 430.398 431.969 433.54 433.54 433.54 433.54 435.111 436.681 436.681 439.823 439.823 438.252 439.823 439.823 439.823 441.394 439.823 441.394 439.823 441.394 441.394 442.965 446.106 442.965 442.965 442.965 442.965 442.965 442.965 442.965 441.394 442.965 442.965 441.394 442.965 441.394 441.394 441.394 439.823 439.823 436.681 439.823 438.252 439.823 438.252 438.252 436.681 436.681 435.111 431.969 433.54 433.54 431.969 430.398 430.398 428.827 427.257 427.257 425.686 424.115 422.544 422.544 420.973 419.403 419.403 417.832 416.261 416.261 413.119 411.549 409.978 409.978 405.265 405.265 403.695 403.695 400.553 400.553 397.411 395.841 394.27 392.699 389.557 389.557 386.416 386.416 384.845 381.704 380.133 376.991 375.42 373.85 372.279 370.708 367.566 365.996 364.425 361.283 359.712 356.571 355 353.429 348.717 345.575 345.575 342.434 340.863 337.721 336.15 333.009 329.867 328.296 326.726 322.013 320.442 317.301 314.159
320.442 322.013 325.155 328.296 329.867 331.438 336.15 337.721 339.292 344.004 345.575 345.575 348.717 351.858 353.429 356.571 359.712 361.283 364.425 364.425 367.566 370.708 372.279 373.85 375.42 378.562 380.133 383.274 383.274 384.845 387.987 389.557 389.557 392.699 395.841 395.841 398.982 400.553 402.124 402.124 405.265 406.836 408.407 409.978 411.549 411.549 413.119 416.261 416.261 417.832 419.403 420.973 420.973 424.115 424.115 425.686 427.257 427.257 427.257 427.257 430.398 430.398 430.398 433.54 430.398 433.54 435.111 435.111 436.681 435.111 438.252 438.252 436.681 438.252 441.394 439.823 439.823 439.823 439.823 441.394 439.823 441.394 441.394 441.394 441.394 442.965 442.965 441.394 442.965 441.394 442.965 442.965 441.394 442.965 442.965 442.965 441.394 439.823 442.965 442.965 439.823 442.965 438.252 439.823 438.252 436.681 436.681 436.681 435.111 435.111 435.111 433.54 430.398 433.54 431.969 430.398 431.969 430.398 427.257 427.257 424.115 425.686 422.544 422.544 422.544 419.403 419.403 417.832 414.69 414.69 414.69 411.549 409.978 411.549 408.407 406.836 405.265 405.265 402.124 398.982 397.411 397.411 395.841 392.699 389.557 389.557 387.987 383.274 384.845 381.704 380.133 378.562 376.991 373.85 370.708 370.708 369.137 364.425 364.425 361.283 358.142 356.571 353.429 351.858 348.717 347.146 345.575 342.434 339.292 337.721 333.009 333.009 329.867 326.726 325.155 322.013 320.442 317.301 314.159 317.301 320.442 320.442 326.726 328.296 329.867 333.009 336.15 337.721 339.292 342.434 345.575 345.575 350.288 351.858 353.429 356.571 358.142 359.712 361.283 364.425 367.566 369.137 372.279 373.85 375.42 378.562 380.133 383.274 383.274 386.416 387.987 389.557 391.128 392.699 394.27 395.841 398.982 400.553 402.124 402.124 403.695 406.836 408.407 409.978 409.978 411.549 413.119 414.69 414.69 416.261 417.832 419.403 420.973 420.973 424.115 424.115 424.115 427.257 427.257 428.827 430.398 430.398 430.398 433.54 433.54 433.54 433.54 435.111 436.681 435.111 435.111 438.252 439.823 439.823 439.823 442.965 441.394 441.394 442.965 441.394 442.965 441.394 441.394 442.965 441.394 442.965 442.965 441.394 444.535 442.965 442.965 442.965 442.965 442.965 442.965 441.394 441.394 441.394 441.394 441.394 441.394 439.823 439.823 438.252 439.823 438.252 436.681 438.252 435.111 435.111 435.111 433.54 430.398 431.969 430.398 431.969 427.257 428.827 427.257 427.257 425.686 424.115 424.115 424.115 422.544 419.403 417.832 417.832 417.832 414.69 413.119 413.119 411.549 408.407 406.836 406.836 405.265 402.124 402.124 398.982 397.411 395.841 395.841 395.841 389.557 389.557 389.557 386.416 383.274 383.274 380.133 378.562 373.85 373.85 370.708 369.137 367.566 364.425 361.283 361.283 358.142 355 353.429 351.858 350.288 347.146 344.004 342.434 340.863 337.721 333.009 331.438 329.867 328.296 326.726 323.584 320.442 317.301 314.159
320.442 323.584 323.584 328.296 329.867 333.009 336.15 337.721 340.863 342.434 344.004 345.575 350.288 351.858 353.429 356.571 358.142 361.283 362.854 365.996 367.566 369.137 373.85 373.85 376.991 378.562 380.133 381.704 384.845 386.416 386.416 387.987 389.557 392.699 394.27 395.841 398.982 400.553 402.124 403.695 403.695 405.265 405.265 408.407 411.549 413.119 413.119 414.69 414.69 416.261 419.403 419.403 419.403 420.973 424.115 424.115 425.686 425.686 428.827 428.827 427.257 430.398 433.54 431.969 431.969 431.969 435.111 435.111 435.111 436.681 436.681 438.252 438.252 439.823 441.394 439.823 439.823 441.394 439.823 441.394 441.394 441.394 441.394 442.965 441.394 442.965 442.965 442.965 442.965 446.106 442.965 441.394 442.965 439.823 441.394 441.394 442.965 439.823 441.394 439.823 439.823 438.252 439.823 438.252 438.252 436.681 438.252 436.681 435.111 435.111 435.111 436.681 433.54 431.969 430.398 430.398 430.398 428.827 427.257 427.257 427.257 424.115 424.115 422.544 420.973 419.403 419.403 417.832 417.832 414.69 413.119 411.549 411.549 409.978 408.407 406.836 405.265 403.695 402.124 398.982 398.982 395.841 395.841 394.27 392.699 389.557 387.987 386.416 383.274 383.274 380.133 378.562 375.42 373.85 372.279 370.708 367.566 367.566 362.854 361.283 359.712 358.142 353.429 351.858 348.717 347.146 345.575 342.434 340.863 337.721 336.15 333.009 329.867 326.726 325.155 322.013 318.872 315.73 314.159 315.73 320.442 320.442 326.726 326.726 329.867 333.009 336.15 337.721 339.292 342.434 344.004 348.717 348.717 351.858 355 358.142 359.712 361.283 362.854 364.425 367.566 370.708 370.708 373.85 373.85 378.562 380.133 381.704 384.845 386.416 387.987 389.557 392.699 392.699 394.27 397.411 398.982 400.553 400.553 405.265 405.265 405.265 408.407 409.978 409.978 411.549 413.119 414.69 417.832 417.832 419.403 420.973 420.973 420.973 424.115 425.686 424.115 427.257 427.257 428.827 431.969 430.398 430.398 431.969 433.54 433.54 433.54 436.681 436.681 438.252 438.252 436.681 438.252 438.252 438.252 439.823 439.823 441.394 439.823 441.394 441.394 441.394 442.965 444.535 442.965 442.965 442.965 441.394 439.823 441.394 442.965 442.965 442.965 439.823 442.965 442.965 439.823 441.394 439.823 441.394 439.823 439.823 439.823 439.823 436.681 438.252 438.252 436.681 435.111 435.111 433.54 433.54 433.54 430.398 430.398 430.398 428.827 427.257 427.257 427.257 427.257 424.115 424.115 424.115 420.973 417.832 419.403 416.261 417.832 414.69 413.119 411.549 411.549 409.978 408.407 406.836 405.265 405.265 398.982 398.982 398.982 395.841 395.841 392.699 391.128 389.557 387.987 384.845 383.274 380.133 380.133 376.991 376.991 373.85 372.279 370.708 367.566 365.996 362.854 361.283 359.712 356.571 355 351.858 348.717 348.717 344.004 344.004 342.434 336.15 336.15 333.009 329.867 326.726 325.155 323.584 318.872 317.301 314.159
320.442 320.442 323.584 326.726 329.867 329.867 336.15 337.721 340.863 342.434 342.434 347.146 350.288 351.858 353.429 356.571 358.142 361.283 362.854 365.996 367.566 369.137 373.85 375.42 376.991 378.562 380.133 381.704 383.274 386.416 387.987 389.557 392.699 395.841 394.27 397.411 398.982 398.982 402.124 403.695 405.265 405.265 406.836 408.407 411.549 411.549 414.69 414.69 416.261 417.832 419.403 419.403 420.973 420.973 424.115 422.544 427.257 427.257 427.257 428.827 430.398 428.827 430.398 433.54 430.398 436.681 433.54 436.681 436.681 436.681 436.681 436.681 438.252 439.823 439.823 439.823 441.394 439.823 439.823 441.394 439.823 441.394 442.965 441.394 442.965 441.394 442.965 441.394 442.965 441.394 442.965 441.394 441.394 442.965 441.394 441.394 441.394 441.394 442.965 441.394 439.823 439.823 439.823 439.823 438.252 436.681 436.681 435.111 435.111 435.111 435.111 435.111 431.969 430.398 430.398 430.398 427.257 428.827 427.257 427.257 424.115 424.115 424.115 422.544 420.973 417.832 419.403 417.832 414.69 414.69 413.119 411.549 409.978 408.407 408.407 406.836 405.265 403.695 402.124 400.553 397.411 395.841 395.841 394.27 392.699 389.557 387.987 386.416 384.845 380.133 380.133 378.562 375.42 373.85 372.279 369.137 367.566 364.425 362.854 361.283 359.712 358.142 355 351.858 348.717 345.575 344.004 342.434 340.863 337.721 336.15 333.009 329.867 326.726 326.726 322.013 318.872 317.301 314.159 317.301 318.872 320.442 326.726 326.726 329.867 333.009 336.15 337.721 340.863 342.434 345.575 347.146 348.717 351.858 355 356.571 359.712 361.283 364.425 365.996 369.137 370.708 372.279 373.85 375.42 376.991 380.133 381.704 384.845 384.845 387.987 389.557 392.699 392.699 395.841 397.411 397.411 398.982 402.124 402.124 405.265 405.265 408.407 408.407 409.978 411.549 414.69 416.261 417.832 416.261 417.832 420.973 420.973 422.544 422.544 424.115 427.257 427.257 428.827 430.398 430.398 430.398 431.969 431.969 433.54 433.54 435.111 436.681 436.681 436.681 436.681 436.681 438.252 438.252 439.823 439.823 441.394 439.823 441.394 441.394 442.965 442.965 442.965 441.394 442.965 442.965 442.965 442.965 442.965 442.965 442.965 442.965 442.965 442.965 442.965 442.965 442.965 441.394 441.394 439.823 439.823 439.823 436.681 439.823 438.252 438.252 438.252 436.681 436.681 433.54 435.111 431.969 433.54 431.969 431.969 430.398 430.398 428.827 427.257 427.257 424.115 424.115 422.544 422.544 420.973 420.973 419.403 417.832 417.832 414.69 414.69 413.119 409.978 411.549 408.407 405.265 403.695 403.695 402.124 400.553 398.982 397.411 394.27 392.699 392.699 389.557 386.416 384.845 383.274 383.274 380.133 378.562 375.42 373.85 370.708 370.708 367.566 365.996 362.854 362.854 358.142 356.571 355 351.858 348.717 347.146 345.575 342.434 342.434 337.721 334.58 333.009 329.867 326.726 325.155 323.584 318.872 317.301 314.159
320.442 320.442 323.584 326.726 331.438 333.009 336.15 336.15 339.292 342.434 345.575 348.717 348.717 351.858 355 356.571 358.142 361.283 364.425 364.425 367.566 369.137 370.708 376.991 376.991 378.562 380.133 381.704 384.845 384.845 387.987 389.557 392.699 392.699 395.841 397.411 398.982 398.982 402.124 402.124 405.265 405.265 406.836 411.549 411.549 411.549 413.119 414.69 417.832 417.832 419.403 419.403 420.973 422.544 422.544 425.686 424.115 427.257 428.827 428.827 430.398 430.398 431.969 433.54 433.54 436.681 433.54 435.111 435.111 435.111 436.681 438.252 438.252 439.823 439.823 442.965 439.823 439.823 439.823 441.394 439.823 441.394 442.965 442.965 441.394 442.965 442.965 442.965 442.965 441.394 442.965 442.965 446.106 444.535 441.394 442.965 441.394 441.394 441.394 441.394 439.823 438.252 439.823 438.252 438.252 439.823 438.252 436.681 436.681 436.681 435.111 431.969 433.54 431.969 430.398 428.827 427.257 427.257 430.398 427.257 425.686 424.115 422.544 420.973 420.973 420.973 419.403 416.261 417.832 414.69 414.69 411.549 411.549 411.549 408.407 406.836 405.265 402.124 398.982 398.982 398.982 395.841 394.27 394.27 389.557 389.557 387.987 386.416 384.845 383.274 380.133 376.991 375.42 373.85 372.279 369.137 367.566 364.425 362.854 361.283 358.142 355 355 351.858 350.288 345.575 345.575 342.434 339.292 336.15 334.58 333.009 329.867 326.726 323.584 322.013 320.442 317.301 314.159 317.301 318.872 322.013 325.155 326.726 331.438 333.009 336.15 337.721 339.292 342.434 345.575 347.146 348.717 351.858 355 355 358.142 361.283 364.425 364.425 367.566 370.708 370.708 373.85 376.991 380.133 380.133 380.133 384.845 386.416 386.416 389.557 389.557 392.699 394.27 397.411 398.982 400.553 402.124 403.695 405.265 405.265 408.407 411.549 411.549 411.549 414.69 416.261 417.832 417.832 419.403 420.973 420.973 420.973 424.115 425.686 427.257 427.257 427.257 428.827 427.257 430.398 430.398 433.54 435.111 431.969 435.111 435.111 436.681 436.681 438.252 436.681 439.823 438.252 439.823 442.965 439.823 441.394 439.823 441.394 441.394 441.394 441.394 442.965 446.106 444.535 442.965 442.965 442.965 441.394 441.394 442.965 442.965 439.823 441.394 441.394 439.823 441.394 439.823 441.394 439.823 439.823 436.681 438.252 438.252 438.252 438.252 436.681 435.111 436.681 433.54 433.54 433.54 433.54 431.969 428.827 428.827 428.827 428.827 427.257 427.257 425.686 424.115 422.544 420.973 420.973 419.403 420.973 414.69 416.261 414.69 411.549 409.978 409.978 408.407 406.836 405.265 402.124 400.553 400.553 398.982 397.411 395.841 392.699 392.699 389.557 387.987 386.416 383.274 383.274 380.133 378.562 375.42 373.85 372.279 370.708 367.566 365.996 364.425 361.283 358.142 356.571 355 351.858 348.717 348.717 345.575 342.434 342.434 336.15 334.58 333.009 329.867 328.296 326.726 323.584 320.442 317.301 314.159
318.872 323.584 323.584 326.726 329.867 333.009 334.58 339.292 339.292 342.434 344.004 345.575 350.288 351.858 353.429 356.571 358.142 361.283 364.425 367.566 367.566 370.708 370.708 373.85 376.991 376.991 380.133 383.274 383.274 386.416 387.987 387.987 392.699 395.841 394.27 395.841 398.982 402.124 402.124 405.265 405.265 406.836 408.407 409.978 409.978 411.549 413.119 414.69 416.261 417.832 417.832 419.403 420.973 422.544 422.544 424.115 427.257 425.686 427.257 427.257 430.398 430.398 430.398 433.54 430.398 436.681 435.111 435.111 435.111 435.111 438.252 436.681 438.252 438.252 439.823 439.823 439.823 441.394 439.823 441.394 442.965 441.394 441.394 442.965 442.965 442.965 442.965 442.965 444.535 444.535 442.965 442.965 441.394 442.965 441.394 441.394 439.823 441.394 441.394 441.394 441.394 439.823 439.823 438.252 438.252 436.681 438.252 435.111 436.681 433.54 435.111 433.54 433.54 431.969 431.969 430.398 430.398 428.827 427.257 425.686 424.115 424.115 422.544 420.973 422.544 420.973 419.403 417.832 414.69 414.69 414.69 413.119 411.549 408.407 408.407 405.265 405.265 403.695 400.553 398.982 398.982 395.841 395.841 392.699 391.128 389.557 387.987 384.845 386.416 383.274 380.133 378.562 375.42 373.85 372.279 370.708 367.566 364.425 362.854 361.283 359.712 358.142 355 351.858 350.288 347.146 345.575 342.434 342.434 337.721 336.15 333.009 329.867 326.726 325.155 322.013 320.442 317.301 314.159 317.301 318.872 323.584 323.584 326.726 329.867 333.009 333.009 337.721 339.292 342.434 345.575 347.146 348.717 355 355 355 358.142 361.283 362.854 364.425 367.566 369.137 370.708 373.85 376.991 376.991 380.133 381.704 384.845 386.416 387.987 387.987 389.557 394.27 395.841 395.841 398.982 400.553 402.124 403.695 405.265 406.836 408.407 408.407 411.549 413.119 414.69 414.69 416.261 417.832 417.832 419.403 420.973 424.115 424.115 425.686 427.257 427.257 427.257 428.827 430.398 430.398 431.969 433.54 433.54 433.54 433.54 435.111 435.111 436.681 438.252 438.252 438.252 439.823 436.681 439.823 439.823 439.823 441.394 441.394 442.965 441.394 442.965 441.394 442.965 439.823 441.394 442.965 442.965 442.965 442.965 442.965 441.394 439.823 442.965 442.965 441.394 441.394 439.823 441.394 439.823 439.823 439.823 439.823 438.252 436.681 438.252 438.252 435.111 435.111 435.111 431.969 433.54 431.969 430.398 430.398 428.827 428.827 428.827 427.257 425.686 424.115 424.115 422.544 420.973 420.973 419.403 416.261 414.69 414.69 413.119 411.549 411.549 408.407 409.978 405.265 405.265 402.124 402.124 400.553 397.411 397.411 395.841 395.841 392.699 387.987 386.416 386.416 383.274 383.274 380.133 378.562 376.991 373.85 372.279 370.708 367.566 365.996 362.854 361.283 358.142 356.571 355 351.858 351.858 345.575 344.004 344.004 339.292 337.721 336.15 333.009 329.867 328.296 326.726 320.442 318.872 314.159 314.159
320.442 322.013 323.584 328.296 329.867 333.009 336.15 339.292 340.863 342.434 345.575 345.575 348.717 351.858 355 358.142 359.712 361.283 362.854 364.425 367.566 370.708 372.279 373.85 375.42 376.991 380.133 383.274 383.274 386.416 387.987 389.557 392.699 395.841 394.27 397.411 397.411 398.982 400.553 402.124 405.265 406.836 406.836 409.978 409.978 411.549 414.69 414.69 416.261 417.832 417.832 420.973 420.973 420.973 424.115 425.686 425.686 425.686 427.257 428.827 430.398 430.398 431.969 431.969 431.969 433.54 435.111 436.681 433.54 436.681 438.252 439.823 438.252 438.252 436.681 439.823 439.823 439.823 442.965 441.394 442.965 441.394 442.965 442.965 442.965 439.823 442.965 446.106 439.823 442.965 442.965 442.965 442.965 442.965 442.965 442.965 442.965 441.394 441.394 441.394 439.823 439.823 441.394 438.252 438.252 436.681 438.252 436.681 436.681 436.681 435.111 433.54 433.54 433.54 431.969 430.398 431.969 428.827 428.827 427.257 424.115 425.686 422.544 424.115 420.973 419.403 417.832 417.832 414.69 416.261 413.119 411.549 409.978 411.549 408.407 406.836 405.265 402.124 402.124 400.553 398.982 397.411 394.27 392.699 391.128 389.557 387.987 386.416 384.845 381.704 380.133 376.991 376.991 373.85 370.708 369.137 367.566 367.566 364.425 361.283 359.712 355 355 351.858 350.288 348.717 345.575 342.434 342.434 336.15 333.009 333.009 329.867 328.296 325.155 320.442 320.442 317.301 314.159 317.301 318.872 322.013 323.584 326.726 329.867 333.009 336.15 337.721 340.863 342.434 345.575 347.146 350.288 353.429 353.429 358.142 359.712 361.283 364.425 364.425 367.566 370.708 373.85 373.85 375.42 376.991 380.133 381.704 383.274 386.416 386.416 386.416 392.699 392.699 394.27 397.411 397.411 402.124 400.553 403.695 403.695 406.836 406.836 408.407 411.549 413.119 414.69 414.69 414.69 416.261 419.403 419.403 420.973 424.115 422.544 425.686 425.686 425.686 427.257 428.827 430.398 433.54 431.969 433.54 433.54 436.681 435.111 435.111 436.681 435.111 438.252 436.681 438.252 439.823 439.823 438.252 439.823 441.394 439.823 441.394 442.965 441.394 442.965 439.823 442.965 444.535 442.965 442.965 442.965 444.535 441.394 442.965 441.394 442.965 441.394 441.394 439.823 441.394 442.965 439.823 441.394 438.252 439.823 438.252 438.252 436.681 438.252 436.681 435.111 436.681 435.111 433.54 433.54 433.54 431.969 430.398 427.257 428.827 428.827 427.257 425.686 425.686 422.544 420.973 420.973 420.973 419.403 417.832 416.261 416.261 413.119 411.549 411.549 408.407 408.407 406.836 405.265 403.695 400.553 398.982 398.982 397.411 394.27 395.841 392.699 389.557 387.987 386.416 383.274 383.274 380.133 380.133 376.991 373.85 372.279 369.137 370.708 365.996 362.854 361.283 359.712 358.142 353.429 351.858 350.288 348.717 345.575 342.434 339.292 336.15 334.58 333.009 329.867 326.726 325.155 323.584 320.442 317.301 314.159
320.442 323.584 325.155 329.867 329.867 333.009 334.58 337.721 339.292 342.434 344.004 347.146 350.288 353.429 355 356.571 361.283 361.283 364.425 367.566 367.566 370.708 372.279 373.85 376.991 376.991 380.133 383.274 383.274 386.416 387.987 389.557 392.699 392.699 395.841 395.841 397.411 400.553 402.124 402.124 405.265 406.836 408.407 408.407 411.549 411.549 413.119 414.69 414.69 417.832 417.832 420.973 420.973 420.973 422.544 424.115 424.115 427.257 427.257 428.827 430.398 433.54 431.969 433.54 433.54 436.681 433.54 435.111 436.681 436.681 438.252 439.823 438.252 439.823 439.823 439.823 439.823 441.394 439.823 441.394 441.394 442.965 442.965 442.965 441.394 442.965 442.965 442.965 442.965 441.394 439.823 442.965 441.394 442.965 442.965 441.394 442.965 441.394 442.965 439.823 439.823 438.252 439.823 438.252 438.252 439.823 438.252 435.111 436.681 436.681 435.111 433.54 435.111 433.54 430.398 430.398 427.257 428.827 427.257 427.257 425.686 425.686 422.544 420.973 420.973 420.973 417.832 417.832 416.261 414.69 413.119 413.119 411.549 408.407 408.407 406.836 403.695 403.695 400.553 398.982 397.411 395.841 395.841 392.699 391.128 389.557 387.987 386.416 384.845 381.704 380.133 376.991 376.991 373.85 372.279 369.137 367.566 367.566 361.283 361.283 359.712 355 355 351.858 350.288 345.575 344.004 342.434 339.292 337.721 336.15 333.009 329.867 326.726 325.155 323.584 318.872 317.301 314.159 317.301 317.301 322.013 326.726 326.726 329.867 333.009 334.58 337.721 342.434 342.434 344.004 348.717 351.858 353.429 355 358.142 358.142 361.283 362.854 367.566 367.566 370.708 372.279 375.42 376.991 378.562 380.133 381.704 383.274 384.845 387.987 389.557 392.699 392.699 394.27 397.411 398.982 400.553 402.124 402.124 405.265 406.836 408.407 408.407 411.549 411.549 413.119 411.549 416.261 417.832 419.403 420.973 420.973 420.973 422.544 425.686 424.115 425.686 427.257 428.827 431.969 433.54 430.398 430.398 431.969 433.54 435.111 436.681 436.681 435.111 438.252 439.823 438.252 438.252 436.681 439.823 439.823 441.394 441.394 441.394 442.965 441.394 442.965 442.965 441.394 442.965 442.965 444.535 442.965 442.965 442.965 442.965 444.535 442.965 441.394 442.965 439.823 441.394 442.965 441.394 439.823 439.823 439.823 438.252 438.252 436.681 436.681 436.681 436.681 435.111 435.111 433.54 433.54 431.969 430.398 430.398 430.398 430.398 428.827 425.686 427.257 424.115 424.115 420.973 422.544 417.832 419.403 417.832 417.832 414.69 413.119 413.119 409.978 409.978 408.407 406.836 403.695 403.695 400.553 400.553 398.982 397.411 394.27 392.699 391.128 389.557 387.987 384.845 383.274 381.704 380.133 376.991 375.42 373.85 372.279 369.137 367.566 365.996 362.854 361.283 358.142 356.571 355 353.429 350.288 347.146 344.004 342.434 339.292 337.721 334.58 333.009 329.867 328.296 325.155 320.442 320.442 317.301 314.159
320.442 322.013 326.726 328.296 329.867 329.867 334.58 337.721 339.292 342.434 345.575 345.575 348.717 351.858 355 358.142 358.142 361.283 364.425 364.425 367.566 370.708 372.279 373.85 375.42 376.991 380.133 383.274 384.845 386.416 387.987 389.557 392.699 392.699 394.27 395.841 398.982 400.553 402.124 405.265 405.265 406.836 406.836 408.407 409.978 413.119 413.119 414.69 416.261 417.832 419.403 420.973 420.973 424.115 424.115 424.115 427.257 427.257 427.257 427.257 428.827 430.398 431.969 431.969 433.54 431.969 436.681 435.111 436.681 436.681 436.681 436.681 438.252 439.823 436.681 439.823 439.823 439.823 439.823 441.394 442.965 441.394 442.965 441.394 442.965 442.965 441.394 441.394 442.965 442.965 442.965 442.965 441.394 441.394 441.394 442.965 441.394 441.394 442.965 439.823 439.823 439.823 436.681 438.252 438.252 436.681 438.252 436.681 436.681 435.111 433.54 433.54 433.54 433.54 431.969 430.398 430.398 428.827 427.257 425.686 425.686 424.115 424.115 422.544 422.544 419.403 417.832 417.832 416.261 414.69 411.549 411.549 411.549 409.978 408.407 405.265 405.265 402.124 402.124 400.553 397.411 395.841 395.841 392.699 392.699 389.557 387.987 384.845 386.416 381.704 380.133 376.991 375.42 373.85 372.279 370.708 367.566 365.996 361.283 361.283 358.142 356.571 355 351.858 350.288 347.146 345.575 342.434 340.863 337.721 333.009 333.009 329.867 328.296 323.584 322.013 320.442 317.301 314.159 317.301 320.442 322.013 325.155 326.726 329.867 333.009 336.15 336.15 339.292 342.434 344.004 347.146 350.288 351.858 353.429 358.142 359.712 361.283 362.854 365.996 369.137 370.708 370.708 375.42 376.991 378.562 380.133 381.704 383.274 386.416 386.416 389.557 392.699 394.27 395.841 395.841 398.982 400.553 402.124 405.265 405.265 406.836 408.407 411.549 411.549 413.119 413.119 416.261 416.261 417.832 419.403 417.832 420.973 420.973 425.686 424.115 427.257 427.257 427.257 428.827 430.398 430.398 430.398 433.54 435.111 436.681 435.111 435.111 436.681 438.252 436.681 436.681 438.252 438.252 438.252 439.823 441.394 441.394 442.965 441.394 441.394 441.394 441.394 442.965 442.965 442.965 442.965 442.965 442.965 442.965 442.965 439.823 441.394 441.394 441.394 442.965 442.965 441.394 439.823 441.394 439.823 439.823 439.823 439.823 438.252 436.681 436.681 435.111 436.681 436.681 435.111 431.969 433.54 431.969 431.969 430.398 430.398 428.827 428.827 427.257 424.115 424.115 422.544 424.115 420.973 420.973 417.832 416.261 416.261 414.69 414.69 411.549 411.549 408.407 408.407 405.265 405.265 403.695 402.124 398.982 398.982 395.841 394.27 392.699 392.699 389.557 387.987 386.416 384.845 381.704 376.991 378.562 376.991 375.42 373.85 370.708 367.566 364.425 362.854 361.283 359.712 356.571 355 351.858 351.858 347.146 345.575 342.434 340.863 337.721 333.009 331.438 329.867 326.726 326.726 322.013 318.872 317.301 314.159
318.872 322.013 323.584 326.726 331.438 331.438 333.009 337.721 339.292 342.434 344.004 347.146 348.717 351.858 353.429 356.571 358.142 361.283 362.854 364.425 369.137 370.708 370.708 373.85 373.85 378.562 380.133 381.704 383.274 384.845 386.416 389.557 389.557 392.699 394.27 398.982 398.982 398.982 402.124 403.695 405.265 406.836 408.407 411.549 409.978 411.549 413.119 416.261 417.832 417.832 419.403 419.403 420.973 424.115 424.115 425.686 427.257 425.686 428.827 428.827 427.257 430.398 430.398 431.969 430.398 436.681 435.111 435.111 436.681 435.111 438.252 438.252 439.823 439.823 439.823 439.823 439.823 439.823 442.965 441.394 442.965 441.394 442.965 439.823 442.965 442.965 442.965 442.965 439.823 444.535 442.965 442.965 442.965 439.823 441.394 442.965 442.965 441.394 442.965 441.394 439.823 439.823 439.823 438.252 436.681 436.681 438.252 435.111 436.681 433.54 435.111 431.969 433.54 431.969 431.969 430.398 430.398 430.398 427.257 427.257 425.686 424.115 424.115 422.544 422.544 419.403 419.403 416.261 416.261 414.69 414.69 413.119 411.549 411.549 408.407 405.265 405.265 402.124 400.553 398.982 397.411 397.411 395.841 392.699 391.128 389.557 387.987 383.274 384.845 381.704 380.133 376.991 375.42 373.85 370.708 369.137 367.566 365.996 364.425 361.283 358.142 356.571 353.429 351.858 348.717 348.717 345.575 344.004 339.292 336.15 334.58 333.009 329.867 326.726 325.155 322.013 318.872 317.301 314.159 317.301 320.442 323.584 325.155 328.296 329.867 333.009 334.58 339.292 340.863 342.434 345.575 348.717 348.717 351.858 353.429 358.142 359.712 361.283 361.283 365.996 369.137 370.708 372.279 373.85 375.42 376.991 380.133 381.704 383.274 386.416 387.987 389.557 392.699 392.699 394.27 397.411 397.411 398.982 400.553 403.695 403.695 406.836 405.265 408.407 409.978 413.119 413.119 414.69 417.832 416.261 419.403 420.973 422.544 420.973 424.115 424.115 424.115 427.257 427.257 427.257 430.398 430.398 431.969 433.54 433.54 431.969 435.111 436.681 435.111 436.681 438.252 436.681 438.252 439.823 439.823 439.823 439.823 441.394 441.394 441.394 442.965 442.965 442.965 442.965 442.965 442.965 442.965 441.394 442.965 442.965 441.394 442.965 441.394 442.965 441.394 441.394 442.965 441.394 439.823 439.823 441.394 439.823 439.823 438.252 439.823 438.252 436.681 435.111 435.111 435.111 435.111 436.681 433.54 433.54 431.969 430.398 430.398 428.827 427.257 427.257 425.686 425.686 424.115 422.544 420.973 419.403 417.832 416.261 416.261 414.69 413.119 411.549 411.549 408.407 406.836 406.836 405.265 402.124 400.553 400.553 397.411 395.841 395.841 392.699 389.557 389.557 387.987 384.845 383.274 381.704 380.133 376.991 375.42 373.85 372.279 369.137 367.566 364.425 362.854 361.283 359.712 356.571 355 351.858 350.288 345.575 344.004 342.434 340.863 337.721 334.58 333.009 329.867 328.296 325.155 322.013 318.872 315.73 314.159
318.872 322.013 323.584 326.726 329.867 333.009 334.58 336.15 339.292 342.434 342.434 348.717 348.717 351.858 353.429 358.142 359.712 361.283 364.425 365.996 367.566 370.708 370.708 373.85 375.42 376.991 380.133 380.133 383.274 386.416 387.987 389.557 391.128 395.841 394.27 395.841 397.411 398.982 400.553 402.124 405.265 406.836 408.407 409.978 411.549 411.549 413.119 414.69 417.832 419.403 417.832 420.973 420.973 424.115 422.544 424.115 427.257 425.686 428.827 428.827 427.257 428.827 430.398 433.54 435.111 431.969 435.111 436.681 435.111 435.111 436.681 439.823 438.252 439.823 436.681 439.823 441.394 441.394 442.965 441.394 439.823 442.965 441.394 442.965 446.106 442.965 442.965 442.965 444.535 442.965 442.965 442.965 442.965 444.535 442.965 441.394 439.823 441.394 442.965 439.823 441.394 438.252 436.681 438.252 438.252 438.252 438.252 436.681 436.681 435.111 435.111 433.54 430.398 431.969 430.398 430.398 430.398 428.827 427.257 427.257 427.257 424.115 424.115 420.973 420.973 419.403 419.403 417.832 414.69 414.69 411.549 413.119 409.978 409.978 406.836 406.836 405.265 402.124 402.124 400.553 398.982 395.841 394.27 392.699 392.699 389.557 387.987 386.416 384.845 381.704 380.133 378.562 376.991 373.85 372.279 369.137 367.566 364.425 362.854 361.283 358.142 356.571 353.429 351.858 348.717 345.575 344.004 342.434 340.863 336.15 334.58 333.009 329.867 326.726 323.584 323.584 320.442 317.301 314.159 315.73 318.872 322.013 325.155 328.296 329.867 333.009 336.15 339.292 339.292 342.434 344.004 348.717 348.717 351.858 353.429 356.571 359.712 361.283 364.425 365.996 367.566 370.708 372.279 373.85 376.991 376.991 380.133 383.274 383.274 384.845 386.416 389.557 392.699 392.699 394.27 397.411 397.411 400.553 402.124 402.124 405.265 406.836 406.836 409.978 409.978 413.119 413.119 416.261 417.832 417.832 419.403 420.973 420.973 420.973 422.544 425.686 427.257 427.257 427.257 428.827 428.827 430.398 430.398 431.969 430.398 433.54 435.111 436.681 436.681 436.681 436.681 439.823 439.823 439.823 436.681 438.252 439.823 441.394 441.394 441.394 442.965 441.394 442.965 442.965 442.965 441.394 442.965 442.965 442.965 442.965 442.965 442.965 442.965 442.965 442.965 441.394 441.394 441.394 441.394 441.394 439.823 439.823 439.823 439.823 439.823 436.681 436.681 436.681 436.681 433.54 435.111 433.54 433.54 431.969 431.969 430.398 430.398 428.827 428.827 425.686 424.115 424.115 424.115 424.115 420.973 420.973 417.832 417.832 417.832 414.69 413.119 411.549 411.549 408.407 408.407 406.836 405.265 402.124 402.124 400.553 397.411 395.841 394.27 392.699 392.699 387.987 386.416 384.845 384.845 381.704 380.133 378.562 375.42 373.85 372.279 370.708 370.708 364.425 364.425 361.283 358.142 356.571 355 351.858 348.717 347.146 344.004 342.434 339.292 337.721 334.58 333.009 329.867 326.726 325.155 322.013 318.872 315.73 314.159
317.301 320.442 323.584 326.726 331.438 329.867 336.15 337.721 339.292 342.434 345.575 347.146 350.288 351.858 355 358.142 359.712 361.283 362.854 365.996 367.566 370.708 372.279 373.85 375.42 376.991 380.133 380.133 383.274 386.416 387.987 389.557 391.128 392.699 395.841 395.841 398.982 398.982 402.124 402.124 405.265 406.836 408.407 409.978 409.978 411.549 414.69 414.69 417.832 417.832 419.403 419.403 420.973 422.544 422.544 424.115 425.686 427.257 427.257 428.827 427.257 428.827 431.969 433.54 433.54 431.969 435.111 436.681 435.111 436.681 436.681 436.681 438.252 439.823 439.823 439.823 441.394 441.394 441.394 441.394 441.394 441.394 441.394 442.965 441.394 442.965 442.965 442.965 439.823 442.965 441.394 439.823 442.965 439.823 441.394 441.394 441.394 441.394 439.823 441.394 439.823 439.823 436.681 438.252 438.252 436.681 436.681 436.681 436.681 436.681 433.54 433.54 430.398 431.969 431.969 430.398 430.398 428.827 430.398 425.686 425.686 424.115 422.544 424.115 422.544 420.973 417.832 417.832 417.832 414.69 413.119 411.549 409.978 408.407 408.407 405.265 403.695 402.124 402.124 398.982 398.982 397.411 394.27 392.699 389.557 389.557 387.987 386.416 383.274 380.133 380.133 378.562 375.42 373.85 372.279 369.137 367.566 364.425 364.425 361.283 359.712 356.571 353.429 353.429 348.717 348.717 345.575 342.434 339.292 337.721 336.15 331.438 329.867 326.726 326.726 322.013 320.442 317.301 314.159 317.301 317.301 322.013 323.584 328.296 329.867 333.009 334.58 336.15 339.292 342.434 345.575 345.575 348.717 351.858 351.858 358.142 358.142 361.283 364.425 365.996 367.566 370.708 370.708 373.85 373.85 376.991 380.133 381.704 383.274 386.416 387.987 387.987 392.699 392.699 394.27 395.841 398.982 402.124 400.553 402.124 403.695 406.836 408.407 408.407 411.549 411.549 413.119 414.69 417.832 417.832 417.832 420.973 420.973 422.544 422.544 424.115 425.686 427.257 427.257 428.827 430.398 430.398 430.398 430.398 435.111 433.54 433.54 436.681 436.681 436.681 438.252 436.681 438.252 439.823 436.681 441.394 439.823 441.394 441.394 441.394 441.394 441.394 442.965 444.535 442.965 442.965 442.965 441.394 444.535 441.394 441.394 442.965 441.394 442.965 441.394 441.394 439.823 441.394 442.965 439.823 439.823 439.823 439.823 438.252 438.252 436.681 438.252 436.681 436.681 435.111 435.111 433.54 433.54 431.969 431.969 430.398 430.398 428.827 427.257 427.257 424.115 424.115 422.544 420.973 422.544 419.403 417.832 417.832 417.832 414.69 413.119 413.119 409.978 408.407 408.407 406.836 405.265 403.695 402.124 400.553 398.982 395.841 395.841 392.699 392.699 389.557 387.987 386.416 384.845 381.704 380.133 378.562 376.991 373.85 370.708 370.708 367.566 365.996 362.854 361.283 358.142 356.571 355 351.858 348.717 347.146 345.575 342.434 340.863 337.721 336.15 333.009 329.867 326.726 325.155 323.584 320.442 315.73 314.159
318.872 322.013 325.155 328.296 329.867 333.009 334.58 339.292 339.292 342.434 345.575 347.146 348.717 353.429 353.429 358.142 359.712 361.283 362.854 364.425 367.566 369.137 370.708 373.85 376.991 378.562 380.133 383.274 384.845 386.416 387.987 391.128 392.699 394.27 394.27 395.841 397.411 398.982 402.124 402.124 403.695 406.836 408.407 408.407 409.978 411.549 413.119 411.549 417.832 416.261 417.832 420.973 420.973 424.115 424.115 425.686 424.115 427.257 427.257 428.827 428.827 431.969 431.969 431.969 433.54 433.54 435.111 435.111 435.111 436.681 436.681 438.252 438.252 439.823 439.823 439.823 441.394 439.823 442.965 441.394 442.965 441.394 442.965 442.965 442.965 442.965 441.394 442.965 442.965 442.965 442.965 442.965 441.394 442.965 441.394 442.965 439.823 441.394 439.823 441.394 439.823 439.823 439.823 439.823 439.823 438.252 438.252 438.252 436.681 435.111 435.111 433.54 433.54 433.54 431.969 433.54 428.827 428.827 427.257 427.257 427.257 424.115 422.544 422.544 420.973 419.403 419.403 416.261 417.832 414.69 414.69 411.549 411.549 411.549 408.407 406.836 405.265 402.124 402.124 400.553 398.982 397.411 394.27 392.699 391.128 389.557 387.987 384.845 384.845 380.133 380.133 378.562 375.42 373.85 372.279 369.137 369.137 365.996 364.425 362.854 359.712 358.142 353.429 351.858 348.717 345.575 345.575 342.434 339.292 339.292 334.58 333.009 329.867 328.296 323.584 323.584 320.442 317.301 314.159 317.301 318.872 320.442 326.726 328.296 329.867 333.009 336.15 336.15 339.292 342.434 345.575 345.575 351.858 353.429 353.429 355 359.712 361.283 364.425 364.425 367.566 369.137 373.85 373.85 376.991 378.562 380.133 383.274 384.845 386.416 387.987 389.557 392.699 392.699 394.27 397.411 398.982 398.982 400.553 402.124 405.265 406.836 406.836 408.407 411.549 413.119 413.119 414.69 414.69 417.832 419.403 420.973 420.973 424.115 422.544 424.115 425.686 427.257 427.257 428.827 430.398 428.827 431.969 431.969 433.54 433.54 435.111 436.681 436.681 435.111 436.681 439.823 438.252 439.823 439.823 438.252 439.823 439.823 439.823 441.394 441.394 442.965 442.965 439.823 442.965 442.965 442.965 442.965 439.823 441.394 442.965 442.965 442.965 442.965 442.965 441.394 442.965 441.394 439.823 439.823 441.394 439.823 439.823 439.823 439.823 439.823 436.681 436.681 436.681 435.111 433.54 435.111 433.54 431.969 430.398 430.398 430.398 428.827 427.257 427.257 424.115 425.686 422.544 420.973 420.973 419.403 419.403 417.832 414.69 414.69 414.69 411.549 409.978 409.978 406.836 406.836 405.265 403.695 400.553 400.553 398.982 395.841 394.27 392.699 392.699 389.557 386.416 384.845 383.274 383.274 376.991 376.991 376.991 373.85 372.279 369.137 367.566 364.425 364.425 361.283 358.142 356.571 355 351.858 350.288 348.717 345.575 342.434 342.434 337.721 333.009 333.009 329.867 326.726 323.584 323.584 320.442 317.301 314.159
320.442 322.013 325.155 326.726 329.867 333.009 334.58 339.292 339.292 342.434 345.575 345.575 350.288 353.429 353.429 355 358.142 361.283 362.854 367.566 367.566 370.708 372.279 373.85 376.991 378.562 380.133 383.274 384.845 386.416 386.416 389.557 391.128 395.841 394.27 395.841 398.982 400.553 402.124 405.265 403.695 405.265 406.836 408.407 411.549 411.549 413.119 414.69 417.832 417.832 419.403 420.973 420.973 422.544 424.115 425.686 425.686 425.686 430.398 428.827 428.827 428.827 431.969 431.969 433.54 436.681 436.681 436.681 435.111 436.681 436.681 436.681 439.823 436.681 439.823 439.823 441.394 439.823 439.823 441.394 442.965 442.965 441.394 442.965 441.394 442.965 441.394 442.965 442.965 444.535 441.394 442.965 442.965 442.965 441.394 442.965 442.965 441.394 439.823 439.823 439.823 439.823 439.823 439.823 439.823 438.252 438.252 436.681 435.111 435.111 435.111 433.54 433.54 431.969 430.398 430.398 430.398 428.827 427.257 427.257 424.115 424.115 424.115 420.973 420.973 420.973 419.403 420.973 414.69 414.69 414.69 413.119 409.978 408.407 408.407 406.836 405.265 402.124 402.124 398.982 397.411 397.411 394.27 392.699 389.557 389.557 386.416 386.416 386.416 383.274 380.133 376.991 375.42 373.85 372.279 369.137 367.566 365.996 364.425 359.712 359.712 356.571 353.429 351.858 350.288 345.575 345.575 342.434 339.292 339.292 336.15 333.009 329.867 326.726 323.584 323.584 318.872 317.301 314.159 317.301 320.442 320.442 323.584 326.726 329.867 333.009 333.009 339.292 340.863 342.434 344.004 348.717 348.717 351.858 353.429 358.142 359.712 361.283 362.854 365.996 367.566 370.708 372.279 373.85 376.991 378.562 380.133 380.133 383.274 384.845 387.987 389.557 389.557 392.699 394.27 395.841 398.982 402.124 402.124 402.124 405.265 406.836 406.836 408.407 409.978 411.549 414.69 416.261 417.832 416.261 417.832 420.973 422.544 420.973 422.544 425.686 425.686 427.257 427.257 428.827 430.398 430.398 430.398 431.969 433.54 433.54 435.111 435.111 435.111 436.681 438.252 438.252 438.252 436.681 441.394 438.252 441.394 441.394 442.965 441.394 441.394 442.965 441.394 439.823 442.965 439.823 442.965 442.965 442.965 442.965 441.394 441.394 442.965 441.394 442.965 441.394 442.965 439.823 442.965 441.394 441.394 439.823 439.823 438.252 436.681 439.823 438.252 438.252 436.681 433.54 435.111 433.54 433.54 431.969 431.969 430.398 430.398 428.827 427.257 427.257 424.115 424.115 424.115 422.544 420.973 419.403 419.403 420.973 417.832 414.69 414.69 411.549 409.978 408.407 406.836 406.836 405.265 403.695 400.553 398.982 397.411 397.411 395.841 392.699 391.128 389.557 387.987 384.845 383.274 383.274 380.133 378.562 375.42 373.85 372.279 369.137 370.708 364.425 361.283 361.283 358.142 356.571 355 351.858 350.288 348.717 345.575 342.434 339.292 336.15 336.15 333.009 329.867 328.296 326.726 323.584 317.301 317.301 314.159
320.442 320.442 325.155 326.726 329.867 333.009 336.15 336.15 340.863 342.434 345.575 345.575 348.717 353.429 355 355 358.142 361.283 362.854 365.996 367.566 369.137 372.279 373.85 376.991 378.562 378.562 381.704 383.274 383.274 387.987 387.987 392.699 392.699 395.841 395.841 398.982 400.553 402.124 405.265 405.265 406.836 408.407 409.978 411.549 413.119 413.119 414.69 416.261 417.832 419.403 420.973 420.973 424.115 425.686 425.686 427.257 425.686 430.398 428.827 431.969 430.398 431.969 433.54 433.54 433.54 435.111 435.111 436.681 436.681 436.681 436.681 439.823 439.823 439.823 439.823 439.823 441.394 441.394 441.394 442.965 441.394 441.394 442.965 441.394 442.965 442.965 446.106 439.823 441.394 442.965 442.965 441.394 442.965 441.394 442.965 441.394 441.394 441.394 439.823 439.823 442.965 439.823 438.252 438.252 438.252 436.681 436.681 436.681 435.111 435.111 433.54 433.54 433.54 430.398 430.398 430.398 428.827 428.827 427.257 425.686 425.686 424.115 422.544 420.973 417.832 417.832 417.832 414.69 416.261 413.119 411.549 409.978 408.407 406.836 406.836 403.695 405.265 400.553 400.553 397.411 395.841 395.841 392.699 392.699 391.128 387.987 384.845 383.274 383.274 380.133 380.133 375.42 375.42 370.708 369.137 367.566 364.425 364.425 359.712 358.142 356.571 353.429 351.858 348.717 348.717 345.575 342.434 339.292 336.15 336.15 333.009 329.867 326.726 326.726 323.584 318.872 315.73 314.159 315.73 320.442 322.013 323.584 326.726 329.867 331.438 334.58 339.292 339.292 342.434 345.575 348.717 348.717 351.858 353.429 356.571 359.712 362.854 362.854 364.425 367.566 369.137 372.279 376.991 376.991 378.562 380.133 383.274 383.274 384.845 387.987 389.557 392.699 392.699 395.841 397.411 398.982 398.982 402.124 403.695 403.695 405.265 408.407 409.978 411.549 411.549 413.119 416.261 417.832 417.832 417.832 419.403 420.973 424.115 424.115 424.115 427.257 427.257 427.257 428.827 427.257 430.398 430.398 431.969 433.54 433.54 435.111 435.111 436.681 436.681 438.252 438.252 439.823 439.823 439.823 439.823 441.394 439.823 439.823 441.394 442.965 441.394 441.394 442.965 441.394 441.394 441.394 444.535 442.965 441.394 442.965 442.965 441.394 442.965 442.965 441.394 439.823 441.394 439.823 441.394 439.823 439.823 436.681 438.252 438.252 439.823 438.252 436.681 436.681 435.111 435.111 433.54 433.54 433.54 431.969 430.398 428.827 428.827 427.257 425.686 425.686 424.115 422.544 422.544 420.973 420.973 419.403 419.403 414.69 416.261 411.549 413.119 411.549 411.549 406.836 406.836 403.695 403.695 402.124 400.553 398.982 397.411 394.27 392.699 391.128 389.557 387.987 384.845 383.274 383.274 380.133 378.562 376.991 373.85 373.85 370.708 369.137 365.996 364.425 359.712 358.142 355 355 353.429 350.288 345.575 345.575 342.434 339.292 336.15 334.58 333.009 329.867 328.296 325.155 320.442 317.301 317.301 314.159
318.872 322.013 323.584 326.726 329.867 333.009 334.58 336.15 340.863 342.434 344.004 347.146 348.717 351.858 355 356.571 361.283 361.283 362.854 364.425 369.137 369.137 372.279 375.42 376.991 376.991 378.562 380.133 383.274 384.845 387.987 389.557 391.128 392.699 394.27 397.411 398.982 400.553 398.982 403.695 405.265 405.265 406.836 408.407 409.978 411.549 414.69 414.69 416.261 417.832 419.403 420.973 420.973 422.544 422.544 425.686 427.257 427.257 427.257 428.827 430.398 428.827 431.969 433.54 433.54 436.681 435.111 436.681 436.681 436.681 436.681 436.681 439.823 439.823 439.823 438.252 439.823 439.823 442.965 441.394 442.965 442.965 441.394 442.965 442.965 442.965 442.965 441.394 442.965 442.965 442.965 442.965 442.965 442.965 441.394 441.394 441.394 441.394 439.823 441.394 439.823 438.252 439.823 439.823 438.252 439.823 433.54 435.111 436.681 435.111 433.54 433.54 433.54 431.969 430.398 430.398 430.398 428.827 427.257 425.686 424.115 424.115 424.115 422.544 420.973 420.973 417.832 416.261 417.832 411.549 413.119 411.549 411.549 409.978 408.407 406.836 403.695 405.265 402.124 398.982 397.411 395.841 394.27 392.699 389.557 391.128 387.987 386.416 384.845 381.704 380.133 378.562 376.991 373.85 372.279 370.708 367.566 365.996 364.425 361.283 359.712 356.571 353.429 351.858 348.717 345.575 345.575 342.434 340.863 336.15 333.009 333.009 329.867 328.296 325.155 322.013 320.442 315.73 314.159 315.73 320.442 320.442 325.155 328.296 329.867 333.009 336.15 336.15 339.292 342.434 345.575 348.717 350.288 351.858 353.429 358.142 358.142 361.283 362.854 365.996 367.566 370.708 370.708 373.85 376.991 380.133 380.133 380.133 384.845 386.416 387.987 387.987 392.699 392.699 394.27 395.841 398.982 402.124 400.553 403.695 405.265 406.836 409.978 408.407 409.978 411.549 414.69 414.69 417.832 417.832 419.403 420.973 420.973 422.544 422.544 425.686 425.686 427.257 427.257 428.827 430.398 430.398 430.398 433.54 433.54 433.54 435.111 436.681 436.681 436.681 436.681 438.252 438.252 438.252 438.252 439.823 441.394 439.823 441.394 441.394 439.823 441.394 442.965 442.965 441.394 442.965 442.965 442.965 442.965 441.394 442.965 442.965 442.965 441.394 441.394 441.394 439.823 441.394 442.965 439.823 439.823 439.823 439.823 439.823 438.252 439.823 438.252 436.681 436.681 436.681 435.111 433.54 433.54 431.969 431.969 430.398 430.398 430.398 427.257 427.257 425.686 424.115 424.115 422.544 420.973 419.403 419.403 417.832 416.261 414.69 411.549 411.549 409.978 408.407 408.407 406.836 405.265 403.695 402.124 402.124 397.411 395.841 395.841 392.699 392.699 389.557 387.987 386.416 383.274 380.133 380.133 376.991 376.991 373.85 373.85 369.137 367.566 367.566 364.425 361.283 358.142 356.571 355 353.429 348.717 347.146 342.434 342.434 339.292 339.292 334.58 333.009 329.867 326.726 323.584 323.584 320.442 317.301 314.159
320.442 323.584 325.155 328.296 331.438 333.009 334.58 337.721 339.292 342.434 345.575 348.717 350.288 353.429 355 358.142 358.142 361.283 362.854 364.425 367.566 369.137 372.279 375.42 375.42 380.133 380.133 381.704 384.845 384.845 387.987 389.557 392.699 392.699 394.27 397.411 397.411 400.553 402.124 402.124 405.265 406.836 406.836 408.407 409.978 411.549 413.119 414.69 414.69 417.832 417.832 419.403 420.973 422.544 424.115 424.115 425.686 425.686 427.257 428.827 430.398 430.398 431.969 431.969 431.969 433.54 433.54 435.111 435.111 436.681 438.252 439.823 438.252 438.252 441.394 439.823 439.823 439.823 439.823 441.394 442.965 441.394 442.965 442.965 442.965 442.965 441.394 441.394 442.965 442.965 441.394 442.965 441.394 442.965 441.394 441.394 441.394 441.394 442.965 441.394 441.394 438.252 439.823 438.252 436.681 438.252 436.681 436.681 435.111 436.681 435.111 433.54 435.111 431.969 431.969 431.969 430.398 428.827 428.827 427.257 425.686 424.115 424.115 424.115 422.544 419.403 417.832 416.261 416.261 414.69 414.69 413.119 409.978 408.407 408.407 406.836 405.265 402.124 402.124 400.553 398.982 395.841 394.27 392.699 392.699 389.557 386.416 386.416 383.274 381.704 380.133 376.991 375.42 373.85 372.279 370.708 367.566 364.425 361.283 361.283 359.712 356.571 355 355 350.288 345.575 345.575 342.434 342.434 339.292 334.58 333.009 331.438 326.726 325.155 322.013 320.442 315.73 314.159 315.73 320.442 322.013 326.726 326.726 329.867 333.009 336.15 337.721 339.292 342.434 345.575 347.146 351.858 351.858 355 358.142 358.142 361.283 364.425 365.996 367.566 370.708 372.279 373.85 376.991 378.562 380.133 383.274 383.274 386.416 387.987 389.557 392.699 395.841 395.841 397.411 397.411 400.553 402.124 403.695 403.695 406.836 406.836 408.407 409.978 413.119 413.119 414.69 414.69 417.832 419.403 420.973 420.973 424.115 422.544 424.115 427.257 425.686 427.257 428.827 431.969 430.398 431.969 431.969 433.54 433.54 433.54 435.111 436.681 436.681 436.681 438.252 438.252 438.252 439.823 439.823 439.823 441.394 442.965 441.394 439.823 441.394 442.965 439.823 441.394 442.965 442.965 441.394 442.965 441.394 442.965 442.965 442.965 439.823 442.965 442.965 441.394 441.394 439.823 439.823 439.823 439.823 436.681 438.252 439.823 438.252 436.681 438.252 435.111 435.111 435.111 433.54 433.54 431.969 431.969 430.398 431.969 428.827 427.257 425.686 425.686 424.115 424.115 420.973 420.973 420.973 419.403 417.832 416.261 416.261 413.119 411.549 409.978 408.407 408.407 405.265 403.695 403.695 402.124 400.553 398.982 395.841 395.841 392.699 392.699 389.557 387.987 384.845 383.274 381.704 380.133 376.991 375.42 373.85 372.279 370.708 367.566 365.996 364.425 361.283 358.142 356.571 355 351.858 350.288 347.146 344.004 342.434 342.434 337.721 336.15 329.867 329.867 328.296 325.155 323.584 320.442 315.73 314.159
318.872 323.584 325.155 326.726 329.867 331.438 336.15 337.721 339.292 342.434 344.004 347.146 348.717 351.858 355 356.571 359.712 361.283 364.425 365.996 367.566 370.708 372.279 373.85 376.991 376.991 380.133 383.274 383.274 384.845 387.987 389.557 392.699 394.27 394.27 395.841 398.982 400.553 402.124 405.265 405.265 406.836 408.407 409.978 411.549 414.69 414.69 414.69 417.832 417.832 419.403 419.403 422.544 420.973 422.544 424.115 425.686 427.257 427.257 428.827 427.257 430.398 431.969 431.969 435.111 433.54 435.111 435.111 436.681 436.681 438.252 436.681 438.252 438.252 436.681 439.823 439.823 441.394 439.823 441.394 439.823 442.965 442.965 439.823 444.535 442.965 442.965 441.394 442.965 442.965 441.394 442.965 441.394 442.965 441.394 442.965 441.394 441.394 442.965 441.394 439.823 439.823 439.823 439.823 438.252 436.681 436.681 436.681 435.111 436.681 435.111 433.54 433.54 433.54 430.398 430.398 427.257 428.827 427.257 427.257 427.257 425.686 422.544 420.973 420.973 420.973 419.403 416.261 414.69 416.261 414.69 411.549 411.549 411.549 408.407 406.836 405.265 402.124 402.124 400.553 398.982 397.411 394.27 392.699 391.128 389.557 387.987 384.845 386.416 383.274 380.133 378.562 376.991 373.85 372.279 370.708 367.566 365.996 364.425 361.283 358.142 356.571 353.429 351.858 348.717 347.146 345.575 342.434 339.292 339.292 336.15 333.009 329.867 326.726 325.155 323.584 318.872 317.301 314.159 317.301 320.442 322.013 325.155 326.726 329.867 331.438 334.58 337.721 342.434 342.434 345.575 347.146 348.717 351.858 355 355 359.712 361.283 362.854 367.566 367.566 369.137 372.279 373.85 375.42 378.562 380.133 381.704 384.845 386.416 387.987 389.557 389.557 392.699 394.27 395.841 398.982 398.982 402.124 403.695 405.265 406.836 408.407 408.407 411.549 411.549 411.549 414.69 414.69 416.261 419.403 419.403 420.973 422.544 424.115 425.686 425.686 427.257 427.257 428.827 430.398 430.398 431.969 431.969 435.111 431.969 433.54 435.111 436.681 436.681 436.681 438.252 438.252 439.823 439.823 439.823 439.823 441.394 439.823 439.823 442.965 442.965 442.965 442.965 442.965 442.965 442.965 441.394 442.965 442.965 442.965 442.965 441.394 439.823 442.965 442.965 439.823 441.394 441.394 439.823 441.394 439.823 441.394 438.252 438.252 438.252 436.681 436.681 435.111 436.681 433.54 433.54 430.398 430.398 431.969 433.54 430.398 427.257 428.827 427.257 424.115 424.115 422.544 422.544 420.973 420.973 419.403 417.832 416.261 416.261 413.119 413.119 409.978 411.549 408.407 405.265 405.265 402.124 402.124 400.553 398.982 397.411 395.841 392.699 392.699 389.557 387.987 386.416 383.274 383.274 380.133 378.562 373.85 373.85 370.708 369.137 367.566 365.996 364.425 361.283 359.712 358.142 353.429 351.858 350.288 347.146 345.575 342.434 339.292 337.721 334.58 333.009 329.867 326.726 323.584 323.584 320.442 315.73 314.159
320.442 323.584 325.155 328.296 329.867 333.009 336.15 336.15 339.292 342.434 345.575 347.146 348.717 351.858 355 358.142 358.142 361.283 362.854 364.425 367.566 370.708 370.708 373.85 375.42 376.991 380.133 383.274 384.845 384.845 387.987 389.557 391.128 392.699 394.27 397.411 398.982 400.553 402.124 402.124 405.265 406.836 408.407 411.549 409.978 411.549 413.119 414.69 417.832 417.832 417.832 420.973 420.973 420.973 424.115 425.686 427.257 427.257 427.257 428.827 430.398 430.398 431.969 431.969 431.969 435.111 435.111 436.681 433.54 436.681 436.681 438.252 438.252 439.823 439.823 439.823 439.823 439.823 442.965 441.394 442.965 442.965 442.965 442.965 442.965 441.394 441.394 442.965 442.965 442.965 441.394 441.394 441.394 441.394 441.394 441.394 439.823 441.394 439.823 439.823 439.823 441.394 439.823 439.823 438.252 436.681 438.252 435.111 436.681 436.681 435.111 433.54 433.54 431.969 430.398 430.398 431.969 428.827 427.257 427.257 427.257 424.115 424.115 424.115 420.973 420.973 419.403 417.832 416.261 414.69 414.69 411.549 411.549 408.407 406.836 406.836 405.265 402.124 400.553 398.982 398.982 397.411 394.27 392.699 391.128 389.557 387.987 386.416 384.845 381.704 380.133 378.562 375.42 373.85 372.279 369.137 367.566 367.566 362.854 361.283 358.142 355 353.429 353.429 348.717 347.146 345.575 342.434 339.292 336.15 334.58 333.009 329.867 326.726 326.726 322.013 318.872 317.301 314.159 317.301 320.442 322.013 325.155 326.726 329.867 333.009 334.58 339.292 340.863 342.434 344.004 348.717 350.288 351.858 355 355 359.712 361.283 364.425 364.425 367.566 367.566 372.279 373.85 376.991 378.562 380.133 381.704 383.274 386.416 387.987 389.557 389.557 392.699 394.27 397.411 395.841 400.553 402.124 402.124 403.695 406.836 405.265 409.978 411.549 411.549 414.69 414.69 416.261 417.832 419.403 419.403 420.973 422.544 424.115 424.115 424.115 427.257 427.257 428.827 430.398 430.398 431.969 433.54 433.54 433.54 435.111 435.111 435.111 438.252 436.681 436.681 438.252 439.823 439.823 439.823 441.394 441.394 439.823 441.394 439.823 441.394 442.965 442.965 441.394 441.394 442.965 441.394 442.965 442.965 442.965 441.394 441.394 441.394 442.965 439.823 441.394 441.394 439.823 441.394 439.823 442.965 441.394 438.252 438.252 436.681 436.681 436.681 435.111 436.681 433.54 433.54 433.54 431.969 431.969 430.398 430.398 428.827 427.257 427.257 424.115 424.115 424.115 420.973 420.973 419.403 419.403 419.403 417.832 414.69 414.69 411.549 409.978 409.978 408.407 405.265 403.695 402.124 402.124 398.982 398.982 395.841 395.841 392.699 391.128 389.557 386.416 386.416 384.845 383.274 380.133 380.133 375.42 373.85 372.279 370.708 367.566 364.425 362.854 361.283 358.142 358.142 355 351.858 348.717 347.146 345.575 342.434 339.292 337.721 334.58 333.009 331.438 328.296 325.155 320.442 320.442 317.301 314.159
318.872 320.442 325.155 328.296 329.867 333.009 333.009 337.721 339.292 342.434 344.004 345.575 350.288 351.858 353.429 358.142 358.142 361.283 362.854 365.996 367.566 369.137 370.708 373.85 376.991 380.133 380.133 383.274 383.274 386.416 387.987 389.557 392.699 392.699 395.841 395.841 398.982 398.982 402.124 402.124 405.265 406.836 408.407 409.978 411.549 411.549 414.69 414.69 414.69 420.973 417.832 419.403 420.973 422.544 424.115 424.115 424.115 427.257 427.257 428.827 430.398 430.398 431.969 431.969 433.54 433.54 435.111 436.681 436.681 438.252 436.681 436.681 438.252 438.252 439.823 439.823 439.823 441.394 439.823 441.394 442.965 442.965 441.394 439.823 442.965 439.823 442.965 444.535 442.965 442.965 442.965 442.965 441.394 442.965 442.965 441.394 441.394 441.394 442.965 439.823 441.394 439.823 439.823 438.252 439.823 439.823 436.681 436.681 436.681 436.681 433.54 436.681 433.54 431.969 431.969 433.54 430.398 428.827 427.257 427.257 425.686 425.686 424.115 420.973 420.973 420.973 419.403 416.261 414.69 416.261 413.119 411.549 409.978 408.407 406.836 405.265 403.695 403.695 400.553 398.982 398.982 395.841 394.27 392.699 389.557 391.128 387.987 386.416 386.416 383.274 380.133 376.991 375.42 375.42 372.279 370.708 367.566 365.996 364.425 359.712 359.712 356.571 353.429 351.858 350.288 347.146 344.004 342.434 339.292 339.292 336.15 333.009 329.867 328.296 323.584 322.013 320.442 317.301 314.159 315.73 318.872 322.013 323.584 328.296 331.438 333.009 333.009 337.721 342.434 342.434 345.575 345.575 348.717 351.858 355 356.571 358.142 361.283 362.854 367.566 367.566 369.137 372.279 375.42 376.991 376.991 380.133 383.274 383.274 384.845 387.987 391.128 391.128 392.699 395.841 395.841 397.411 398.982 402.124 403.695 405.265 405.265 408.407 408.407 411.549 413.119 413.119 414.69 416.261 417.832 419.403 419.403 420.973 424.115 422.544 425.686 425.686 427.257 427.257 428.827 430.398 430.398 430.398 431.969 433.54 435.111 435.111 436.681 436.681 436.681 436.681 439.823 438.252 439.823 439.823 439.823 441.394 439.823 442.965 441.394 439.823 442.965 441.394 442.965 441.394 442.965 442.965 442.965 442.965 444.535 441.394 442.965 442.965 442.965 441.394 441.394 442.965 441.394 439.823 439.823 439.823 438.252 439.823 439.823 439.823 438.252 438.252 436.681 435.111 433.54 433.54 433.54 433.54 431.969 431.969 431.969 430.398 428.827 428.827 427.257 424.115 422.544 424.115 424.115 420.973 420.973 417.832 417.832 416.261 414.69 413.119 411.549 409.978 409.978 408.407 406.836 405.265 405.265 402.124 400.553 398.982 395.841 395.841 392.699 392.699 387.987 387.987 384.845 383.274 383.274 380.133 376.991 376.991 373.85 373.85 370.708 367.566 365.996 364.425 361.283 358.142 356.571 355 351.858 350.288 347.146 344.004 342.434 339.292 336.15 336.15 333.009 329.867 329.867 323.584 320.442 320.442 317.301 314.159
320.442 320.442 323.584 326.726 329.867 331.438 334.58 337.721 339.292 342.434 342.434 345.575 348.717 351.858 353.429 356.571 359.712 361.283 364.425 365.996 367.566 369.137 372.279 373.85 375.42 376.991 380.133 381.704 384.845 386.416 387.987 389.557 389.557 392.699 394.27 397.411 398.982 398.982 400.553 402.124 403.695 406.836 408.407 409.978 409.978 413.119 414.69 414.69 417.832 417.832 419.403 419.403 420.973 424.115 424.115 425.686 425.686 427.257 427.257 427.257 430.398 428.827 433.54 431.969 433.54 431.969 433.54 436.681 435.111 435.111 438.252 439.823 438.252 438.252 439.823 439.823 439.823 439.823 439.823 441.394 441.394 442.965 441.394 442.965 442.965 442.965 441.394 441.394 442.965 441.394 442.965 441.394 442.965 441.394 442.965 442.965 439.823 441.394 439.823 441.394 439.823 442.965 441.394 439.823 438.252 436.681 435.111 436.681 436.681 433.54 435.111 433.54 433.54 431.969 431.969 430.398 430.398 428.827 427.257 427.257 427.257 424.115 422.544 422.544 420.973 420.973 419.403 417.832 416.261 414.69 413.119 411.549 409.978 411.549 408.407 406.836 405.265 403.695 402.124 402.124 397.411 397.411 394.27 392.699 391.128 389.557 387.987 384.845 383.274 381.704 380.133 378.562 376.991 375.42 372.279 370.708 367.566 365.996 362.854 361.283 359.712 358.142 355 351.858 350.288 348.717 344.004 342.434 340.863 337.721 334.58 333.009 329.867 326.726 323.584 322.013 318.872 315.73 314.159 317.301 320.442 322.013 326.726 328.296 329.867 333.009 336.15 336.15 342.434 342.434 345.575 347.146 351.858 351.858 355 358.142 358.142 361.283 362.854 365.996 367.566 369.137 370.708 373.85 376.991 380.133 380.133 383.274 383.274 386.416 387.987 389.557 389.557 394.27 395.841 395.841 398.982 400.553 400.553 402.124 403.695 406.836 408.407 409.978 411.549 411.549 414.69 414.69 417.832 416.261 417.832 417.832 420.973 422.544 424.115 425.686 427.257 427.257 428.827 428.827 430.398 431.969 430.398 431.969 435.111 436.681 435.111 433.54 436.681 436.681 438.252 436.681 438.252 439.823 441.394 439.823 441.394 439.823 439.823 441.394 441.394 442.965 442.965 439.823 441.394 442.965 442.965 441.394 442.965 442.965 442.965 441.394 444.535 439.823 441.394 441.394 442.965 441.394 441.394 439.823 441.394 438.252 439.823 438.252 439.823 436.681 438.252 436.681 436.681 435.111 435.111 435.111 433.54 433.54 431.969 428.827 430.398 428.827 428.827 427.257 424.115 424.115 424.115 424.115 420.973 417.832 419.403 417.832 414.69 414.69 413.119 411.549 409.978 408.407 406.836 405.265 403.695 402.124 402.124 400.553 398.982 397.411 395.841 392.699 391.128 389.557 387.987 384.845 383.274 383.274 380.133 376.991 375.42 373.85 372.279 369.137 367.566 364.425 364.425 361.283 358.142 356.571 355 351.858 348.717 348.717 344.004 342.434 339.292 337.721 336.15 331.438 329.867 326.726 325.155 322.013 318.872 315.73 314.159
320.442 323.584 326.726 326.726 329.867 333.009 334.58 336.15 339.292 342.434 344.004 347.146 350.288 351.858 355 356.571 358.142 361.283 361.283 364.425 367.566 367.566 372.279 373.85 375.42 378.562 380.133 381.704 383.274 386.416 389.557 389.557 391.128 392.699 395.841 397.411 398.982 400.553 402.124 403.695 405.265 405.265 408.407 409.978 411.549 411.549 411.549 414.69 416.261 416.261 419.403 420.973 420.973 422.544 422.544 424.115 427.257 427.257 428.827 428.827 427.257 430.398 431.969 431.969 433.54 435.111 435.111 436.681 436.681 436.681 436.681 436.681 438.252 438.252 436.681 439.823 439.823 441.394 439.823 441.394 442.965 439.823 441.394 439.823 441.394 441.394 442.965 444.535 442.965 442.965 442.965 442.965 444.535 442.965 441.394 442.965 441.394 441.394 439.823 441.394 439.823 439.823 436.681 439.823 439.823 436.681 436.681 436.681 436.681 435.111 435.111 435.111 430.398 431.969 430.398 430.398 430.398 428.827 428.827 427.257 427.257 424.115 424.115 420.973 420.973 417.832 417.832 417.832 417.832 414.69 413.119 411.549 411.549 408.407 408.407 405.265 405.265 403.695 402.124 398.982 398.982 395.841 395.841 394.27 392.699 389.557 387.987 384.845 383.274 381.704 378.562 376.991 375.42 373.85 372.279 370.708 367.566 365.996 364.425 361.283 358.142 358.142 355 351.858 350.288 347.146 345.575 342.434 340.863 336.15 334.58 333.009 329.867 329.867 325.155 323.584 320.442 317.301 314.159 315.73 318.872 322.013 323.584 328.296 329.867 333.009 336.15 337.721 342.434 342.434 344.004 347.146 350.288 351.858 353.429 355 359.712 361.283 364.425 364.425 367.566 369.137 372.279 373.85 373.85 378.562 380.133 380.133 384.845 384.845 387.987 389.557 392.699 392.699 395.841 397.411 398.982 398.982 402.124 402.124 403.695 406.836 405.265 408.407 411.549 411.549 413.119 416.261 416.261 417.832 417.832 419.403 420.973 420.973 424.115 425.686 425.686 427.257 428.827 428.827 430.398 430.398 431.969 433.54 430.398 433.54 435.111 435.111 436.681 436.681 435.111 436.681 438.252 439.823 436.681 439.823 441.394 441.394 439.823 441.394 441.394 441.394 441.394 439.823 441.394 442.965 442.965 441.394 439.823 441.394 442.965 441.394 442.965 442.965 442.965 441.394 441.394 441.394 442.965 441.394 439.823 439.823 439.823 439.823 438.252 436.681 438.252 436.681 435.111 436.681 435.111 433.54 430.398 433.54 430.398 430.398 430.398 428.827 427.257 427.257 424.115 425.686 424.115 420.973 420.973 419.403 420.973 417.832 414.69 414.69 413.119 411.549 411.549 408.407 408.407 406.836 405.265 403.695 400.553 398.982 398.982 397.411 394.27 392.699 392.699 389.557 386.416 386.416 383.274 381.704 380.133 378.562 373.85 373.85 372.279 369.137 367.566 367.566 362.854 361.283 358.142 356.571 355 351.858 351.858 348.717 345.575 342.434 340.863 336.15 334.58 331.438 329.867 326.726 325.155 320.442 318.872 315.73 314.159
318.872 322.013 326.726 326.726 329.867 333.009 336.15 336.15 339.292 342.434 345.575 347.146 350.288 353.429 355 356.571 358.142 361.283 364.425 365.996 367.566 369.137 372.279 373.85 376.991 376.991 380.133 380.133 384.845 386.416 386.416 389.557 392.699 392.699 394.27 398.982 398.982 400.553 402.124 403.695 405.265 406.836 406.836 408.407 411.549 413.119 413.119 414.69 414.69 417.832 419.403 419.403 420.973 420.973 422.544 424.115 425.686 427.257 427.257 428.827 430.398 430.398 431.969 431.969 433.54 433.54 433.54 435.111 435.111 435.111 438.252 438.252 438.252 439.823 436.681 439.823 441.394 441.394 442.965 441.394 441.394 441.394 442.965 442.965 441.394 442.965 442.965 442.965 439.823 442.965 441.394 442.965 441.394 444.535 442.965 441.394 439.823 441.394 442.965 441.394 441.394 442.965 439.823 438.252 436.681 438.252 436.681 436.681 435.111 433.54 435.111 433.54 433.54 431.969 431.969 433.54 430.398 428.827 428.827 427.257 425.686 425.686 422.544 420.973 420.973 420.973 419.403 417.832 416.261 414.69 413.119 411.549 411.549 408.407 408.407 405.265 405.265 403.695 400.553 400.553 398.982 397.411 395.841 392.699 389.557 391.128 387.987 386.416 383.274 380.133 380.133 378.562 376.991 373.85 372.279 370.708 367.566 365.996 361.283 361.283 358.142 356.571 355 351.858 348.717 348.717 344.004 342.434 340.863 339.292 336.15 333.009 329.867 329.867 325.155 320.442 318.872 317.301 314.159 317.301 320.442 322.013 325.155 326.726 329.867 331.438 334.58 337.721 340.863 342.434 345.575 348.717 350.288 351.858 355 356.571 358.142 361.283 362.854 364.425 367.566 369.137 372.279 373.85 376.991 380.133 380.133 383.274 383.274 384.845 386.416 389.557 391.128 394.27 394.27 395.841 398.982 400.553 400.553 402.124 403.695 405.265 408.407 409.978 411.549 411.549 414.69 411.549 417.832 416.261 419.403 420.973 420.973 420.973 424.115 424.115 424.115 425.686 427.257 428.827 428.827 430.398 431.969 431.969 433.54 436.681 435.111 433.54 436.681 435.111 436.681 436.681 439.823 439.823 439.823 439.823 439.823 441.394 441.394 441.394 441.394 442.965 442.965 442.965 444.535 442.965 442.965 441.394 442.965 441.394 442.965 442.965 441.394 444.535 441.394 441.394 441.394 441.394 441.394 441.394 439.823 439.823 438.252 436.681 438.252 436.681 438.252 436.681 436.681 436.681 435.111 433.54 433.54 431.969 431.969 428.827 430.398 428.827 427.257 425.686 425.686 424.115 422.544 422.544 422.544 420.973 417.832 416.261 417.832 416.261 413.119 411.549 411.549 409.978 408.407 406.836 403.695 402.124 402.124 398.982 398.982 395.841 394.27 395.841 391.128 389.557 389.557 386.416 383.274 381.704 380.133 378.562 376.991 373.85 372.279 370.708 367.566 365.996 364.425 361.283 359.712 358.142 353.429 351.858 348.717 348.717 345.575 342.434 340.863 337.721 333.009 333.009 329.867 326.726 323.584 322.013 318.872 317.301 314.159
318.872 322.013 325.155 328.296 329.867 333.009 336.15 336.15 340.863 342.434 345.575 345.575 350.288 353.429 355 356.571 358.142 361.283 364.425 365.996 367.566 370.708 372.279 373.85 373.85 378.562 380.133 381.704 384.845 386.416 387.987 389.557 392.699 395.841 394.27 395.841 398.982 400.553 402.124 403.695 405.265 406.836 408.407 409.978 409.978 413.119 414.69 416.261 417.832 417.832 419.403 420.973 420.973 422.544 422.544 424.115 425.686 427.257 428.827 428.827 427.257 428.827 431.969 433.54 435.111 433.54 435.111 435.111 433.54 436.681 438.252 439.823 438.252 438.252 439.823 439.823 439.823 441.394 441.394 441.394 442.965 442.965 442.965 442.965 441.394 442.965 442.965 442.965 442.965 444.535 442.965 442.965 441.394 442.965 442.965 442.965 442.965 441.394 441.394 439.823 439.823 439.823 436.681 439.823 438.252 436.681 436.681 436.681 436.681 436.681 433.54 433.54 433.54 431.969 431.969 430.398 428.827 428.827 427.257 427.257 425.686 424.115 424.115 422.544 420.973 417.832 419.403 416.261 414.69 414.69 414.69 413.119 413.119 409.978 408.407 406.836 405.265 403.695 402.124 398.982 397.411 397.411 395.841 392.699 392.699 389.557 386.416 384.845 383.274 383.274 380.133 376.991 376.991 373.85 370.708 369.137 367.566 364.425 361.283 361.283 359.712 356.571 355 351.858 348.717 347.146 345.575 342.434 339.292 336.15 336.15 333.009 329.867 326.726 326.726 322.013 318.872 317.301 314.159 317.301 320.442 322.013 323.584 328.296 329.867 333.009 336.15 337.721 339.292 342.434 344.004 345.575 348.717 351.858 355 356.571 358.142 361.283 362.854 365.996 367.566 369.137 370.708 373.85 376.991 376.991 380.133 381.704 383.274 386.416 387.987 389.557 392.699 392.699 394.27 397.411 397.411 400.553 402.124 402.124 405.265 406.836 408.407 409.978 409.978 411.549 413.119 414.69 416.261 417.832 417.832 420.973 419.403 424.115 424.115 424.115 425.686 427.257 427.257 428.827 428.827 431.969 431.969 431.969 430.398 433.54 435.111 433.54 436.681 436.681 438.252 438.252 438.252 438.252 439.823 439.823 439.823 441.394 439.823 441.394 441.394 439.823 442.965 444.535 441.394 442.965 442.965 441.394 439.823 441.394 442.965 442.965 442.965 442.965 442.965 441.394 439.823 441.394 439.823 439.823 439.823 439.823 439.823 439.823 438.252 436.681 438.252 436.681 436.681 436.681 435.111 433.54 433.54 431.969 431.969 430.398 428.827 428.827 428.827 427.257 425.686 425.686 424.115 424.115 422.544 417.832 419.403 417.832 417.832 414.69 413.119 411.549 409.978 409.978 406.836 405.265 405.265 402.124 402.124 398.982 397.411 395.841 395.841 392.699 392.699 389.557 387.987 384.845 384.845 381.704 378.562 378.562 375.42 373.85 370.708 370.708 367.566 367.566 361.283 361.283 358.142 356.571 355 351.858 348.717 347.146 344.004 342.434 339.292 337.721 336.15 333.009 331.438 328.296 323.584 322.013 318.872 317.301 314.159
318.872 322.013 325.155 326.726 329.867 331.438 334.58 336.15 339.292 342.434 345.575 348.717 348.717 351.858 353.429 356.571 358.142 361.283 364.425 365.996 367.566 369.137 372.279 373.85 376.991 376.991 380.133 381.704 383.274 384.845 386.416 389.557 392.699 392.699 395.841 397.411 398.982 398.982 402.124 403.695 405.265 405.265 406.836 408.407 409.978 411.549 414.69 414.69 414.69 416.261 419.403 420.973 420.973 420.973 422.544 425.686 427.257 427.257 427.257 428.827 430.398 430.398 431.969 431.969 430.398 433.54 433.54 433.54 436.681 435.111 438.252 438.252 438.252 439.823 439.823 442.965 441.394 441.394 442.965 441.394 441.394 441.394 441.394 442.965 441.394 441.394 441.394 441.394 442.965 442.965 442.965 444.535 441.394 441.394 441.394 441.394 442.965 441.394 439.823 441.394 439.823 438.252 439.823 436.681 436.681 439.823 438.252 436.681 435.111 436.681 433.54 436.681 433.54 431.969 431.969 428.827 430.398 428.827 427.257 427.257 427.257 425.686 422.544 422.544 420.973 419.403 419.403 417.832 417.832 416.261 414.69 411.549 411.549 408.407 408.407 405.265 405.265 403.695 402.124 400.553 398.982 395.841 394.27 392.699 392.699 387.987 387.987 386.416 384.845 380.133 380.133 378.562 376.991 375.42 370.708 369.137 367.566 364.425 364.425 361.283 361.283 356.571 353.429 351.858 350.288 348.717 344.004 342.434 339.292 336.15 336.15 333.009 329.867 326.726 325.155 323.584 320.442 317.301 314.159 317.301 320.442 320.442 323.584 328.296 329.867 329.867 336.15 337.721 339.292 342.434 345.575 348.717 348.717 351.858 355 358.142 358.142 361.283 362.854 364.425 367.566 370.708 372.279 373.85 376.991 376.991 380.133 383.274 383.274 386.416 387.987 389.557 391.128 392.699 394.27 395.841 397.411 398.982 402.124 402.124 405.265 406.836 409.978 408.407 409.978 413.119 413.119 414.69 417.832 417.832 419.403 420.973 420.973 420.973 424.115 425.686 425.686 427.257 427.257 428.827 430.398 430.398 430.398 433.54 433.54 431.969 435.111 435.111 436.681 436.681 436.681 438.252 438.252 438.252 439.823 439.823 439.823 439.823 439.823 441.394 439.823 442.965 441.394 442.965 442.965 442.965 442.965 441.394 439.823 442.965 441.394 442.965 441.394 442.965 442.965 441.394 441.394 441.394 441.394 439.823 439.823 439.823 439.823 438.252 438.252 436.681 438.252 436.681 436.681 436.681 435.111 433.54 435.111 431.969 430.398 428.827 430.398 428.827 428.827 425.686 425.686 425.686 424.115 424.115 420.973 419.403 417.832 416.261 417.832 416.261 413.119 411.549 411.549 408.407 406.836 406.836 405.265 405.265 402.124 400.553 398.982 395.841 394.27 392.699 392.699 389.557 387.987 386.416 383.274 381.704 380.133 378.562 373.85 373.85 372.279 369.137 367.566 365.996 362.854 359.712 358.142 356.571 355 351.858 348.717 348.717 345.575 342.434 339.292 339.292 334.58 333.009 329.867 326.726 323.584 320.442 320.442 317.301 314.159
318.872 320.442 325.155 328.296 329.867 333.009 336.15 337.721 339.292 342.434 344.004 347.146 348.717 351.858 353.429 358.142 358.142 362.854 361.283 365.996 367.566 369.137 372.279 373.85 375.42 380.133 380.133 383.274 383.274 386.416 386.416 389.557 391.128 392.699 395.841 398.982 398.982 400.553 402.124 402.124 405.265 405.265 408.407 408.407 411.549 411.549 413.119 414.69 417.832 417.832 419.403 420.973 422.544 420.973 422.544 424.115 425.686 425.686 427.257 427.257 431.969 430.398 431.969 431.969 433.54 431.969 435.111 433.54 435.111 436.681 436.681 436.681 438.252 438.252 438.252 439.823 439.823 441.394 439.823 441.394 442.965 441.394 442.965 442.965 441.394 442.965 441.394 441.394 442.965 441.394 442.965 442.965 442.965 442.965 441.394 442.965 441.394 439.823 439.823 441.394 439.823 439.823 438.252 439.823 438.252 436.681 438.252 436.681 436.681 435.111 433.54 431.969 435.111 433.54 431.969 431.969 427.257 428.827 428.827 427.257 424.115 424.115 424.115 420.973 420.973 419.403 419.403 417.832 414.69 416.261 413.119 413.119 411.549 408.407 408.407 406.836 405.265 403.695 402.124 400.553 398.982 397.411 394.27 392.699 389.557 389.557 387.987 386.416 384.845 381.704 380.133 376.991 375.42 375.42 372.279 369.137 367.566 365.996 361.283 361.283 359.712 356.571 355 351.858 350.288 348.717 345.575 342.434 339.292 337.721 333.009 333.009 329.867 326.726 325.155 323.584 320.442 315.73 314.159 315.73 320.442 322.013 326.726 326.726 329.867 333.009 334.58 337.721 340.863 342.434 345.575 348.717 351.858 351.858 355 356.571 359.712 361.283 364.425 365.996 367.566 369.137 372.279 373.85 376.991 376.991 376.991 383.274 384.845 384.845 389.557 389.557 391.128 392.699 394.27 395.841 398.982 400.553 400.553 403.695 403.695 405.265 406.836 408.407 411.549 411.549 414.69 414.69 414.69 416.261 419.403 420.973 420.973 420.973 425.686 425.686 424.115 427.257 425.686 428.827 427.257 430.398 431.969 430.398 430.398 435.111 435.111 433.54 435.111 436.681 436.681 438.252 438.252 438.252 439.823 442.965 439.823 439.823 441.394 441.394 441.394 439.823 441.394 441.394 442.965 442.965 441.394 442.965 439.823 442.965 441.394 442.965 446.106 442.965 442.965 441.394 442.965 441.394 439.823 439.823 441.394 439.823 439.823 439.823 436.681 436.681 438.252 436.681 436.681 435.111 433.54 433.54 433.54 431.969 430.398 430.398 430.398 428.827 430.398 427.257 424.115 424.115 422.544 420.973 420.973 419.403 417.832 416.261 414.69 416.261 413.119 411.549 409.978 408.407 408.407 406.836 405.265 402.124 398.982 398.982 398.982 395.841 394.27 392.699 389.557 389.557 387.987 384.845 383.274 381.704 380.133 378.562 375.42 373.85 373.85 369.137 367.566 364.425 364.425 361.283 359.712 358.142 353.429 351.858 350.288 348.717 344.004 342.434 339.292 337.721 336.15 333.009 329.867 326.726 326.726 320.442 318.872 317.301 314.159
317.301 322.013 325.155 328.296 329.867 333.009 333.009 339.292 339.292 342.434 344.004 348.717 351.858 351.858 353.429 355 359.712 361.283 362.854 367.566 367.566 369.137 370.708 373.85 375.42 378.562 380.133 381.704 383.274 384.845 387.987 389.557 392.699 392.699 394.27 395.841 398.982 398.982 400.553 403.695 405.265 405.265 409.978 409.978 409.978 411.549 414.69 414.69 417.832 417.832 417.832 419.403 422.544 422.544 424.115 424.115 425.686 427.257 427.257 428.827 430.398 431.969 430.398 431.969 433.54 431.969 435.111 433.54 436.681 438.252 435.111 438.252 439.823 438.252 441.394 439.823 441.394 441.394 439.823 441.394 441.394 441.394 442.965 441.394 441.394 441.394 442.965 441.394 442.965 442.965 442.965 442.965 442.965 442.965 442.965 442.965 442.965 441.394 441.394 441.394 439.823 439.823 436.681 438.252 439.823 436.681 438.252 436.681 436.681 436.681 435.111 433.54 433.54 431.969 431.969 430.398 430.398 428.827 428.827 427.257 425.686 424.115 422.544 424.115 420.973 420.973 419.403 419.403 414.69 416.261 413.119 414.69 409.978 408.407 406.836 406.836 405.265 402.124 402.124 400.553 398.982 397.411 394.27 392.699 392.699 389.557 386.416 386.416 383.274 380.133 380.133 378.562 376.991 373.85 373.85 367.566 367.566 365.996 362.854 359.712 359.712 356.571 355 351.858 348.717 348.717 345.575 342.434 339.292 337.721 336.15 333.009 329.867 326.726 325.155 322.013 320.442 315.73 314.159 315.73 320.442 322.013 323.584 326.726 329.867 333.009 336.15 339.292 340.863 342.434 345.575 345.575 348.717 351.858 353.429 355 358.142 361.283 362.854 365.996 367.566 369.137 372.279 373.85 375.42 376.991 380.133 381.704 386.416 386.416 387.987 389.557 392.699 392.699 394.27 395.841 398.982 400.553 400.553 405.265 405.265 406.836 406.836 409.978 411.549 413.119 413.119 414.69 414.69 416.261 417.832 420.973 420.973 420.973 422.544 425.686 424.115 425.686 428.827 428.827 430.398 430.398 430.398 431.969 430.398 433.54 433.54 436.681 436.681 436.681 436.681 436.681 438.252 438.252 439.823 439.823 439.823 441.394 439.823 441.394 439.823 442.965 441.394 444.535 442.965 442.965 442.965 441.394 442.965 441.394 442.965 441.394 441.394 444.535 441.394 441.394 442.965 441.394 439.823 441.394 441.394 439.823 441.394 438.252 439.823 438.252 436.681 435.111 436.681 433.54 435.111 431.969 433.54 433.54 430.398 430.398 430.398 428.827 427.257 427.257 425.686 424.115 424.115 422.544 422.544 420.973 419.403 417.832 416.261 414.69 413.119 413.119 411.549 408.407 408.407 405.265 405.265 403.695 402.124 400.553 397.411 395.841 395.841 392.699 391.128 391.128 386.416 386.416 383.274 381.704 380.133 378.562 375.42 373.85 372.279 370.708 367.566 365.996 364.425 361.283 359.712 358.142 353.429 351.858 350.288 347.146 345.575 342.434 339.292 339.292 333.009 331.438 329.867 326.726 325.155 323.584 318.872 317.301 314.159
320.442 323.584 325.155 326.726 329.867 333.009 333.009 337.721 339.292 342.434 345.575 347.146 351.858 351.858 355 356.571 359.712 361.283 364.425 367.566 367.566 369.137 373.85 373.85 376.991 376.991 380.133 381.704 383.274 386.416 386.416 389.557 389.557 392.699 394.27 397.411 398.982 400.553 400.553 402.124 405.265 406.836 408.407 408.407 411.549 411.549 413.119 414.69 414.69 417.832 419.403 419.403 422.544 424.115 422.544 424.115 425.686 425.686 427.257 428.827 430.398 431.969 431.969 431.969 433.54 436.681 435.111 435.111 435.111 436.681 435.111 438.252 438.252 438.252 441.394 439.823 439.823 439.823 439.823 441.394 442.965 441.394 442.965 442.965 442.965 442.965 442.965 442.965 442.965 442.965 442.965 442.965 441.394 442.965 441.394 442.965 442.965 441.394 442.965 439.823 441.394 441.394 439.823 438.252 439.823 438.252 438.252 436.681 436.681 433.54 435.111 433.54 433.54 433.54 431.969 430.398 430.398 428.827 427.257 427.257 425.686 424.115 424.115 424.115 420.973 419.403 419.403 417.832 417.832 414.69 413.119 411.549 411.549 409.978 408.407 406.836 403.695 403.695 402.124 400.553 397.411 397.411 394.27 392.699 389.557 391.128 387.987 384.845 384.845 383.274 380.133 378.562 376.991 373.85 372.279 369.137 367.566 365.996 364.425 361.283 359.712 356.571 353.429 351.858 350.288 345.575 345.575 342.434 340.863 337.721 334.58 333.009 329.867 328.296 323.584 320.442 318.872 315.73 314.159 315.73 320.442 320.442 323.584 326.726 329.867 333.009 334.58 337.721 339.292 342.434 344.004 347.146 350.288 351.858 353.429 356.571 359.712 362.854 364.425 364.425 367.566 369.137 372.279 373.85 376.991 376.991 380.133 383.274 384.845 386.416 387.987 387.987 389.557 395.841 394.27 397.411 398.982 400.553 402.124 403.695 405.265 406.836 408.407 408.407 409.978 411.549 413.119 414.69 414.69 417.832 419.403 417.832 422.544 424.115 422.544 424.115 427.257 427.257 427.257 428.827 430.398 431.969 433.54 433.54 430.398 436.681 433.54 435.111 436.681 436.681 436.681 436.681 438.252 438.252 439.823 439.823 439.823 442.965 442.965 441.394 442.965 441.394 441.394 442.965 442.965 442.965 441.394 441.394 444.535 442.965 442.965 442.965 444.535 442.965 442.965 441.394 441.394 441.394 441.394 442.965 441.394 439.823 436.681 438.252 438.252 438.252 436.681 435.111 436.681 436.681 435.111 433.54 433.54 433.54 431.969 430.398 430.398 428.827 428.827 425.686 425.686 425.686 422.544 422.544 422.544 420.973 419.403 419.403 417.832 414.69 413.119 413.119 411.549 411.549 408.407 405.265 405.265 403.695 400.553 398.982 398.982 395.841 395.841 394.27 392.699 389.557 387.987 386.416 384.845 383.274 381.704 378.562 375.42 373.85 372.279 369.137 367.566 364.425 364.425 361.283 359.712 356.571 353.429 351.858 350.288 348.717 344.004 342.434 342.434 337.721 336.15 333.009 329.867 329.867 323.584 323.584 318.872 317.301 314.159
320.442 323.584 323.584 326.726 329.867 333.009 336.15 337.721 339.292 342.434 345.575 347.146 348.717 355 355 356.571 358.142 361.283 364.425 365.996 367.566 369.137 370.708 375.42 375.42 378.562 380.133 381.704 383.274 384.845 387.987 389.557 391.128 392.699 394.27 395.841 398.982 398.982 402.124 403.695 405.265 406.836 409.978 409.978 409.978 411.549 414.69 416.261 416.261 417.832 419.403 419.403 420.973 424.115 424.115 424.115 425.686 427.257 427.257 428.827 430.398 431.969 431.969 431.969 433.54 433.54 435.111 435.111 436.681 436.681 436.681 438.252 438.252 438.252 441.394 439.823 441.394 441.394 441.394 441.394 442.965 441.394 442.965 442.965 442.965 442.965 442.965 442.965 442.965 442.965 441.394 442.965 444.535 439.823 442.965 441.394 439.823 441.394 441.394 439.823 439.823 439.823 436.681 439.823 436.681 439.823 438.252 438.252 436.681 435.111 433.54 433.54 431.969 431.969 430.398 428.827 430.398 428.827 427.257 427.257 425.686 424.115 424.115 424.115 420.973 420.973 419.403 416.261 414.69 416.261 413.119 411.549 411.549 408.407 405.265 406.836 405.265 405.265 402.124 398.982 398.982 395.841 395.841 392.699 391.128 389.557 387.987 386.416 384.845 383.274 380.133 376.991 373.85 373.85 372.279 369.137 367.566 365.996 364.425 361.283 359.712 356.571 355 351.858 350.288 347.146 345.575 344.004 339.292 337.721 334.58 333.009 329.867 328.296 325.155 320.442 320.442 317.301 314.159 315.73 318.872 323.584 325.155 326.726 329.867 333.009 334.58 337.721 339.292 342.434 342.434 345.575 350.288 355 355 356.571 359.712 361.283 362.854 365.996 367.566 369.137 370.708 373.85 375.42 378.562 380.133 383.274 384.845 384.845 387.987 389.557 392.699 392.699 395.841 397.411 395.841 398.982 402.124 402.124 405.265 406.836 408.407 408.407 409.978 413.119 414.69 414.69 417.832 417.832 419.403 419.403 420.973 424.115 424.115 425.686 427.257 425.686 427.257 427.257 430.398 430.398 431.969 431.969 433.54 436.681 435.111 436.681 436.681 436.681 436.681 438.252 438.252 439.823 439.823 439.823 439.823 441.394 439.823 441.394 441.394 442.965 442.965 442.965 441.394 442.965 442.965 441.394 442.965 442.965 442.965 442.965 442.965 442.965 441.394 441.394 442.965 441.394 439.823 441.394 439.823 442.965 439.823 439.823 438.252 438.252 436.681 439.823 433.54 435.111 435.111 433.54 433.54 431.969 430.398 430.398 430.398 428.827 427.257 425.686 427.257 425.686 424.115 422.544 420.973 419.403 419.403 416.261 414.69 416.261 414.69 411.549 409.978 408.407 408.407 405.265 405.265 402.124 402.124 400.553 398.982 397.411 394.27 392.699 392.699 389.557 387.987 384.845 383.274 383.274 380.133 380.133 373.85 373.85 370.708 369.137 367.566 364.425 364.425 359.712 359.712 358.142 353.429 351.858 350.288 348.717 344.004 342.434 339.292 336.15 333.009 333.009 329.867 328.296 323.584 322.013 320.442 317.301 314.159
317.301 322.013 325.155 326.726 329.867 333.009 334.58 337.721 340.863 342.434 345.575 345.575 350.288 351.858 355 356.571 358.142 361.283 362.854 365.996 367.566 369.137 372.279 373.85 375.42 376.991 380.133 383.274 383.274 386.416 387.987 389.557 391.128 392.699 394.27 397.411 398.982 400.553 402.124 405.265 405.265 406.836 408.407 408.407 411.549 413.119 413.119 414.69 417.832 416.261 417.832 419.403 422.544 422.544 422.544 425.686 425.686 425.686 427.257 428.827 427.257 430.398 430.398 433.54 433.54 435.111 435.111 435.111 435.111 435.111 438.252 436.681 438.252 439.823 436.681 442.965 441.394 439.823 442.965 441.394 439.823 442.965 441.394 442.965 442.965 442.965 442.965 442.965 442.965 444.535 442.965 442.965 441.394 442.965 442.965 442.965 442.965 441.394 439.823 439.823 441.394 438.252 439.823 438.252 438.252 438.252 436.681 438.252 436.681 435.111 435.111 433.54 433.54 433.54 430.398 430.398 430.398 428.827 427.257 425.686 427.257 425.686 424.115 420.973 422.544 420.973 417.832 417.832 414.69 411.549 413.119 411.549 409.978 409.978 408.407 406.836 403.695 402.124 398.982 400.553 398.982 395.841 394.27 392.699 392.699 389.557 387.987 384.845 383.274 381.704 380.133 378.562 373.85 373.85 373.85 370.708 367.566 364.425 364.425 361.283 358.142 358.142 355 351.858 350.288 347.146 345.575 342.434 339.292 336.15 336.15 333.009 331.438 328.296 325.155 322.013 318.872 317.301 314.159 315.73 320.442 323.584 323.584 326.726 329.867 333.009 336.15 336.15 339.292 342.434 345.575 347.146 351.858 351.858 355 356.571 359.712 361.283 364.425 364.425 369.137 370.708 372.279 373.85 376.991 378.562 380.133 381.704 384.845 386.416 387.987 389.557 392.699 392.699 395.841 395.841 398.982 400.553 402.124 402.124 405.265 405.265 408.407 411.549 409.978 411.549 413.119 414.69 414.69 417.832 417.832 417.832 420.973 420.973 422.544 424.115 427.257 427.257 428.827 428.827 430.398 430.398 430.398 430.398 433.54 433.54 433.54 436.681 435.111 436.681 436.681 438.252 438.252 438.252 439.823 439.823 441.394 441.394 441.394 441.394 439.823 439.823 441.394 442.965 441.394 442.965 442.965 441.394 442.965 444.535 442.965 441.394 442.965 439.823 441.394 441.394 442.965 441.394 439.823 439.823 441.394 442.965 439.823 438.252 438.252 438.252 436.681 436.681 436.681 435.111 435.111 435.111 433.54 433.54 431.969 430.398 430.398 428.827 427.257 427.257 427.257 424.115 422.544 424.115 420.973 419.403 419.403 417.832 416.261 414.69 413.119 413.119 409.978 408.407 408.407 408.407 405.265 402.124 402.124 398.982 398.982 397.411 394.27 392.699 389.557 389.557 387.987 386.416 383.274 383.274 380.133 378.562 376.991 375.42 370.708 370.708 367.566 365.996 362.854 361.283 359.712 356.571 353.429 351.858 350.288 348.717 345.575 342.434 339.292 339.292 333.009 333.009 329.867 328.296 325.155 323.584 318.872 317.301 314.159
320.442 320.442 325.155 326.726 331.438 333.009 334.58 336.15 339.292 342.434 345.575 345.575 351.858 351.858 355 356.571 358.142 361.283 361.283 365.996 367.566 370.708 370.708 373.85 376.991 376.991 380.133 381.704 384.845 386.416 386.416 389.557 389.557 392.699 394.27 397.411 398.982 398.982 402.124 403.695 405.265 405.265 408.407 408.407 409.978 413.119 414.69 416.261 417.832 417.832 419.403 420.973 420.973 422.544 422.544 425.686 425.686 425.686 427.257 428.827 430.398 433.54 430.398 431.969 433.54 433.54 433.54 435.111 436.681 436.681 436.681 439.823 438.252 438.252 439.823 442.965 439.823 441.394 441.394 439.823 442.965 441.394 441.394 442.965 441.394 442.965 441.394 442.965 444.535 442.965 442.965 442.965 442.965 442.965 441.394 442.965 441.394 441.394 439.823 439.823 441.394 439.823 439.823 438.252 439.823 438.252 438.252 435.111 433.54 433.54 435.111 433.54 433.54 433.54 430.398 431.969 430.398 428.827 428.827 427.257 427.257 425.686 422.544 422.544 420.973 419.403 419.403 416.261 417.832 414.69 414.69 411.549 411.549 409.978 408.407 406.836 405.265 405.265 402.124 400.553 398.982 395.841 394.27 392.699 392.699 389.557 387.987 386.416 383.274 381.704 380.133 376.991 375.42 373.85 370.708 369.137 369.137 364.425 364.425 361.283 359.712 356.571 355 351.858 350.288 347.146 345.575 342.434 339.292 337.721 336.15 333.009 329.867 326.726 326.726 322.013 318.872 317.301 314.159 317.301 320.442 322.013 325.155 326.726 331.438 333.009 336.15 337.721 339.292 342.434 345.575 345.575 350.288 351.858 353.429 358.142 361.283 361.283 362.854 364.425 367.566 369.137 372.279 373.85 375.42 378.562 380.133 383.274 384.845 386.416 387.987 391.128 392.699 392.699 394.27 395.841 398.982 400.553 402.124 405.265 405.265 406.836 406.836 408.407 411.549 413.119 414.69 414.69 417.832 416.261 419.403 420.973 420.973 420.973 424.115 424.115 427.257 425.686 427.257 428.827 430.398 431.969 431.969 433.54 433.54 433.54 433.54 435.111 436.681 436.681 438.252 439.823 438.252 439.823 439.823 438.252 441.394 439.823 441.394 441.394 439.823 441.394 441.394 441.394 441.394 442.965 442.965 442.965 442.965 442.965 442.965 442.965 441.394 442.965 441.394 441.394 442.965 441.394 439.823 441.394 439.823 442.965 436.681 439.823 438.252 438.252 438.252 436.681 436.681 436.681 435.111 435.111 433.54 433.54 430.398 430.398 427.257 428.827 428.827 427.257 424.115 424.115 424.115 420.973 420.973 420.973 419.403 417.832 416.261 414.69 413.119 411.549 411.549 408.407 408.407 405.265 405.265 403.695 402.124 398.982 398.982 397.411 394.27 392.699 389.557 389.557 386.416 384.845 383.274 380.133 380.133 376.991 376.991 375.42 372.279 370.708 369.137 365.996 364.425 361.283 359.712 356.571 355 351.858 348.717 347.146 345.575 342.434 340.863 337.721 336.15 331.438 329.867 328.296 326.726 322.013 320.442 315.73 314.159
320.442 322.013 323.584 326.726 329.867 331.438 336.15 336.15 339.292 342.434 345.575 345.575 348.717 351.858 355 356.571 358.142 361.283 361.283 364.425 367.566 369.137 372.279 373.85 376.991 376.991 380.133 383.274 384.845 384.845 386.416 389.557 392.699 392.699 394.27 395.841 397.411 398.982 402.124 402.124 403.695 406.836 408.407 411.549 411.549 414.69 411.549 414.69 414.69 416.261 419.403 417.832 420.973 420.973 424.115 425.686 425.686 427.257 427.257 428.827 430.398 430.398 431.969 431.969 431.969 433.54 435.111 435.111 435.111 436.681 438.252 438.252 438.252 438.252 439.823 438.252 441.394 441.394 439.823 441.394 441.394 442.965 442.965 442.965 441.394 442.965 441.394 441.394 439.823 442.965 441.394 442.965 442.965 442.965 442.965 441.394 442.965 441.394 441.394 439.823 439.823 438.252 439.823 439.823 436.681 436.681 436.681 436.681 433.54 433.54 435.111 433.54 433.54 433.54 431.969 430.398 430.398 428.827 427.257 427.257 427.257 424.115 422.544 424.115 420.973 420.973 419.403 417.832 417.832 414.69 414.69 413.119 409.978 408.407 408.407 406.836 405.265 403.695 402.124 398.982 397.411 395.841 395.841 392.699 389.557 391.128 387.987 386.416 384.845 383.274 380.133 378.562 376.991 373.85 372.279 370.708 367.566 365.996 361.283 361.283 359.712 355 353.429 351.858 350.288 348.717 345.575 344.004 339.292 339.292 334.58 333.009 329.867 328.296 326.726 322.013 320.442 317.301 314.159 315.73 318.872 322.013 323.584 328.296 329.867 333.009 334.58 337.721 340.863 342.434 342.434 348.717 348.717 351.858 355 356.571 358.142 361.283 364.425 367.566 367.566 369.137 372.279 373.85 375.42 376.991 380.133 383.274 386.416 386.416 387.987 389.557 391.128 395.841 395.841 395.841 398.982 398.982 402.124 402.124 403.695 406.836 408.407 411.549 411.549 413.119 413.119 414.69 414.69 417.832 417.832 420.973 420.973 424.115 424.115 424.115 424.115 425.686 427.257 428.827 431.969 431.969 431.969 431.969 431.969 433.54 435.111 435.111 436.681 438.252 435.111 438.252 438.252 439.823 439.823 438.252 439.823 439.823 439.823 441.394 442.965 441.394 441.394 442.965 441.394 442.965 441.394 444.535 442.965 442.965 441.394 442.965 441.394 442.965 442.965 441.394 441.394 441.394 442.965 439.823 439.823 438.252 439.823 439.823 438.252 438.252 436.681 436.681 436.681 435.111 433.54 433.54 430.398 433.54 431.969 430.398 430.398 428.827 428.827 425.686 424.115 424.115 424.115 420.973 420.973 420.973 417.832 417.832 417.832 414.69 413.119 411.549 411.549 409.978 408.407 406.836 403.695 402.124 400.553 398.982 398.982 395.841 394.27 394.27 392.699 389.557 387.987 386.416 383.274 383.274 380.133 376.991 376.991 375.42 372.279 369.137 369.137 365.996 361.283 361.283 358.142 355 353.429 351.858 348.717 348.717 345.575 342.434 340.863 337.721 336.15 333.009 329.867 326.726 323.584 323.584 320.442 317.301 314.159
320.442 320.442 326.726 328.296 329.867 333.009 333.009 336.15 339.292 342.434 345.575 348.717 348.717 351.858 353.429 356.571 359.712 361.283 362.854 364.425 367.566 369.137 372.279 373.85 375.42 378.562 380.133 381.704 384.845 386.416 386.416 389.557 391.128 392.699 394.27 397.411 395.841 398.982 402.124 402.124 405.265 406.836 406.836 408.407 411.549 411.549 413.119 414.69 417.832 419.403 419.403 420.973 420.973 422.544 424.115 425.686 425.686 427.257 427.257 428.827 430.398 430.398 431.969 431.969 430.398 433.54 435.111 436.681 435.111 438.252 438.252 438.252 438.252 439.823 439.823 439.823 439.823 439.823 442.965 441.394 442.965 442.965 441.394 442.965 442.965 442.965 441.394 441.394 439.823 442.965 442.965 442.965 441.394 441.394 441.394 441.394 441.394 441.394 439.823 441.394 439.823 441.394 438.252 438.252 438.252 436.681 436.681 438.252 436.681 435.111 435.111 433.54 433.54 431.969 431.969 428.827 430.398 428.827 428.827 425.686 425.686 424.115 424.115 424.115 420.973 420.973 419.403 417.832 417.832 416.261 413.119 413.119 411.549 408.407 405.265 405.265 405.265 403.695 402.124 400.553 398.982 395.841 394.27 392.699 391.128 389.557 387.987 386.416 383.274 381.704 380.133 378.562 375.42 373.85 372.279 369.137 367.566 364.425 364.425 362.854 358.142 356.571 353.429 351.858 348.717 347.146 345.575 342.434 340.863 339.292 334.58 333.009 329.867 326.726 325.155 323.584 317.301 317.301 314.159 317.301 317.301 322.013 325.155 326.726 329.867 333.009 334.58 336.15 339.292 342.434 344.004 348.717 350.288 351.858 355 356.571 359.712 361.283 364.425 365.996 367.566 369.137 372.279 373.85 376.991 378.562 380.133 383.274 383.274 384.845 387.987 387.987 392.699 395.841 395.841 397.411 398.982 398.982 402.124 405.265 403.695 405.265 408.407 408.407 409.978 413.119 413.119 416.261 414.69 417.832 419.403 420.973 420.973 424.115 424.115 424.115 425.686 427.257 427.257 428.827 430.398 428.827 431.969 431.969 430.398 431.969 433.54 436.681 436.681 436.681 436.681 438.252 438.252 438.252 439.823 439.823 439.823 441.394 442.965 441.394 442.965 441.394 441.394 442.965 441.394 441.394 442.965 446.106 442.965 442.965 442.965 442.965 441.394 442.965 441.394 441.394 441.394 441.394 439.823 439.823 439.823 439.823 436.681 438.252 438.252 438.252 435.111 436.681 436.681 435.111 433.54 431.969 433.54 433.54 431.969 430.398 430.398 428.827 427.257 425.686 427.257 425.686 424.115 424.115 422.544 419.403 417.832 417.832 417.832 414.69 414.69 411.549 409.978 408.407 408.407 406.836 403.695 402.124 402.124 400.553 398.982 395.841 394.27 394.27 389.557 389.557 387.987 384.845 383.274 383.274 380.133 376.991 375.42 373.85 370.708 369.137 367.566 365.996 362.854 361.283 358.142 358.142 353.429 351.858 351.858 348.717 345.575 342.434 339.292 337.721 336.15 333.009 329.867 326.726 325.155 323.584 320.442 315.73 314.159
318.872 322.013 323.584 326.726 329.867 333.009 334.58 336.15 340.863 342.434 345.575 347.146 351.858 351.858 353.429 358.142 358.142 361.283 361.283 365.996 367.566 370.708 373.85 373.85 376.991 376.991 380.133 380.133 384.845 384.845 386.416 389.557 389.557 392.699 395.841 397.411 397.411 400.553 402.124 403.695 405.265 405.265 408.407 408.407 411.549 411.549 413.119 416.261 416.261 417.832 419.403 420.973 422.544 422.544 422.544 424.115 425.686 427.257 427.257 428.827 430.398 430.398 430.398 431.969 433.54 433.54 436.681 435.111 435.111 436.681 438.252 438.252 438.252 438.252 436.681 439.823 439.823 441.394 442.965 441.394 442.965 441.394 442.965 442.965 442.965 442.965 442.965 444.535 442.965 442.965 441.394 442.965 442.965 442.965 441.394 441.394 442.965 441.394 441.394 441.394 439.823 442.965 439.823 439.823 439.823 436.681 436.681 435.111 433.54 436.681 435.111 433.54 433.54 431.969 431.969 430.398 428.827 428.827 430.398 427.257 425.686 424.115 422.544 422.544 422.544 420.973 419.403 417.832 414.69 414.69 413.119 411.549 409.978 411.549 408.407 406.836 403.695 402.124 400.553 400.553 397.411 397.411 395.841 392.699 392.699 389.557 387.987 386.416 383.274 383.274 380.133 378.562 376.991 373.85 370.708 369.137 367.566 364.425 364.425 361.283 359.712 356.571 355 351.858 348.717 347.146 344.004 342.434 339.292 337.721 333.009 333.009 329.867 328.296 323.584 323.584 318.872 317.301 314.159 315.73 318.872 322.013 325.155 326.726 329.867 333.009 333.009 337.721 339.292 342.434 344.004 347.146 348.717 353.429 355 356.571 358.142 359.712 362.854 364.425 367.566 369.137 370.708 373.85 375.42 376.991 378.562 383.274 383.274 386.416 386.416 391.128 391.128 392.699 395.841 397.411 398.982 398.982 402.124 402.124 403.695 405.265 409.978 409.978 411.549 411.549 413.119 414.69 416.261 417.832 417.832 419.403 422.544 420.973 422.544 425.686 427.257 427.257 427.257 428.827 431.969 428.827 431.969 433.54 433.54 433.54 435.111 433.54 436.681 438.252 436.681 438.252 439.823 439.823 439.823 438.252 439.823 439.823 439.823 441.394 442.965 442.965 441.394 442.965 442.965 442.965 442.965 441.394 442.965 442.965 442.965 442.965 441.394 442.965 442.965 441.394 442.965 441.394 439.823 441.394 439.823 438.252 439.823 438.252 438.252 436.681 438.252 436.681 436.681 436.681 435.111 433.54 431.969 433.54 431.969 430.398 430.398 428.827 427.257 427.257 427.257 425.686 422.544 420.973 420.973 419.403 419.403 416.261 416.261 414.69 414.69 411.549 411.549 408.407 408.407 406.836 405.265 405.265 402.124 400.553 397.411 395.841 394.27 392.699 392.699 389.557 386.416 386.416 386.416 381.704 380.133 378.562 375.42 373.85 373.85 370.708 367.566 365.996 362.854 361.283 359.712 355 355 351.858 350.288 347.146 345.575 342.434 339.292 337.721 336.15 333.009 329.867 329.867 326.726 322.013 318.872 317.301 314.159
318.872 322.013 323.584 326.726 329.867 333.009 336.15 337.721 340.863 342.434 345.575 348.717 351.858 351.858 355 358.142 359.712 361.283 364.425 364.425 367.566 369.137 370.708 373.85 376.991 378.562 380.133 383.274 383.274 386.416 387.987 386.416 392.699 392.699 394.27 397.411 398.982 398.982 402.124 403.695 403.695 405.265 408.407 408.407 409.978 413.119 413.119 414.69 417.832 416.261 419.403 419.403 420.973 422.544 422.544 425.686 425.686 425.686 427.257 428.827 430.398 430.398 431.969 433.54 433.54 431.969 433.54 435.111 436.681 436.681 436.681 439.823 438.252 438.252 439.823 439.823 439.823 441.394 441.394 441.394 439.823 439.823 439.823 442.965 442.965 442.965 442.965 444.535 442.965 442.965 442.965 442.965 441.394 442.965 441.394 441.394 442.965 439.823 441.394 439.823 441.394 439.823 439.823 438.252 436.681 436.681 438.252 435.111 436.681 433.54 435.111 433.54 430.398 433.54 430.398 430.398 430.398 428.827 427.257 427.257 424.115 425.686 424.115 420.973 420.973 419.403 419.403 417.832 416.261 411.549 414.69 411.549 411.549 408.407 408.407 406.836 405.265 405.265 402.124 398.982 398.982 395.841 395.841 392.699 391.128 389.557 386.416 386.416 384.845 380.133 380.133 378.562 375.42 373.85 372.279 370.708 367.566 364.425 364.425 361.283 358.142 358.142 355 353.429 350.288 347.146 345.575 342.434 339.292 337.721 334.58 333.009 329.867 328.296 325.155 322.013 320.442 317.301 314.159 317.301 318.872 323.584 326.726 326.726 329.867 333.009 334.58 336.15 339.292 342.434 344.004 348.717 351.858 351.858 353.429 355 359.712 361.283 364.425 367.566 369.137 369.137 372.279 373.85 376.991 378.562 380.133 380.133 384.845 386.416 387.987 391.128 389.557 392.699 395.841 395.841 398.982 400.553 402.124 402.124 405.265 405.265 408.407 408.407 411.549 413.119 411.549 414.69 417.832 417.832 419.403 419.403 420.973 422.544 424.115 424.115 427.257 425.686 427.257 428.827 430.398 430.398 430.398 431.969 431.969 433.54 433.54 436.681 436.681 435.111 438.252 438.252 438.252 439.823 436.681 438.252 439.823 441.394 442.965 441.394 442.965 441.394 441.394 442.965 441.394 442.965 442.965 442.965 442.965 442.965 441.394 442.965 442.965 442.965 441.394 441.394 441.394 441.394 439.823 439.823 439.823 439.823 439.823 438.252 439.823 439.823 436.681 436.681 436.681 435.111 433.54 431.969 433.54 431.969 431.969 430.398 427.257 427.257 428.827 425.686 424.115 424.115 424.115 424.115 420.973 420.973 419.403 417.832 417.832 414.69 414.69 411.549 411.549 409.978 406.836 406.836 405.265 402.124 402.124 398.982 398.982 395.841 394.27 392.699 392.699 391.128 387.987 384.845 383.274 383.274 380.133 378.562 376.991 373.85 370.708 370.708 367.566 365.996 362.854 361.283 358.142 356.571 355 351.858 350.288 348.717 344.004 342.434 342.434 339.292 334.58 333.009 331.438 326.726 325.155 323.584 317.301 317.301 314.159
320.442 323.584 325.155 328.296 329.867 333.009 336.15 336.15 339.292 342.434 344.004 345.575 348.717 353.429 355 356.571 359.712 361.283 362.854 365.996 369.137 370.708 373.85 373.85 375.42 376.991 380.133 383.274 383.274 386.416 387.987 391.128 391.128 392.699 395.841 397.411 398.982 402.124 398.982 403.695 405.265 405.265 408.407 411.549 411.549 413.119 413.119 414.69 416.261 417.832 417.832 420.973 420.973 422.544 424.115 425.686 424.115 425.686 427.257 428.827 430.398 430.398 430.398 431.969 433.54 433.54 435.111 435.111 436.681 438.252 435.111 436.681 438.252 438.252 439.823 439.823 439.823 439.823 442.965 441.394 442.965 441.394 442.965 442.965 442.965 442.965 442.965 442.965 444.535 442.965 441.394 442.965 442.965 441.394 442.965 441.394 442.965 441.394 439.823 441.394 439.823 442.965 439.823 438.252 438.252 436.681 438.252 438.252 435.111 435.111 435.111 433.54 433.54 431.969 430.398 428.827 428.827 428.827 427.257 427.257 425.686 425.686 424.115 422.544 420.973 419.403 419.403 417.832 416.261 416.261 413.119 414.69 411.549 409.978 408.407 406.836 405.265 403.695 402.124 400.553 398.982 397.411 395.841 392.699 392.699 389.557 387.987 386.416 383.274 383.274 380.133 376.991 376.991 375.42 372.279 369.137 367.566 364.425 362.854 361.283 358.142 356.571 355 351.858 350.288 348.717 345.575 342.434 339.292 339.292 333.009 333.009 329.867 328.296 325.155 322.013 318.872 317.301 314.159 317.301 320.442 323.584 325.155 328.296 329.867 333.009 334.58 336.15 339.292 340.863 342.434 347.146 350.288 351.858 353.429 356.571 358.142 361.283 364.425 365.996 367.566 370.708 373.85 373.85 375.42 376.991 380.133 383.274 383.274 384.845 387.987 391.128 389.557 392.699 395.841 397.411 398.982 398.982 400.553 402.124 405.265 406.836 409.978 409.978 409.978 411.549 413.119 414.69 414.69 417.832 417.832 419.403 420.973 420.973 424.115 425.686 424.115 427.257 428.827 428.827 430.398 430.398 430.398 433.54 433.54 431.969 433.54 435.111 436.681 436.681 438.252 436.681 438.252 438.252 439.823 439.823 439.823 441.394 442.965 441.394 442.965 441.394 442.965 442.965 442.965 442.965 442.965 444.535 442.965 441.394 442.965 442.965 442.965 441.394 442.965 442.965 442.965 441.394 441.394 439.823 439.823 439.823 439.823 438.252 439.823 436.681 438.252 436.681 436.681 435.111 435.111 433.54 433.54 431.969 431.969 431.969 430.398 428.827 427.257 427.257 424.115 422.544 424.115 420.973 422.544 419.403 417.832 417.832 416.261 414.69 414.69 411.549 411.549 411.549 408.407 406.836 405.265 402.124 402.124 398.982 398.982 397.411 394.27 392.699 392.699 389.557 387.987 386.416 383.274 381.704 380.133 378.562 375.42 373.85 372.279 370.708 367.566 367.566 364.425 361.283 358.142 356.571 355 351.858 348.717 348.717 345.575 342.434 340.863 339.292 334.58 331.438 329.867 326.726 323.584 320.442 318.872 317.301 314.159
320.442 322.013 325.155 328.296 329.867 333.009 334.58 337.721 339.292 342.434 345.575 345.575 350.288 351.858 353.429 358.142 361.283 361.283 364.425 364.425 367.566 370.708 372.279 373.85 376.991 378.562 380.133 383.274 383.274 384.845 386.416 389.557 391.128 392.699 395.841 397.411 398.982 400.553 402.124 402.124 405.265 405.265 408.407 409.978 409.978 411.549 413.119 414.69 417.832 416.261 417.832 419.403 420.973 420.973 424.115 424.115 427.257 427.257 428.827 428.827 430.398 430.398 430.398 431.969 433.54 435.111 435.111 436.681 436.681 436.681 438.252 438.252 438.252 439.823 439.823 439.823 439.823 441.394 439.823 441.394 439.823 442.965 441.394 442.965 442.965 442.965 442.965 441.394 444.535 441.394 442.965 442.965 442.965 439.823 441.394 442.965 442.965 439.823 441.394 439.823 439.823 441.394 436.681 439.823 438.252 438.252 438.252 438.252 436.681 435.111 435.111 433.54 433.54 431.969 431.969 430.398 428.827 428.827 427.257 425.686 427.257 424.115 427.257 420.973 420.973 417.832 417.832 417.832 416.261 414.69 414.69 411.549 411.549 408.407 408.407 406.836 405.265 402.124 402.124 400.553 398.982 398.982 394.27 395.841 392.699 389.557 389.557 386.416 384.845 383.274 380.133 380.133 376.991 373.85 372.279 369.137 367.566 367.566 364.425 361.283 358.142 356.571 355 351.858 350.288 348.717 345.575 342.434 339.292 337.721 334.58 333.009 329.867 326.726 325.155 322.013 320.442 317.301 314.159 317.301 320.442 323.584 325.155 326.726 329.867 333.009 334.58 336.15 339.292 342.434 345.575 345.575 348.717 351.858 353.429 356.571 359.712 361.283 362.854 364.425 367.566 369.137 373.85 373.85 376.991 376.991 380.133 381.704 383.274 384.845 386.416 391.128 389.557 394.27 394.27 395.841 398.982 400.553 402.124 402.124 405.265 405.265 406.836 411.549 411.549 411.549 414.69 414.69 414.69 417.832 417.832 419.403 420.973 422.544 422.544 424.115 424.115 427.257 427.257 428.827 431.969 430.398 430.398 433.54 433.54 436.681 435.111 433.54 435.111 436.681 438.252 436.681 438.252 438.252 439.823 439.823 439.823 441.394 442.965 441.394 441.394 441.394 441.394 442.965 442.965 442.965 441.394 442.965 442.965 441.394 441.394 442.965 441.394 439.823 441.394 441.394 442.965 441.394 442.965 439.823 441.394 441.394 436.681 439.823 438.252 436.681 438.252 438.252 436.681 433.54 435.111 435.111 430.398 433.54 431.969 430.398 427.257 428.827 428.827 425.686 427.257 424.115 424.115 422.544 420.973 417.832 419.403 417.832 414.69 416.261 414.69 411.549 411.549 408.407 405.265 406.836 403.695 402.124 402.124 400.553 398.982 397.411 395.841 395.841 389.557 391.128 387.987 386.416 383.274 383.274 380.133 378.562 375.42 373.85 370.708 369.137 367.566 367.566 364.425 361.283 358.142 356.571 355 351.858 350.288 347.146 344.004 342.434 339.292 336.15 336.15 331.438 331.438 328.296 323.584 323.584 317.301 315.73 314.159
320.442 322.013 323.584 326.726 329.867 331.438 334.58 337.721 340.863 342.434 345.575 348.717 351.858 351.858 353.429 356.571 358.142 361.283 364.425 364.425 367.566 370.708 373.85 373.85 375.42 376.991 380.133 381.704 383.274 386.416 387.987 389.557 389.557 392.699 395.841 397.411 398.982 398.982 402.124 405.265 403.695 406.836 409.978 408.407 411.549 411.549 414.69 414.69 414.69 417.832 419.403 419.403 420.973 424.115 422.544 424.115 424.115 427.257 427.257 428.827 427.257 430.398 430.398 431.969 433.54 436.681 433.54 436.681 435.111 435.111 436.681 436.681 439.823 439.823 436.681 439.823 439.823 441.394 439.823 441.394 441.394 441.394 441.394 444.535 442.965 442.965 442.965 442.965 442.965 442.965 441.394 442.965 441.394 442.965 442.965 441.394 442.965 441.394 441.394 439.823 441.394 438.252 441.394 439.823 438.252 439.823 436.681 438.252 436.681 435.111 433.54 433.54 433.54 433.54 431.969 430.398 427.257 430.398 427.257 425.686 425.686 425.686 424.115 420.973 420.973 420.973 417.832 416.261 416.261 416.261 414.69 411.549 409.978 411.549 408.407 406.836 405.265 402.124 402.124 402.124 398.982 397.411 394.27 395.841 392.699 387.987 387.987 384.845 383.274 381.704 380.133 376.991 375.42 375.42 370.708 370.708 367.566 365.996 362.854 361.283 359.712 356.571 353.429 351.858 350.288 347.146 344.004 342.434 340.863 337.721 334.58 329.867 329.867 328.296 325.155 322.013 320.442 317.301 314.159 317.301 320.442 323.584 325.155 326.726 329.867 331.438 336.15 339.292 339.292 342.434 345.575 348.717 350.288 351.858 353.429 358.142 358.142 361.283 362.854 365.996 367.566 369.137 372.279 373.85 375.42 378.562 380.133 381.704 383.274 386.416 387.987 389.557 391.128 395.841 394.27 397.411 397.411 398.982 402.124 402.124 403.695 406.836 406.836 408.407 411.549 411.549 413.119 414.69 417.832 416.261 417.832 420.973 420.973 422.544 422.544 425.686 424.115 425.686 427.257 428.827 427.257 430.398 430.398 431.969 433.54 436.681 435.111 435.111 436.681 436.681 436.681 438.252 438.252 439.823 439.823 439.823 439.823 439.823 439.823 441.394 442.965 441.394 441.394 442.965 446.106 441.394 442.965 444.535 439.823 441.394 442.965 442.965 441.394 442.965 441.394 442.965 439.823 441.394 442.965 439.823 439.823 439.823 438.252 439.823 438.252 436.681 436.681 436.681 436.681 436.681 435.111 433.54 433.54 433.54 430.398 430.398 430.398 428.827 428.827 425.686 427.257 425.686 424.115 422.544 420.973 417.832 419.403 420.973 416.261 416.261 414.69 411.549 411.549 408.407 408.407 406.836 405.265 402.124 402.124 400.553 397.411 397.411 394.27 395.841 392.699 389.557 387.987 386.416 383.274 380.133 380.133 378.562 376.991 373.85 370.708 370.708 369.137 364.425 362.854 361.283 359.712 356.571 353.429 351.858 350.288 345.575 344.004 342.434 339.292 339.292 336.15 331.438 329.867 326.726 323.584 323.584 320.442 314.159 314.159
318.872 323.584 325.155 326.726 329.867 333.009 336.15 337.721 339.292 342.434 344.004 347.146 348.717 351.858 353.429 355 358.142 361.283 361.283 364.425 367.566 370.708 372.279 373.85 375.42 378.562 380.133 381.704 384.845 384.845 386.416 389.557 392.699 392.699 394.27 397.411 398.982 398.982 402.124 402.124 403.695 405.265 406.836 408.407 411.549 411.549 414.69 414.69 414.69 417.832 417.832 420.973 420.973 424.115 424.115 425.686 424.115 427.257 428.827 427.257 430.398 430.398 430.398 430.398 433.54 433.54 433.54 433.54 436.681 436.681 435.111 438.252 438.252 438.252 439.823 439.823 439.823 439.823 441.394 441.394 439.823 442.965 441.394 441.394 446.106 444.535 442.965 444.535 442.965 442.965 441.394 441.394 442.965 442.965 441.394 439.823 441.394 441.394 441.394 442.965 439.823 439.823 439.823 439.823 438.252 438.252 436.681 436.681 436.681 435.111 433.54 431.969 433.54 431.969 431.969 430.398 430.398 428.827 427.257 425.686 427.257 424.115 422.544 420.973 420.973 420.973 417.832 416.261 416.261 416.261 413.119 413.119 411.549 408.407 408.407 406.836 405.265 405.265 402.124 402.124 398.982 395.841 395.841 395.841 392.699 389.557 387.987 386.416 383.274 381.704 380.133 378.562 375.42 373.85 370.708 369.137 367.566 365.996 362.854 361.283 359.712 355 353.429 351.858 350.288 348.717 344.004 342.434 339.292 337.721 333.009 331.438 331.438 328.296 325.155 323.584 320.442 317.301 314.159 317.301 320.442 322.013 323.584 326.726 329.867 333.009 334.58 337.721 340.863 342.434 345.575 348.717 348.717 351.858 355 356.571 358.142 361.283 364.425 364.425 367.566 369.137 373.85 373.85 376.991 378.562 380.133 383.274 383.274 384.845 386.416 389.557 391.128 392.699 395.841 395.841 398.982 400.553 402.124 403.695 405.265 405.265 408.407 408.407 409.978 411.549 413.119 414.69 417.832 416.261 419.403 420.973 420.973 420.973 424.115 424.115 427.257 425.686 427.257 428.827 430.398 430.398 433.54 431.969 433.54 436.681 435.111 435.111 435.111 436.681 438.252 436.681 438.252 438.252 441.394 438.252 439.823 441.394 439.823 441.394 439.823 441.394 442.965 442.965 441.394 442.965 442.965 444.535 442.965 442.965 442.965 442.965 441.394 444.535 441.394 442.965 439.823 439.823 439.823 439.823 439.823 438.252 436.681 438.252 438.252 436.681 438.252 436.681 436.681 436.681 435.111 433.54 433.54 431.969 433.54 430.398 430.398 428.827 427.257 427.257 427.257 425.686 424.115 420.973 420.973 420.973 417.832 417.832 414.69 414.69 414.69 411.549 409.978 409.978 408.407 406.836 405.265 405.265 400.553 400.553 398.982 397.411 394.27 392.699 392.699 389.557 387.987 384.845 383.274 381.704 380.133 376.991 375.42 373.85 372.279 369.137 367.566 364.425 362.854 361.283 359.712 356.571 355 351.858 350.288 347.146 345.575 342.434 339.292 336.15 336.15 331.438 331.438 326.726 325.155 322.013 318.872 317.301 314.159
320.442 323.584 325.155 328.296 329.867 333.009 334.58 337.721 342.434 342.434 345.575 348.717 348.717 351.858 353.429 356.571 358.142 361.283 362.854 365.996 367.566 370.708 372.279 373.85 376.991 378.562 380.133 381.704 384.845 384.845 389.557 389.557 392.699 392.699 395.841 397.411 398.982 400.553 402.124 405.265 403.695 406.836 406.836 408.407 411.549 411.549 413.119 416.261 414.69 417.832 419.403 419.403 420.973 424.115 424.115 425.686 427.257 425.686 427.257 428.827 430.398 430.398 431.969 431.969 433.54 433.54 435.111 435.111 436.681 439.823 438.252 438.252 438.252 438.252 439.823 439.823 441.394 439.823 441.394 441.394 442.965 441.394 442.965 439.823 442.965 442.965 442.965 442.965 442.965 442.965 442.965 442.965 446.106 441.394 442.965 442.965 439.823 441.394 439.823 439.823 439.823 441.394 441.394 438.252 438.252 439.823 436.681 435.111 435.111 436.681 433.54 433.54 430.398 433.54 430.398 430.398 431.969 428.827 427.257 427.257 425.686 424.115 424.115 422.544 420.973 420.973 419.403 416.261 417.832 411.549 414.69 411.549 409.978 409.978 405.265 406.836 403.695 403.695 400.553 398.982 395.841 395.841 394.27 392.699 389.557 391.128 386.416 386.416 383.274 380.133 380.133 378.562 373.85 373.85 370.708 370.708 367.566 367.566 364.425 362.854 359.712 356.571 355 355 348.717 347.146 344.004 342.434 340.863 339.292 334.58 333.009 329.867 326.726 325.155 323.584 320.442 317.301 314.159 315.73 320.442 322.013 325.155 326.726 329.867 333.009 336.15 339.292 340.863 342.434 344.004 347.146 350.288 351.858 353.429 356.571 359.712 361.283 362.854 367.566 367.566 370.708 372.279 373.85 373.85 378.562 380.133 383.274 383.274 384.845 387.987 389.557 389.557 392.699 395.841 395.841 398.982 400.553 402.124 405.265 405.265 405.265 406.836 408.407 411.549 413.119 414.69 414.69 414.69 417.832 419.403 419.403 420.973 422.544 424.115 424.115 424.115 427.257 427.257 428.827 430.398 430.398 430.398 431.969 433.54 433.54 433.54 435.111 436.681 438.252 436.681 438.252 438.252 439.823 439.823 439.823 441.394 441.394 439.823 441.394 441.394 441.394 442.965 439.823 441.394 442.965 442.965 442.965 442.965 444.535 441.394 442.965 442.965 442.965 441.394 442.965 441.394 441.394 439.823 441.394 439.823 439.823 439.823 439.823 438.252 436.681 436.681 436.681 436.681 435.111 433.54 436.681 433.54 431.969 430.398 430.398 430.398 428.827 428.827 425.686 424.115 425.686 424.115 422.544 422.544 420.973 419.403 417.832 417.832 416.261 414.69 411.549 411.549 408.407 408.407 406.836 405.265 403.695 402.124 398.982 398.982 395.841 394.27 392.699 389.557 389.557 387.987 386.416 384.845 381.704 380.133 378.562 376.991 373.85 373.85 370.708 367.566 365.996 364.425 361.283 358.142 356.571 355 351.858 350.288 348.717 344.004 342.434 339.292 336.15 334.58 333.009 329.867 326.726 323.584 323.584 317.301 317.301 314.159
320.442 322.013 325.155 328.296 329.867 333.009 333.009 337.721 340.863 342.434 344.004 345.575 351.858 351.858 353.429 356.571 358.142 361.283 362.854 364.425 367.566 369.137 370.708 373.85 376.991 378.562 380.133 383.274 383.274 384.845 387.987 389.557 392.699 392.699 394.27 395.841 398.982 400.553 402.124 405.265 403.695 406.836 408.407 411.549 409.978 413.119 414.69 414.69 414.69 416.261 417.832 420.973 420.973 420.973 424.115 424.115 424.115 427.257 430.398 428.827 430.398 430.398 431.969 433.54 433.54 436.681 433.54 436.681 436.681 436.681 436.681 436.681 438.252 438.252 439.823 439.823 439.823 439.823 442.965 441.394 439.823 442.965 441.394 439.823 441.394 442.965 442.965 442.965 442.965 442.965 442.965 442.965 441.394 442.965 441.394 441.394 439.823 441.394 441.394 441.394 441.394 439.823 439.823 438.252 439.823 439.823 436.681 439.823 436.681 435.111 433.54 433.54 433.54 431.969 430.398 430.398 427.257 428.827 427.257 427.257 427.257 425.686 424.115 420.973 420.973 419.403 419.403 416.261 416.261 416.261 413.119 411.549 411.549 411.549 405.265 405.265 405.265 405.265 402.124 402.124 398.982 397.411 394.27 392.699 391.128 389.557 387.987 386.416 384.845 383.274 380.133 378.562 375.42 373.85 373.85 370.708 367.566 365.996 364.425 359.712 358.142 355 353.429 351.858 350.288 347.146 345.575 342.434 339.292 336.15 333.009 331.438 329.867 328.296 325.155 323.584 318.872 317.301 314.159 317.301 318.872 323.584 325.155 329.867 329.867 331.438 334.58 339.292 339.292 344.004 345.575 347.146 348.717 351.858 353.429 356.571 358.142 361.283 362.854 364.425 367.566 369.137 370.708 373.85 375.42 376.991 380.133 381.704 383.274 384.845 387.987 389.557 391.128 392.699 395.841 397.411 398.982 398.982 402.124 405.265 405.265 406.836 405.265 409.978 409.978 411.549 413.119 414.69 414.69 417.832 419.403 420.973 420.973 424.115 424.115 424.115 424.115 425.686 427.257 428.827 430.398 430.398 430.398 431.969 433.54 433.54 435.111 435.111 435.111 436.681 436.681 436.681 438.252 439.823 436.681 439.823 439.823 441.394 441.394 441.394 442.965 441.394 441.394 444.535 446.106 442.965 441.394 441.394 439.823 444.535 442.965 442.965 441.394 439.823 441.394 441.394 439.823 441.394 442.965 439.823 439.823 439.823 439.823 436.681 438.252 438.252 438.252 436.681 436.681 433.54 433.54 433.54 430.398 433.54 430.398 433.54 430.398 428.827 427.257 427.257 425.686 425.686 424.115 422.544 420.973 419.403 417.832 417.832 416.261 416.261 413.119 411.549 411.549 411.549 408.407 406.836 405.265 403.695 400.553 398.982 398.982 395.841 394.27 395.841 391.128 389.557 387.987 386.416 383.274 383.274 380.133 376.991 376.991 373.85 372.279 370.708 367.566 364.425 362.854 361.283 358.142 355 355 351.858 350.288 347.146 344.004 342.434 339.292 337.721 336.15 333.009 329.867 326.726 325.155 323.584 320.442 315.73 314.159
318.872 322.013 325.155 326.726 329.867 333.009 334.58 339.292 339.292 342.434 345.575 345.575 348.717 351.858 355 355 358.142 361.283 362.854 365.996 367.566 370.708 373.85 373.85 375.42 376.991 380.133 383.274 383.274 384.845 387.987 389.557 391.128 392.699 394.27 398.982 398.982 400.553 402.124 402.124 403.695 406.836 408.407 409.978 411.549 411.549 413.119 414.69 414.69 417.832 419.403 419.403 420.973 424.115 422.544 422.544 425.686 427.257 427.257 427.257 430.398 433.54 431.969 430.398 433.54 436.681 435.111 433.54 436.681 436.681 438.252 436.681 438.252 439.823 439.823 439.823 439.823 441.394 439.823 441.394 442.965 441.394 442.965 444.535 442.965 442.965 442.965 442.965 444.535 441.394 441.394 442.965 441.394 439.823 441.394 441.394 439.823 441.394 439.823 439.823 439.823 439.823 439.823 438.252 438.252 438.252 438.252 436.681 436.681 435.111 433.54 433.54 433.54 433.54 431.969 433.54 428.827 428.827 427.257 427.257 425.686 425.686 424.115 420.973 420.973 419.403 419.403 416.261 417.832 416.261 413.119 411.549 409.978 408.407 408.407 406.836 405.265 402.124 402.124 400.553 398.982 398.982 394.27 392.699 389.557 389.557 387.987 386.416 383.274 381.704 380.133 378.562 373.85 375.42 372.279 369.137 367.566 365.996 364.425 361.283 358.142 356.571 353.429 351.858 348.717 347.146 345.575 342.434 340.863 336.15 334.58 333.009 329.867 328.296 323.584 322.013 318.872 317.301 314.159 317.301 318.872 322.013 325.155 326.726 329.867 333.009 334.58 339.292 339.292 342.434 344.004 348.717 348.717 351.858 353.429 355 359.712 361.283 362.854 365.996 367.566 369.137 370.708 373.85 375.42 380.133 380.133 383.274 384.845 384.845 387.987 389.557 391.128 392.699 394.27 397.411 398.982 398.982 402.124 402.124 405.265 405.265 408.407 408.407 411.549 411.549 414.69 414.69 414.69 416.261 417.832 417.832 422.544 420.973 422.544 425.686 424.115 427.257 427.257 428.827 430.398 433.54 430.398 431.969 433.54 433.54 435.111 436.681 435.111 436.681 438.252 438.252 438.252 439.823 439.823 439.823 439.823 439.823 442.965 441.394 442.965 442.965 442.965 442.965 441.394 442.965 442.965 442.965 444.535 441.394 442.965 442.965 441.394 442.965 442.965 442.965 439.823 441.394 441.394 439.823 439.823 439.823 441.394 439.823 439.823 436.681 436.681 436.681 435.111 436.681 435.111 436.681 433.54 431.969 430.398 430.398 427.257 428.827 427.257 427.257 424.115 424.115 424.115 422.544 420.973 420.973 419.403 417.832 417.832 416.261 413.119 413.119 411.549 408.407 405.265 405.265 403.695 402.124 400.553 400.553 398.982 395.841 394.27 394.27 392.699 389.557 387.987 384.845 386.416 380.133 380.133 378.562 375.42 373.85 370.708 369.137 369.137 367.566 362.854 361.283 359.712 356.571 355 351.858 350.288 345.575 344.004 342.434 340.863 337.721 336.15 329.867 329.867 326.726 326.726 320.442 320.442 314.159 314.159
320.442 323.584 325.155 328.296 329.867 333.009 336.15 337.721 340.863 342.434 345.575 347.146 348.717 351.858 355 356.571 359.712 361.283 361.283 367.566 367.566 369.137 370.708 373.85 373.85 376.991 380.133 383.274 384.845 386.416 387.987 389.557 389.557 392.699 394.27 397.411 398.982 400.553 402.124 402.124 405.265 405.265 406.836 408.407 409.978 411.549 411.549 414.69 414.69 416.261 419.403 419.403 420.973 424.115 424.115 424.115 425.686 427.257 427.257 428.827 430.398 430.398 431.969 431.969 433.54 433.54 433.54 435.111 436.681 436.681 435.111 436.681 438.252 438.252 439.823 439.823 439.823 441.394 439.823 441.394 442.965 441.394 442.965 442.965 444.535 442.965 442.965 442.965 442.965 441.394 442.965 441.394 442.965 442.965 442.965 441.394 439.823 441.394 442.965 441.394 441.394 442.965 439.823 438.252 436.681 438.252 438.252 435.111 436.681 435.111 435.111 433.54 433.54 431.969 430.398 430.398 430.398 428.827 427.257 427.257 425.686 424.115 422.544 422.544 420.973 420.973 417.832 417.832 414.69 416.261 413.119 411.549 411.549 408.407 408.407 406.836 405.265 403.695 402.124 400.553 395.841 395.841 395.841 392.699 391.128 389.557 386.416 386.416 384.845 380.133 380.133 378.562 376.991 373.85 372.279 369.137 367.566 365.996 362.854 361.283 359.712 356.571 355 351.858 351.858 345.575 344.004 342.434 339.292 336.15 336.15 333.009 329.867 328.296 326.726 320.442 320.442 317.301 314.159 317.301 320.442 322.013 325.155 326.726 331.438 333.009 334.58 337.721 339.292 342.434 345.575 347.146 348.717 351.858 353.429 355 359.712 361.283 362.854 365.996 367.566 370.708 372.279 373.85 375.42 376.991 380.133 383.274 384.845 386.416 387.987 389.557 391.128 392.699 394.27 397.411 397.411 400.553 402.124 402.124 405.265 406.836 409.978 408.407 411.549 411.549 411.549 416.261 417.832 417.832 419.403 419.403 420.973 422.544 422.544 425.686 424.115 427.257 427.257 428.827 428.827 431.969 431.969 433.54 431.969 433.54 435.111 435.111 436.681 436.681 438.252 438.252 438.252 439.823 439.823 439.823 439.823 439.823 441.394 441.394 441.394 442.965 442.965 441.394 442.965 442.965 442.965 444.535 444.535 441.394 442.965 442.965 442.965 442.965 441.394 442.965 441.394 441.394 442.965 439.823 439.823 439.823 439.823 439.823 438.252 436.681 436.681 435.111 436.681 435.111 435.111 435.111 433.54 433.54 430.398 430.398 430.398 428.827 428.827 425.686 427.257 424.115 422.544 424.115 420.973 420.973 417.832 417.832 417.832 414.69 414.69 411.549 411.549 409.978 405.265 406.836 405.265 403.695 402.124 398.982 398.982 397.411 395.841 392.699 392.699 391.128 387.987 384.845 383.274 383.274 380.133 378.562 376.991 373.85 372.279 369.137 367.566 364.425 362.854 361.283 359.712 358.142 353.429 351.858 350.288 347.146 345.575 342.434 340.863 337.721 333.009 333.009 329.867 326.726 325.155 322.013 320.442 317.301 314.159
318.872 322.013 323.584 328.296 329.867 333.009 336.15 339.292 339.292 342.434 345.575 345.575 348.717 353.429 355 356.571 359.712 361.283 364.425 364.425 369.137 369.137 370.708 373.85 375.42 378.562 380.133 381.704 383.274 386.416 386.416 389.557 391.128 392.699 395.841 397.411 398.982 400.553 402.124 405.265 405.265 406.836 406.836 411.549 411.549 413.119 413.119 414.69 414.69 417.832 417.832 420.973 420.973 420.973 424.115 424.115 424.115 427.257 427.257 428.827 430.398 430.398 431.969 431.969 433.54 433.54 435.111 436.681 436.681 436.681 438.252 436.681 438.252 438.252 439.823 439.823 439.823 439.823 442.965 441.394 441.394 441.394 441.394 442.965 441.394 442.965 441.394 441.394 439.823 441.394 442.965 442.965 441.394 442.965 442.965 441.394 442.965 441.394 439.823 439.823 439.823 439.823 439.823 439.823 439.823 436.681 438.252 436.681 435.111 433.54 435.111 436.681 433.54 433.54 430.398 430.398 430.398 428.827 427.257 427.257 427.257 425.686 424.115 422.544 420.973 417.832 419.403 417.832 414.69 414.69 413.119 411.549 409.978 408.407 406.836 405.265 405.265 402.124 400.553 398.982 397.411 395.841 395.841 392.699 389.557 391.128 386.416 386.416 386.416 381.704 380.133 378.562 375.42 373.85 370.708 370.708 367.566 364.425 364.425 361.283 359.712 356.571 353.429 351.858 348.717 345.575 345.575 342.434 340.863 336.15 333.009 333.009 329.867 326.726 325.155 322.013 320.442 317.301 314.159 317.301 318.872 322.013 325.155 328.296 329.867 331.438 336.15 339.292 339.292 342.434 345.575 345.575 351.858 351.858 355 356.571 359.712 361.283 361.283 365.996 367.566 369.137 370.708 373.85 375.42 376.991 380.133 381.704 383.274 386.416 386.416 389.557 391.128 392.699 394.27 395.841 398.982 400.553 402.124 403.695 405.265 405.265 408.407 408.407 409.978 411.549 413.119 414.69 417.832 416.261 419.403 420.973 420.973 424.115 424.115 425.686 427.257 425.686 427.257 428.827 430.398 430.398 430.398 430.398 433.54 433.54 433.54 436.681 436.681 435.111 435.111 438.252 438.252 439.823 441.394 439.823 441.394 439.823 442.965 441.394 442.965 442.965 442.965 442.965 442.965 441.394 442.965 442.965 442.965 444.535 442.965 442.965 442.965 439.823 442.965 442.965 441.394 441.394 439.823 439.823 439.823 439.823 439.823 438.252 439.823 436.681 438.252 436.681 435.111 436.681 435.111 433.54 433.54 431.969 431.969 430.398 427.257 430.398 430.398 427.257 424.115 425.686 422.544 420.973 420.973 419.403 417.832 416.261 416.261 416.261 414.69 411.549 411.549 409.978 408.407 406.836 405.265 402.124 402.124 402.124 397.411 397.411 394.27 392.699 392.699 389.557 386.416 386.416 383.274 383.274 380.133 378.562 375.42 373.85 373.85 370.708 367.566 365.996 364.425 361.283 358.142 356.571 353.429 351.858 348.717 348.717 345.575 342.434 339.292 336.15 334.58 333.009 329.867 328.296 323.584 322.013 320.442 317.301 314.159
320.442 322.013 326.726 326.726 329.867 333.009 333.009 339.292 340.863 342.434 345.575 347.146 350.288 351.858 355 356.571 359.712 361.283 362.854 367.566 367.566 367.566 370.708 373.85 375.42 376.991 380.133 381.704 383.274 384.845 387.987 391.128 389.557 392.699 395.841 395.841 398.982 398.982 398.982 403.695 405.265 406.836 408.407 411.549 409.978 413.119 413.119 416.261 417.832 416.261 417.832 420.973 420.973 420.973 422.544 425.686 425.686 425.686 427.257 428.827 430.398 430.398 430.398 431.969 433.54 435.111 435.111 436.681 436.681 436.681 438.252 438.252 438.252 439.823 439.823 439.823 439.823 441.394 441.394 441.394 439.823 441.394 441.394 442.965 442.965 441.394 442.965 441.394 442.965 442.965 442.965 439.823 442.965 441.394 441.394 442.965 442.965 441.394 439.823 439.823 439.823 439.823 436.681 439.823 436.681 436.681 436.681 436.681 436.681 436.681 435.111 436.681 433.54 433.54 431.969 431.969 428.827 428.827 428.827 427.257 424.115 424.115 422.544 422.544 422.544 419.403 417.832 416.261 417.832 416.261 413.119 411.549 411.549 409.978 408.407 406.836 405.265 402.124 402.124 400.553 397.411 397.411 395.841 392.699 389.557 389.557 387.987 386.416 383.274 381.704 380.133 378.562 376.991 373.85 373.85 370.708 370.708 364.425 364.425 361.283 358.142 358.142 355 351.858 350.288 348.717 345.575 342.434 339.292 336.15 334.58 333.009 329.867 326.726 323.584 323.584 320.442 317.301 314.159 315.73 320.442 323.584 326.726 328.296 329.867 333.009 336.15 336.15 339.292 342.434 345.575 345.575 348.717 351.858 355 355 358.142 361.283 362.854 365.996 367.566 370.708 372.279 373.85 376.991 376.991 380.133 380.133 384.845 386.416 387.987 389.557 391.128 392.699 395.841 395.841 398.982 398.982 402.124 403.695 405.265 406.836 406.836 411.549 411.549 411.549 413.119 416.261 417.832 416.261 417.832 417.832 420.973 424.115 424.115 425.686 425.686 427.257 427.257 428.827 430.398 433.54 430.398 431.969 435.111 436.681 435.111 435.111 435.111 436.681 438.252 438.252 436.681 439.823 439.823 439.823 439.823 439.823 442.965 441.394 441.394 442.965 441.394 442.965 441.394 442.965 441.394 442.965 442.965 442.965 442.965 442.965 441.394 442.965 442.965 442.965 442.965 441.394 441.394 441.394 439.823 442.965 439.823 439.823 436.681 439.823 436.681 436.681 436.681 435.111 435.111 433.54 433.54 431.969 431.969 431.969 428.827 428.827 427.257 427.257 427.257 424.115 424.115 422.544 420.973 420.973 417.832 416.261 414.69 414.69 414.69 411.549 409.978 409.978 406.836 405.265 405.265 402.124 402.124 398.982 398.982 395.841 394.27 394.27 389.557 389.557 387.987 386.416 383.274 383.274 380.133 378.562 375.42 373.85 372.279 369.137 367.566 364.425 361.283 361.283 359.712 355 355 351.858 350.288 345.575 344.004 342.434 340.863 337.721 336.15 333.009 329.867 328.296 323.584 322.013 320.442 317.301 314.159
318.872 320.442 323.584 328.296 331.438 333.009 336.15 337.721 340.863 342.434 344.004 347.146 351.858 355 353.429 355 358.142 359.712 364.425 365.996 367.566 369.137 372.279 373.85 375.42 378.562 380.133 383.274 383.274 386.416 387.987 387.987 389.557 392.699 395.841 397.411 398.982 400.553 402.124 402.124 405.265 405.265 408.407 408.407 409.978 411.549 413.119 413.119 416.261 417.832 419.403 420.973 422.544 422.544 422.544 424.115 427.257 427.257 427.257 428.827 427.257 430.398 430.398 433.54 433.54 433.54 433.54 435.111 436.681 436.681 436.681 436.681 438.252 438.252 439.823 439.823 439.823 441.394 439.823 441.394 442.965 442.965 441.394 442.965 441.394 441.394 442.965 442.965 442.965 442.965 441.394 442.965 442.965 442.965 441.394 441.394 442.965 441.394 439.823 439.823 439.823 439.823 439.823 439.823 438.252 438.252 438.252 436.681 436.681 436.681 435.111 436.681 430.398 431.969 433.54 430.398 427.257 428.827 427.257 427.257 425.686 425.686 422.544 422.544 420.973 420.973 420.973 417.832 414.69 414.69 414.69 411.549 411.549 408.407 408.407 406.836 403.695 403.695 402.124 400.553 398.982 397.411 395.841 392.699 392.699 387.987 389.557 386.416 383.274 383.274 378.562 376.991 375.42 373.85 372.279 369.137 367.566 367.566 364.425 361.283 359.712 356.571 355 351.858 348.717 347.146 344.004 342.434 339.292 337.721 336.15 333.009 329.867 326.726 325.155 322.013 318.872 317.301 314.159 315.73 318.872 323.584 325.155 326.726 329.867 333.009 336.15 337.721 339.292 342.434 345.575 347.146 348.717 351.858 353.429 358.142 358.142 361.283 364.425 367.566 367.566 370.708 370.708 373.85 376.991 378.562 380.133 381.704 384.845 386.416 387.987 389.557 391.128 395.841 395.841 395.841 398.982 398.982 402.124 402.124 405.265 405.265 408.407 409.978 409.978 413.119 411.549 414.69 416.261 417.832 419.403 419.403 422.544 420.973 424.115 424.115 424.115 425.686 427.257 428.827 427.257 428.827 430.398 431.969 431.969 431.969 435.111 436.681 435.111 436.681 438.252 436.681 438.252 438.252 439.823 439.823 439.823 441.394 439.823 441.394 442.965 442.965 441.394 444.535 441.394 441.394 442.965 442.965 439.823 442.965 442.965 442.965 442.965 442.965 442.965 441.394 441.394 441.394 441.394 441.394 439.823 439.823 439.823 439.823 438.252 436.681 438.252 438.252 435.111 435.111 433.54 435.111 433.54 433.54 431.969 431.969 427.257 427.257 427.257 427.257 425.686 424.115 424.115 420.973 420.973 420.973 417.832 417.832 417.832 413.119 413.119 413.119 409.978 408.407 405.265 405.265 405.265 402.124 400.553 400.553 397.411 395.841 394.27 392.699 392.699 389.557 387.987 386.416 386.416 383.274 380.133 376.991 376.991 373.85 370.708 369.137 367.566 365.996 362.854 361.283 358.142 356.571 353.429 351.858 348.717 348.717 345.575 342.434 340.863 339.292 336.15 331.438 329.867 326.726 326.726 323.584 318.872 317.301 314.159
318.872 322.013 323.584 328.296 329.867 333.009 336.15 337.721 339.292 342.434 345.575 347.146 348.717 355 353.429 356.571 358.142 361.283 361.283 365.996 367.566 370.708 370.708 373.85 375.42 380.133 380.133 380.133 383.274 384.845 387.987 387.987 391.128 392.699 395.841 395.841 398.982 400.553 402.124 403.695 403.695 406.836 408.407 408.407 409.978 411.549 413.119 416.261 417.832 417.832 417.832 420.973 422.544 422.544 424.115 425.686 425.686 427.257 427.257 428.827 427.257 430.398 430.398 431.969 433.54 433.54 433.54 435.111 436.681 436.681 436.681 439.823 438.252 439.823 436.681 438.252 439.823 439.823 441.394 441.394 442.965 442.965 441.394 439.823 441.394 439.823 442.965 442.965 442.965 441.394 442.965 442.965 441.394 441.394 442.965 442.965 439.823 441.394 442.965 441.394 441.394 439.823 439.823 439.823 438.252 436.681 438.252 436.681 435.111 436.681 435.111 433.54 431.969 431.969 431.969 433.54 428.827 428.827 427.257 427.257 424.115 424.115 422.544 422.544 422.544 420.973 419.403 416.261 417.832 414.69 414.69 413.119 409.978 408.407 408.407 406.836 405.265 403.695 402.124 400.553 398.982 397.411 394.27 395.841 389.557 389.557 386.416 384.845 383.274 381.704 380.133 376.991 376.991 373.85 373.85 369.137 369.137 365.996 364.425 361.283 358.142 358.142 353.429 351.858 348.717 348.717 344.004 342.434 339.292 337.721 333.009 331.438 329.867 328.296 323.584 320.442 320.442 315.73 314.159 315.73 318.872 322.013 323.584 326.726 329.867 333.009 336.15 339.292 339.292 342.434 344.004 345.575 348.717 351.858 355 356.571 358.142 361.283 364.425 365.996 369.137 370.708 372.279 373.85 376.991 378.562 380.133 383.274 383.274 386.416 387.987 389.557 389.557 395.841 395.841 397.411 395.841 398.982 402.124 405.265 405.265 405.265 406.836 409.978 411.549 411.549 413.119 414.69 417.832 417.832 417.832 420.973 420.973 424.115 424.115 424.115 425.686 427.257 430.398 428.827 430.398 430.398 431.969 433.54 431.969 436.681 433.54 436.681 435.111 436.681 433.54 438.252 439.823 439.823 438.252 439.823 439.823 439.823 442.965 441.394 442.965 441.394 442.965 442.965 441.394 441.394 442.965 442.965 442.965 441.394 442.965 442.965 441.394 442.965 441.394 441.394 442.965 439.823 442.965 439.823 441.394 439.823 439.823 438.252 439.823 438.252 438.252 436.681 436.681 435.111 435.111 433.54 431.969 431.969 433.54 430.398 430.398 428.827 427.257 427.257 425.686 425.686 422.544 424.115 419.403 419.403 417.832 416.261 417.832 414.69 414.69 411.549 411.549 411.549 409.978 405.265 405.265 402.124 402.124 398.982 398.982 395.841 395.841 395.841 392.699 389.557 387.987 384.845 383.274 383.274 380.133 378.562 375.42 373.85 370.708 369.137 367.566 367.566 362.854 361.283 358.142 356.571 355 351.858 351.858 348.717 345.575 342.434 339.292 337.721 336.15 333.009 329.867 328.296 323.584 322.013 320.442 317.301 314.159
320.442 323.584 325.155 326.726 329.867 333.009 334.58 339.292 339.292 342.434 345.575 347.146 348.717 351.858 353.429 356.571 358.142 361.283 362.854 365.996 367.566 370.708 370.708 373.85 375.42 376.991 380.133 381.704 383.274 386.416 387.987 389.557 392.699 392.699 395.841 397.411 398.982 400.553 402.124 403.695 405.265 405.265 406.836 408.407 411.549 413.119 413.119 414.69 414.69 417.832 419.403 420.973 422.544 424.115 424.115 424.115 427.257 427.257 427.257 428.827 430.398 430.398 433.54 431.969 433.54 433.54 435.111 435.111 435.111 435.111 436.681 438.252 439.823 439.823 441.394 439.823 441.394 439.823 439.823 441.394 441.394 442.965 441.394 442.965 441.394 442.965 442.965 441.394 442.965 442.965 442.965 441.394 442.965 442.965 439.823 442.965 439.823 441.394 439.823 442.965 441.394 439.823 439.823 439.823 438.252 438.252 436.681 438.252 436.681 435.111 433.54 433.54 433.54 433.54 430.398 430.398 430.398 428.827 428.827 427.257 427.257 424.115 424.115 420.973 420.973 419.403 419.403 417.832 417.832 414.69 413.119 411.549 411.549 411.549 408.407 406.836 405.265 402.124 402.124 400.553 397.411 397.411 395.841 392.699 392.699 389.557 387.987 386.416 383.274 381.704 380.133 378.562 376.991 373.85 372.279 370.708 367.566 365.996 364.425 361.283 359.712 358.142 355 351.858 350.288 348.717 344.004 342.434 339.292 336.15 336.15 333.009 329.867 326.726 323.584 323.584 318.872 317.301 314.159 317.301 318.872 322.013 326.726 328.296 329.867 333.009 334.58 337.721 339.292 342.434 345.575 347.146 350.288 351.858 355 356.571 358.142 361.283 362.854 364.425 367.566 370.708 372.279 373.85 375.42 376.991 380.133 383.274 384.845 384.845 387.987 389.557 392.699 392.699 394.27 395.841 398.982 398.982 402.124 403.695 405.265 405.265 408.407 408.407 411.549 411.549 411.549 416.261 417.832 417.832 419.403 419.403 420.973 422.544 424.115 425.686 424.115 427.257 427.257 428.827 428.827 430.398 430.398 431.969 433.54 433.54 435.111 435.111 436.681 435.111 436.681 436.681 438.252 439.823 439.823 439.823 439.823 439.823 439.823 441.394 442.965 441.394 441.394 441.394 441.394 442.965 441.394 441.394 439.823 442.965 442.965 441.394 446.106 442.965 442.965 442.965 442.965 441.394 439.823 441.394 439.823 439.823 441.394 439.823 438.252 439.823 436.681 436.681 436.681 436.681 435.111 431.969 433.54 433.54 430.398 433.54 430.398 428.827 427.257 427.257 425.686 425.686 424.115 420.973 420.973 420.973 417.832 419.403 417.832 411.549 413.119 411.549 409.978 408.407 408.407 405.265 405.265 403.695 400.553 398.982 398.982 397.411 394.27 392.699 392.699 389.557 387.987 386.416 383.274 383.274 380.133 378.562 375.42 373.85 372.279 369.137 367.566 364.425 362.854 361.283 361.283 356.571 353.429 351.858 348.717 347.146 345.575 342.434 339.292 336.15 334.58 333.009 329.867 328.296 325.155 323.584 318.872 314.159 314.159
318.872 323.584 325.155 326.726 329.867 333.009 334.58 336.15 339.292 342.434 344.004 345.575 348.717 351.858 355 356.571 358.142 361.283 364.425 364.425 367.566 370.708 370.708 373.85 375.42 376.991 380.133 381.704 383.274 386.416 386.416 389.557 392.699 392.699 395.841 395.841 398.982 398.982 402.124 402.124 405.265 406.836 408.407 408.407 411.549 411.549 414.69 414.69 417.832 417.832 419.403 420.973 420.973 422.544 424.115 425.686 425.686 427.257 427.257 428.827 430.398 430.398 431.969 433.54 433.54 436.681 435.111 435.111 436.681 436.681 438.252 438.252 438.252 439.823 436.681 439.823 441.394 439.823 441.394 441.394 442.965 441.394 442.965 444.535 441.394 442.965 442.965 442.965 442.965 442.965 442.965 441.394 441.394 442.965 441.394 442.965 442.965 441.394 439.823 441.394 439.823 438.252 436.681 439.823 439.823 438.252 438.252 436.681 435.111 436.681 433.54 433.54 433.54 431.969 433.54 428.827 427.257 430.398 427.257 427.257 427.257 424.115 424.115 420.973 422.544 419.403 419.403 417.832 414.69 414.69 414.69 413.119 409.978 408.407 408.407 405.265 403.695 402.124 400.553 398.982 398.982 395.841 395.841 392.699 392.699 391.128 387.987 386.416 383.274 381.704 381.704 378.562 376.991 373.85 370.708 370.708 369.137 367.566 362.854 361.283 359.712 356.571 355 351.858 351.858 347.146 345.575 342.434 339.292 337.721 336.15 331.438 329.867 326.726 323.584 323.584 318.872 317.301 314.159 315.73 320.442 323.584 326.726 326.726 329.867 333.009 336.15 336.15 339.292 342.434 345.575 347.146 348.717 351.858 355 358.142 361.283 361.283 362.854 364.425 367.566 370.708 372.279 373.85 375.42 378.562 380.133 383.274 383.274 386.416 387.987 389.557 392.699 394.27 394.27 395.841 398.982 400.553 402.124 402.124 405.265 406.836 408.407 409.978 409.978 411.549 413.119 414.69 417.832 417.832 417.832 419.403 420.973 420.973 424.115 424.115 424.115 425.686 430.398 428.827 430.398 430.398 431.969 431.969 433.54 433.54 433.54 436.681 435.111 436.681 438.252 439.823 438.252 438.252 439.823 439.823 441.394 439.823 441.394 441.394 442.965 441.394 441.394 441.394 442.965 442.965 442.965 441.394 444.535 441.394 442.965 441.394 442.965 442.965 442.965 442.965 442.965 441.394 439.823 441.394 439.823 439.823 439.823 439.823 438.252 438.252 436.681 435.111 436.681 436.681 435.111 433.54 433.54 431.969 433.54 433.54 430.398 428.827 427.257 425.686 425.686 424.115 424.115 420.973 420.973 420.973 417.832 417.832 417.832 414.69 413.119 411.549 411.549 409.978 408.407 406.836 403.695 402.124 400.553 402.124 398.982 397.411 394.27 392.699 389.557 389.557 387.987 386.416 383.274 381.704 380.133 378.562 376.991 373.85 372.279 369.137 367.566 364.425 362.854 361.283 358.142 358.142 355 351.858 348.717 348.717 345.575 342.434 340.863 337.721 333.009 333.009 329.867 326.726 326.726 323.584 318.872 317.301 314.159
320.442 323.584 326.726 326.726 329.867 333.009 336.15 337.721 340.863 342.434 345.575 348.717 348.717 351.858 353.429 356.571 359.712 361.283 362.854 365.996 367.566 370.708 370.708 373.85 375.42 376.991 380.133 383.274 383.274 386.416 387.987 389.557 391.128 392.699 395.841 395.841 397.411 400.553 402.124 403.695 405.265 405.265 408.407 411.549 411.549 413.119 414.69 414.69 414.69 417.832 419.403 420.973 420.973 420.973 424.115 424.115 427.257 427.257 427.257 428.827 428.827 430.398 430.398 431.969 435.111 433.54 435.111 435.111 436.681 436.681 438.252 438.252 438.252 438.252 439.823 439.823 439.823 439.823 442.965 441.394 442.965 441.394 441.394 442.965 441.394 441.394 441.394 441.394 439.823 442.965 442.965 441.394 441.394 441.394 441.394 441.394 439.823 441.394 439.823 441.394 439.823 439.823 439.823 438.252 438.252 438.252 438.252 439.823 436.681 435.111 433.54 436.681 433.54 433.54 430.398 433.54 430.398 428.827 427.257 427.257 425.686 425.686 424.115 420.973 420.973 420.973 419.403 416.261 417.832 414.69 414.69 413.119 411.549 409.978 408.407 406.836 405.265 403.695 398.982 398.982 398.982 395.841 394.27 394.27 389.557 387.987 387.987 386.416 384.845 381.704 380.133 378.562 376.991 373.85 370.708 369.137 367.566 367.566 362.854 361.283 358.142 358.142 353.429 351.858 348.717 347.146 345.575 342.434 340.863 336.15 336.15 333.009 329.867 326.726 323.584 322.013 320.442 317.301 314.159 317.301 317.301 322.013 326.726 326.726 329.867 333.009 334.58 337.721 339.292 342.434 345.575 348.717 350.288 351.858 355 358.142 358.142 361.283 364.425 364.425 367.566 369.137 372.279 373.85 375.42 378.562 380.133 380.133 384.845 386.416 387.987 389.557 392.699 392.699 395.841 395.841 398.982 400.553 400.553 402.124 405.265 406.836 406.836 411.549 409.978 414.69 414.69 414.69 417.832 416.261 419.403 420.973 420.973 420.973 422.544 425.686 424.115 427.257 430.398 428.827 430.398 430.398 430.398 431.969 433.54 433.54 435.111 436.681 435.111 436.681 436.681 438.252 438.252 438.252 439.823 438.252 439.823 439.823 442.965 441.394 442.965 441.394 441.394 442.965 442.965 441.394 441.394 442.965 442.965 442.965 442.965 442.965 442.965 441.394 442.965 442.965 442.965 441.394 441.394 442.965 441.394 442.965 441.394 439.823 438.252 438.252 436.681 435.111 435.111 435.111 433.54 433.54 433.54 433.54 431.969 428.827 430.398 428.827 430.398 427.257 424.115 424.115 422.544 420.973 420.973 417.832 419.403 417.832 414.69 416.261 413.119 411.549 411.549 408.407 408.407 406.836 405.265 403.695 402.124 400.553 397.411 397.411 394.27 392.699 389.557 391.128 387.987 386.416 384.845 381.704 380.133 376.991 375.42 373.85 370.708 369.137 367.566 364.425 364.425 361.283 359.712 355 355 351.858 350.288 345.575 344.004 342.434 339.292 337.721 334.58 333.009 329.867 326.726 323.584 322.013 317.301 317.301 314.159
318.872 323.584 325.155 326.726 329.867 333.009 336.15 337.721 340.863 342.434 345.575 345.575 350.288 351.858 355 355 359.712 361.283 362.854 364.425 367.566 369.137 373.85 375.42 376.991 378.562 380.133 381.704 383.274 384.845 386.416 389.557 392.699 392.699 394.27 397.411 398.982 400.553 402.124 403.695 405.265 405.265 408.407 408.407 409.978 411.549 413.119 411.549 417.832 417.832 420.973 419.403 420.973 422.544 422.544 425.686 424.115 427.257 427.257 428.827 428.827 430.398 431.969 431.969 433.54 433.54 433.54 435.111 433.54 436.681 435.111 438.252 438.252 439.823 439.823 439.823 439.823 441.394 439.823 441.394 442.965 441.394 441.394 439.823 442.965 442.965 442.965 441.394 442.965 442.965 442.965 441.394 442.965 439.823 442.965 442.965 441.394 441.394 439.823 441.394 439.823 438.252 438.252 438.252 438.252 436.681 436.681 436.681 436.681 436.681 433.54 433.54 433.54 433.54 433.54 430.398 427.257 430.398 427.257 427.257 425.686 424.115 422.544 424.115 420.973 420.973 419.403 417.832 414.69 416.261 414.69 411.549 411.549 411.549 408.407 405.265 403.695 403.695 400.553 398.982 398.982 397.411 394.27 395.841 389.557 389.557 386.416 384.845 384.845 383.274 380.133 378.562 376.991 373.85 372.279 370.708 367.566 365.996 364.425 361.283 359.712 356.571 353.429 351.858 350.288 348.717 344.004 342.434 340.863 337.721 334.58 333.009 329.867 328.296 325.155 322.013 318.872 315.73 314.159 317.301 320.442 320.442 325.155 328.296 329.867 333.009 336.15 339.292 339.292 344.004 344.004 345.575 350.288 353.429 353.429 358.142 358.142 361.283 362.854 364.425 369.137 369.137 370.708 373.85 375.42 378.562 380.133 381.704 386.416 386.416 387.987 389.557 391.128 392.699 394.27 395.841 398.982 398.982 402.124 402.124 405.265 406.836 408.407 409.978 411.549 413.119 413.119 414.69 414.69 416.261 417.832 420.973 420.973 424.115 422.544 424.115 424.115 427.257 428.827 428.827 430.398 430.398 433.54 431.969 433.54 433.54 435.111 435.111 436.681 435.111 438.252 438.252 438.252 439.823 441.394 438.252 439.823 441.394 441.394 441.394 442.965 441.394 442.965 442.965 442.965 442.965 442.965 442.965 442.965 442.965 441.394 442.965 441.394 442.965 442.965 441.394 439.823 441.394 439.823 441.394 441.394 439.823 439.823 439.823 439.823 436.681 436.681 436.681 435.111 433.54 435.111 433.54 433.54 433.54 430.398 430.398 430.398 428.827 427.257 425.686 424.115 424.115 422.544 422.544 420.973 419.403 419.403 417.832 414.69 416.261 414.69 413.119 409.978 408.407 408.407 406.836 405.265 405.265 402.124 400.553 398.982 395.841 395.841 392.699 392.699 389.557 387.987 384.845 383.274 381.704 380.133 376.991 376.991 373.85 372.279 370.708 369.137 365.996 361.283 361.283 358.142 358.142 355 351.858 350.288 348.717 345.575 342.434 340.863 339.292 336.15 331.438 329.867 326.726 323.584 323.584 318.872 317.301 314.159
318.872 323.584 323.584 326.726 329.867 333.009 333.009 337.721 340.863 342.434 345.575 347.146 351.858 351.858 355 356.571 359.712 361.283 364.425 364.425 367.566 369.137 373.85 373.85 373.85 376.991 380.133 380.133 383.274 386.416 386.416 389.557 391.128 392.699 394.27 395.841 397.411 400.553 400.553 402.124 403.695 406.836 408.407 408.407 411.549 413.119 414.69 416.261 417.832 417.832 417.832 420.973 420.973 422.544 424.115 424.115 424.115 425.686 428.827 428.827 430.398 430.398 433.54 431.969 433.54 436.681 435.111 435.111 436.681 435.111 436.681 439.823 438.252 438.252 439.823 439.823 439.823 439.823 439.823 441.394 442.965 441.394 442.965 442.965 442.965 442.965 442.965 446.106 444.535 442.965 441.394 442.965 441.394 442.965 441.394 441.394 441.394 441.394 439.823 441.394 441.394 442.965 441.394 439.823 438.252 438.252 438.252 436.681 435.111 436.681 433.54 433.54 430.398 433.54 431.969 430.398 430.398 427.257 428.827 427.257 424.115 424.115 424.115 422.544 422.544 419.403 419.403 417.832 416.261 414.69 411.549 411.549 409.978 408.407 408.407 406.836 405.265 403.695 402.124 400.553 397.411 397.411 394.27 392.699 391.128 389.557 387.987 386.416 383.274 383.274 380.133 376.991 375.42 373.85 373.85 369.137 367.566 364.425 362.854 361.283 358.142 356.571 355 351.858 350.288 345.575 345.575 342.434 340.863 336.15 334.58 333.009 329.867 326.726 326.726 323.584 320.442 317.301 314.159 317.301 320.442 322.013 325.155 326.726 329.867 333.009 334.58 337.721 339.292 342.434 345.575 347.146 348.717 351.858 355 355 359.712 361.283 362.854 364.425 367.566 367.566 370.708 373.85 375.42 378.562 380.133 381.704 383.274 384.845 387.987 389.557 391.128 392.699 394.27 397.411 398.982 400.553 402.124 402.124 403.695 406.836 405.265 411.549 411.549 413.119 414.69 414.69 414.69 416.261 417.832 417.832 422.544 422.544 424.115 425.686 425.686 427.257 427.257 428.827 431.969 430.398 431.969 433.54 433.54 433.54 435.111 436.681 436.681 436.681 435.111 436.681 438.252 439.823 438.252 439.823 439.823 439.823 439.823 441.394 441.394 441.394 441.394 439.823 441.394 442.965 442.965 442.965 442.965 442.965 442.965 442.965 442.965 442.965 441.394 442.965 439.823 441.394 439.823 439.823 439.823 438.252 441.394 439.823 438.252 436.681 436.681 436.681 433.54 433.54 435.111 436.681 433.54 433.54 433.54 430.398 430.398 427.257 427.257 427.257 427.257 425.686 422.544 422.544 420.973 417.832 419.403 416.261 417.832 416.261 414.69 413.119 409.978 408.407 405.265 405.265 405.265 405.265 402.124 400.553 398.982 397.411 395.841 392.699 391.128 389.557 386.416 384.845 383.274 383.274 380.133 378.562 375.42 373.85 373.85 369.137 367.566 365.996 362.854 362.854 358.142 358.142 355 351.858 350.288 345.575 345.575 344.004 339.292 336.15 336.15 333.009 329.867 326.726 325.155 323.584 320.442 317.301 314.159
320.442 323.584 326.726 326.726 329.867 333.009 334.58 337.721 340.863 342.434 345.575 347.146 348.717 351.858 355 356.571 358.142 361.283 364.425 364.425 367.566 369.137 372.279 373.85 375.42 376.991 380.133 383.274 384.845 386.416 386.416 389.557 391.128 392.699 394.27 395.841 395.841 400.553 402.124 402.124 405.265 406.836 409.978 411.549 409.978 411.549 413.119 416.261 414.69 417.832 417.832 420.973 419.403 422.544 424.115 425.686 427.257 425.686 427.257 428.827 430.398 430.398 431.969 431.969 433.54 433.54 433.54 435.111 435.111 436.681 436.681 438.252 438.252 439.823 441.394 442.965 439.823 439.823 442.965 441.394 441.394 441.394 441.394 442.965 441.394 442.965 441.394 441.394 442.965 442.965 442.965 441.394 441.394 442.965 442.965 442.965 442.965 439.823 439.823 441.394 439.823 439.823 439.823 438.252 438.252 439.823 438.252 438.252 435.111 435.111 433.54 433.54 433.54 431.969 431.969 430.398 430.398 428.827 427.257 425.686 427.257 425.686 422.544 424.115 420.973 419.403 419.403 417.832 414.69 414.69 414.69 413.119 411.549 408.407 408.407 406.836 405.265 405.265 402.124 402.124 398.982 395.841 394.27 392.699 389.557 389.557 387.987 386.416 383.274 381.704 380.133 376.991 375.42 373.85 373.85 370.708 369.137 364.425 362.854 361.283 359.712 358.142 353.429 351.858 348.717 347.146 345.575 342.434 339.292 337.721 334.58 333.009 329.867 326.726 323.584 320.442 317.301 317.301 314.159 315.73 320.442 322.013 325.155 326.726 329.867 333.009 334.58 337.721 340.863 342.434 345.575 345.575 350.288 351.858 355 356.571 359.712 361.283 364.425 365.996 367.566 369.137 370.708 373.85 375.42 376.991 380.133 381.704 383.274 386.416 387.987 389.557 389.557 392.699 394.27 397.411 398.982 400.553 402.124 402.124 403.695 406.836 408.407 409.978 411.549 411.549 414.69 414.69 414.69 417.832 419.403 419.403 420.973 422.544 424.115 424.115 425.686 427.257 430.398 428.827 428.827 431.969 431.969 431.969 430.398 433.54 433.54 436.681 435.111 436.681 438.252 436.681 438.252 439.823 439.823 439.823 441.394 439.823 442.965 441.394 442.965 441.394 442.965 442.965 442.965 442.965 442.965 442.965 442.965 441.394 442.965 442.965 441.394 442.965 442.965 441.394 439.823 441.394 441.394 441.394 439.823 438.252 439.823 438.252 438.252 436.681 438.252 436.681 435.111 435.111 433.54 433.54 433.54 431.969 431.969 433.54 428.827 428.827 427.257 425.686 427.257 425.686 422.544 424.115 420.973 420.973 419.403 417.832 417.832 414.69 413.119 411.549 409.978 411.549 408.407 406.836 405.265 402.124 402.124 400.553 398.982 395.841 394.27 392.699 391.128 389.557 387.987 386.416 383.274 383.274 380.133 378.562 373.85 373.85 370.708 370.708 367.566 365.996 362.854 361.283 359.712 356.571 353.429 351.858 350.288 345.575 345.575 342.434 340.863 336.15 334.58 331.438 329.867 328.296 325.155 323.584 320.442 317.301 314.159
320.442 322.013 325.155 328.296 329.867 333.009 336.15 337.721 339.292 342.434 345.575 347.146 348.717 351.858 353.429 356.571 358.142 361.283 362.854 365.996 367.566 367.566 370.708 373.85 375.42 376.991 380.133 383.274 383.274 384.845 386.416 389.557 392.699 392.699 394.27 397.411 397.411 398.982 402.124 403.695 403.695 406.836 408.407 411.549 409.978 411.549 414.69 416.261 414.69 416.261 417.832 420.973 422.544 420.973 424.115 424.115 427.257 427.257 428.827 428.827 427.257 430.398 431.969 431.969 433.54 433.54 435.111 436.681 435.111 438.252 438.252 438.252 438.252 439.823 436.681 441.394 441.394 441.394 439.823 441.394 442.965 442.965 441.394 441.394 441.394 442.965 442.965 442.965 442.965 442.965 441.394 442.965 442.965 442.965 442.965 442.965 441.394 441.394 439.823 441.394 441.394 442.965 439.823 438.252 438.252 438.252 436.681 436.681 436.681 435.111 435.111 436.681 435.111 433.54 431.969 430.398 430.398 428.827 428.827 427.257 427.257 424.115 422.544 422.544 420.973 419.403 419.403 417.832 417.832 414.69 414.69 411.549 409.978 409.978 408.407 405.265 403.695 403.695 400.553 398.982 398.982 397.411 394.27 392.699 391.128 389.557 386.416 386.416 386.416 383.274 378.562 376.991 376.991 373.85 372.279 369.137 369.137 365.996 361.283 361.283 359.712 355 355 351.858 348.717 347.146 344.004 342.434 340.863 339.292 336.15 333.009 329.867 328.296 325.155 322.013 320.442 315.73 314.159 317.301 318.872 322.013 323.584 328.296 329.867 331.438 336.15 336.15 339.292 342.434 345.575 347.146 348.717 351.858 355 356.571 358.142 361.283 362.854 364.425 367.566 369.137 372.279 373.85 375.42 378.562 380.133 383.274 383.274 386.416 387.987 389.557 392.699 392.699 394.27 397.411 397.411 400.553 402.124 402.124 405.265 405.265 406.836 408.407 411.549 411.549 413.119 416.261 414.69 417.832 419.403 417.832 420.973 424.115 424.115 424.115 425.686 427.257 427.257 428.827 430.398 430.398 431.969 433.54 433.54 433.54 433.54 435.111 436.681 436.681 436.681 438.252 438.252 439.823 441.394 439.823 439.823 439.823 439.823 441.394 439.823 442.965 441.394 442.965 442.965 442.965 442.965 446.106 442.965 441.394 442.965 441.394 444.535 442.965 441.394 441.394 441.394 441.394 439.823 441.394 439.823 441.394 439.823 439.823 438.252 439.823 436.681 435.111 436.681 435.111 435.111 433.54 433.54 431.969 430.398 430.398 427.257 428.827 427.257 427.257 424.115 425.686 422.544 422.544 420.973 419.403 417.832 417.832 414.69 414.69 413.119 411.549 409.978 409.978 408.407 406.836 405.265 402.124 400.553 398.982 398.982 395.841 395.841 392.699 391.128 389.557 387.987 386.416 383.274 383.274 380.133 378.562 376.991 373.85 373.85 370.708 370.708 365.996 364.425 361.283 359.712 356.571 355 351.858 351.858 347.146 345.575 342.434 340.863 337.721 336.15 333.009 329.867 328.296 325.155 322.013 320.442 317.301 314.159
318.872 322.013 325.155 326.726 329.867 331.438 336.15 336.15 340.863 344.004 344.004 347.146 350.288 351.858 355 356.571 358.142 361.283 362.854 367.566 367.566 370.708 372.279 373.85 376.991 378.562 376.991 381.704 383.274 386.416 387.987 389.557 392.699 395.841 395.841 397.411 398.982 400.553 402.124 402.124 405.265 406.836 408.407 411.549 411.549 413.119 414.69 414.69 417.832 417.832 419.403 420.973 422.544 422.544 424.115 424.115 425.686 427.257 427.257 428.827 430.398 430.398 431.969 431.969 433.54 433.54 433.54 433.54 435.111 436.681 436.681 439.823 438.252 438.252 439.823 439.823 441.394 441.394 441.394 441.394 442.965 442.965 442.965 442.965 441.394 442.965 442.965 442.965 444.535 442.965 442.965 444.535 442.965 442.965 442.965 442.965 442.965 441.394 441.394 439.823 439.823 438.252 439.823 438.252 438.252 438.252 438.252 436.681 436.681 433.54 435.111 433.54 433.54 431.969 431.969 430.398 430.398 428.827 427.257 427.257 424.115 424.115 422.544 420.973 420.973 419.403 417.832 417.832 417.832 414.69 413.119 411.549 409.978 411.549 408.407 405.265 403.695 405.265 402.124 398.982 398.982 397.411 394.27 395.841 392.699 389.557 386.416 386.416 383.274 383.274 381.704 378.562 375.42 373.85 372.279 369.137 367.566 364.425 361.283 361.283 359.712 356.571 353.429 355 350.288 345.575 345.575 342.434 339.292 337.721 334.58 333.009 329.867 326.726 326.726 322.013 318.872 315.73 314.159 315.73 318.872 322.013 323.584 326.726 331.438 333.009 334.58 336.15 340.863 342.434 342.434 347.146 351.858 351.858 355 358.142 358.142 362.854 364.425 365.996 367.566 369.137 370.708 373.85 376.991 376.991 380.133 383.274 383.274 386.416 387.987 389.557 391.128 392.699 394.27 395.841 397.411 398.982 402.124 405.265 405.265 405.265 408.407 408.407 411.549 413.119 413.119 414.69 414.69 417.832 417.832 420.973 420.973 422.544 424.115 425.686 427.257 427.257 427.257 428.827 430.398 431.969 431.969 433.54 433.54 431.969 435.111 435.111 436.681 436.681 436.681 436.681 438.252 438.252 439.823 438.252 441.394 441.394 439.823 441.394 442.965 442.965 442.965 442.965 442.965 441.394 441.394 442.965 439.823 442.965 442.965 441.394 442.965 442.965 441.394 441.394 439.823 441.394 442.965 441.394 441.394 439.823 441.394 438.252 436.681 436.681 436.681 436.681 436.681 436.681 435.111 436.681 433.54 431.969 431.969 430.398 430.398 428.827 427.257 427.257 424.115 424.115 424.115 424.115 422.544 419.403 417.832 416.261 414.69 414.69 414.69 411.549 411.549 408.407 408.407 406.836 405.265 405.265 400.553 400.553 398.982 395.841 394.27 392.699 392.699 389.557 386.416 386.416 384.845 381.704 380.133 376.991 376.991 373.85 372.279 369.137 367.566 365.996 364.425 361.283 359.712 356.571 355 351.858 350.288 345.575 345.575 342.434 339.292 337.721 334.58 333.009 329.867 328.296 325.155 320.442 320.442 317.301 314.159
320.442 322.013 325.155 328.296 329.867 333.009 334.58 337.721 339.292 342.434 344.004 347.146 350.288 351.858 353.429 355 358.142 361.283 362.854 367.566 367.566 369.137 370.708 373.85 375.42 376.991 380.133 381.704 384.845 386.416 387.987 389.557 391.128 392.699 394.27 395.841 397.411 400.553 402.124 403.695 405.265 405.265 408.407 409.978 411.549 413.119 413.119 414.69 414.69 417.832 417.832 419.403 422.544 420.973 424.115 424.115 424.115 427.257 428.827 428.827 430.398 430.398 431.969 431.969 433.54 433.54 435.111 435.111 435.111 436.681 438.252 438.252 438.252 438.252 439.823 438.252 441.394 439.823 439.823 441.394 439.823 441.394 442.965 439.823 441.394 442.965 441.394 446.106 444.535 442.965 442.965 441.394 441.394 442.965 441.394 439.823 441.394 441.394 441.394 439.823 441.394 439.823 439.823 438.252 438.252 436.681 438.252 436.681 436.681 433.54 435.111 433.54 430.398 433.54 431.969 430.398 428.827 428.827 427.257 427.257 427.257 424.115 422.544 424.115 420.973 417.832 419.403 416.261 414.69 414.69 413.119 411.549 409.978 408.407 405.265 406.836 405.265 403.695 402.124 400.553 398.982 395.841 395.841 392.699 391.128 389.557 387.987 386.416 383.274 383.274 381.704 378.562 373.85 373.85 372.279 369.137 367.566 364.425 361.283 361.283 358.142 356.571 355 351.858 348.717 347.146 344.004 342.434 339.292 337.721 336.15 331.438 329.867 328.296 325.155 322.013 318.872 317.301 314.159 317.301 320.442 322.013 323.584 328.296 329.867 333.009 336.15 337.721 339.292 342.434 345.575 345.575 348.717 351.858 355 356.571 358.142 361.283 362.854 364.425 367.566 369.137 372.279 373.85 376.991 378.562 380.133 381.704 383.274 384.845 387.987 389.557 392.699 392.699 395.841 397.411 398.982 398.982 400.553 403.695 403.695 406.836 405.265 408.407 409.978 411.549 413.119 414.69 414.69 416.261 419.403 420.973 420.973 424.115 422.544 424.115 427.257 427.257 427.257 428.827 430.398 430.398 430.398 433.54 433.54 433.54 433.54 436.681 436.681 436.681 436.681 436.681 439.823 439.823 439.823 438.252 439.823 441.394 441.394 441.394 439.823 441.394 442.965 442.965 446.106 441.394 441.394 442.965 439.823 446.106 442.965 442.965 442.965 442.965 442.965 442.965 442.965 441.394 441.394 441.394 439.823 438.252 439.823 438.252 438.252 436.681 436.681 435.111 436.681 433.54 435.111 436.681 433.54 431.969 433.54 430.398 430.398 428.827 427.257 425.686 425.686 425.686 424.115 424.115 420.973 420.973 419.403 419.403 417.832 416.261 413.119 411.549 411.549 409.978 408.407 405.265 405.265 402.124 402.124 400.553 397.411 397.411 395.841 392.699 389.557 387.987 386.416 386.416 384.845 383.274 380.133 378.562 375.42 373.85 372.279 370.708 367.566 365.996 362.854 361.283 358.142 356.571 353.429 353.429 348.717 347.146 345.575 342.434 340.863 336.15 333.009 333.009 329.867 326.726 325.155 322.013 320.442 317.301 314.159
320.442 322.013 325.155 326.726 329.867 333.009 336.15 339.292 339.292 342.434 344.004 348.717 351.858 351.858 355 356.571 359.712 361.283 362.854 364.425 367.566 369.137 372.279 373.85 376.991 378.562 380.133 381.704 386.416 386.416 387.987 389.557 392.699 392.699 395.841 395.841 398.982 400.553 400.553 402.124 403.695 406.836 408.407 409.978 411.549 411.549 414.69 414.69 417.832 417.832 417.832 420.973 420.973 420.973 424.115 424.115 427.257 427.257 428.827 428.827 430.398 430.398 430.398 431.969 433.54 436.681 435.111 436.681 436.681 436.681 438.252 438.252 438.252 439.823 436.681 439.823 441.394 439.823 441.394 441.394 439.823 441.394 442.965 442.965 442.965 444.535 442.965 441.394 442.965 441.394 442.965 442.965 446.106 439.823 442.965 441.394 442.965 441.394 439.823 441.394 441.394 438.252 439.823 439.823 438.252 436.681 436.681 438.252 435.111 435.111 433.54 436.681 433.54 431.969 431.969 430.398 430.398 428.827 428.827 427.257 427.257 425.686 424.115 420.973 420.973 417.832 417.832 416.261 417.832 414.69 413.119 413.119 411.549 409.978 408.407 406.836 405.265 402.124 402.124 400.553 398.982 397.411 395.841 395.841 392.699 389.557 387.987 386.416 383.274 383.274 380.133 376.991 375.42 373.85 372.279 370.708 367.566 365.996 362.854 362.854 361.283 356.571 355 351.858 351.858 348.717 344.004 342.434 340.863 337.721 336.15 329.867 329.867 326.726 323.584 322.013 320.442 317.301 314.159 317.301 318.872 323.584 325.155 328.296 329.867 333.009 334.58 339.292 339.292 342.434 345.575 348.717 348.717 351.858 353.429 356.571 359.712 361.283 362.854 365.996 367.566 369.137 372.279 373.85 376.991 378.562 380.133 381.704 384.845 386.416 387.987 389.557 391.128 392.699 395.841 395.841 398.982 398.982 400.553 402.124 405.265 406.836 408.407 408.407 409.978 413.119 413.119 416.261 414.69 416.261 419.403 420.973 422.544 420.973 422.544 425.686 424.115 427.257 427.257 428.827 427.257 430.398 430.398 433.54 431.969 433.54 435.111 436.681 436.681 436.681 436.681 438.252 438.252 439.823 439.823 438.252 439.823 441.394 442.965 441.394 442.965 442.965 442.965 442.965 441.394 441.394 442.965 442.965 442.965 441.394 442.965 441.394 442.965 441.394 441.394 442.965 439.823 441.394 442.965 439.823 439.823 439.823 439.823 438.252 438.252 438.252 436.681 436.681 436.681 435.111 433.54 433.54 433.54 433.54 431.969 430.398 430.398 428.827 427.257 427.257 425.686 425.686 424.115 420.973 420.973 419.403 419.403 420.973 416.261 416.261 413.119 411.549 409.978 411.549 408.407 405.265 405.265 402.124 402.124 398.982 398.982 397.411 394.27 392.699 392.699 387.987 387.987 386.416 383.274 381.704 380.133 380.133 375.42 373.85 370.708 369.137 367.566 364.425 364.425 361.283 359.712 356.571 355 351.858 348.717 347.146 345.575 342.434 339.292 336.15 336.15 331.438 329.867 328.296 325.155 323.584 318.872 317.301 314.159
320.442 322.013 325.155 326.726 329.867 331.438 334.58 339.292 339.292 342.434 345.575 347.146 348.717 351.858 353.429 355 359.712 361.283 362.854 365.996 367.566 369.137 372.279 373.85 375.42 376.991 380.133 383.274 383.274 386.416 386.416 387.987 392.699 392.699 394.27 395.841 398.982 400.553 402.124 402.124 405.265 406.836 408.407 411.549 411.549 413.119 411.549 416.261 417.832 417.832 419.403 419.403 420.973 422.544 424.115 425.686 427.257 427.257 428.827 428.827 430.398 430.398 430.398 430.398 433.54 435.111 435.111 436.681 433.54 435.111 438.252 438.252 438.252 438.252 439.823 439.823 439.823 441.394 439.823 441.394 439.823 441.394 441.394 442.965 442.965 442.965 442.965 442.965 439.823 442.965 442.965 442.965 441.394 442.965 441.394 441.394 441.394 441.394 439.823 439.823 439.823 439.823 436.681 438.252 436.681 436.681 438.252 436.681 435.111 435.111 433.54 433.54 430.398 430.398 430.398 430.398 430.398 428.827 427.257 427.257 427.257 424.115 424.115 420.973 420.973 417.832 419.403 417.832 414.69 414.69 413.119 411.549 411.549 409.978 408.407 406.836 403.695 405.265 402.124 400.553 398.982 395.841 394.27 392.699 392.699 389.557 386.416 386.416 383.274 383.274 380.133 376.991 376.991 373.85 370.708 370.708 367.566 364.425 361.283 361.283 358.142 356.571 355 351.858 348.717 347.146 344.004 342.434 339.292 339.292 334.58 333.009 329.867 326.726 323.584 322.013 318.872 317.301 314.159 317.301 318.872 322.013 325.155 326.726 329.867 333.009 334.58 337.721 340.863 342.434 345.575 347.146 350.288 351.858 353.429 356.571 358.142 361.283 364.425 364.425 367.566 369.137 370.708 375.42 376.991 376.991 380.133 383.274 383.274 384.845 387.987 389.557 392.699 392.699 394.27 397.411 398.982 398.982 402.124 403.695 405.265 406.836 408.407 409.978 411.549 411.549 414.69 416.261 414.69 416.261 417.832 420.973 420.973 424.115 422.544 425.686 425.686 425.686 428.827 428.827 430.398 430.398 430.398 433.54 433.54 433.54 435.111 433.54 435.111 436.681 438.252 439.823 439.823 439.823 439.823 439.823 439.823 441.394 439.823 441.394 439.823 442.965 441.394 442.965 442.965 444.535 441.394 442.965 442.965 441.394 442.965 442.965 442.965 442.965 441.394 441.394 442.965 441.394 441.394 441.394 439.823 438.252 439.823 438.252 438.252 436.681 436.681 439.823 435.111 435.111 435.111 435.111 433.54 431.969 430.398 430.398 430.398 428.827 427.257 427.257 427.257 424.115 422.544 420.973 420.973 420.973 419.403 416.261 417.832 411.549 414.69 413.119 409.978 409.978 408.407 405.265 405.265 403.695 402.124 400.553 398.982 398.982 395.841 392.699 392.699 391.128 387.987 384.845 383.274 383.274 378.562 378.562 375.42 373.85 373.85 369.137 367.566 365.996 362.854 361.283 358.142 355 353.429 351.858 350.288 347.146 345.575 342.434 340.863 339.292 336.15 333.009 329.867 326.726 325.155 323.584 318.872 315.73 314.159
318.872 323.584 325.155 326.726 329.867 333.009 333.009 337.721 339.292 342.434 344.004 348.717 350.288 351.858 355 355 358.142 361.283 364.425 365.996 367.566 370.708 372.279 373.85 375.42 378.562 380.133 383.274 383.274 386.416 386.416 389.557 389.557 392.699 394.27 397.411 398.982 400.553 402.124 403.695 405.265 406.836 408.407 409.978 411.549 411.549 413.119 416.261 417.832 417.832 419.403 420.973 420.973 422.544 422.544 425.686 425.686 425.686 427.257 428.827 430.398 430.398 430.398 431.969 433.54 435.111 435.111 433.54 433.54 436.681 438.252 439.823 438.252 438.252 439.823 439.823 441.394 441.394 441.394 441.394 442.965 442.965 442.965 442.965 441.394 442.965 442.965 441.394 444.535 442.965 441.394 442.965 442.965 442.965 442.965 441.394 439.823 441.394 441.394 441.394 439.823 438.252 439.823 439.823 438.252 438.252 438.252 436.681 436.681 436.681 435.111 436.681 433.54 431.969 431.969 430.398 430.398 428.827 427.257 425.686 425.686 424.115 424.115 424.115 420.973 420.973 417.832 417.832 417.832 416.261 413.119 413.119 411.549 408.407 408.407 405.265 405.265 405.265 402.124 398.982 398.982 395.841 394.27 392.699 391.128 389.557 387.987 384.845 384.845 383.274 380.133 376.991 373.85 373.85 372.279 369.137 367.566 365.996 362.854 361.283 358.142 355 355 351.858 350.288 348.717 345.575 342.434 339.292 339.292 336.15 331.438 329.867 326.726 325.155 323.584 320.442 317.301 314.159 317.301 320.442 320.442 325.155 328.296 329.867 333.009 334.58 337.721 342.434 342.434 344.004 345.575 348.717 351.858 353.429 356.571 359.712 361.283 362.854 365.996 367.566 369.137 372.279 375.42 375.42 376.991 380.133 381.704 383.274 386.416 387.987 391.128 392.699 395.841 395.841 397.411 397.411 400.553 402.124 403.695 403.695 406.836 408.407 409.978 409.978 413.119 413.119 414.69 416.261 417.832 419.403 417.832 420.973 422.544 422.544 424.115 425.686 427.257 427.257 428.827 430.398 430.398 433.54 433.54 430.398 433.54 435.111 433.54 436.681 436.681 436.681 438.252 438.252 439.823 439.823 438.252 441.394 441.394 439.823 441.394 441.394 442.965 441.394 442.965 441.394 442.965 442.965 442.965 444.535 441.394 442.965 442.965 442.965 442.965 441.394 441.394 442.965 441.394 441.394 441.394 439.823 439.823 439.823 436.681 438.252 436.681 436.681 436.681 436.681 436.681 435.111 431.969 433.54 430.398 430.398 430.398 430.398 428.827 427.257 425.686 424.115 425.686 424.115 420.973 422.544 420.973 419.403 417.832 416.261 414.69 414.69 411.549 409.978 409.978 406.836 405.265 403.695 403.695 402.124 400.553 400.553 395.841 394.27 392.699 389.557 389.557 389.557 384.845 384.845 381.704 380.133 378.562 376.991 373.85 370.708 369.137 367.566 367.566 362.854 361.283 359.712 355 355 351.858 348.717 347.146 344.004 342.434 339.292 339.292 336.15 333.009 329.867 328.296 323.584 322.013 320.442 317.301 314.159
320.442 322.013 326.726 326.726 329.867 333.009 336.15 336.15 339.292 342.434 345.575 345.575 348.717 351.858 355 356.571 359.712 361.283 364.425 364.425 367.566 370.708 370.708 373.85 375.42 380.133 380.133 381.704 384.845 386.416 387.987 389.557 391.128 392.699 394.27 397.411 398.982 400.553 402.124 403.695 405.265 406.836 408.407 409.978 409.978 411.549 413.119 414.69 414.69 417.832 419.403 419.403 422.544 424.115 424.115 425.686 427.257 427.257 427.257 428.827 430.398 428.827 430.398 433.54 433.54 433.54 433.54 435.111 435.111 436.681 436.681 436.681 438.252 438.252 439.823 439.823 439.823 441.394 439.823 441.394 439.823 439.823 442.965 442.965 441.394 442.965 442.965 442.965 442.965 442.965 442.965 442.965 442.965 442.965 441.394 442.965 439.823 441.394 439.823 439.823 439.823 442.965 436.681 438.252 439.823 438.252 436.681 438.252 435.111 435.111 435.111 436.681 433.54 431.969 430.398 433.54 430.398 428.827 427.257 427.257 425.686 425.686 422.544 420.973 420.973 420.973 419.403 416.261 414.69 414.69 413.119 411.549 411.549 408.407 408.407 406.836 405.265 403.695 402.124 398.982 398.982 397.411 394.27 392.699 392.699 386.416 387.987 384.845 384.845 381.704 380.133 376.991 376.991 373.85 372.279 369.137 367.566 367.566 362.854 361.283 358.142 356.571 353.429 351.858 350.288 347.146 345.575 342.434 340.863 337.721 334.58 333.009 329.867 326.726 325.155 322.013 320.442 317.301 314.159 317.301 318.872 323.584 325.155 328.296 329.867 333.009 336.15 336.15 340.863 342.434 342.434 348.717 348.717 351.858 355 356.571 358.142 361.283 364.425 367.566 367.566 369.137 372.279 373.85 376.991 376.991 380.133 381.704 383.274 384.845 387.987 391.128 389.557 392.699 395.841 397.411 397.411 400.553 402.124 402.124 405.265 406.836 408.407 409.978 409.978 411.549 413.119 414.69 417.832 417.832 417.832 420.973 422.544 420.973 424.115 424.115 424.115 425.686 427.257 427.257 430.398 430.398 430.398 431.969 433.54 433.54 436.681 436.681 436.681 436.681 436.681 438.252 439.823 438.252 439.823 442.965 441.394 441.394 441.394 441.394 442.965 441.394 442.965 439.823 441.394 441.394 442.965 442.965 444.535 441.394 441.394 442.965 446.106 442.965 441.394 442.965 442.965 441.394 441.394 439.823 439.823 438.252 439.823 438.252 438.252 439.823 438.252 436.681 436.681 435.111 435.111 433.54 433.54 431.969 430.398 430.398 428.827 428.827 428.827 427.257 427.257 425.686 424.115 420.973 420.973 417.832 419.403 417.832 416.261 414.69 413.119 411.549 409.978 409.978 408.407 405.265 403.695 402.124 402.124 400.553 397.411 395.841 394.27 392.699 391.128 389.557 387.987 386.416 384.845 383.274 380.133 376.991 375.42 373.85 370.708 369.137 367.566 365.996 362.854 361.283 359.712 355 355 351.858 350.288 347.146 345.575 342.434 342.434 337.721 336.15 333.009 329.867 326.726 325.155 322.013 318.872 315.73 314.159
318.872 322.013 325.155 328.296 329.867 333.009 336.15 337.721 339.292 342.434 344.004 347.146 348.717 353.429 355 356.571 358.142 361.283 361.283 365.996 367.566 369.137 372.279 373.85 376.991 376.991 380.133 383.274 383.274 386.416 387.987 389.557 391.128 394.27 395.841 397.411 398.982 398.982 402.124 402.124 403.695 406.836 409.978 408.407 409.978 411.549 414.69 414.69 414.69 417.832 417.832 419.403 420.973 422.544 424.115 424.115 427.257 427.257 428.827 427.257 430.398 430.398 431.969 431.969 431.969 433.54 435.111 435.111 436.681 438.252 438.252 436.681 438.252 439.823 439.823 442.965 439.823 439.823 439.823 441.394 441.394 441.394 442.965 442.965 442.965 442.965 442.965 442.965 442.965 446.106 442.965 441.394 442.965 442.965 441.394 442.965 441.394 441.394 439.823 439.823 439.823 438.252 439.823 439.823 438.252 438.252 436.681 438.252 435.111 433.54 435.111 433.54 430.398 431.969 431.969 430.398 430.398 428.827 427.257 427.257 425.686 425.686 422.544 424.115 420.973 420.973 417.832 416.261 414.69 414.69 413.119 411.549 411.549 408.407 408.407 406.836 405.265 403.695 402.124 398.982 398.982 397.411 394.27 394.27 392.699 389.557 387.987 386.416 383.274 383.274 380.133 376.991 376.991 375.42 372.279 369.137 367.566 364.425 361.283 361.283 358.142 355 355 351.858 350.288 347.146 345.575 342.434 340.863 337.721 336.15 333.009 329.867 326.726 323.584 322.013 320.442 317.301 314.159 317.301 318.872 322.013 326.726 328.296 329.867 331.438 336.15 337.721 339.292 342.434 345.575 347.146 351.858 355 355 358.142 358.142 361.283 361.283 364.425 367.566 370.708 370.708 373.85 376.991 376.991 380.133 380.133 383.274 386.416 387.987 387.987 392.699 392.699 394.27 397.411 398.982 398.982 402.124 402.124 403.695 406.836 408.407 408.407 411.549 411.549 411.549 414.69 417.832 417.832 419.403 419.403 420.973 420.973 424.115 425.686 425.686 427.257 427.257 428.827 427.257 430.398 431.969 430.398 431.969 433.54 435.111 435.111 436.681 436.681 438.252 436.681 439.823 438.252 439.823 439.823 441.394 439.823 439.823 441.394 442.965 441.394 441.394 442.965 441.394 441.394 442.965 441.394 442.965 442.965 442.965 442.965 442.965 439.823 441.394 441.394 442.965 441.394 439.823 439.823 439.823 439.823 438.252 439.823 439.823 436.681 438.252 435.111 435.111 435.111 435.111 431.969 433.54 430.398 431.969 433.54 430.398 428.827 427.257 427.257 425.686 424.115 424.115 420.973 419.403 420.973 419.403 416.261 417.832 414.69 414.69 411.549 411.549 408.407 408.407 406.836 405.265 402.124 402.124 398.982 398.982 397.411 394.27 394.27 391.128 389.557 387.987 386.416 384.845 381.704 380.133 378.562 375.42 373.85 372.279 369.137 367.566 364.425 362.854 361.283 359.712 358.142 353.429 351.858 350.288 347.146 345.575 342.434 339.292 336.15 336.15 333.009 329.867 326.726 325.155 322.013 318.872 317.301 314.159
318.872 323.584 325.155 326.726 329.867 333.009 336.15 337.721 340.863 342.434 345.575 347.146 348.717 351.858 355 356.571 358.142 361.283 362.854 364.425 367.566 370.708 373.85 373.85 376.991 378.562 380.133 380.133 384.845 386.416 389.557 389.557 392.699 395.841 395.841 395.841 397.411 402.124 402.124 402.124 405.265 406.836 408.407 408.407 411.549 411.549 413.119 414.69 414.69 417.832 417.832 420.973 420.973 422.544 424.115 424.115 427.257 425.686 427.257 428.827 431.969 431.969 431.969 430.398 433.54 433.54 435.111 435.111 436.681 435.111 436.681 438.252 439.823 438.252 439.823 439.823 441.394 439.823 441.394 441.394 442.965 441.394 442.965 444.535 442.965 442.965 442.965 442.965 444.535 442.965 442.965 442.965 441.394 442.965 441.394 441.394 441.394 441.394 439.823 441.394 439.823 439.823 439.823 439.823 438.252 438.252 436.681 436.681 436.681 436.681 433.54 433.54 433.54 431.969 431.969 430.398 430.398 428.827 427.257 427.257 425.686 424.115 424.115 424.115 420.973 419.403 419.403 417.832 414.69 414.69 414.69 413.119 409.978 409.978 409.978 406.836 405.265 403.695 402.124 400.553 398.982 397.411 394.27 392.699 391.128 389.557 387.987 386.416 384.845 380.133 380.133 380.133 376.991 373.85 372.279 369.137 367.566 365.996 362.854 361.283 358.142 356.571 353.429 355 348.717 348.717 345.575 342.434 339.292 337.721 336.15 333.009 329.867 328.296 325.155 320.442 320.442 315.73 314.159 317.301 317.301 323.584 325.155 328.296 329.867 333.009 336.15 339.292 340.863 342.434 345.575 347.146 348.717 351.858 355 356.571 358.142 359.712 364.425 364.425 367.566 369.137 372.279 373.85 376.991 376.991 380.133 381.704 383.274 386.416 387.987 389.557 392.699 394.27 395.841 397.411 398.982 400.553 402.124 402.124 403.695 405.265 406.836 409.978 411.549 413.119 414.69 414.69 414.69 417.832 419.403 417.832 420.973 422.544 422.544 425.686 425.686 427.257 428.827 428.827 430.398 430.398 431.969 431.969 433.54 435.111 435.111 436.681 433.54 438.252 438.252 438.252 438.252 438.252 441.394 439.823 439.823 439.823 441.394 441.394 442.965 441.394 442.965 444.535 442.965 444.535 442.965 441.394 442.965 442.965 442.965 442.965 441.394 442.965 441.394 442.965 441.394 441.394 439.823 441.394 441.394 439.823 439.823 438.252 438.252 436.681 438.252 436.681 436.681 435.111 435.111 433.54 433.54 433.54 433.54 430.398 428.827 428.827 427.257 427.257 424.115 425.686 424.115 420.973 422.544 420.973 419.403 416.261 414.69 416.261 413.119 413.119 409.978 409.978 408.407 405.265 405.265 402.124 402.124 400.553 398.982 395.841 394.27 392.699 392.699 391.128 387.987 386.416 383.274 381.704 378.562 376.991 376.991 375.42 373.85 370.708 367.566 365.996 362.854 361.283 359.712 358.142 355 351.858 348.717 345.575 344.004 342.434 340.863 339.292 334.58 333.009 329.867 328.296 323.584 322.013 320.442 315.73 314.159
318.872 322.013 325.155 328.296 329.867 333.009 336.15 336.15 339.292 342.434 342.434 345.575 350.288 351.858 355 358.142 358.142 361.283 361.283 364.425 367.566 369.137 370.708 375.42 375.42 378.562 380.133 380.133 383.274 384.845 386.416 389.557 389.557 392.699 395.841 397.411 397.411 400.553 402.124 405.265 405.265 406.836 408.407 409.978 409.978 411.549 414.69 414.69 416.261 417.832 417.832 420.973 422.544 424.115 424.115 424.115 427.257 425.686 427.257 428.827 430.398 430.398 430.398 431.969 430.398 433.54 435.111 435.111 436.681 436.681 436.681 436.681 438.252 439.823 439.823 439.823 439.823 441.394 439.823 441.394 442.965 441.394 441.394 439.823 441.394 442.965 442.965 441.394 442.965 442.965 442.965 442.965 441.394 441.394 442.965 441.394 439.823 439.823 439.823 439.823 439.823 438.252 439.823 438.252 439.823 438.252 438.252 436.681 435.111 436.681 435.111 433.54 433.54 433.54 431.969 430.398 430.398 428.827 427.257 425.686 425.686 425.686 424.115 424.115 422.544 419.403 417.832 417.832 417.832 416.261 414.69 413.119 411.549 408.407 408.407 406.836 405.265 402.124 402.124 400.553 397.411 395.841 394.27 395.841 392.699 389.557 387.987 384.845 383.274 381.704 376.991 378.562 375.42 373.85 372.279 369.137 367.566 367.566 364.425 361.283 359.712 358.142 355 351.858 348.717 348.717 345.575 342.434 339.292 337.721 334.58 329.867 329.867 328.296 325.155 322.013 320.442 315.73 314.159 317.301 320.442 323.584 326.726 326.726 329.867 333.009 334.58 337.721 339.292 342.434 344.004 348.717 348.717 351.858 353.429 356.571 358.142 361.283 362.854 365.996 367.566 370.708 373.85 373.85 376.991 378.562 380.133 380.133 383.274 386.416 386.416 389.557 392.699 392.699 394.27 395.841 398.982 400.553 402.124 403.695 405.265 406.836 408.407 408.407 411.549 411.549 414.69 414.69 414.69 417.832 417.832 420.973 422.544 422.544 422.544 424.115 425.686 427.257 427.257 428.827 430.398 430.398 431.969 431.969 433.54 433.54 433.54 433.54 436.681 436.681 436.681 436.681 438.252 439.823 439.823 439.823 441.394 439.823 441.394 441.394 442.965 441.394 441.394 442.965 442.965 442.965 442.965 446.106 442.965 442.965 442.965 441.394 442.965 442.965 441.394 442.965 442.965 441.394 441.394 439.823 439.823 439.823 439.823 439.823 438.252 438.252 438.252 436.681 436.681 433.54 435.111 433.54 433.54 431.969 430.398 430.398 428.827 427.257 427.257 425.686 427.257 424.115 422.544 424.115 420.973 417.832 417.832 417.832 414.69 416.261 414.69 413.119 411.549 408.407 406.836 406.836 405.265 402.124 402.124 400.553 397.411 395.841 395.841 394.27 392.699 389.557 387.987 386.416 383.274 383.274 380.133 378.562 375.42 373.85 372.279 369.137 367.566 364.425 364.425 361.283 359.712 358.142 353.429 351.858 348.717 347.146 345.575 342.434 340.863 337.721 336.15 333.009 329.867 326.726 325.155 322.013 320.442 317.301 314.159
318.872 322.013 325.155 326.726 329.867 331.438 334.58 337.721 339.292 342.434 345.575 345.575 350.288 353.429 353.429 358.142 358.142 361.283 364.425 367.566 369.137 369.137 373.85 373.85 376.991 376.991 380.133 383.274 383.274 384.845 387.987 389.557 392.699 395.841 395.841 397.411 398.982 398.982 402.124 402.124 403.695 406.836 408.407 409.978 409.978 411.549 411.549 411.549 414.69 417.832 417.832 420.973 420.973 424.115 424.115 425.686 425.686 427.257 428.827 428.827 430.398 430.398 431.969 431.969 433.54 433.54 435.111 435.111 436.681 438.252 436.681 438.252 439.823 438.252 438.252 439.823 441.394 439.823 442.965 441.394 441.394 441.394 442.965 442.965 442.965 442.965 442.965 442.965 444.535 441.394 442.965 442.965 441.394 442.965 442.965 442.965 442.965 441.394 442.965 441.394 439.823 438.252 439.823 439.823 438.252 438.252 438.252 436.681 436.681 436.681 433.54 431.969 433.54 431.969 431.969 430.398 430.398 428.827 427.257 425.686 425.686 424.115 424.115 422.544 420.973 420.973 419.403 420.973 417.832 414.69 414.69 413.119 409.978 408.407 408.407 405.265 405.265 402.124 402.124 398.982 398.982 397.411 394.27 392.699 392.699 389.557 387.987 386.416 384.845 383.274 380.133 376.991 373.85 373.85 370.708 369.137 367.566 364.425 364.425 361.283 361.283 355 355 351.858 348.717 347.146 344.004 342.434 339.292 337.721 334.58 333.009 329.867 326.726 325.155 322.013 320.442 315.73 314.159 315.73 320.442 320.442 325.155 328.296 329.867 333.009 336.15 337.721 340.863 342.434 344.004 347.146 350.288 353.429 355 356.571 359.712 361.283 362.854 364.425 367.566 369.137 373.85 373.85 375.42 378.562 380.133 383.274 383.274 386.416 386.416 391.128 389.557 392.699 394.27 398.982 398.982 400.553 398.982 405.265 405.265 406.836 409.978 411.549 409.978 411.549 413.119 414.69 414.69 417.832 419.403 420.973 420.973 424.115 424.115 425.686 427.257 427.257 428.827 428.827 428.827 428.827 431.969 430.398 433.54 433.54 436.681 435.111 436.681 436.681 438.252 438.252 438.252 439.823 441.394 439.823 441.394 441.394 441.394 441.394 442.965 442.965 442.965 444.535 442.965 442.965 442.965 442.965 439.823 442.965 442.965 442.965 442.965 442.965 441.394 442.965 441.394 441.394 442.965 439.823 441.394 439.823 439.823 438.252 438.252 439.823 435.111 435.111 436.681 435.111 435.111 436.681 433.54 431.969 431.969 430.398 430.398 428.827 428.827 427.257 425.686 425.686 422.544 422.544 420.973 420.973 419.403 417.832 416.261 414.69 413.119 411.549 409.978 408.407 406.836 406.836 405.265 403.695 402.124 400.553 398.982 398.982 394.27 392.699 391.128 391.128 387.987 386.416 384.845 383.274 380.133 380.133 375.42 373.85 372.279 370.708 367.566 364.425 364.425 361.283 358.142 356.571 355 351.858 348.717 347.146 344.004 342.434 339.292 337.721 334.58 333.009 329.867 326.726 326.726 323.584 318.872 317.301 314.159
318.872 322.013 325.155 326.726 329.867 333.009 334.58 337.721 339.292 342.434 344.004 345.575 348.717 353.429 353.429 358.142 358.142 361.283 361.283 365.996 367.566 369.137 370.708 373.85 376.991 378.562 380.133 383.274 383.274 386.416 386.416 389.557 392.699 395.841 395.841 397.411 398.982 400.553 402.124 402.124 403.695 406.836 406.836 408.407 411.549 411.549 413.119 414.69 414.69 417.832 419.403 420.973 420.973 422.544 422.544 424.115 425.686 427.257 428.827 428.827 430.398 428.827 431.969 431.969 430.398 433.54 435.111 433.54 436.681 438.252 436.681 436.681 439.823 438.252 439.823 439.823 441.394 439.823 439.823 441.394 441.394 441.394 442.965 442.965 441.394 441.394 442.965 442.965 444.535 442.965 442.965 442.965 442.965 442.965 442.965 441.394 439.823 441.394 439.823 441.394 441.394 439.823 441.394 438.252 438.252 438.252 438.252 436.681 435.111 436.681 435.111 433.54 433.54 433.54 431.969 430.398 430.398 428.827 427.257 425.686 425.686 424.115 422.544 420.973 420.973 419.403 417.832 416.261 417.832 414.69 413.119 411.549 411.549 409.978 408.407 405.265 405.265 402.124 402.124 400.553 398.982 395.841 395.841 392.699 391.128 386.416 387.987 386.416 383.274 381.704 380.133 376.991 376.991 373.85 372.279 370.708 367.566 365.996 362.854 361.283 359.712 356.571 355 351.858 350.288 347.146 342.434 342.434 339.292 337.721 333.009 331.438 329.867 326.726 325.155 322.013 320.442 317.301 314.159 314.159 318.872 322.013 323.584 329.867 331.438 333.009 336.15 337.721 339.292 342.434 344.004 348.717 350.288 351.858 355 358.142 358.142 361.283 362.854 365.996 367.566 370.708 373.85 373.85 373.85 376.991 380.133 383.274 383.274 386.416 386.416 389.557 391.128 392.699 394.27 395.841 397.411 398.982 402.124 403.695 403.695 406.836 405.265 408.407 411.549 411.549 413.119 414.69 417.832 417.832 419.403 419.403 420.973 420.973 422.544 424.115 425.686 427.257 428.827 428.827 427.257 428.827 431.969 433.54 433.54 433.54 433.54 436.681 436.681 436.681 436.681 438.252 438.252 439.823 439.823 441.394 439.823 441.394 439.823 441.394 439.823 442.965 441.394 442.965 441.394 442.965 442.965 442.965 442.965 442.965 442.965 441.394 441.394 442.965 441.394 441.394 441.394 441.394 439.823 439.823 441.394 439.823 436.681 436.681 438.252 438.252 436.681 436.681 436.681 435.111 435.111 433.54 435.111 431.969 431.969 430.398 428.827 428.827 428.827 427.257 427.257 425.686 422.544 424.115 420.973 419.403 417.832 417.832 417.832 416.261 414.69 411.549 409.978 411.549 408.407 406.836 405.265 403.695 402.124 400.553 398.982 397.411 394.27 392.699 392.699 389.557 386.416 386.416 386.416 380.133 380.133 378.562 375.42 373.85 372.279 369.137 367.566 365.996 361.283 361.283 359.712 356.571 353.429 351.858 350.288 347.146 344.004 342.434 339.292 339.292 333.009 329.867 331.438 326.726 325.155 323.584 318.872 317.301 314.159
318.872 320.442 325.155 328.296 329.867 333.009 334.58 339.292 339.292 342.434 345.575 348.717 348.717 351.858 353.429 356.571 359.712 361.283 362.854 365.996 367.566 369.137 370.708 373.85 376.991 378.562 380.133 383.274 384.845 386.416 386.416 391.128 391.128 392.699 394.27 395.841 398.982 398.982 400.553 402.124 405.265 406.836 406.836 408.407 411.549 411.549 413.119 414.69 417.832 417.832 417.832 420.973 420.973 420.973 424.115 425.686 425.686 425.686 430.398 428.827 427.257 430.398 431.969 430.398 431.969 436.681 435.111 436.681 435.111 436.681 436.681 436.681 438.252 438.252 439.823 442.965 439.823 441.394 439.823 441.394 439.823 442.965 441.394 442.965 441.394 442.965 439.823 442.965 442.965 441.394 442.965 442.965 442.965 441.394 441.394 441.394 441.394 441.394 439.823 441.394 439.823 439.823 439.823 439.823 438.252 438.252 436.681 438.252 436.681 433.54 435.111 433.54 433.54 431.969 430.398 430.398 430.398 428.827 427.257 427.257 425.686 424.115 424.115 424.115 420.973 420.973 419.403 417.832 414.69 414.69 414.69 414.69 409.978 408.407 408.407 406.836 405.265 403.695 402.124 398.982 395.841 395.841 394.27 392.699 392.699 389.557 386.416 384.845 383.274 383.274 380.133 376.991 376.991 375.42 373.85 370.708 367.566 364.425 362.854 361.283 358.142 358.142 355 351.858 348.717 345.575 345.575 342.434 340.863 337.721 336.15 329.867 329.867 328.296 323.584 323.584 320.442 317.301 314.159 317.301 318.872 322.013 325.155 326.726 329.867 331.438 334.58 337.721 339.292 342.434 344.004 347.146 350.288 351.858 355 356.571 359.712 361.283 364.425 367.566 367.566 369.137 372.279 373.85 375.42 376.991 380.133 381.704 386.416 386.416 387.987 389.557 389.557 394.27 394.27 395.841 397.411 398.982 402.124 403.695 405.265 406.836 406.836 409.978 411.549 411.549 414.69 414.69 417.832 417.832 419.403 419.403 420.973 422.544 424.115 425.686 425.686 427.257 427.257 428.827 430.398 431.969 430.398 431.969 433.54 431.969 433.54 436.681 436.681 436.681 436.681 439.823 438.252 439.823 439.823 438.252 439.823 441.394 441.394 441.394 442.965 441.394 441.394 442.965 442.965 444.535 441.394 442.965 444.535 442.965 442.965 442.965 441.394 442.965 441.394 441.394 442.965 441.394 439.823 439.823 439.823 439.823 439.823 439.823 438.252 436.681 436.681 438.252 436.681 435.111 435.111 436.681 435.111 433.54 431.969 430.398 430.398 430.398 427.257 427.257 427.257 424.115 424.115 420.973 422.544 420.973 417.832 416.261 417.832 411.549 414.69 411.549 411.549 408.407 408.407 405.265 405.265 402.124 402.124 398.982 398.982 397.411 394.27 394.27 391.128 389.557 387.987 386.416 383.274 381.704 380.133 378.562 376.991 373.85 372.279 369.137 367.566 364.425 361.283 361.283 358.142 358.142 355 351.858 348.717 347.146 344.004 342.434 340.863 336.15 334.58 333.009 329.867 326.726 323.584 322.013 318.872 317.301 314.159
320.442 322.013 323.584 326.726 329.867 333.009 334.58 339.292 339.292 342.434 344.004 348.717 350.288 353.429 353.429 358.142 361.283 361.283 362.854 365.996 367.566 369.137 372.279 373.85 375.42 378.562 380.133 380.133 383.274 386.416 387.987 389.557 389.557 392.699 394.27 397.411 398.982 402.124 400.553 403.695 403.695 408.407 408.407 409.978 409.978 413.119 413.119 414.69 416.261 416.261 417.832 419.403 422.544 424.115 422.544 425.686 427.257 425.686 427.257 427.257 431.969 430.398 431.969 433.54 433.54 433.54 435.111 435.111 436.681 436.681 438.252 436.681 439.823 439.823 441.394 438.252 441.394 441.394 439.823 441.394 439.823 441.394 441.394 442.965 442.965 442.965 442.965 442.965 444.535 441.394 442.965 441.394 442.965 441.394 442.965 441.394 441.394 441.394 439.823 439.823 441.394 438.252 439.823 438.252 439.823 436.681 438.252 436.681 436.681 436.681 433.54 436.681 435.111 431.969 433.54 430.398 428.827 428.827 427.257 427.257 427.257 425.686 424.115 420.973 420.973 419.403 419.403 419.403 417.832 416.261 414.69 411.549 411.549 409.978 408.407 408.407 405.265 402.124 402.124 398.982 397.411 395.841 395.841 392.699 391.128 389.557 387.987 384.845 383.274 381.704 380.133 378.562 375.42 373.85 370.708 369.137 367.566 365.996 362.854 361.283 359.712 356.571 353.429 351.858 348.717 348.717 345.575 342.434 339.292 337.721 333.009 333.009 329.867 328.296 323.584 323.584 318.872 317.301 314.159 315.73 320.442 322.013 325.155 326.726 331.438 333.009 336.15 336.15 339.292 342.434 345.575 347.146 350.288 351.858 355 358.142 358.142 361.283 362.854 364.425 367.566 370.708 370.708 373.85 375.42 376.991 380.133 380.133 383.274 386.416 387.987 389.557 391.128 392.699 394.27 397.411 398.982 398.982 402.124 403.695 405.265 406.836 408.407 411.549 411.549 411.549 414.69 416.261 416.261 416.261 419.403 419.403 420.973 422.544 424.115 425.686 427.257 425.686 428.827 428.827 430.398 430.398 431.969 433.54 431.969 433.54 435.111 435.111 436.681 436.681 438.252 438.252 439.823 439.823 439.823 442.965 439.823 441.394 441.394 441.394 439.823 441.394 442.965 439.823 441.394 442.965 441.394 442.965 442.965 442.965 441.394 442.965 441.394 442.965 441.394 441.394 441.394 441.394 439.823 439.823 439.823 439.823 439.823 438.252 439.823 438.252 438.252 436.681 436.681 435.111 435.111 433.54 433.54 433.54 430.398 428.827 430.398 428.827 427.257 427.257 425.686 424.115 425.686 422.544 420.973 419.403 419.403 416.261 417.832 414.69 413.119 413.119 409.978 408.407 406.836 405.265 405.265 403.695 402.124 398.982 398.982 397.411 394.27 392.699 391.128 391.128 387.987 386.416 384.845 381.704 380.133 378.562 373.85 373.85 372.279 369.137 367.566 365.996 364.425 362.854 358.142 356.571 355 351.858 350.288 345.575 345.575 342.434 340.863 337.721 333.009 333.009 329.867 328.296 325.155 323.584 320.442 317.301 314.159
318.872 323.584 325.155 328.296 329.867 331.438 336.15 337.721 339.292 342.434 345.575 347.146 351.858 351.858 353.429 355 358.142 361.283 361.283 367.566 367.566 369.137 373.85 375.42 376.991 376.991 380.133 381.704 383.274 386.416 387.987 387.987 389.557 392.699 394.27 395.841 398.982 400.553 402.124 403.695 405.265 406.836 408.407 411.549 409.978 411.549 413.119 416.261 414.69 417.832 417.832 419.403 422.544 420.973 424.115 424.115 427.257 427.257 430.398 428.827 430.398 430.398 431.969 431.969 433.54 433.54 435.111 435.111 436.681 436.681 436.681 436.681 438.252 438.252 439.823 438.252 439.823 441.394 441.394 441.394 442.965 442.965 442.965 442.965 442.965 441.394 442.965 446.106 439.823 444.535 442.965 442.965 441.394 441.394 442.965 441.394 441.394 441.394 442.965 439.823 439.823 438.252 441.394 438.252 438.252 438.252 436.681 436.681 435.111 433.54 436.681 431.969 433.54 430.398 431.969 428.827 430.398 428.827 427.257 425.686 427.257 424.115 424.115 420.973 420.973 419.403 419.403 417.832 416.261 414.69 413.119 413.119 411.549 408.407 408.407 405.265 403.695 405.265 402.124 398.982 398.982 395.841 394.27 392.699 392.699 389.557 387.987 386.416 383.274 380.133 380.133 376.991 375.42 373.85 370.708 370.708 367.566 364.425 364.425 361.283 359.712 358.142 353.429 351.858 350.288 348.717 345.575 342.434 339.292 336.15 336.15 333.009 329.867 326.726 325.155 322.013 320.442 315.73 314.159 315.73 317.301 320.442 325.155 328.296 329.867 333.009 336.15 336.15 339.292 342.434 344.004 347.146 350.288 351.858 355 356.571 359.712 361.283 361.283 365.996 367.566 369.137 372.279 373.85 375.42 378.562 380.133 383.274 383.274 386.416 387.987 389.557 389.557 392.699 395.841 395.841 395.841 400.553 400.553 402.124 403.695 406.836 408.407 409.978 411.549 411.549 413.119 414.69 417.832 417.832 417.832 419.403 420.973 420.973 424.115 424.115 425.686 425.686 427.257 428.827 431.969 430.398 431.969 431.969 433.54 433.54 433.54 436.681 436.681 435.111 438.252 436.681 438.252 439.823 439.823 439.823 439.823 439.823 441.394 441.394 441.394 441.394 442.965 439.823 442.965 441.394 442.965 441.394 444.535 442.965 442.965 444.535 441.394 439.823 442.965 441.394 441.394 441.394 441.394 439.823 439.823 438.252 436.681 439.823 439.823 438.252 436.681 439.823 436.681 435.111 433.54 433.54 433.54 431.969 431.969 430.398 430.398 428.827 428.827 425.686 425.686 424.115 422.544 422.544 420.973 420.973 419.403 416.261 417.832 414.69 411.549 411.549 411.549 409.978 408.407 406.836 405.265 403.695 402.124 398.982 398.982 397.411 394.27 394.27 391.128 389.557 387.987 384.845 383.274 380.133 380.133 378.562 375.42 373.85 372.279 369.137 367.566 367.566 362.854 361.283 359.712 358.142 355 351.858 348.717 348.717 345.575 342.434 340.863 337.721 334.58 333.009 329.867 329.867 325.155 323.584 320.442 315.73 314.159
320.442 322.013 323.584 326.726 329.867 331.438 334.58 336.15 339.292 342.434 345.575 348.717 350.288 351.858 353.429 356.571 358.142 361.283 361.283 364.425 367.566 369.137 370.708 373.85 375.42 376.991 380.133 380.133 386.416 386.416 387.987 389.557 391.128 392.699 394.27 397.411 397.411 400.553 402.124 402.124 403.695 406.836 406.836 408.407 409.978 411.549 413.119 414.69 417.832 419.403 419.403 419.403 422.544 422.544 424.115 424.115 425.686 427.257 427.257 428.827 427.257 433.54 431.969 433.54 433.54 433.54 435.111 435.111 436.681 438.252 436.681 439.823 438.252 439.823 439.823 439.823 439.823 439.823 442.965 441.394 439.823 442.965 441.394 439.823 442.965 444.535 442.965 446.106 442.965 441.394 442.965 442.965 442.965 442.965 442.965 441.394 439.823 441.394 441.394 441.394 439.823 438.252 439.823 438.252 438.252 438.252 435.111 438.252 435.111 436.681 433.54 433.54 431.969 431.969 431.969 430.398 430.398 428.827 427.257 427.257 425.686 424.115 422.544 422.544 422.544 419.403 419.403 417.832 416.261 414.69 413.119 413.119 409.978 408.407 406.836 406.836 405.265 402.124 402.124 398.982 398.982 395.841 395.841 392.699 392.699 389.557 386.416 384.845 384.845 383.274 380.133 378.562 375.42 373.85 372.279 370.708 367.566 365.996 361.283 361.283 359.712 356.571 355 353.429 350.288 345.575 345.575 342.434 339.292 339.292 333.009 331.438 329.867 326.726 325.155 323.584 320.442 317.301 314.159 317.301 318.872 322.013 323.584 326.726 329.867 333.009 336.15 337.721 339.292 342.434 345.575 348.717 348.717 351.858 355 355 359.712 361.283 361.283 364.425 367.566 370.708 372.279 373.85 375.42 376.991 380.133 381.704 384.845 386.416 386.416 389.557 391.128 392.699 395.841 395.841 398.982 398.982 402.124 403.695 405.265 405.265 408.407 408.407 411.549 413.119 413.119 414.69 414.69 417.832 419.403 420.973 422.544 422.544 424.115 425.686 425.686 427.257 428.827 427.257 427.257 430.398 431.969 433.54 435.111 433.54 433.54 435.111 435.111 436.681 436.681 436.681 438.252 439.823 438.252 439.823 441.394 439.823 441.394 441.394 439.823 441.394 441.394 442.965 442.965 441.394 442.965 441.394 442.965 442.965 442.965 442.965 441.394 442.965 441.394 441.394 441.394 441.394 442.965 439.823 439.823 438.252 439.823 439.823 438.252 438.252 436.681 438.252 436.681 433.54 435.111 433.54 433.54 433.54 431.969 430.398 427.257 428.827 427.257 427.257 424.115 425.686 424.115 424.115 420.973 420.973 417.832 417.832 414.69 414.69 413.119 411.549 411.549 408.407 408.407 406.836 403.695 402.124 402.124 398.982 397.411 397.411 394.27 392.699 389.557 389.557 387.987 384.845 383.274 383.274 380.133 376.991 373.85 373.85 370.708 369.137 369.137 364.425 362.854 359.712 358.142 356.571 355 351.858 348.717 347.146 344.004 342.434 340.863 336.15 334.58 333.009 331.438 328.296 325.155 323.584 320.442 317.301 314.159
320.442 320.442 323.584 328.296 329.867 333.009 334.58 339.292 340.863 342.434 342.434 348.717 348.717 351.858 355 356.571 358.142 361.283 364.425 365.996 369.137 369.137 372.279 373.85 376.991 378.562 380.133 381.704 383.274 384.845 386.416 389.557 392.699 392.699 394.27 397.411 398.982 398.982 400.553 403.695 403.695 406.836 408.407 408.407 409.978 413.119 414.69 414.69 414.69 416.261 419.403 420.973 420.973 422.544 424.115 425.686 425.686 427.257 427.257 428.827 430.398 430.398 431.969 430.398 433.54 433.54 433.54 435.111 436.681 436.681 438.252 439.823 438.252 439.823 439.823 439.823 441.394 441.394 441.394 441.394 441.394 442.965 442.965 442.965 441.394 442.965 442.965 441.394 442.965 441.394 442.965 442.965 441.394 442.965 442.965 439.823 439.823 441.394 441.394 439.823 439.823 442.965 439.823 439.823 438.252 439.823 436.681 436.681 435.111 433.54 435.111 433.54 433.54 433.54 431.969 430.398 430.398 428.827 428.827 427.257 425.686 425.686 424.115 422.544 422.544 419.403 417.832 417.832 417.832 414.69 413.119 413.119 409.978 408.407 408.407 406.836 405.265 403.695 402.124 400.553 395.841 395.841 395.841 392.699 392.699 387.987 387.987 386.416 383.274 380.133 380.133 378.562 376.991 373.85 370.708 369.137 367.566 364.425 361.283 361.283 359.712 356.571 355 355 348.717 347.146 345.575 342.434 339.292 339.292 333.009 331.438 329.867 326.726 325.155 322.013 318.872 317.301 314.159 317.301 318.872 322.013 325.155 326.726 329.867 333.009 336.15 336.15 339.292 342.434 344.004 347.146 348.717 351.858 355 358.142 359.712 361.283 362.854 364.425 367.566 369.137 370.708 373.85 376.991 376.991 380.133 383.274 384.845 386.416 387.987 389.557 391.128 395.841 395.841 395.841 398.982 400.553 398.982 403.695 405.265 406.836 408.407 409.978 411.549 411.549 413.119 416.261 417.832 417.832 417.832 419.403 420.973 422.544 422.544 424.115 424.115 427.257 427.257 427.257 430.398 430.398 430.398 430.398 433.54 431.969 435.111 436.681 436.681 436.681 438.252 438.252 438.252 438.252 439.823 439.823 441.394 439.823 441.394 441.394 442.965 442.965 441.394 442.965 442.965 442.965 441.394 442.965 439.823 442.965 442.965 442.965 442.965 439.823 442.965 441.394 441.394 441.394 442.965 441.394 441.394 438.252 439.823 438.252 436.681 436.681 435.111 436.681 436.681 433.54 435.111 433.54 433.54 431.969 431.969 430.398 427.257 428.827 428.827 425.686 427.257 424.115 422.544 420.973 420.973 419.403 419.403 420.973 414.69 416.261 413.119 411.549 411.549 409.978 408.407 405.265 405.265 403.695 402.124 400.553 395.841 397.411 394.27 392.699 391.128 389.557 387.987 384.845 384.845 381.704 380.133 378.562 375.42 373.85 372.279 369.137 367.566 367.566 362.854 361.283 358.142 358.142 355 351.858 350.288 347.146 344.004 342.434 339.292 337.721 336.15 331.438 331.438 329.867 325.155 322.013 318.872 317.301 314.159
318.872 320.442 325.155 326.726 331.438 333.009 333.009 337.721 339.292 342.434 344.004 345.575 350.288 351.858 353.429 356.571 359.712 361.283 364.425 364.425 367.566 370.708 372.279 373.85 376.991 378.562 380.133 380.133 383.274 386.416 387.987 389.557 392.699 392.699 395.841 397.411 398.982 400.553 402.124 403.695 405.265 405.265 408.407 408.407 411.549 411.549 414.69 414.69 414.69 417.832 417.832 420.973 420.973 420.973 424.115 425.686 427.257 425.686 428.827 428.827 427.257 430.398 430.398 433.54 430.398 436.681 433.54 435.111 436.681 436.681 438.252 436.681 436.681 438.252 439.823 439.823 441.394 439.823 439.823 441.394 441.394 441.394 442.965 442.965 442.965 442.965 441.394 442.965 442.965 442.965 442.965 442.965 442.965 444.535 442.965 441.394 442.965 441.394 439.823 441.394 441.394 439.823 441.394 439.823 438.252 439.823 436.681 436.681 436.681 436.681 435.111 433.54 433.54 433.54 431.969 430.398 430.398 428.827 428.827 425.686 427.257 424.115 424.115 422.544 422.544 419.403 419.403 417.832 414.69 416.261 413.119 413.119 409.978 408.407 408.407 405.265 405.265 403.695 400.553 400.553 397.411 397.411 395.841 392.699 392.699 389.557 387.987 386.416 383.274 381.704 378.562 376.991 376.991 376.991 372.279 370.708 367.566 364.425 364.425 361.283 358.142 356.571 355 351.858 348.717 348.717 342.434 342.434 339.292 339.292 336.15 331.438 331.438 328.296 323.584 323.584 318.872 317.301 314.159 317.301 318.872 322.013 325.155 328.296 329.867 333.009 336.15 336.15 340.863 342.434 345.575 347.146 350.288 351.858 353.429 355 358.142 361.283 362.854 367.566 367.566 370.708 370.708 373.85 376.991 380.133 380.133 383.274 383.274 386.416 387.987 389.557 392.699 395.841 394.27 395.841 397.411 400.553 400.553 402.124 403.695 405.265 408.407 411.549 409.978 411.549 413.119 416.261 417.832 416.261 419.403 419.403 422.544 424.115 422.544 425.686 425.686 427.257 427.257 430.398 430.398 428.827 431.969 431.969 433.54 433.54 433.54 436.681 436.681 436.681 435.111 436.681 438.252 438.252 441.394 439.823 441.394 441.394 442.965 441.394 439.823 441.394 441.394 442.965 442.965 442.965 441.394 442.965 442.965 442.965 442.965 444.535 441.394 444.535 442.965 441.394 442.965 441.394 442.965 441.394 441.394 438.252 436.681 439.823 438.252 436.681 436.681 436.681 433.54 436.681 433.54 435.111 433.54 431.969 430.398 430.398 427.257 428.827 425.686 427.257 425.686 424.115 422.544 422.544 420.973 420.973 419.403 416.261 414.69 414.69 414.69 411.549 411.549 408.407 408.407 405.265 405.265 403.695 400.553 400.553 398.982 395.841 394.27 394.27 392.699 387.987 387.987 384.845 384.845 383.274 380.133 376.991 373.85 373.85 370.708 370.708 367.566 365.996 364.425 361.283 358.142 356.571 353.429 351.858 348.717 348.717 345.575 342.434 339.292 337.721 336.15 333.009 329.867 328.296 325.155 323.584 320.442 317.301 314.159
320.442 323.584 325.155 326.726 329.867 331.438 334.58 337.721 340.863 342.434 342.434 347.146 350.288 351.858 353.429 356.571 358.142 361.283 361.283 365.996 367.566 370.708 370.708 373.85 376.991 378.562 380.133 381.704 383.274 384.845 387.987 389.557 391.128 392.699 394.27 397.411 398.982 402.124 402.124 402.124 403.695 406.836 405.265 409.978 409.978 413.119 414.69 414.69 417.832 417.832 417.832 420.973 420.973 424.115 424.115 424.115 427.257 425.686 428.827 428.827 431.969 430.398 430.398 431.969 433.54 433.54 435.111 435.111 436.681 436.681 436.681 438.252 438.252 438.252 441.394 439.823 441.394 439.823 439.823 441.394 442.965 442.965 441.394 442.965 441.394 442.965 442.965 442.965 442.965 442.965 442.965 441.394 442.965 442.965 442.965 441.394 441.394 441.394 439.823 441.394 441.394 439.823 439.823 439.823 439.823 438.252 438.252 436.681 436.681 436.681 435.111 433.54 433.54 431.969 430.398 430.398 431.969 428.827 427.257 427.257 425.686 424.115 424.115 424.115 420.973 420.973 420.973 417.832 414.69 414.69 414.69 411.549 411.549 408.407 408.407 406.836 405.265 402.124 402.124 402.124 398.982 397.411 394.27 395.841 389.557 389.557 387.987 386.416 386.416 380.133 380.133 378.562 375.42 373.85 370.708 369.137 367.566 367.566 364.425 361.283 359.712 355 355 351.858 348.717 348.717 345.575 342.434 339.292 336.15 336.15 329.867 329.867 328.296 326.726 322.013 320.442 317.301 314.159 317.301 320.442 322.013 325.155 326.726 329.867 333.009 334.58 336.15 339.292 342.434 344.004 347.146 350.288 351.858 355 355 358.142 361.283 364.425 367.566 369.137 370.708 373.85 373.85 373.85 378.562 378.562 383.274 384.845 386.416 389.557 389.557 389.557 392.699 395.841 397.411 398.982 400.553 402.124 402.124 405.265 405.265 406.836 409.978 409.978 411.549 413.119 416.261 417.832 416.261 417.832 419.403 420.973 422.544 422.544 425.686 425.686 425.686 428.827 428.827 430.398 428.827 431.969 433.54 431.969 433.54 435.111 435.111 436.681 436.681 436.681 436.681 438.252 438.252 439.823 439.823 439.823 439.823 439.823 441.394 441.394 442.965 441.394 442.965 441.394 442.965 442.965 441.394 439.823 442.965 442.965 442.965 441.394 442.965 442.965 441.394 442.965 441.394 441.394 439.823 439.823 442.965 439.823 439.823 438.252 438.252 438.252 435.111 436.681 435.111 435.111 436.681 433.54 431.969 431.969 430.398 428.827 428.827 427.257 425.686 425.686 425.686 422.544 422.544 420.973 420.973 419.403 417.832 414.69 416.261 414.69 413.119 411.549 409.978 406.836 406.836 405.265 403.695 402.124 402.124 397.411 397.411 394.27 392.699 392.699 387.987 387.987 386.416 383.274 381.704 380.133 376.991 375.42 375.42 372.279 369.137 367.566 364.425 362.854 359.712 361.283 356.571 353.429 353.429 350.288 348.717 344.004 342.434 339.292 337.721 334.58 331.438 329.867 328.296 325.155 323.584 318.872 315.73 314.159
320.442 322.013 325.155 328.296 329.867 333.009 336.15 336.15 339.292 342.434 344.004 347.146 350.288 353.429 355 356.571 358.142 361.283 364.425 364.425 367.566 370.708 373.85 373.85 376.991 378.562 380.133 381.704 383.274 386.416 387.987 387.987 391.128 394.27 394.27 397.411 397.411 400.553 402.124 403.695 405.265 406.836 408.407 411.549 411.549 413.119 413.119 414.69 414.69 417.832 419.403 419.403 420.973 424.115 424.115 424.115 427.257 427.257 427.257 428.827 430.398 430.398 430.398 433.54 430.398 433.54 435.111 435.111 435.111 436.681 438.252 439.823 438.252 438.252 441.394 439.823 439.823 441.394 441.394 441.394 441.394 441.394 441.394 442.965 441.394 444.535 442.965 441.394 439.823 442.965 442.965 442.965 442.965 442.965 442.965 441.394 441.394 441.394 439.823 439.823 439.823 439.823 436.681 439.823 438.252 439.823 438.252 436.681 435.111 433.54 435.111 433.54 433.54 431.969 431.969 430.398 430.398 428.827 430.398 425.686 425.686 425.686 424.115 422.544 420.973 419.403 417.832 419.403 414.69 416.261 414.69 411.549 409.978 408.407 408.407 405.265 405.265 402.124 400.553 398.982 397.411 397.411 394.27 392.699 391.128 389.557 387.987 384.845 383.274 381.704 381.704 378.562 375.42 373.85 372.279 369.137 367.566 367.566 361.283 361.283 359.712 356.571 355 351.858 348.717 347.146 345.575 342.434 339.292 337.721 336.15 333.009 329.867 326.726 326.726 323.584 318.872 315.73 314.159 317.301 318.872 320.442 323.584 328.296 329.867 333.009 336.15 337.721 339.292 342.434 344.004 345.575 348.717 351.858 353.429 358.142 358.142 361.283 361.283 364.425 367.566 370.708 370.708 373.85 375.42 378.562 380.133 381.704 383.274 384.845 386.416 391.128 392.699 392.699 395.841 395.841 398.982 398.982 402.124 402.124 405.265 406.836 408.407 411.549 411.549 411.549 413.119 414.69 414.69 417.832 419.403 420.973 420.973 424.115 424.115 425.686 427.257 425.686 427.257 428.827 430.398 430.398 431.969 430.398 433.54 431.969 435.111 436.681 436.681 438.252 436.681 439.823 438.252 439.823 439.823 439.823 439.823 441.394 439.823 441.394 442.965 442.965 442.965 439.823 441.394 442.965 441.394 442.965 442.965 444.535 442.965 442.965 442.965 442.965 439.823 442.965 441.394 441.394 441.394 439.823 439.823 438.252 436.681 439.823 438.252 439.823 436.681 435.111 433.54 435.111 435.111 436.681 433.54 431.969 430.398 430.398 430.398 427.257 427.257 427.257 427.257 424.115 422.544 422.544 420.973 420.973 419.403 417.832 417.832 416.261 414.69 411.549 411.549 408.407 408.407 405.265 405.265 402.124 402.124 400.553 398.982 395.841 394.27 392.699 392.699 389.557 387.987 386.416 383.274 381.704 380.133 376.991 376.991 373.85 370.708 370.708 367.566 364.425 362.854 361.283 359.712 356.571 355 351.858 348.717 345.575 345.575 342.434 339.292 336.15 334.58 333.009 329.867 328.296 326.726 323.584 320.442 317.301 314.159
318.872 322.013 325.155 326.726 329.867 331.438 336.15 337.721 342.434 342.434 345.575 345.575 350.288 353.429 353.429 356.571 359.712 361.283 364.425 364.425 367.566 370.708 370.708 373.85 375.42 378.562 380.133 383.274 383.274 386.416 389.557 389.557 392.699 392.699 394.27 395.841 397.411 400.553 400.553 403.695 405.265 406.836 408.407 409.978 409.978 411.549 413.119 414.69 417.832 416.261 419.403 419.403 420.973 424.115 422.544 425.686 425.686 427.257 427.257 428.827 430.398 430.398 430.398 433.54 431.969 435.111 435.111 436.681 436.681 436.681 438.252 438.252 438.252 438.252 439.823 438.252 441.394 439.823 439.823 441.394 442.965 441.394 441.394 442.965 442.965 442.965 441.394 442.965 439.823 442.965 442.965 441.394 441.394 442.965 441.394 442.965 439.823 441.394 441.394 441.394 439.823 439.823 439.823 439.823 438.252 436.681 438.252 436.681 435.111 436.681 435.111 433.54 430.398 431.969 430.398 431.969 430.398 428.827 427.257 427.257 425.686 425.686 422.544 424.115 420.973 420.973 419.403 417.832 414.69 414.69 413.119 414.69 409.978 408.407 408.407 406.836 405.265 402.124 400.553 398.982 398.982 395.841 395.841 392.699 391.128 391.128 387.987 386.416 383.274 383.274 380.133 376.991 376.991 375.42 372.279 369.137 367.566 364.425 362.854 362.854 359.712 356.571 355 351.858 348.717 347.146 344.004 344.004 340.863 339.292 336.15 331.438 329.867 326.726 323.584 323.584 318.872 314.159 314.159 315.73 320.442 322.013 323.584 328.296 329.867 333.009 336.15 337.721 340.863 342.434 344.004 348.717 348.717 351.858 353.429 358.142 358.142 361.283 364.425 367.566 367.566 370.708 373.85 373.85 375.42 378.562 380.133 381.704 384.845 384.845 386.416 389.557 389.557 395.841 394.27 397.411 398.982 400.553 402.124 403.695 405.265 406.836 405.265 408.407 409.978 411.549 413.119 414.69 414.69 417.832 417.832 419.403 420.973 424.115 422.544 425.686 427.257 427.257 427.257 428.827 430.398 430.398 431.969 433.54 433.54 436.681 435.111 436.681 436.681 436.681 436.681 436.681 439.823 438.252 439.823 441.394 439.823 439.823 439.823 441.394 441.394 442.965 441.394 442.965 441.394 441.394 442.965 442.965 442.965 441.394 442.965 442.965 442.965 442.965 441.394 441.394 439.823 441.394 442.965 441.394 441.394 439.823 436.681 438.252 438.252 439.823 438.252 435.111 436.681 435.111 435.111 433.54 433.54 431.969 431.969 431.969 430.398 428.827 425.686 425.686 427.257 424.115 424.115 420.973 420.973 417.832 419.403 420.973 417.832 416.261 414.69 411.549 411.549 408.407 408.407 406.836 405.265 403.695 402.124 400.553 398.982 397.411 394.27 392.699 392.699 389.557 387.987 386.416 384.845 383.274 380.133 376.991 375.42 373.85 372.279 370.708 370.708 364.425 362.854 359.712 358.142 356.571 355 351.858 348.717 345.575 345.575 342.434 340.863 337.721 336.15 331.438 329.867 328.296 325.155 322.013 320.442 315.73 314.159
320.442 322.013 323.584 326.726 329.867 333.009 333.009 337.721 339.292 344.004 345.575 347.146 348.717 351.858 355 358.142 359.712 361.283 361.283 365.996 367.566 370.708 372.279 373.85 376.991 378.562 380.133 381.704 384.845 384.845 386.416 389.557 389.557 392.699 394.27 397.411 398.982 400.553 402.124 405.265 405.265 406.836 408.407 408.407 411.549 413.119 414.69 414.69 414.69 416.261 419.403 419.403 420.973 420.973 424.115 425.686 424.115 427.257 427.257 428.827 428.827 430.398 431.969 433.54 433.54 433.54 435.111 435.111 436.681 438.252 436.681 438.252 438.252 438.252 439.823 439.823 439.823 439.823 439.823 441.394 439.823 441.394 442.965 441.394 441.394 444.535 442.965 442.965 442.965 442.965 442.965 442.965 441.394 441.394 441.394 442.965 441.394 441.394 442.965 441.394 439.823 439.823 438.252 438.252 438.252 436.681 438.252 436.681 436.681 435.111 435.111 435.111 433.54 431.969 431.969 430.398 430.398 428.827 430.398 425.686 425.686 424.115 424.115 420.973 422.544 417.832 417.832 416.261 414.69 414.69 411.549 411.549 409.978 411.549 408.407 406.836 405.265 405.265 402.124 400.553 398.982 395.841 395.841 392.699 392.699 389.557 387.987 384.845 386.416 383.274 380.133 378.562 376.991 373.85 372.279 369.137 367.566 365.996 362.854 361.283 358.142 358.142 353.429 351.858 348.717 348.717 344.004 342.434 339.292 337.721 334.58 331.438 329.867 326.726 325.155 322.013 320.442 317.301 314.159 317.301 318.872 320.442 325.155 326.726 329.867 333.009 334.58 336.15 339.292 342.434 344.004 345.575 348.717 351.858 353.429 358.142 358.142 361.283 364.425 365.996 369.137 370.708 370.708 373.85 373.85 378.562 380.133 383.274 383.274 384.845 386.416 389.557 391.128 392.699 395.841 397.411 398.982 400.553 400.553 403.695 403.695 406.836 408.407 409.978 409.978 411.549 413.119 414.69 417.832 417.832 417.832 417.832 422.544 424.115 422.544 424.115 427.257 427.257 427.257 427.257 427.257 428.827 431.969 431.969 433.54 435.111 435.111 436.681 436.681 435.111 438.252 436.681 438.252 438.252 441.394 439.823 439.823 441.394 439.823 441.394 439.823 442.965 441.394 441.394 442.965 441.394 442.965 442.965 442.965 442.965 442.965 441.394 442.965 442.965 442.965 441.394 441.394 441.394 441.394 441.394 441.394 442.965 439.823 439.823 436.681 438.252 438.252 436.681 436.681 433.54 433.54 433.54 433.54 433.54 430.398 430.398 430.398 428.827 428.827 427.257 425.686 424.115 424.115 424.115 420.973 420.973 417.832 417.832 417.832 414.69 414.69 411.549 409.978 411.549 406.836 406.836 405.265 402.124 402.124 400.553 398.982 398.982 395.841 394.27 392.699 387.987 386.416 386.416 383.274 380.133 380.133 380.133 376.991 373.85 370.708 370.708 367.566 364.425 361.283 361.283 359.712 356.571 353.429 351.858 351.858 347.146 345.575 344.004 342.434 336.15 336.15 333.009 331.438 326.726 323.584 322.013 318.872 317.301 314.159
320.442 323.584 323.584 326.726 329.867 333.009 336.15 339.292 340.863 342.434 342.434 347.146 348.717 355 353.429 358.142 358.142 361.283 362.854 364.425 367.566 369.137 372.279 373.85 375.42 378.562 378.562 381.704 383.274 386.416 386.416 389.557 389.557 392.699 395.841 395.841 397.411 400.553 402.124 402.124 403.695 406.836 408.407 408.407 411.549 411.549 413.119 414.69 416.261 417.832 419.403 417.832 420.973 420.973 424.115 425.686 424.115 425.686 430.398 428.827 430.398 430.398 431.969 431.969 430.398 433.54 433.54 433.54 436.681 438.252 438.252 436.681 439.823 438.252 439.823 439.823 441.394 441.394 441.394 441.394 441.394 442.965 442.965 442.965 441.394 442.965 441.394 442.965 442.965 442.965 442.965 442.965 441.394 441.394 441.394 441.394 442.965 441.394 442.965 441.394 439.823 439.823 441.394 438.252 438.252 438.252 438.252 436.681 435.111 436.681 435.111 433.54 433.54 433.54 431.969 430.398 430.398 428.827 427.257 427.257 424.115 424.115 424.115 422.544 422.544 419.403 419.403 416.261 417.832 416.261 413.119 411.549 409.978 408.407 408.407 405.265 403.695 402.124 402.124 398.982 398.982 395.841 394.27 394.27 392.699 391.128 387.987 386.416 383.274 383.274 380.133 376.991 375.42 373.85 370.708 370.708 367.566 364.425 364.425 361.283 358.142 355 355 351.858 351.858 347.146 345.575 342.434 339.292 336.15 334.58 333.009 329.867 326.726 323.584 322.013 320.442 317.301 314.159 315.73 320.442 320.442 325.155 328.296 331.438 331.438 334.58 339.292 339.292 342.434 344.004 345.575 348.717 351.858 353.429 356.571 358.142 361.283 362.854 364.425 367.566 369.137 372.279 373.85 373.85 378.562 380.133 383.274 383.274 386.416 387.987 389.557 391.128 392.699 395.841 395.841 397.411 398.982 402.124 402.124 405.265 406.836 406.836 409.978 409.978 413.119 413.119 414.69 414.69 417.832 419.403 420.973 420.973 424.115 424.115 425.686 425.686 427.257 430.398 428.827 430.398 430.398 430.398 431.969 433.54 431.969 433.54 436.681 435.111 436.681 438.252 436.681 438.252 438.252 436.681 438.252 441.394 441.394 439.823 441.394 442.965 441.394 441.394 442.965 442.965 442.965 441.394 442.965 442.965 441.394 442.965 442.965 442.965 441.394 441.394 441.394 439.823 441.394 442.965 439.823 439.823 441.394 439.823 438.252 438.252 436.681 438.252 436.681 436.681 435.111 435.111 433.54 433.54 433.54 431.969 428.827 430.398 428.827 427.257 427.257 425.686 425.686 422.544 420.973 420.973 420.973 419.403 417.832 416.261 414.69 414.69 411.549 409.978 409.978 406.836 406.836 405.265 403.695 402.124 398.982 397.411 395.841 394.27 392.699 392.699 389.557 387.987 384.845 383.274 383.274 378.562 376.991 376.991 373.85 372.279 369.137 367.566 364.425 364.425 361.283 358.142 356.571 355 353.429 350.288 347.146 345.575 342.434 340.863 337.721 334.58 333.009 329.867 326.726 325.155 322.013 320.442 317.301 314.159
320.442 322.013 325.155 326.726 329.867 333.009 333.009 339.292 339.292 342.434 344.004 347.146 351.858 351.858 353.429 356.571 359.712 361.283 364.425 367.566 367.566 369.137 370.708 375.42 375.42 378.562 380.133 380.133 384.845 386.416 386.416 389.557 392.699 395.841 394.27 395.841 398.982 398.982 402.124 403.695 405.265 406.836 405.265 411.549 411.549 411.549 413.119 414.69 416.261 417.832 417.832 419.403 420.973 420.973 424.115 424.115 425.686 425.686 427.257 428.827 430.398 428.827 430.398 431.969 433.54 433.54 435.111 436.681 436.681 438.252 436.681 436.681 438.252 438.252 436.681 439.823 441.394 441.394 442.965 441.394 439.823 441.394 442.965 439.823 441.394 442.965 441.394 442.965 442.965 441.394 442.965 442.965 441.394 441.394 441.394 441.394 442.965 441.394 441.394 441.394 441.394 439.823 439.823 439.823 438.252 439.823 438.252 436.681 436.681 433.54 435.111 436.681 431.969 431.969 430.398 430.398 430.398 428.827 427.257 425.686 425.686 424.115 424.115 420.973 422.544 419.403 419.403 417.832 414.69 414.69 413.119 411.549 411.549 408.407 406.836 406.836 405.265 402.124 400.553 400.553 395.841 397.411 394.27 392.699 391.128 387.987 387.987 384.845 384.845 381.704 380.133 380.133 376.991 373.85 373.85 369.137 367.566 365.996 364.425 361.283 359.712 355 355 351.858 350.288 348.717 345.575 342.434 339.292 337.721 336.15 333.009 329.867 326.726 325.155 322.013 318.872 315.73 314.159 317.301 320.442 322.013 323.584 326.726 329.867 333.009 334.58 339.292 340.863 342.434 345.575 347.146 348.717 351.858 353.429 356.571 359.712 359.712 362.854 365.996 367.566 369.137 372.279 375.42 376.991 378.562 380.133 380.133 384.845 386.416 387.987 389.557 389.557 395.841 394.27 395.841 397.411 400.553 402.124 402.124 403.695 406.836 408.407 408.407 409.978 411.549 414.69 414.69 416.261 417.832 419.403 420.973 420.973 424.115 424.115 425.686 425.686 427.257 427.257 428.827 428.827 430.398 431.969 433.54 433.54 433.54 435.111 433.54 436.681 436.681 438.252 438.252 438.252 438.252 441.394 439.823 439.823 439.823 441.394 441.394 441.394 441.394 441.394 442.965 444.535 442.965 442.965 442.965 442.965 442.965 442.965 442.965 446.106 444.535 442.965 441.394 439.823 441.394 442.965 439.823 439.823 439.823 439.823 439.823 438.252 436.681 438.252 435.111 436.681 435.111 435.111 433.54 433.54 433.54 430.398 430.398 430.398 428.827 427.257 427.257 424.115 424.115 422.544 422.544 420.973 420.973 419.403 417.832 414.69 416.261 414.69 413.119 411.549 408.407 408.407 406.836 405.265 403.695 402.124 398.982 398.982 395.841 394.27 392.699 392.699 391.128 387.987 386.416 386.416 380.133 380.133 378.562 376.991 373.85 370.708 370.708 367.566 364.425 361.283 361.283 359.712 356.571 353.429 351.858 348.717 347.146 345.575 342.434 340.863 337.721 334.58 333.009 331.438 328.296 325.155 320.442 318.872 317.301 314.159
320.442 322.013 325.155 326.726 329.867 329.867 336.15 336.15 339.292 342.434 345.575 348.717 350.288 351.858 355 356.571 358.142 361.283 362.854 365.996 367.566 369.137 372.279 373.85 375.42 376.991 380.133 380.133 383.274 386.416 387.987 389.557 391.128 392.699 394.27 397.411 398.982 402.124 402.124 402.124 405.265 406.836 408.407 408.407 411.549 413.119 413.119 416.261 416.261 417.832 417.832 420.973 420.973 424.115 422.544 424.115 425.686 427.257 428.827 428.827 430.398 430.398 430.398 431.969 433.54 433.54 435.111 435.111 436.681 436.681 436.681 436.681 439.823 439.823 439.823 442.965 441.394 439.823 442.965 441.394 439.823 441.394 441.394 442.965 442.965 442.965 442.965 442.965 442.965 442.965 442.965 441.394 441.394 442.965 442.965 441.394 442.965 441.394 439.823 439.823 441.394 439.823 441.394 438.252 438.252 439.823 436.681 436.681 435.111 435.111 433.54 433.54 435.111 431.969 431.969 430.398 430.398 428.827 430.398 425.686 427.257 425.686 422.544 424.115 420.973 419.403 419.403 419.403 414.69 414.69 413.119 413.119 409.978 408.407 408.407 406.836 403.695 405.265 402.124 400.553 398.982 397.411 395.841 392.699 392.699 389.557 386.416 384.845 384.845 383.274 381.704 378.562 376.991 373.85 372.279 370.708 367.566 367.566 364.425 361.283 359.712 356.571 353.429 351.858 350.288 348.717 344.004 342.434 339.292 337.721 336.15 333.009 329.867 326.726 325.155 322.013 318.872 317.301 314.159 317.301 320.442 322.013 325.155 326.726 329.867 333.009 333.009 339.292 340.863 342.434 345.575 345.575 350.288 351.858 355 356.571 358.142 361.283 362.854 364.425 369.137 369.137 372.279 373.85 376.991 376.991 380.133 383.274 384.845 386.416 386.416 389.557 391.128 392.699 395.841 397.411 398.982 398.982 402.124 402.124 405.265 406.836 405.265 408.407 409.978 413.119 413.119 414.69 414.69 416.261 417.832 420.973 420.973 424.115 422.544 424.115 427.257 425.686 428.827 428.827 430.398 433.54 431.969 431.969 430.398 435.111 435.111 433.54 435.111 436.681 438.252 439.823 438.252 438.252 439.823 438.252 439.823 441.394 439.823 441.394 441.394 441.394 442.965 441.394 444.535 439.823 441.394 442.965 442.965 441.394 442.965 442.965 442.965 441.394 441.394 441.394 442.965 441.394 442.965 441.394 439.823 439.823 439.823 438.252 438.252 438.252 435.111 436.681 435.111 435.111 433.54 436.681 433.54 431.969 431.969 430.398 430.398 428.827 427.257 427.257 427.257 424.115 422.544 422.544 422.544 420.973 419.403 416.261 417.832 416.261 413.119 411.549 409.978 408.407 406.836 406.836 405.265 402.124 402.124 398.982 397.411 395.841 395.841 394.27 392.699 389.557 387.987 386.416 383.274 381.704 380.133 376.991 375.42 375.42 373.85 370.708 367.566 367.566 364.425 359.712 359.712 356.571 355 351.858 350.288 347.146 344.004 342.434 339.292 337.721 336.15 333.009 329.867 328.296 325.155 323.584 320.442 315.73 314.159
318.872 323.584 323.584 326.726 329.867 331.438 333.009 337.721 339.292 342.434 345.575 345.575 351.858 351.858 355 358.142 359.712 361.283 364.425 364.425 367.566 367.566 372.279 375.42 376.991 378.562 380.133 381.704 383.274 386.416 387.987 389.557 392.699 392.699 395.841 395.841 397.411 400.553 402.124 405.265 405.265 406.836 408.407 409.978 411.549 414.69 413.119 414.69 414.69 417.832 417.832 419.403 422.544 420.973 424.115 424.115 427.257 427.257 428.827 430.398 430.398 430.398 431.969 431.969 433.54 431.969 435.111 435.111 435.111 436.681 436.681 436.681 438.252 438.252 439.823 439.823 439.823 442.965 441.394 441.394 442.965 442.965 441.394 442.965 442.965 442.965 442.965 441.394 442.965 442.965 441.394 442.965 441.394 439.823 441.394 442.965 442.965 441.394 439.823 441.394 439.823 439.823 438.252 439.823 438.252 436.681 438.252 435.111 435.111 436.681 435.111 431.969 433.54 431.969 431.969 428.827 430.398 428.827 427.257 425.686 425.686 425.686 422.544 420.973 420.973 420.973 419.403 417.832 416.261 414.69 414.69 411.549 411.549 409.978 408.407 408.407 403.695 403.695 402.124 400.553 395.841 395.841 395.841 394.27 391.128 391.128 389.557 386.416 383.274 381.704 380.133 380.133 375.42 373.85 372.279 370.708 367.566 365.996 362.854 359.712 358.142 358.142 355 351.858 348.717 348.717 344.004 342.434 342.434 337.721 334.58 331.438 329.867 326.726 326.726 322.013 318.872 315.73 314.159 317.301 318.872 323.584 325.155 326.726 329.867 331.438 336.15 336.15 339.292 342.434 344.004 348.717 348.717 353.429 355 356.571 359.712 359.712 362.854 365.996 367.566 370.708 370.708 373.85 375.42 376.991 380.133 381.704 383.274 386.416 387.987 389.557 391.128 392.699 395.841 395.841 397.411 400.553 402.124 405.265 403.695 405.265 408.407 408.407 411.549 411.549 414.69 413.119 417.832 419.403 419.403 420.973 420.973 420.973 422.544 424.115 427.257 427.257 428.827 427.257 430.398 430.398 430.398 430.398 435.111 433.54 435.111 435.111 436.681 436.681 438.252 436.681 439.823 438.252 441.394 439.823 441.394 439.823 441.394 441.394 441.394 442.965 442.965 441.394 441.394 442.965 442.965 446.106 442.965 441.394 442.965 442.965 442.965 442.965 441.394 441.394 441.394 441.394 439.823 441.394 441.394 441.394 439.823 438.252 438.252 439.823 435.111 436.681 435.111 433.54 436.681 433.54 433.54 431.969 431.969 430.398 430.398 428.827 428.827 427.257 424.115 424.115 422.544 422.544 420.973 419.403 419.403 417.832 417.832 414.69 413.119 413.119 411.549 408.407 408.407 405.265 405.265 403.695 402.124 400.553 397.411 395.841 395.841 392.699 389.557 391.128 387.987 384.845 384.845 381.704 380.133 378.562 376.991 373.85 370.708 367.566 367.566 365.996 364.425 361.283 359.712 358.142 355 351.858 350.288 347.146 344.004 342.434 340.863 337.721 336.15 333.009 329.867 328.296 323.584 323.584 318.872 317.301 314.159
320.442 322.013 326.726 326.726 329.867 333.009 336.15 339.292 339.292 342.434 345.575 347.146 350.288 351.858 355 356.571 358.142 361.283 364.425 367.566 367.566 369.137 370.708 373.85 376.991 378.562 380.133 380.133 383.274 386.416 386.416 389.557 392.699 395.841 394.27 395.841 397.411 400.553 402.124 402.124 405.265 405.265 408.407 409.978 409.978 413.119 413.119 414.69 414.69 416.261 419.403 419.403 422.544 422.544 422.544 424.115 427.257 425.686 428.827 428.827 427.257 430.398 430.398 430.398 433.54 436.681 435.111 433.54 436.681 436.681 438.252 436.681 438.252 438.252 438.252 439.823 439.823 439.823 442.965 441.394 441.394 442.965 442.965 442.965 442.965 442.965 441.394 442.965 442.965 442.965 442.965 442.965 441.394 442.965 441.394 442.965 441.394 441.394 441.394 442.965 439.823 439.823 439.823 438.252 438.252 438.252 438.252 439.823 436.681 436.681 435.111 436.681 433.54 433.54 431.969 430.398 430.398 428.827 427.257 425.686 425.686 424.115 424.115 424.115 420.973 420.973 419.403 417.832 416.261 414.69 413.119 411.549 411.549 409.978 408.407 405.265 403.695 402.124 400.553 398.982 398.982 397.411 395.841 392.699 391.128 389.557 386.416 384.845 383.274 381.704 380.133 376.991 376.991 373.85 372.279 370.708 367.566 364.425 362.854 361.283 358.142 356.571 355 351.858 348.717 347.146 342.434 342.434 340.863 336.15 334.58 333.009 329.867 328.296 323.584 323.584 318.872 315.73 314.159 315.73 318.872 320.442 323.584 328.296 329.867 333.009 333.009 336.15 340.863 342.434 344.004 347.146 350.288 351.858 355 356.571 358.142 361.283 362.854 365.996 367.566 370.708 372.279 373.85 375.42 376.991 380.133 381.704 383.274 386.416 387.987 389.557 389.557 392.699 394.27 395.841 398.982 400.553 398.982 403.695 403.695 405.265 405.265 408.407 411.549 411.549 411.549 414.69 414.69 417.832 417.832 417.832 420.973 422.544 424.115 425.686 424.115 427.257 427.257 428.827 430.398 430.398 430.398 431.969 431.969 433.54 435.111 435.111 435.111 436.681 438.252 438.252 438.252 438.252 441.394 439.823 439.823 441.394 439.823 441.394 441.394 441.394 442.965 439.823 442.965 442.965 441.394 441.394 442.965 444.535 442.965 442.965 442.965 442.965 442.965 442.965 439.823 441.394 442.965 441.394 439.823 439.823 439.823 438.252 439.823 438.252 436.681 436.681 435.111 433.54 435.111 433.54 433.54 433.54 431.969 430.398 430.398 428.827 427.257 427.257 425.686 424.115 424.115 420.973 422.544 420.973 419.403 419.403 417.832 414.69 413.119 413.119 411.549 409.978 408.407 405.265 405.265 403.695 402.124 400.553 397.411 395.841 395.841 392.699 389.557 391.128 387.987 386.416 384.845 383.274 380.133 378.562 375.42 373.85 370.708 369.137 367.566 367.566 361.283 361.283 359.712 356.571 355 351.858 348.717 347.146 344.004 342.434 339.292 337.721 336.15 329.867 329.867 329.867 325.155 322.013 320.442 317.301 314.159
320.442 323.584 325.155 328.296 329.867 333.009 334.58 337.721 339.292 342.434 344.004 345.575 348.717 351.858 355 356.571 359.712 359.712 362.854 367.566 367.566 369.137 370.708 373.85 375.42 378.562 380.133 383.274 383.274 384.845 387.987 389.557 392.699 392.699 395.841 395.841 397.411 400.553 402.124 402.124 405.265 406.836 408.407 411.549 411.549 411.549 414.69 414.69 414.69 416.261 417.832 420.973 422.544 422.544 424.115 424.115 425.686 427.257 428.827 428.827 427.257 430.398 430.398 431.969 433.54 433.54 435.111 436.681 436.681 436.681 438.252 438.252 438.252 438.252 441.394 439.823 439.823 441.394 441.394 441.394 441.394 442.965 441.394 441.394 441.394 442.965 441.394 442.965 442.965 444.535 441.394 442.965 442.965 442.965 441.394 441.394 442.965 441.394 441.394 439.823 441.394 438.252 436.681 438.252 438.252 436.681 438.252 436.681 435.111 433.54 435.111 431.969 433.54 431.969 431.969 428.827 430.398 428.827 427.257 427.257 425.686 424.115 422.544 424.115 420.973 420.973 417.832 417.832 417.832 414.69 413.119 411.549 411.549 411.549 408.407 406.836 403.695 402.124 400.553 400.553 398.982 395.841 394.27 392.699 391.128 389.557 387.987 384.845 383.274 383.274 380.133 378.562 376.991 373.85 372.279 369.137 367.566 365.996 364.425 361.283 358.142 356.571 353.429 351.858 348.717 345.575 344.004 342.434 339.292 336.15 334.58 333.009 329.867 326.726 326.726 323.584 318.872 315.73 314.159 317.301 318.872 322.013 326.726 326.726 329.867 333.009 334.58 339.292 340.863 342.434 345.575 347.146 350.288 351.858 355 358.142 359.712 361.283 362.854 365.996 367.566 369.137 372.279 373.85 376.991 376.991 380.133 380.133 383.274 384.845 387.987 387.987 389.557 392.699 394.27 397.411 397.411 402.124 402.124 403.695 403.695 406.836 406.836 409.978 411.549 413.119 413.119 414.69 417.832 417.832 417.832 419.403 420.973 422.544 422.544 424.115 424.115 427.257 427.257 428.827 430.398 430.398 431.969 431.969 433.54 433.54 435.111 435.111 435.111 436.681 436.681 438.252 438.252 439.823 439.823 442.965 439.823 441.394 439.823 441.394 442.965 441.394 441.394 442.965 442.965 442.965 442.965 441.394 442.965 441.394 442.965 442.965 441.394 442.965 441.394 441.394 442.965 441.394 441.394 439.823 441.394 439.823 439.823 439.823 438.252 439.823 438.252 438.252 436.681 436.681 433.54 433.54 433.54 431.969 433.54 430.398 430.398 428.827 427.257 427.257 427.257 425.686 422.544 420.973 420.973 419.403 419.403 416.261 417.832 414.69 413.119 411.549 411.549 408.407 408.407 406.836 405.265 403.695 400.553 400.553 398.982 397.411 394.27 392.699 391.128 389.557 387.987 384.845 383.274 381.704 380.133 376.991 375.42 373.85 370.708 370.708 367.566 367.566 364.425 361.283 361.283 356.571 355 351.858 350.288 347.146 345.575 342.434 342.434 337.721 334.58 331.438 329.867 329.867 323.584 323.584 318.872 317.301 314.159
320.442 323.584 323.584 326.726 331.438 333.009 336.15 339.292 339.292 342.434 345.575 345.575 350.288 351.858 353.429 356.571 358.142 361.283 362.854 365.996 367.566 369.137 372.279 375.42 373.85 380.133 380.133 383.274 383.274 386.416 389.557 389.557 389.557 392.699 394.27 397.411 397.411 398.982 402.124 403.695 405.265 406.836 409.978 409.978 409.978 411.549 413.119 414.69 417.832 416.261 417.832 420.973 420.973 424.115 422.544 425.686 427.257 425.686 427.257 428.827 430.398 430.398 431.969 433.54 430.398 433.54 433.54 435.111 436.681 436.681 438.252 436.681 439.823 438.252 436.681 439.823 439.823 441.394 441.394 441.394 441.394 441.394 442.965 442.965 442.965 439.823 442.965 442.965 442.965 442.965 442.965 442.965 441.394 442.965 441.394 442.965 441.394 441.394 442.965 441.394 441.394 439.823 439.823 439.823 438.252 438.252 436.681 435.111 435.111 436.681 433.54 433.54 433.54 433.54 431.969 430.398 427.257 428.827 427.257 427.257 425.686 424.115 422.544 422.544 422.544 419.403 417.832 417.832 414.69 416.261 414.69 413.119 411.549 408.407 408.407 408.407 405.265 402.124 400.553 400.553 395.841 395.841 394.27 392.699 392.699 389.557 387.987 386.416 383.274 383.274 380.133 376.991 376.991 373.85 372.279 370.708 367.566 365.996 362.854 361.283 358.142 356.571 353.429 351.858 350.288 348.717 344.004 344.004 339.292 336.15 336.15 333.009 329.867 326.726 325.155 323.584 320.442 317.301 314.159 315.73 320.442 323.584 325.155 328.296 329.867 333.009 336.15 336.15 339.292 342.434 345.575 347.146 348.717 351.858 355 355 358.142 361.283 362.854 364.425 367.566 369.137 370.708 373.85 376.991 376.991 380.133 383.274 383.274 384.845 387.987 389.557 392.699 392.699 394.27 397.411 397.411 400.553 402.124 402.124 405.265 405.265 408.407 411.549 409.978 413.119 413.119 414.69 414.69 416.261 419.403 419.403 420.973 422.544 424.115 424.115 425.686 427.257 427.257 428.827 427.257 430.398 431.969 431.969 431.969 433.54 435.111 436.681 436.681 435.111 438.252 438.252 438.252 439.823 439.823 439.823 439.823 439.823 441.394 441.394 441.394 442.965 442.965 442.965 441.394 442.965 442.965 444.535 442.965 441.394 442.965 442.965 442.965 442.965 442.965 442.965 441.394 441.394 442.965 441.394 439.823 439.823 441.394 439.823 438.252 436.681 438.252 436.681 435.111 435.111 435.111 433.54 433.54 431.969 430.398 430.398 428.827 428.827 427.257 427.257 424.115 424.115 424.115 422.544 420.973 419.403 417.832 416.261 417.832 411.549 413.119 411.549 411.549 408.407 406.836 406.836 405.265 403.695 402.124 398.982 397.411 395.841 394.27 395.841 392.699 391.128 387.987 384.845 386.416 381.704 380.133 376.991 375.42 373.85 372.279 370.708 367.566 365.996 361.283 361.283 358.142 356.571 355 351.858 350.288 347.146 345.575 342.434 342.434 337.721 336.15 333.009 329.867 326.726 323.584 320.442 320.442 315.73 314.159
320.442 320.442 325.155 328.296 331.438 333.009 336.15 337.721 340.863 342.434 344.004 347.146 351.858 351.858 353.429 355 358.142 361.283 362.854 365.996 367.566 369.137 372.279 373.85 375.42 376.991 380.133 383.274 384.845 386.416 387.987 389.557 389.557 392.699 394.27 395.841 397.411 398.982 402.124 402.124 403.695 405.265 406.836 409.978 411.549 414.69 414.69 414.69 414.69 417.832 417.832 419.403 420.973 424.115 424.115 424.115 425.686 425.686 428.827 428.827 431.969 430.398 431.969 431.969 430.398 435.111 435.111 435.111 436.681 436.681 436.681 438.252 438.252 439.823 439.823 439.823 439.823 441.394 439.823 441.394 441.394 441.394 441.394 441.394 441.394 442.965 442.965 442.965 444.535 442.965 442.965 442.965 442.965 439.823 442.965 442.965 439.823 441.394 439.823 439.823 439.823 439.823 438.252 439.823 438.252 436.681 436.681 436.681 435.111 435.111 435.111 433.54 433.54 433.54 433.54 430.398 430.398 428.827 427.257 425.686 424.115 424.115 424.115 424.115 420.973 419.403 417.832 416.261 414.69 416.261 413.119 411.549 409.978 411.549 408.407 406.836 405.265 403.695 400.553 398.982 398.982 395.841 394.27 395.841 392.699 389.557 387.987 386.416 384.845 383.274 380.133 380.133 376.991 373.85 370.708 369.137 367.566 365.996 361.283 361.283 358.142 356.571 355 351.858 350.288 347.146 345.575 342.434 339.292 339.292 336.15 333.009 329.867 328.296 323.584 320.442 318.872 317.301 314.159 317.301 320.442 323.584 325.155 328.296 329.867 333.009 334.58 336.15 340.863 342.434 345.575 347.146 350.288 351.858 355 356.571 358.142 361.283 362.854 364.425 367.566 369.137 370.708 373.85 376.991 378.562 380.133 383.274 384.845 384.845 387.987 389.557 392.699 392.699 395.841 397.411 397.411 400.553 402.124 402.124 405.265 406.836 408.407 408.407 409.978 411.549 414.69 416.261 417.832 417.832 417.832 419.403 422.544 422.544 424.115 425.686 424.115 425.686 427.257 428.827 428.827 431.969 430.398 431.969 435.111 436.681 433.54 435.111 436.681 435.111 438.252 438.252 438.252 438.252 439.823 441.394 439.823 441.394 441.394 441.394 441.394 441.394 442.965 441.394 441.394 441.394 442.965 441.394 444.535 442.965 442.965 442.965 444.535 442.965 441.394 441.394 441.394 441.394 441.394 439.823 439.823 441.394 436.681 438.252 438.252 439.823 438.252 436.681 436.681 433.54 435.111 433.54 431.969 433.54 430.398 428.827 427.257 428.827 430.398 427.257 425.686 424.115 422.544 420.973 420.973 420.973 419.403 419.403 417.832 414.69 414.69 411.549 411.549 408.407 408.407 406.836 403.695 403.695 402.124 398.982 397.411 395.841 395.841 392.699 392.699 391.128 387.987 386.416 386.416 383.274 380.133 376.991 376.991 375.42 372.279 370.708 367.566 364.425 364.425 361.283 358.142 356.571 355 351.858 350.288 347.146 344.004 342.434 339.292 339.292 334.58 333.009 331.438 326.726 325.155 323.584 317.301 317.301 314.159
318.872 323.584 323.584 328.296 329.867 329.867 333.009 336.15 339.292 342.434 345.575 347.146 348.717 351.858 353.429 356.571 358.142 361.283 364.425 365.996 367.566 370.708 373.85 375.42 375.42 376.991 380.133 383.274 383.274 386.416 387.987 389.557 392.699 395.841 394.27 397.411 397.411 398.982 402.124 405.265 405.265 405.265 408.407 409.978 409.978 411.549 413.119 414.69 417.832 417.832 417.832 420.973 420.973 422.544 424.115 424.115 427.257 427.257 430.398 428.827 427.257 430.398 431.969 431.969 433.54 433.54 435.111 435.111 435.111 435.111 438.252 436.681 438.252 438.252 439.823 439.823 441.394 439.823 439.823 441.394 442.965 442.965 441.394 442.965 442.965 442.965 442.965 442.965 442.965 441.394 439.823 442.965 442.965 441.394 441.394 441.394 439.823 441.394 442.965 439.823 439.823 439.823 436.681 438.252 438.252 436.681 438.252 438.252 435.111 436.681 435.111 433.54 433.54 433.54 431.969 433.54 430.398 428.827 427.257 427.257 425.686 424.115 422.544 420.973 420.973 419.403 419.403 416.261 414.69 414.69 414.69 411.549 411.549 408.407 408.407 406.836 405.265 402.124 400.553 398.982 398.982 397.411 395.841 392.699 392.699 389.557 387.987 386.416 383.274 380.133 380.133 376.991 375.42 373.85 372.279 369.137 367.566 365.996 362.854 361.283 358.142 355 355 351.858 350.288 348.717 345.575 342.434 339.292 337.721 333.009 329.867 329.867 326.726 323.584 323.584 318.872 317.301 314.159 317.301 320.442 322.013 325.155 328.296 329.867 333.009 336.15 336.15 339.292 342.434 345.575 347.146 350.288 351.858 355 356.571 358.142 361.283 362.854 364.425 367.566 370.708 372.279 373.85 375.42 378.562 380.133 383.274 383.274 384.845 387.987 391.128 389.557 392.699 395.841 395.841 397.411 398.982 402.124 403.695 405.265 406.836 408.407 409.978 409.978 411.549 414.69 414.69 414.69 419.403 417.832 419.403 420.973 422.544 424.115 424.115 424.115 427.257 427.257 428.827 430.398 430.398 430.398 433.54 435.111 431.969 433.54 435.111 436.681 436.681 435.111 438.252 439.823 438.252 441.394 439.823 439.823 439.823 441.394 441.394 441.394 441.394 442.965 442.965 444.535 442.965 442.965 442.965 442.965 442.965 442.965 439.823 441.394 442.965 441.394 441.394 442.965 441.394 442.965 441.394 439.823 439.823 439.823 438.252 438.252 436.681 436.681 435.111 435.111 433.54 433.54 431.969 433.54 433.54 431.969 430.398 430.398 428.827 428.827 427.257 424.115 424.115 424.115 420.973 420.973 419.403 419.403 417.832 417.832 414.69 414.69 411.549 409.978 411.549 405.265 406.836 405.265 405.265 400.553 400.553 398.982 395.841 394.27 392.699 392.699 389.557 386.416 386.416 383.274 383.274 381.704 378.562 376.991 373.85 370.708 370.708 369.137 364.425 362.854 361.283 359.712 356.571 355 351.858 350.288 345.575 345.575 342.434 339.292 337.721 334.58 333.009 329.867 326.726 323.584 322.013 317.301 317.301 314.159
320.442 322.013 325.155 326.726 329.867 333.009 336.15 337.721 340.863 342.434 344.004 347.146 348.717 351.858 355 355 359.712 361.283 364.425 365.996 367.566 370.708 372.279 373.85 376.991 376.991 380.133 383.274 386.416 384.845 387.987 389.557 391.128 395.841 394.27 397.411 398.982 400.553 400.553 402.124 405.265 406.836 408.407 409.978 409.978 413.119 413.119 414.69 414.69 417.832 419.403 419.403 420.973 424.115 424.115 424.115 425.686 427.257 427.257 428.827 428.827 430.398 431.969 433.54 430.398 433.54 435.111 436.681 435.111 436.681 436.681 436.681 439.823 439.823 436.681 439.823 439.823 441.394 442.965 441.394 442.965 441.394 441.394 442.965 441.394 442.965 442.965 442.965 442.965 442.965 442.965 441.394 441.394 441.394 441.394 441.394 442.965 441.394 439.823 439.823 441.394 439.823 439.823 438.252 438.252 439.823 436.681 436.681 436.681 435.111 433.54 435.111 433.54 431.969 431.969 430.398 430.398 428.827 428.827 427.257 425.686 424.115 422.544 420.973 422.544 417.832 417.832 420.973 416.261 414.69 413.119 413.119 411.549 409.978 408.407 406.836 405.265 403.695 402.124 400.553 397.411 395.841 394.27 392.699 392.699 389.557 387.987 384.845 383.274 381.704 380.133 378.562 376.991 373.85 373.85 369.137 367.566 364.425 362.854 361.283 358.142 358.142 353.429 351.858 350.288 347.146 345.575 342.434 339.292 337.721 334.58 333.009 329.867 326.726 325.155 322.013 318.872 315.73 314.159 315.73 320.442 322.013 325.155 326.726 329.867 333.009 334.58 337.721 339.292 342.434 345.575 347.146 348.717 351.858 355 356.571 358.142 361.283 361.283 365.996 367.566 369.137 372.279 373.85 375.42 380.133 380.133 381.704 386.416 386.416 389.557 391.128 392.699 392.699 395.841 397.411 398.982 400.553 400.553 403.695 403.695 406.836 408.407 409.978 411.549 411.549 414.69 414.69 417.832 417.832 419.403 420.973 420.973 422.544 425.686 424.115 425.686 425.686 427.257 428.827 430.398 428.827 431.969 431.969 433.54 431.969 435.111 436.681 435.111 436.681 436.681 436.681 438.252 438.252 439.823 438.252 441.394 441.394 439.823 441.394 442.965 441.394 442.965 442.965 442.965 442.965 442.965 442.965 439.823 442.965 442.965 442.965 446.106 441.394 441.394 441.394 441.394 441.394 439.823 439.823 441.394 439.823 439.823 439.823 438.252 439.823 438.252 435.111 436.681 433.54 435.111 433.54 433.54 431.969 431.969 430.398 430.398 428.827 427.257 427.257 425.686 424.115 422.544 422.544 420.973 419.403 417.832 417.832 414.69 414.69 414.69 411.549 411.549 411.549 406.836 406.836 405.265 402.124 398.982 402.124 398.982 395.841 395.841 392.699 392.699 389.557 387.987 386.416 384.845 383.274 380.133 378.562 375.42 373.85 370.708 369.137 367.566 367.566 364.425 361.283 358.142 358.142 355 351.858 348.717 348.717 345.575 344.004 339.292 339.292 333.009 333.009 329.867 328.296 325.155 323.584 318.872 317.301 314.159
320.442 322.013 325.155 326.726 329.867 333.009 336.15 337.721 342.434 342.434 345.575 345.575 350.288 351.858 355 358.142 359.712 361.283 364.425 364.425 367.566 369.137 370.708 373.85 376.991 376.991 380.133 381.704 384.845 384.845 389.557 389.557 392.699 392.699 394.27 395.841 397.411 402.124 400.553 402.124 405.265 406.836 408.407 408.407 411.549 411.549 414.69 414.69 416.261 417.832 417.832 419.403 420.973 420.973 422.544 424.115 425.686 427.257 427.257 428.827 427.257 430.398 430.398 431.969 431.969 433.54 435.111 436.681 433.54 436.681 435.111 439.823 439.823 439.823 441.394 439.823 439.823 441.394 441.394 441.394 439.823 441.394 442.965 442.965 442.965 441.394 442.965 441.394 442.965 442.965 441.394 442.965 442.965 442.965 442.965 439.823 442.965 441.394 441.394 441.394 441.394 439.823 436.681 439.823 439.823 436.681 436.681 436.681 435.111 433.54 435.111 431.969 433.54 433.54 430.398 430.398 430.398 428.827 427.257 425.686 425.686 425.686 424.115 420.973 420.973 419.403 419.403 419.403 416.261 414.69 414.69 413.119 411.549 408.407 408.407 406.836 405.265 403.695 402.124 400.553 397.411 395.841 395.841 392.699 391.128 389.557 387.987 386.416 384.845 380.133 380.133 378.562 376.991 373.85 370.708 369.137 367.566 365.996 362.854 361.283 358.142 356.571 353.429 355 348.717 345.575 345.575 342.434 339.292 337.721 336.15 333.009 329.867 329.867 325.155 322.013 320.442 315.73 314.159 315.73 318.872 320.442 323.584 329.867 329.867 329.867 333.009 337.721 342.434 342.434 345.575 348.717 348.717 351.858 353.429 356.571 358.142 361.283 362.854 365.996 367.566 370.708 370.708 373.85 376.991 378.562 380.133 383.274 384.845 384.845 387.987 389.557 389.557 392.699 394.27 397.411 398.982 400.553 398.982 402.124 405.265 406.836 405.265 408.407 411.549 413.119 414.69 414.69 417.832 417.832 417.832 419.403 420.973 424.115 422.544 425.686 424.115 427.257 427.257 428.827 428.827 431.969 431.969 431.969 433.54 431.969 435.111 433.54 436.681 436.681 438.252 438.252 438.252 439.823 439.823 442.965 439.823 441.394 439.823 441.394 442.965 441.394 442.965 442.965 441.394 442.965 442.965 442.965 442.965 441.394 442.965 442.965 442.965 442.965 441.394 441.394 442.965 441.394 442.965 441.394 439.823 439.823 439.823 439.823 438.252 438.252 438.252 436.681 436.681 435.111 435.111 433.54 433.54 433.54 431.969 430.398 430.398 428.827 427.257 427.257 424.115 424.115 422.544 424.115 420.973 420.973 419.403 416.261 414.69 416.261 413.119 411.549 409.978 409.978 406.836 406.836 403.695 403.695 402.124 400.553 398.982 395.841 394.27 394.27 392.699 391.128 387.987 386.416 383.274 381.704 380.133 376.991 376.991 373.85 372.279 370.708 367.566 365.996 361.283 361.283 359.712 355 353.429 351.858 348.717 348.717 344.004 342.434 339.292 336.15 333.009 333.009 329.867 326.726 326.726 323.584 318.872 317.301 314.159
318.872 323.584 325.155 326.726 329.867 333.009 333.009 336.15 340.863 342.434 345.575 347.146 350.288 351.858 353.429 356.571 358.142 361.283 364.425 364.425 367.566 369.137 370.708 373.85 375.42 376.991 380.133 381.704 383.274 386.416 387.987 387.987 392.699 394.27 394.27 398.982 398.982 400.553 402.124 402.124 405.265 405.265 405.265 408.407 409.978 411.549 413.119 414.69 414.69 417.832 417.832 419.403 420.973 424.115 422.544 424.115 427.257 427.257 427.257 428.827 430.398 430.398 431.969 431.969 431.969 433.54 435.111 435.111 436.681 435.111 438.252 436.681 438.252 438.252 436.681 442.965 439.823 441.394 441.394 441.394 441.394 441.394 441.394 439.823 441.394 442.965 442.965 441.394 444.535 441.394 442.965 442.965 442.965 442.965 442.965 441.394 441.394 441.394 439.823 439.823 441.394 438.252 439.823 439.823 439.823 436.681 438.252 436.681 436.681 435.111 435.111 436.681 433.54 433.54 430.398 428.827 428.827 428.827 427.257 427.257 427.257 422.544 424.115 424.115 422.544 419.403 419.403 420.973 414.69 414.69 414.69 411.549 411.549 408.407 408.407 406.836 403.695 405.265 402.124 398.982 398.982 395.841 395.841 392.699 392.699 391.128 387.987 386.416 386.416 381.704 380.133 376.991 375.42 373.85 373.85 370.708 367.566 365.996 362.854 361.283 359.712 358.142 355 351.858 348.717 348.717 345.575 344.004 340.863 339.292 336.15 333.009 329.867 328.296 323.584 323.584 320.442 317.301 314.159 317.301 320.442 320.442 326.726 326.726 329.867 333.009 334.58 337.721 339.292 342.434 344.004 348.717 348.717 351.858 355 358.142 359.712 361.283 361.283 367.566 367.566 370.708 372.279 373.85 375.42 376.991 381.704 383.274 384.845 386.416 387.987 389.557 392.699 392.699 394.27 395.841 397.411 400.553 402.124 402.124 405.265 406.836 406.836 408.407 411.549 411.549 413.119 414.69 417.832 416.261 419.403 419.403 420.973 420.973 424.115 425.686 425.686 427.257 428.827 428.827 430.398 430.398 431.969 433.54 435.111 435.111 435.111 435.111 436.681 438.252 438.252 438.252 438.252 439.823 439.823 439.823 441.394 439.823 441.394 441.394 439.823 441.394 442.965 441.394 442.965 442.965 442.965 442.965 442.965 441.394 442.965 442.965 442.965 441.394 442.965 442.965 442.965 441.394 441.394 439.823 439.823 438.252 439.823 439.823 438.252 439.823 438.252 435.111 436.681 436.681 435.111 433.54 431.969 431.969 431.969 430.398 430.398 428.827 427.257 427.257 424.115 425.686 424.115 422.544 420.973 419.403 417.832 417.832 414.69 414.69 414.69 413.119 411.549 408.407 408.407 406.836 403.695 402.124 402.124 398.982 397.411 395.841 395.841 392.699 392.699 391.128 387.987 386.416 384.845 381.704 380.133 378.562 375.42 373.85 372.279 370.708 367.566 365.996 362.854 361.283 358.142 355 355 351.858 351.858 348.717 344.004 342.434 339.292 339.292 334.58 333.009 329.867 328.296 325.155 323.584 318.872 317.301 314.159
318.872 322.013 325.155 326.726 329.867 333.009 334.58 337.721 340.863 342.434 345.575 345.575 350.288 351.858 353.429 356.571 358.142 361.283 362.854 365.996 367.566 369.137 370.708 373.85 375.42 376.991 380.133 383.274 383.274 386.416 387.987 389.557 391.128 395.841 395.841 395.841 397.411 398.982 402.124 402.124 405.265 405.265 408.407 408.407 409.978 413.119 413.119 411.549 416.261 417.832 417.832 419.403 422.544 420.973 422.544 424.115 427.257 427.257 427.257 428.827 430.398 430.398 430.398 431.969 433.54 436.681 435.111 435.111 436.681 438.252 436.681 436.681 439.823 439.823 436.681 439.823 439.823 439.823 442.965 441.394 441.394 441.394 441.394 442.965 442.965 442.965 442.965 442.965 444.535 441.394 442.965 442.965 441.394 439.823 442.965 442.965 442.965 441.394 441.394 441.394 439.823 439.823 439.823 439.823 439.823 436.681 436.681 436.681 435.111 436.681 433.54 433.54 433.54 431.969 431.969 430.398 430.398 427.257 427.257 425.686 425.686 424.115 424.115 422.544 420.973 419.403 419.403 417.832 414.69 414.69 414.69 411.549 409.978 408.407 408.407 406.836 403.695 402.124 402.124 400.553 397.411 398.982 394.27 392.699 392.699 389.557 387.987 386.416 383.274 380.133 380.133 378.562 375.42 373.85 370.708 370.708 369.137 364.425 364.425 361.283 358.142 356.571 355 351.858 348.717 348.717 344.004 342.434 339.292 337.721 334.58 333.009 329.867 329.867 325.155 323.584 318.872 315.73 314.159 315.73 318.872 322.013 323.584 328.296 329.867 333.009 333.009 336.15 339.292 342.434 345.575 347.146 350.288 351.858 355 356.571 358.142 361.283 364.425 364.425 367.566 370.708 370.708 373.85 376.991 378.562 380.133 383.274 383.274 386.416 387.987 389.557 389.557 395.841 395.841 395.841 398.982 398.982 398.982 402.124 403.695 405.265 409.978 409.978 411.549 411.549 414.69 416.261 414.69 417.832 417.832 419.403 422.544 422.544 424.115 425.686 425.686 427.257 427.257 428.827 430.398 430.398 430.398 431.969 433.54 433.54 435.111 436.681 435.111 436.681 436.681 438.252 438.252 438.252 439.823 439.823 439.823 441.394 441.394 441.394 441.394 442.965 442.965 444.535 442.965 442.965 442.965 444.535 442.965 442.965 442.965 442.965 442.965 442.965 442.965 441.394 441.394 441.394 441.394 439.823 439.823 439.823 439.823 438.252 438.252 438.252 438.252 436.681 436.681 435.111 435.111 431.969 430.398 431.969 430.398 430.398 430.398 427.257 428.827 427.257 427.257 424.115 424.115 422.544 420.973 420.973 420.973 417.832 416.261 416.261 413.119 411.549 411.549 408.407 408.407 406.836 405.265 402.124 402.124 398.982 398.982 395.841 394.27 392.699 389.557 389.557 387.987 386.416 383.274 381.704 380.133 376.991 375.42 373.85 370.708 370.708 367.566 364.425 362.854 361.283 361.283 356.571 355 351.858 348.717 348.717 344.004 342.434 339.292 337.721 336.15 331.438 329.867 326.726 323.584 322.013 320.442 315.73 314.159
320.442 322.013 325.155 326.726 329.867 333.009 334.58 336.15 340.863 342.434 345.575 348.717 351.858 351.858 355 356.571 359.712 361.283 362.854 364.425 367.566 369.137 372.279 373.85 375.42 378.562 380.133 383.274 383.274 386.416 387.987 389.557 392.699 392.699 395.841 395.841 398.982 400.553 402.124 402.124 403.695 406.836 408.407 408.407 409.978 411.549 413.119 414.69 417.832 416.261 419.403 420.973 422.544 424.115 424.115 424.115 424.115 425.686 427.257 428.827 430.398 428.827 431.969 431.969 433.54 431.969 435.111 435.111 436.681 436.681 436.681 436.681 438.252 438.252 441.394 439.823 441.394 441.394 439.823 441.394 441.394 442.965 442.965 442.965 441.394 441.394 442.965 441.394 442.965 442.965 442.965 441.394 442.965 442.965 442.965 442.965 442.965 441.394 442.965 441.394 439.823 442.965 438.252 438.252 439.823 438.252 438.252 436.681 436.681 435.111 435.111 433.54 433.54 431.969 431.969 430.398 428.827 428.827 427.257 427.257 424.115 424.115 424.115 422.544 420.973 420.973 417.832 417.832 417.832 414.69 413.119 413.119 411.549 408.407 408.407 405.265 405.265 403.695 400.553 400.553 397.411 397.411 395.841 392.699 391.128 389.557 387.987 386.416 386.416 383.274 380.133 378.562 376.991 375.42 370.708 369.137 367.566 367.566 364.425 361.283 361.283 355 355 353.429 350.288 345.575 344.004 340.863 339.292 336.15 333.009 333.009 329.867 328.296 323.584 322.013 318.872 315.73 314.159 315.73 320.442 323.584 323.584 326.726 329.867 333.009 336.15 337.721 340.863 342.434 344.004 347.146 348.717 351.858 355 358.142 358.142 361.283 362.854 364.425 367.566 370.708 373.85 373.85 373.85 378.562 380.133 383.274 384.845 386.416 387.987 389.557 391.128 395.841 394.27 397.411 398.982 398.982 402.124 403.695 405.265 406.836 408.407 409.978 411.549 413.119 414.69 414.69 414.69 416.261 417.832 419.403 422.544 424.115 424.115 422.544 425.686 427.257 427.257 430.398 427.257 430.398 431.969 433.54 433.54 433.54 433.54 436.681 436.681 436.681 438.252 439.823 439.823 439.823 439.823 439.823 439.823 439.823 441.394 441.394 439.823 441.394 441.394 442.965 442.965 441.394 442.965 442.965 442.965 442.965 442.965 442.965 441.394 442.965 441.394 442.965 441.394 441.394 441.394 441.394 439.823 441.394 439.823 438.252 438.252 436.681 438.252 436.681 435.111 435.111 435.111 436.681 433.54 431.969 430.398 433.54 430.398 428.827 427.257 427.257 424.115 424.115 422.544 424.115 420.973 419.403 419.403 416.261 414.69 416.261 414.69 411.549 409.978 409.978 408.407 406.836 405.265 402.124 402.124 400.553 398.982 395.841 394.27 392.699 392.699 389.557 386.416 386.416 383.274 383.274 380.133 380.133 375.42 373.85 372.279 370.708 367.566 364.425 364.425 361.283 359.712 356.571 355 351.858 350.288 348.717 344.004 342.434 340.863 337.721 334.58 333.009 329.867 326.726 325.155 322.013 318.872 315.73 314.159
318.872 322.013 326.726 328.296 329.867 333.009 336.15 337.721 339.292 342.434 344.004 347.146 350.288 351.858 355 356.571 358.142 361.283 362.854 364.425 367.566 369.137 370.708 373.85 376.991 378.562 380.133 381.704 386.416 386.416 389.557 389.557 389.557 392.699 394.27 395.841 398.982 400.553 400.553 405.265 405.265 406.836 406.836 411.549 411.549 411.549 413.119 414.69 417.832 417.832 419.403 420.973 422.544 422.544 422.544 425.686 427.257 427.257 427.257 428.827 430.398 430.398 430.398 433.54 433.54 433.54 433.54 435.111 436.681 436.681 436.681 439.823 438.252 439.823 438.252 439.823 439.823 441.394 441.394 441.394 442.965 441.394 442.965 442.965 442.965 441.394 442.965 441.394 444.535 442.965 442.965 442.965 442.965 442.965 442.965 442.965 442.965 441.394 439.823 439.823 439.823 439.823 439.823 439.823 438.252 436.681 436.681 436.681 436.681 436.681 435.111 433.54 433.54 430.398 431.969 431.969 427.257 428.827 427.257 427.257 424.115 424.115 422.544 420.973 420.973 417.832 419.403 417.832 417.832 414.69 411.549 411.549 409.978 408.407 408.407 405.265 405.265 403.695 402.124 400.553 398.982 397.411 394.27 392.699 389.557 389.557 387.987 384.845 383.274 381.704 380.133 378.562 375.42 373.85 372.279 370.708 367.566 367.566 364.425 361.283 358.142 356.571 353.429 353.429 350.288 347.146 345.575 342.434 340.863 336.15 336.15 333.009 329.867 328.296 326.726 322.013 318.872 317.301 314.159 317.301 320.442 322.013 325.155 326.726 329.867 333.009 334.58 337.721 339.292 342.434 344.004 347.146 348.717 351.858 355 355 358.142 361.283 364.425 367.566 367.566 370.708 372.279 373.85 375.42 378.562 380.133 380.133 384.845 384.845 387.987 389.557 391.128 392.699 395.841 397.411 398.982 400.553 400.553 402.124 405.265 405.265 408.407 408.407 411.549 411.549 414.69 414.69 417.832 420.973 419.403 420.973 420.973 424.115 422.544 425.686 424.115 427.257 427.257 427.257 430.398 428.827 431.969 433.54 433.54 433.54 435.111 436.681 436.681 436.681 436.681 438.252 438.252 439.823 439.823 439.823 441.394 441.394 441.394 441.394 441.394 441.394 442.965 442.965 442.965 441.394 442.965 444.535 444.535 441.394 441.394 442.965 442.965 442.965 442.965 442.965 441.394 441.394 441.394 439.823 439.823 439.823 441.394 436.681 439.823 438.252 435.111 436.681 435.111 435.111 435.111 433.54 433.54 433.54 431.969 428.827 430.398 428.827 428.827 425.686 425.686 425.686 422.544 420.973 420.973 420.973 419.403 416.261 416.261 416.261 413.119 411.549 411.549 408.407 406.836 406.836 405.265 402.124 402.124 398.982 397.411 395.841 395.841 392.699 389.557 391.128 387.987 384.845 383.274 381.704 380.133 376.991 375.42 373.85 370.708 369.137 367.566 365.996 362.854 361.283 359.712 356.571 353.429 351.858 348.717 345.575 344.004 342.434 339.292 339.292 334.58 333.009 331.438 326.726 325.155 320.442 318.872 315.73 314.159
318.872 323.584 323.584 328.296 329.867 333.009 333.009 336.15 340.863 342.434 345.575 347.146 348.717 351.858 355 356.571 358.142 361.283 364.425 364.425 367.566 369.137 372.279 373.85 375.42 378.562 380.133 383.274 386.416 384.845 386.416 389.557 392.699 392.699 394.27 398.982 398.982 398.982 402.124 402.124 405.265 405.265 408.407 408.407 409.978 411.549 413.119 414.69 417.832 417.832 419.403 420.973 420.973 422.544 424.115 425.686 427.257 427.257 428.827 428.827 430.398 428.827 431.969 431.969 435.111 433.54 433.54 436.681 436.681 436.681 436.681 436.681 439.823 439.823 439.823 439.823 439.823 439.823 441.394 441.394 441.394 441.394 441.394 442.965 442.965 442.965 442.965 442.965 439.823 442.965 442.965 442.965 441.394 442.965 442.965 441.394 441.394 441.394 441.394 439.823 439.823 439.823 441.394 439.823 438.252 436.681 436.681 436.681 435.111 435.111 435.111 436.681 433.54 430.398 431.969 430.398 430.398 428.827 427.257 425.686 425.686 424.115 424.115 424.115 420.973 420.973 419.403 417.832 414.69 416.261 413.119 411.549 409.978 411.549 408.407 406.836 405.265 405.265 402.124 402.124 398.982 397.411 394.27 392.699 392.699 389.557 387.987 386.416 384.845 383.274 380.133 378.562 375.42 373.85 372.279 370.708 367.566 367.566 364.425 361.283 359.712 358.142 355 351.858 348.717 348.717 344.004 342.434 339.292 339.292 336.15 333.009 329.867 326.726 326.726 323.584 320.442 317.301 314.159 315.73 318.872 322.013 323.584 328.296 329.867 331.438 336.15 337.721 340.863 342.434 345.575 348.717 348.717 353.429 353.429 356.571 359.712 361.283 362.854 365.996 367.566 370.708 372.279 373.85 376.991 376.991 381.704 380.133 383.274 386.416 387.987 389.557 391.128 394.27 394.27 395.841 398.982 402.124 402.124 405.265 405.265 406.836 406.836 409.978 411.549 411.549 414.69 416.261 417.832 416.261 419.403 420.973 422.544 424.115 424.115 425.686 427.257 427.257 428.827 428.827 430.398 430.398 431.969 433.54 433.54 435.111 433.54 435.111 436.681 439.823 436.681 438.252 439.823 438.252 439.823 439.823 439.823 439.823 439.823 441.394 441.394 442.965 442.965 439.823 441.394 441.394 442.965 442.965 442.965 442.965 442.965 442.965 441.394 442.965 442.965 442.965 441.394 441.394 439.823 439.823 439.823 439.823 439.823 438.252 438.252 438.252 438.252 436.681 436.681 435.111 435.111 433.54 433.54 431.969 431.969 430.398 430.398 428.827 427.257 427.257 425.686 425.686 422.544 422.544 420.973 419.403 417.832 417.832 416.261 416.261 414.69 411.549 409.978 409.978 408.407 405.265 405.265 403.695 402.124 400.553 397.411 397.411 395.841 392.699 391.128 389.557 387.987 386.416 383.274 383.274 380.133 378.562 375.42 373.85 372.279 369.137 367.566 364.425 362.854 361.283 358.142 355 355 351.858 351.858 347.146 345.575 342.434 339.292 337.721 334.58 333.009 329.867 326.726 325.155 322.013 320.442 317.301 314.159
318.872 322.013 323.584 328.296 329.867 329.867 333.009 336.15 339.292 342.434 345.575 348.717 350.288 351.858 353.429 358.142 358.142 361.283 362.854 365.996 367.566 370.708 372.279 373.85 376.991 376.991 380.133 381.704 383.274 384.845 387.987 391.128 392.699 392.699 395.841 395.841 398.982 400.553 400.553 403.695 405.265 406.836 408.407 408.407 411.549 411.549 413.119 414.69 414.69 420.973 417.832 420.973 420.973 424.115 422.544 424.115 424.115 425.686 428.827 428.827 428.827 430.398 431.969 431.969 435.111 431.969 435.111 433.54 435.111 435.111 438.252 436.681 438.252 438.252 439.823 439.823 439.823 441.394 442.965 441.394 439.823 441.394 442.965 442.965 442.965 442.965 442.965 442.965 442.965 442.965 442.965 441.394 441.394 442.965 441.394 441.394 441.394 441.394 441.394 441.394 441.394 438.252 439.823 438.252 438.252 439.823 438.252 438.252 436.681 436.681 433.54 433.54 433.54 431.969 430.398 428.827 427.257 428.827 430.398 427.257 425.686 425.686 422.544 420.973 422.544 420.973 419.403 417.832 417.832 416.261 413.119 411.549 411.549 408.407 408.407 406.836 405.265 405.265 400.553 400.553 398.982 397.411 395.841 392.699 392.699 387.987 386.416 386.416 383.274 380.133 380.133 378.562 375.42 373.85 372.279 370.708 367.566 364.425 364.425 361.283 358.142 356.571 355 353.429 351.858 345.575 345.575 342.434 339.292 336.15 334.58 333.009 329.867 326.726 323.584 323.584 320.442 315.73 314.159 317.301 320.442 322.013 326.726 326.726 329.867 333.009 334.58 337.721 339.292 342.434 344.004 348.717 348.717 351.858 355 356.571 358.142 359.712 362.854 364.425 367.566 369.137 372.279 373.85 375.42 378.562 380.133 383.274 384.845 386.416 387.987 389.557 391.128 392.699 394.27 395.841 397.411 398.982 402.124 402.124 405.265 406.836 408.407 409.978 411.549 414.69 413.119 411.549 417.832 416.261 419.403 420.973 422.544 424.115 422.544 424.115 424.115 425.686 430.398 428.827 430.398 430.398 431.969 431.969 433.54 433.54 433.54 435.111 436.681 436.681 433.54 438.252 438.252 438.252 436.681 439.823 441.394 439.823 439.823 441.394 442.965 441.394 442.965 442.965 441.394 442.965 442.965 441.394 442.965 442.965 441.394 442.965 441.394 442.965 442.965 441.394 442.965 441.394 439.823 439.823 439.823 439.823 436.681 438.252 438.252 436.681 436.681 436.681 435.111 436.681 435.111 433.54 433.54 431.969 433.54 430.398 427.257 428.827 428.827 425.686 425.686 425.686 424.115 424.115 420.973 419.403 419.403 416.261 416.261 414.69 413.119 411.549 409.978 411.549 406.836 405.265 403.695 405.265 402.124 400.553 398.982 398.982 394.27 392.699 391.128 389.557 387.987 386.416 383.274 380.133 380.133 376.991 376.991 373.85 372.279 370.708 367.566 364.425 361.283 361.283 359.712 356.571 355 351.858 350.288 348.717 345.575 342.434 342.434 336.15 333.009 331.438 329.867 326.726 326.726 323.584 320.442 315.73 314.159
320.442 323.584 323.584 326.726 329.867 333.009 334.58 339.292 340.863 342.434 344.004 347.146 350.288 351.858 353.429 358.142 358.142 361.283 364.425 364.425 367.566 370.708 372.279 373.85 376.991 376.991 380.133 381.704 384.845 386.416 387.987 391.128 392.699 392.699 395.841 395.841 398.982 400.553 402.124 402.124 405.265 406.836 408.407 408.407 409.978 411.549 414.69 416.261 414.69 417.832 419.403 420.973 422.544 420.973 424.115 424.115 427.257 427.257 427.257 428.827 430.398 433.54 431.969 431.969 433.54 436.681 433.54 435.111 436.681 436.681 438.252 436.681 438.252 438.252 439.823 438.252 441.394 439.823 439.823 441.394 439.823 442.965 441.394 442.965 441.394 439.823 442.965 442.965 442.965 442.965 442.965 442.965 442.965 442.965 441.394 441.394 442.965 441.394 441.394 439.823 439.823 439.823 441.394 439.823 438.252 438.252 438.252 436.681 436.681 435.111 433.54 433.54 433.54 433.54 431.969 430.398 430.398 428.827 427.257 427.257 427.257 425.686 425.686 420.973 420.973 420.973 419.403 417.832 416.261 414.69 414.69 413.119 409.978 408.407 406.836 405.265 405.265 402.124 402.124 400.553 397.411 397.411 394.27 392.699 391.128 389.557 387.987 386.416 383.274 381.704 376.991 378.562 375.42 373.85 370.708 370.708 369.137 367.566 364.425 359.712 358.142 356.571 355 351.858 348.717 345.575 342.434 344.004 340.863 337.721 334.58 333.009 329.867 326.726 325.155 322.013 320.442 317.301 314.159 317.301 318.872 322.013 323.584 326.726 329.867 333.009 334.58 337.721 340.863 342.434 345.575 347.146 350.288 351.858 355 356.571 359.712 361.283 361.283 365.996 367.566 370.708 372.279 373.85 375.42 376.991 380.133 383.274 383.274 386.416 387.987 391.128 392.699 392.699 395.841 397.411 398.982 400.553 402.124 405.265 405.265 406.836 408.407 408.407 409.978 411.549 414.69 416.261 417.832 420.973 417.832 419.403 420.973 424.115 422.544 424.115 425.686 427.257 428.827 428.827 431.969 430.398 433.54 431.969 435.111 433.54 433.54 435.111 435.111 436.681 438.252 438.252 438.252 438.252 441.394 439.823 439.823 441.394 441.394 441.394 439.823 442.965 441.394 442.965 442.965 442.965 442.965 444.535 442.965 441.394 442.965 442.965 444.535 442.965 442.965 441.394 441.394 441.394 441.394 441.394 439.823 439.823 439.823 439.823 438.252 436.681 438.252 436.681 436.681 435.111 433.54 433.54 433.54 433.54 431.969 430.398 430.398 427.257 427.257 425.686 425.686 420.973 424.115 422.544 420.973 419.403 419.403 417.832 417.832 414.69 413.119 413.119 411.549 409.978 406.836 405.265 403.695 403.695 402.124 400.553 397.411 395.841 395.841 392.699 391.128 391.128 386.416 384.845 384.845 381.704 380.133 380.133 375.42 375.42 370.708 370.708 367.566 367.566 364.425 361.283 359.712 358.142 353.429 351.858 350.288 347.146 345.575 342.434 340.863 339.292 333.009 329.867 329.867 326.726 323.584 323.584 320.442 317.301 314.159
318.872 323.584 323.584 326.726 329.867 331.438 334.58 339.292 339.292 342.434 345.575 348.717 351.858 351.858 353.429 356.571 361.283 361.283 364.425 365.996 367.566 369.137 370.708 373.85 375.42 378.562 380.133 381.704 383.274 384.845 387.987 389.557 391.128 392.699 395.841 395.841 398.982 398.982 400.553 405.265 403.695 406.836 408.407 408.407 409.978 411.549 414.69 414.69 414.69 417.832 419.403 420.973 420.973 420.973 424.115 424.115 425.686 427.257 427.257 428.827 430.398 430.398 431.969 431.969 430.398 433.54 435.111 433.54 435.111 436.681 438.252 438.252 439.823 438.252 439.823 442.965 439.823 439.823 442.965 441.394 441.394 441.394 442.965 439.823 441.394 442.965 441.394 442.965 442.965 441.394 442.965 441.394 441.394 442.965 442.965 442.965 441.394 441.394 439.823 439.823 439.823 439.823 441.394 439.823 438.252 439.823 436.681 436.681 436.681 435.111 435.111 431.969 433.54 433.54 431.969 430.398 430.398 428.827 428.827 427.257 427.257 424.115 422.544 422.544 420.973 417.832 419.403 417.832 414.69 414.69 413.119 411.549 409.978 409.978 408.407 406.836 405.265 403.695 402.124 400.553 397.411 397.411 395.841 392.699 391.128 387.987 387.987 386.416 384.845 383.274 380.133 378.562 376.991 373.85 373.85 369.137 367.566 364.425 364.425 359.712 358.142 358.142 353.429 351.858 350.288 347.146 345.575 342.434 339.292 337.721 334.58 331.438 329.867 326.726 325.155 320.442 317.301 315.73 314.159 315.73 320.442 322.013 325.155 328.296 329.867 331.438 336.15 339.292 339.292 342.434 345.575 345.575 348.717 351.858 355 356.571 358.142 361.283 364.425 364.425 369.137 370.708 370.708 373.85 375.42 376.991 380.133 381.704 383.274 384.845 389.557 389.557 391.128 392.699 395.841 397.411 397.411 400.553 402.124 402.124 405.265 405.265 408.407 409.978 411.549 413.119 413.119 414.69 417.832 416.261 417.832 420.973 422.544 422.544 422.544 424.115 425.686 427.257 427.257 428.827 428.827 430.398 431.969 433.54 433.54 433.54 436.681 435.111 436.681 436.681 438.252 438.252 439.823 438.252 441.394 439.823 441.394 439.823 441.394 441.394 441.394 441.394 442.965 442.965 441.394 439.823 442.965 441.394 442.965 442.965 442.965 442.965 442.965 442.965 441.394 441.394 442.965 441.394 441.394 441.394 439.823 439.823 439.823 439.823 438.252 438.252 436.681 438.252 435.111 433.54 435.111 433.54 433.54 431.969 433.54 430.398 430.398 428.827 427.257 427.257 425.686 424.115 422.544 420.973 422.544 419.403 417.832 416.261 417.832 414.69 413.119 413.119 411.549 411.549 406.836 406.836 403.695 402.124 400.553 400.553 398.982 395.841 394.27 392.699 389.557 389.557 387.987 386.416 384.845 380.133 380.133 378.562 376.991 375.42 372.279 370.708 367.566 365.996 361.283 361.283 358.142 358.142 353.429 351.858 348.717 348.717 345.575 342.434 340.863 337.721 334.58 333.009 329.867 326.726 325.155 323.584 318.872 317.301 314.159
320.442 322.013 323.584 328.296 329.867 333.009 334.58 336.15 339.292 342.434 344.004 345.575 350.288 351.858 355 358.142 358.142 361.283 362.854 364.425 367.566 370.708 372.279 373.85 375.42 376.991 380.133 380.133 383.274 384.845 387.987 391.128 391.128 392.699 394.27 398.982 398.982 400.553 402.124 405.265 405.265 405.265 408.407 409.978 411.549 411.549 413.119 414.69 417.832 417.832 417.832 419.403 420.973 424.115 424.115 424.115 427.257 427.257 427.257 428.827 427.257 430.398 430.398 431.969 433.54 435.111 435.111 433.54 436.681 436.681 436.681 438.252 438.252 438.252 439.823 439.823 439.823 441.394 442.965 441.394 442.965 441.394 441.394 441.394 442.965 442.965 442.965 442.965 442.965 442.965 442.965 442.965 441.394 439.823 442.965 441.394 441.394 441.394 439.823 439.823 439.823 439.823 436.681 438.252 438.252 436.681 436.681 435.111 435.111 433.54 435.111 433.54 433.54 431.969 431.969 433.54 430.398 428.827 427.257 427.257 427.257 424.115 422.544 424.115 420.973 420.973 419.403 417.832 417.832 416.261 413.119 411.549 411.549 409.978 406.836 405.265 405.265 405.265 402.124 400.553 398.982 397.411 395.841 392.699 392.699 389.557 387.987 386.416 384.845 383.274 380.133 376.991 376.991 373.85 370.708 369.137 367.566 364.425 361.283 361.283 359.712 355 353.429 351.858 350.288 345.575 345.575 342.434 339.292 339.292 336.15 333.009 329.867 326.726 323.584 322.013 318.872 317.301 314.159 317.301 320.442 322.013 325.155 326.726 329.867 329.867 334.58 337.721 342.434 342.434 345.575 347.146 350.288 351.858 353.429 358.142 359.712 361.283 362.854 364.425 367.566 369.137 372.279 373.85 375.42 378.562 378.562 380.133 384.845 384.845 387.987 389.557 391.128 392.699 394.27 398.982 398.982 398.982 400.553 405.265 403.695 406.836 408.407 409.978 409.978 413.119 414.69 416.261 414.69 417.832 417.832 419.403 422.544 422.544 422.544 424.115 427.257 427.257 427.257 428.827 430.398 433.54 431.969 430.398 433.54 433.54 435.111 436.681 436.681 438.252 436.681 439.823 438.252 439.823 439.823 439.823 439.823 441.394 439.823 441.394 442.965 441.394 442.965 442.965 441.394 442.965 442.965 442.965 439.823 442.965 442.965 442.965 442.965 439.823 442.965 441.394 441.394 441.394 442.965 442.965 439.823 442.965 438.252 439.823 438.252 436.681 438.252 439.823 436.681 436.681 435.111 433.54 430.398 431.969 431.969 430.398 430.398 428.827 428.827 427.257 424.115 424.115 424.115 424.115 420.973 420.973 419.403 417.832 416.261 414.69 413.119 411.549 413.119 408.407 408.407 406.836 403.695 403.695 400.553 398.982 397.411 397.411 395.841 392.699 391.128 389.557 387.987 386.416 383.274 381.704 380.133 380.133 375.42 373.85 372.279 369.137 367.566 365.996 362.854 361.283 359.712 356.571 355 351.858 350.288 347.146 344.004 342.434 339.292 337.721 334.58 333.009 329.867 328.296 323.584 323.584 318.872 317.301 314.159
320.442 322.013 323.584 326.726 329.867 333.009 336.15 336.15 339.292 342.434 345.575 348.717 348.717 351.858 355 356.571 358.142 361.283 362.854 364.425 369.137 370.708 372.279 373.85 376.991 376.991 380.133 383.274 383.274 386.416 387.987 389.557 391.128 395.841 395.841 395.841 397.411 400.553 402.124 403.695 405.265 406.836 409.978 408.407 411.549 413.119 414.69 414.69 417.832 417.832 417.832 420.973 420.973 420.973 424.115 424.115 424.115 425.686 427.257 428.827 428.827 428.827 431.969 433.54 433.54 433.54 435.111 433.54 436.681 436.681 438.252 439.823 438.252 439.823 439.823 439.823 441.394 441.394 439.823 441.394 441.394 442.965 441.394 441.394 442.965 441.394 442.965 442.965 442.965 442.965 441.394 442.965 441.394 441.394 441.394 442.965 442.965 441.394 442.965 441.394 439.823 439.823 439.823 438.252 438.252 436.681 438.252 438.252 435.111 436.681 435.111 433.54 433.54 431.969 431.969 430.398 430.398 428.827 427.257 425.686 424.115 424.115 424.115 422.544 420.973 419.403 419.403 419.403 414.69 414.69 413.119 411.549 409.978 408.407 405.265 406.836 405.265 403.695 402.124 400.553 397.411 397.411 395.841 392.699 389.557 389.557 387.987 386.416 383.274 383.274 380.133 378.562 375.42 373.85 372.279 369.137 367.566 364.425 362.854 361.283 359.712 356.571 355 351.858 348.717 345.575 345.575 342.434 342.434 336.15 336.15 331.438 329.867 328.296 326.726 322.013 320.442 317.301 314.159 317.301 318.872 322.013 323.584 328.296 329.867 333.009 336.15 337.721 339.292 342.434 344.004 348.717 348.717 351.858 353.429 358.142 359.712 361.283 364.425 365.996 367.566 369.137 372.279 373.85 375.42 378.562 380.133 381.704 384.845 384.845 387.987 391.128 392.699 392.699 394.27 397.411 397.411 398.982 400.553 402.124 405.265 405.265 406.836 411.549 409.978 413.119 414.69 416.261 417.832 417.832 419.403 420.973 420.973 420.973 424.115 424.115 427.257 425.686 427.257 428.827 430.398 430.398 431.969 433.54 435.111 433.54 435.111 435.111 436.681 436.681 438.252 436.681 439.823 438.252 439.823 439.823 441.394 441.394 439.823 441.394 439.823 441.394 442.965 439.823 442.965 439.823 442.965 442.965 442.965 442.965 442.965 441.394 442.965 442.965 441.394 442.965 442.965 441.394 439.823 441.394 439.823 438.252 439.823 439.823 439.823 436.681 436.681 435.111 436.681 435.111 433.54 433.54 433.54 431.969 430.398 430.398 430.398 428.827 427.257 427.257 425.686 424.115 424.115 422.544 420.973 420.973 417.832 416.261 417.832 416.261 413.119 411.549 411.549 408.407 409.978 406.836 403.695 402.124 402.124 402.124 398.982 395.841 395.841 392.699 392.699 389.557 387.987 386.416 384.845 381.704 380.133 378.562 373.85 373.85 370.708 370.708 367.566 367.566 364.425 361.283 359.712 356.571 353.429 353.429 348.717 348.717 345.575 342.434 340.863 336.15 336.15 331.438 329.867 326.726 323.584 320.442 320.442 317.301 314.159
317.301 323.584 325.155 328.296 329.867 333.009 334.58 336.15 340.863 342.434 345.575 347.146 350.288 351.858 355 356.571 358.142 361.283 362.854 364.425 367.566 369.137 372.279 373.85 376.991 378.562 380.133 381.704 383.274 386.416 386.416 391.128 389.557 392.699 394.27 397.411 397.411 400.553 402.124 403.695 403.695 405.265 405.265 408.407 411.549 411.549 413.119 414.69 414.69 417.832 419.403 419.403 420.973 424.115 424.115 425.686 425.686 425.686 428.827 428.827 427.257 430.398 431.969 433.54 433.54 433.54 433.54 436.681 435.111 438.252 436.681 438.252 438.252 439.823 439.823 442.965 441.394 441.394 439.823 441.394 442.965 442.965 441.394 441.394 441.394 442.965 442.965 442.965 444.535 442.965 441.394 442.965 441.394 442.965 441.394 442.965 442.965 441.394 439.823 439.823 441.394 439.823 439.823 439.823 438.252 438.252 438.252 436.681 435.111 435.111 435.111 433.54 431.969 431.969 431.969 430.398 430.398 428.827 427.257 427.257 425.686 425.686 424.115 420.973 420.973 419.403 417.832 417.832 416.261 414.69 413.119 413.119 411.549 408.407 408.407 405.265 405.265 403.695 402.124 400.553 398.982 397.411 394.27 392.699 392.699 389.557 387.987 386.416 383.274 381.704 378.562 378.562 376.991 373.85 370.708 369.137 369.137 367.566 364.425 361.283 358.142 355 353.429 351.858 351.858 345.575 345.575 342.434 339.292 337.721 333.009 331.438 329.867 328.296 326.726 322.013 317.301 317.301 314.159 314.159 317.301 323.584 325.155 328.296 329.867 333.009 334.58 339.292 339.292 342.434 345.575 347.146 348.717 351.858 355 358.142 359.712 361.283 362.854 365.996 367.566 370.708 373.85 375.42 375.42 376.991 380.133 383.274 384.845 386.416 387.987 389.557 392.699 392.699 394.27 395.841 397.411 398.982 400.553 403.695 405.265 406.836 406.836 409.978 409.978 411.549 411.549 414.69 414.69 417.832 419.403 420.973 420.973 420.973 424.115 425.686 427.257 425.686 427.257 428.827 430.398 431.969 430.398 431.969 433.54 431.969 435.111 435.111 435.111 436.681 436.681 438.252 436.681 438.252 439.823 438.252 439.823 439.823 439.823 441.394 439.823 442.965 442.965 442.965 442.965 442.965 442.965 442.965 442.965 442.965 442.965 442.965 441.394 441.394 442.965 442.965 442.965 441.394 442.965 439.823 441.394 439.823 439.823 438.252 439.823 438.252 436.681 435.111 436.681 435.111 435.111 433.54 433.54 431.969 431.969 430.398 430.398 430.398 427.257 425.686 427.257 424.115 424.115 422.544 422.544 419.403 417.832 417.832 414.69 414.69 413.119 411.549 411.549 408.407 408.407 405.265 405.265 405.265 402.124 398.982 398.982 395.841 394.27 392.699 391.128 389.557 387.987 386.416 383.274 381.704 380.133 378.562 375.42 373.85 372.279 370.708 367.566 365.996 362.854 361.283 358.142 358.142 355 351.858 350.288 345.575 345.575 342.434 339.292 337.721 336.15 333.009 331.438 326.726 325.155 322.013 320.442 317.301 314.159
318.872 322.013 323.584 328.296 329.867 331.438 336.15 336.15 340.863 342.434 345.575 347.146 350.288 351.858 355 356.571 359.712 361.283 362.854 367.566 367.566 370.708 370.708 373.85 376.991 378.562 380.133 381.704 383.274 386.416 387.987 389.557 389.557 392.699 394.27 395.841 395.841 400.553 398.982 403.695 403.695 405.265 406.836 409.978 409.978 413.119 413.119 414.69 414.69 420.973 419.403 419.403 419.403 420.973 425.686 425.686 424.115 427.257 427.257 428.827 430.398 430.398 431.969 433.54 433.54 433.54 433.54 435.111 433.54 435.111 436.681 438.252 438.252 439.823 439.823 439.823 439.823 439.823 442.965 439.823 439.823 442.965 442.965 442.965 442.965 442.965 442.965 442.965 444.535 442.965 442.965 441.394 441.394 442.965 441.394 441.394 441.394 441.394 439.823 441.394 439.823 439.823 439.823 438.252 438.252 436.681 436.681 436.681 436.681 435.111 435.111 433.54 433.54 430.398 431.969 430.398 430.398 428.827 427.257 425.686 427.257 424.115 422.544 422.544 422.544 419.403 419.403 417.832 417.832 416.261 413.119 411.549 409.978 408.407 408.407 406.836 405.265 402.124 400.553 402.124 398.982 397.411 394.27 392.699 392.699 389.557 387.987 386.416 383.274 381.704 380.133 378.562 375.42 373.85 372.279 370.708 367.566 364.425 364.425 361.283 359.712 356.571 355 351.858 351.858 347.146 345.575 342.434 339.292 339.292 334.58 333.009 329.867 328.296 325.155 322.013 320.442 317.301 314.159 315.73 318.872 323.584 325.155 326.726 329.867 333.009 336.15 336.15 340.863 342.434 344.004 347.146 348.717 351.858 353.429 358.142 359.712 361.283 362.854 364.425 367.566 369.137 370.708 373.85 375.42 376.991 380.133 383.274 384.845 386.416 387.987 389.557 392.699 392.699 395.841 395.841 398.982 400.553 400.553 402.124 405.265 405.265 408.407 408.407 409.978 411.549 413.119 414.69 417.832 419.403 417.832 420.973 420.973 424.115 422.544 424.115 427.257 425.686 425.686 430.398 427.257 430.398 431.969 431.969 433.54 433.54 433.54 435.111 436.681 436.681 438.252 438.252 439.823 438.252 439.823 439.823 439.823 439.823 439.823 441.394 442.965 441.394 442.965 442.965 441.394 442.965 442.965 442.965 444.535 442.965 442.965 442.965 442.965 439.823 441.394 441.394 441.394 441.394 439.823 441.394 439.823 439.823 439.823 439.823 438.252 438.252 438.252 436.681 435.111 433.54 433.54 431.969 433.54 433.54 431.969 428.827 427.257 428.827 427.257 427.257 427.257 424.115 424.115 424.115 420.973 420.973 417.832 416.261 417.832 414.69 413.119 413.119 409.978 408.407 408.407 406.836 403.695 405.265 402.124 400.553 398.982 397.411 395.841 392.699 389.557 389.557 387.987 384.845 384.845 381.704 380.133 376.991 375.42 375.42 370.708 369.137 369.137 365.996 362.854 361.283 359.712 355 353.429 351.858 350.288 348.717 342.434 342.434 339.292 337.721 333.009 333.009 329.867 326.726 323.584 323.584 320.442 315.73 314.159
317.301 320.442 323.584 328.296 329.867 333.009 336.15 337.721 339.292 342.434 345.575 348.717 348.717 351.858 355 356.571 358.142 361.283 364.425 365.996 367.566 370.708 370.708 373.85 376.991 378.562 378.562 383.274 383.274 386.416 386.416 389.557 392.699 392.699 395.841 395.841 395.841 398.982 400.553 402.124 405.265 406.836 408.407 409.978 409.978 413.119 413.119 414.69 417.832 417.832 417.832 419.403 420.973 420.973 422.544 424.115 427.257 427.257 430.398 428.827 430.398 430.398 431.969 431.969 433.54 433.54 435.111 436.681 435.111 436.681 436.681 439.823 438.252 438.252 439.823 439.823 439.823 441.394 439.823 441.394 441.394 441.394 441.394 442.965 441.394 439.823 442.965 442.965 439.823 442.965 441.394 442.965 442.965 442.965 441.394 441.394 441.394 441.394 442.965 439.823 439.823 439.823 439.823 438.252 438.252 436.681 438.252 436.681 436.681 435.111 435.111 436.681 433.54 431.969 431.969 428.827 430.398 427.257 427.257 427.257 427.257 425.686 424.115 424.115 420.973 420.973 419.403 416.261 414.69 414.69 413.119 411.549 409.978 409.978 406.836 405.265 405.265 402.124 400.553 400.553 395.841 397.411 394.27 392.699 392.699 389.557 387.987 383.274 383.274 381.704 380.133 376.991 376.991 373.85 373.85 369.137 367.566 364.425 364.425 361.283 358.142 356.571 355 353.429 351.858 348.717 345.575 342.434 339.292 336.15 336.15 333.009 329.867 326.726 326.726 323.584 317.301 317.301 314.159 315.73 320.442 320.442 325.155 328.296 331.438 333.009 334.58 337.721 339.292 342.434 345.575 348.717 348.717 351.858 353.429 355 358.142 361.283 362.854 365.996 367.566 370.708 372.279 373.85 376.991 376.991 380.133 383.274 383.274 386.416 387.987 389.557 392.699 392.699 395.841 395.841 398.982 400.553 402.124 402.124 405.265 405.265 408.407 408.407 411.549 413.119 413.119 414.69 414.69 416.261 417.832 419.403 420.973 420.973 424.115 424.115 427.257 427.257 428.827 428.827 430.398 431.969 430.398 431.969 433.54 433.54 435.111 435.111 435.111 436.681 438.252 438.252 438.252 439.823 436.681 441.394 441.394 441.394 441.394 441.394 442.965 442.965 442.965 442.965 442.965 442.965 441.394 442.965 442.965 444.535 442.965 441.394 441.394 442.965 442.965 441.394 441.394 441.394 442.965 439.823 439.823 439.823 438.252 439.823 439.823 436.681 438.252 435.111 435.111 435.111 435.111 433.54 431.969 431.969 431.969 430.398 431.969 428.827 427.257 427.257 425.686 425.686 422.544 424.115 420.973 420.973 417.832 417.832 416.261 414.69 413.119 413.119 411.549 411.549 406.836 406.836 403.695 402.124 400.553 400.553 398.982 395.841 395.841 392.699 389.557 389.557 387.987 386.416 384.845 383.274 380.133 378.562 376.991 373.85 372.279 370.708 369.137 365.996 361.283 361.283 358.142 356.571 353.429 351.858 350.288 347.146 345.575 342.434 339.292 337.721 334.58 329.867 329.867 326.726 325.155 322.013 318.872 315.73 314.159
318.872 322.013 323.584 326.726 329.867 331.438 336.15 336.15 340.863 342.434 345.575 348.717 348.717 351.858 355 358.142 358.142 361.283 362.854 365.996 367.566 370.708 370.708 375.42 376.991 380.133 380.133 383.274 383.274 384.845 387.987 389.557 392.699 392.699 394.27 395.841 398.982 398.982 400.553 403.695 405.265 406.836 408.407 408.407 411.549 411.549 413.119 414.69 414.69 416.261 419.403 420.973 422.544 424.115 424.115 424.115 427.257 427.257 428.827 428.827 430.398 431.969 431.969 431.969 433.54 436.681 433.54 435.111 436.681 436.681 438.252 438.252 438.252 438.252 439.823 439.823 439.823 439.823 441.394 441.394 441.394 442.965 442.965 442.965 441.394 442.965 442.965 442.965 442.965 441.394 442.965 442.965 442.965 442.965 441.394 442.965 439.823 441.394 439.823 441.394 441.394 439.823 436.681 438.252 438.252 436.681 438.252 436.681 436.681 436.681 433.54 433.54 431.969 431.969 433.54 430.398 430.398 428.827 427.257 427.257 424.115 424.115 424.115 424.115 420.973 420.973 419.403 419.403 417.832 414.69 413.119 411.549 409.978 408.407 408.407 406.836 405.265 403.695 400.553 398.982 397.411 397.411 394.27 392.699 392.699 389.557 386.416 386.416 383.274 380.133 380.133 378.562 373.85 373.85 372.279 370.708 367.566 364.425 364.425 361.283 359.712 355 353.429 351.858 348.717 347.146 344.004 342.434 340.863 337.721 336.15 333.009 329.867 326.726 326.726 323.584 320.442 317.301 314.159 317.301 320.442 320.442 323.584 329.867 329.867 333.009 336.15 337.721 339.292 342.434 345.575 345.575 348.717 351.858 353.429 355 358.142 361.283 362.854 364.425 367.566 370.708 372.279 373.85 375.42 376.991 380.133 383.274 383.274 386.416 387.987 389.557 391.128 394.27 394.27 397.411 398.982 400.553 402.124 403.695 405.265 406.836 406.836 408.407 409.978 411.549 411.549 414.69 414.69 417.832 417.832 420.973 417.832 420.973 424.115 425.686 425.686 425.686 427.257 428.827 430.398 431.969 431.969 431.969 435.111 436.681 435.111 435.111 435.111 436.681 438.252 438.252 439.823 439.823 439.823 439.823 441.394 441.394 439.823 441.394 442.965 441.394 441.394 439.823 441.394 442.965 441.394 442.965 442.965 442.965 439.823 441.394 441.394 442.965 441.394 442.965 441.394 441.394 441.394 441.394 439.823 439.823 439.823 438.252 438.252 439.823 438.252 435.111 436.681 436.681 435.111 431.969 433.54 430.398 431.969 430.398 430.398 427.257 427.257 425.686 425.686 424.115 422.544 420.973 422.544 419.403 417.832 417.832 417.832 411.549 413.119 413.119 411.549 408.407 408.407 405.265 405.265 402.124 402.124 400.553 398.982 395.841 395.841 394.27 391.128 389.557 387.987 384.845 383.274 383.274 380.133 376.991 376.991 373.85 373.85 369.137 367.566 365.996 364.425 359.712 359.712 356.571 353.429 351.858 350.288 347.146 344.004 342.434 339.292 336.15 336.15 331.438 329.867 328.296 323.584 322.013 318.872 317.301 314.159
320.442 322.013 323.584 328.296 331.438 333.009 334.58 339.292 339.292 342.434 344.004 345.575 348.717 351.858 353.429 356.571 358.142 361.283 364.425 365.996 367.566 370.708 370.708 373.85 376.991 378.562 380.133 381.704 384.845 384.845 389.557 389.557 389.557 392.699 394.27 395.841 398.982 398.982 402.124 403.695 403.695 406.836 405.265 408.407 411.549 411.549 414.69 414.69 416.261 417.832 417.832 420.973 420.973 422.544 424.115 424.115 427.257 427.257 428.827 427.257 430.398 430.398 433.54 431.969 433.54 433.54 435.111 436.681 436.681 436.681 438.252 439.823 438.252 438.252 439.823 439.823 439.823 439.823 442.965 441.394 441.394 441.394 441.394 439.823 444.535 442.965 441.394 442.965 439.823 442.965 442.965 442.965 442.965 444.535 442.965 442.965 441.394 441.394 441.394 439.823 439.823 442.965 439.823 438.252 438.252 436.681 436.681 435.111 433.54 436.681 435.111 433.54 435.111 431.969 430.398 430.398 430.398 427.257 427.257 427.257 425.686 425.686 424.115 424.115 420.973 419.403 419.403 416.261 417.832 414.69 414.69 411.549 411.549 408.407 406.836 406.836 403.695 402.124 402.124 400.553 397.411 397.411 394.27 392.699 389.557 389.557 386.416 386.416 384.845 383.274 380.133 378.562 376.991 375.42 372.279 369.137 367.566 364.425 361.283 361.283 359.712 355 355 353.429 350.288 347.146 345.575 342.434 340.863 336.15 336.15 333.009 329.867 328.296 323.584 323.584 318.872 317.301 314.159 317.301 320.442 322.013 325.155 326.726 329.867 333.009 334.58 336.15 340.863 342.434 345.575 348.717 348.717 351.858 353.429 355 359.712 361.283 362.854 364.425 367.566 370.708 370.708 373.85 376.991 380.133 380.133 383.274 384.845 384.845 387.987 389.557 389.557 392.699 394.27 395.841 395.841 400.553 402.124 402.124 403.695 405.265 408.407 408.407 409.978 411.549 413.119 414.69 414.69 416.261 419.403 419.403 422.544 420.973 424.115 424.115 427.257 427.257 427.257 428.827 430.398 430.398 430.398 431.969 433.54 433.54 435.111 436.681 435.111 438.252 438.252 436.681 438.252 438.252 439.823 442.965 439.823 441.394 441.394 439.823 442.965 441.394 442.965 439.823 441.394 439.823 442.965 442.965 439.823 442.965 442.965 442.965 442.965 442.965 441.394 442.965 439.823 441.394 442.965 441.394 439.823 438.252 439.823 438.252 438.252 436.681 438.252 436.681 436.681 435.111 433.54 433.54 431.969 433.54 431.969 428.827 430.398 427.257 428.827 425.686 424.115 424.115 424.115 422.544 420.973 419.403 419.403 417.832 414.69 416.261 414.69 411.549 411.549 409.978 409.978 406.836 405.265 402.124 402.124 398.982 397.411 395.841 395.841 392.699 391.128 389.557 387.987 386.416 384.845 383.274 380.133 378.562 376.991 373.85 370.708 370.708 367.566 364.425 364.425 361.283 358.142 356.571 355 351.858 348.717 348.717 345.575 342.434 339.292 337.721 334.58 333.009 329.867 326.726 323.584 320.442 320.442 315.73 314.159
318.872 322.013 326.726 328.296 329.867 331.438 334.58 337.721 340.863 342.434 345.575 348.717 350.288 351.858 355 356.571 359.712 361.283 362.854 365.996 367.566 369.137 372.279 373.85 376.991 378.562 380.133 381.704 383.274 386.416 386.416 391.128 389.557 392.699 395.841 395.841 397.411 400.553 402.124 402.124 405.265 406.836 405.265 408.407 411.549 413.119 414.69 416.261 417.832 416.261 419.403 419.403 420.973 424.115 424.115 424.115 425.686 427.257 427.257 428.827 428.827 430.398 431.969 431.969 431.969 433.54 435.111 436.681 435.111 436.681 438.252 436.681 436.681 438.252 439.823 442.965 439.823 439.823 442.965 441.394 442.965 441.394 441.394 442.965 442.965 444.535 442.965 442.965 444.535 442.965 442.965 442.965 441.394 439.823 442.965 441.394 442.965 441.394 441.394 441.394 441.394 438.252 439.823 438.252 438.252 436.681 438.252 436.681 435.111 435.111 435.111 433.54 433.54 431.969 431.969 431.969 430.398 428.827 427.257 427.257 424.115 424.115 425.686 422.544 420.973 417.832 419.403 417.832 414.69 414.69 413.119 411.549 411.549 408.407 405.265 406.836 405.265 405.265 398.982 400.553 398.982 397.411 395.841 392.699 389.557 389.557 387.987 386.416 383.274 381.704 380.133 376.991 375.42 373.85 372.279 369.137 367.566 365.996 364.425 359.712 358.142 356.571 353.429 353.429 350.288 347.146 345.575 342.434 339.292 337.721 336.15 333.009 329.867 326.726 323.584 323.584 320.442 315.73 314.159 314.159 318.872 322.013 326.726 326.726 329.867 331.438 334.58 339.292 342.434 342.434 345.575 347.146 351.858 351.858 355 358.142 359.712 361.283 362.854 367.566 367.566 370.708 372.279 373.85 375.42 380.133 380.133 381.704 383.274 384.845 387.987 389.557 389.557 392.699 394.27 397.411 398.982 400.553 402.124 402.124 405.265 405.265 408.407 409.978 411.549 414.69 413.119 416.261 414.69 417.832 419.403 420.973 420.973 422.544 424.115 424.115 424.115 427.257 427.257 428.827 430.398 430.398 430.398 431.969 433.54 433.54 435.111 435.111 436.681 436.681 435.111 439.823 438.252 439.823 436.681 439.823 439.823 439.823 439.823 441.394 442.965 441.394 442.965 442.965 442.965 441.394 442.965 442.965 439.823 442.965 441.394 442.965 442.965 442.965 441.394 442.965 442.965 441.394 441.394 441.394 441.394 439.823 436.681 438.252 439.823 438.252 436.681 436.681 436.681 436.681 435.111 436.681 435.111 433.54 431.969 430.398 430.398 428.827 428.827 427.257 424.115 424.115 424.115 422.544 420.973 420.973 417.832 417.832 417.832 411.549 413.119 413.119 409.978 408.407 405.265 405.265 405.265 403.695 402.124 400.553 398.982 397.411 394.27 392.699 392.699 389.557 387.987 384.845 383.274 381.704 380.133 378.562 376.991 375.42 372.279 370.708 367.566 365.996 362.854 361.283 361.283 358.142 353.429 353.429 350.288 348.717 345.575 342.434 340.863 336.15 336.15 333.009 329.867 326.726 326.726 323.584 320.442 314.159 314.159
318.872 320.442 323.584 326.726 331.438 333.009 336.15 336.15 342.434 342.434 345.575 348.717 350.288 351.858 353.429 356.571 358.142 359.712 364.425 364.425 367.566 369.137 372.279 373.85 375.42 378.562 380.133 381.704 386.416 384.845 387.987 391.128 391.128 392.699 395.841 397.411 398.982 398.982 402.124 402.124 405.265 406.836 408.407 408.407 411.549 411.549 411.549 414.69 417.832 417.832 419.403 417.832 420.973 420.973 424.115 424.115 425.686 427.257 427.257 428.827 430.398 430.398 430.398 433.54 433.54 433.54 435.111 435.111 436.681 436.681 438.252 436.681 438.252 439.823 439.823 439.823 439.823 441.394 442.965 441.394 441.394 442.965 441.394 442.965 442.965 442.965 442.965 442.965 439.823 444.535 442.965 442.965 442.965 444.535 441.394 441.394 442.965 441.394 439.823 439.823 439.823 439.823 438.252 438.252 438.252 438.252 436.681 438.252 436.681 436.681 433.54 436.681 433.54 431.969 433.54 430.398 430.398 428.827 427.257 427.257 424.115 425.686 425.686 422.544 420.973 419.403 417.832 417.832 417.832 414.69 413.119 414.69 411.549 409.978 408.407 406.836 403.695 403.695 402.124 400.553 398.982 397.411 395.841 392.699 392.699 391.128 387.987 386.416 384.845 381.704 380.133 378.562 375.42 373.85 373.85 370.708 367.566 365.996 362.854 361.283 359.712 356.571 355 351.858 350.288 348.717 345.575 342.434 342.434 337.721 333.009 331.438 329.867 328.296 323.584 322.013 318.872 317.301 314.159 317.301 318.872 322.013 323.584 328.296 329.867 333.009 336.15 337.721 339.292 342.434 344.004 348.717 350.288 351.858 353.429 358.142 359.712 361.283 362.854 365.996 367.566 370.708 372.279 373.85 375.42 376.991 380.133 383.274 383.274 386.416 386.416 391.128 389.557 392.699 395.841 397.411 398.982 400.553 400.553 405.265 403.695 406.836 406.836 408.407 411.549 411.549 413.119 414.69 416.261 417.832 419.403 420.973 420.973 420.973 424.115 424.115 425.686 427.257 427.257 428.827 430.398 430.398 430.398 431.969 433.54 433.54 433.54 433.54 435.111 435.111 436.681 436.681 439.823 439.823 439.823 439.823 439.823 439.823 439.823 441.394 442.965 441.394 441.394 441.394 442.965 441.394 442.965 441.394 442.965 442.965 442.965 441.394 442.965 442.965 442.965 441.394 439.823 441.394 441.394 441.394 441.394 442.965 436.681 439.823 438.252 438.252 438.252 436.681 436.681 435.111 435.111 433.54 435.111 431.969 430.398 431.969 428.827 428.827 427.257 427.257 427.257 425.686 422.544 420.973 420.973 420.973 419.403 416.261 414.69 414.69 413.119 411.549 409.978 408.407 408.407 405.265 403.695 403.695 402.124 402.124 395.841 397.411 394.27 392.699 391.128 389.557 386.416 386.416 384.845 381.704 380.133 378.562 375.42 375.42 373.85 370.708 367.566 364.425 362.854 361.283 361.283 356.571 355 351.858 348.717 348.717 345.575 342.434 340.863 339.292 333.009 333.009 329.867 328.296 323.584 323.584 318.872 317.301 314.159
318.872 320.442 323.584 328.296 329.867 333.009 334.58 337.721 339.292 342.434 345.575 345.575 348.717 351.858 353.429 358.142 358.142 361.283 361.283 365.996 369.137 369.137 372.279 373.85 375.42 378.562 380.133 383.274 383.274 386.416 387.987 389.557 392.699 392.699 394.27 395.841 398.982 400.553 400.553 403.695 405.265 406.836 408.407 408.407 409.978 413.119 414.69 416.261 417.832 419.403 419.403 417.832 420.973 420.973 424.115 425.686 425.686 427.257 427.257 430.398 431.969 430.398 431.969 433.54 433.54 433.54 435.111 435.111 435.111 436.681 438.252 439.823 438.252 439.823 439.823 438.252 439.823 439.823 442.965 441.394 439.823 442.965 441.394 442.965 441.394 442.965 442.965 442.965 439.823 441.394 442.965 442.965 441.394 442.965 441.394 441.394 442.965 441.394 439.823 439.823 439.823 439.823 439.823 438.252 438.252 438.252 438.252 438.252 436.681 436.681 435.111 431.969 431.969 431.969 430.398 433.54 430.398 427.257 427.257 427.257 424.115 424.115 424.115 422.544 420.973 420.973 419.403 417.832 414.69 416.261 414.69 411.549 411.549 408.407 408.407 406.836 405.265 405.265 400.553 400.553 398.982 395.841 395.841 395.841 392.699 391.128 387.987 386.416 383.274 383.274 380.133 378.562 376.991 373.85 372.279 370.708 367.566 365.996 362.854 361.283 359.712 355 353.429 351.858 348.717 347.146 345.575 342.434 340.863 337.721 336.15 333.009 329.867 326.726 325.155 320.442 317.301 317.301 314.159 317.301 320.442 322.013 323.584 328.296 329.867 333.009 336.15 336.15 339.292 342.434 345.575 347.146 350.288 353.429 355 355 361.283 361.283 362.854 364.425 367.566 369.137 373.85 373.85 375.42 378.562 380.133 381.704 383.274 386.416 387.987 389.557 391.128 392.699 395.841 395.841 397.411 400.553 402.124 403.695 403.695 406.836 408.407 408.407 409.978 411.549 413.119 414.69 417.832 417.832 419.403 419.403 422.544 422.544 424.115 424.115 425.686 425.686 428.827 428.827 430.398 431.969 430.398 431.969 433.54 433.54 433.54 435.111 435.111 436.681 438.252 439.823 439.823 438.252 441.394 439.823 439.823 439.823 439.823 441.394 441.394 441.394 441.394 442.965 442.965 442.965 442.965 442.965 444.535 442.965 439.823 441.394 442.965 442.965 441.394 441.394 442.965 441.394 439.823 441.394 439.823 439.823 438.252 438.252 438.252 436.681 438.252 436.681 436.681 433.54 435.111 433.54 431.969 431.969 431.969 430.398 428.827 428.827 428.827 427.257 425.686 425.686 422.544 422.544 420.973 420.973 419.403 416.261 417.832 416.261 413.119 413.119 409.978 411.549 406.836 405.265 405.265 402.124 400.553 398.982 398.982 397.411 395.841 392.699 391.128 389.557 387.987 386.416 383.274 381.704 380.133 380.133 375.42 373.85 372.279 370.708 367.566 364.425 362.854 361.283 359.712 358.142 355 351.858 348.717 348.717 342.434 342.434 340.863 339.292 336.15 333.009 329.867 326.726 325.155 320.442 320.442 317.301 314.159
320.442 322.013 323.584 326.726 329.867 333.009 336.15 336.15 340.863 344.004 345.575 347.146 348.717 353.429 355 356.571 358.142 361.283 364.425 365.996 367.566 367.566 373.85 373.85 376.991 378.562 380.133 380.133 383.274 386.416 387.987 389.557 389.557 392.699 395.841 397.411 398.982 398.982 400.553 405.265 403.695 406.836 406.836 409.978 409.978 411.549 413.119 416.261 417.832 417.832 417.832 420.973 422.544 422.544 424.115 425.686 427.257 427.257 427.257 428.827 430.398 430.398 431.969 431.969 430.398 433.54 435.111 436.681 436.681 435.111 436.681 438.252 438.252 439.823 438.252 439.823 441.394 439.823 441.394 441.394 439.823 441.394 441.394 441.394 441.394 442.965 441.394 442.965 439.823 444.535 442.965 442.965 441.394 442.965 441.394 441.394 442.965 441.394 439.823 439.823 439.823 442.965 439.823 438.252 439.823 438.252 438.252 436.681 436.681 433.54 433.54 433.54 433.54 431.969 431.969 430.398 430.398 427.257 425.686 427.257 425.686 424.115 424.115 422.544 420.973 419.403 417.832 417.832 414.69 414.69 413.119 413.119 411.549 408.407 408.407 406.836 405.265 403.695 400.553 400.553 398.982 395.841 394.27 392.699 392.699 389.557 386.416 386.416 384.845 380.133 380.133 378.562 375.42 373.85 372.279 370.708 367.566 365.996 362.854 361.283 358.142 358.142 353.429 351.858 350.288 348.717 344.004 342.434 340.863 336.15 333.009 333.009 329.867 328.296 326.726 322.013 320.442 317.301 314.159 317.301 318.872 323.584 325.155 326.726 329.867 333.009 336.15 336.15 339.292 342.434 345.575 347.146 350.288 351.858 355 356.571 358.142 361.283 361.283 364.425 369.137 370.708 372.279 373.85 376.991 378.562 380.133 381.704 383.274 384.845 387.987 389.557 392.699 392.699 394.27 395.841 398.982 400.553 400.553 402.124 405.265 406.836 408.407 408.407 409.978 411.549 414.69 416.261 416.261 417.832 419.403 419.403 420.973 422.544 424.115 425.686 425.686 425.686 430.398 428.827 430.398 433.54 430.398 431.969 433.54 433.54 433.54 436.681 436.681 438.252 435.111 436.681 438.252 439.823 441.394 439.823 439.823 439.823 441.394 441.394 442.965 441.394 442.965 442.965 444.535 444.535 442.965 441.394 439.823 442.965 441.394 444.535 441.394 442.965 441.394 442.965 439.823 441.394 442.965 439.823 439.823 439.823 438.252 438.252 438.252 438.252 435.111 436.681 436.681 435.111 435.111 433.54 433.54 431.969 431.969 430.398 430.398 428.827 428.827 427.257 425.686 424.115 424.115 424.115 420.973 420.973 419.403 417.832 416.261 416.261 413.119 411.549 409.978 408.407 408.407 405.265 405.265 402.124 402.124 400.553 397.411 395.841 394.27 392.699 391.128 391.128 387.987 384.845 386.416 380.133 380.133 378.562 376.991 375.42 372.279 369.137 367.566 364.425 364.425 361.283 358.142 358.142 353.429 351.858 348.717 347.146 345.575 342.434 340.863 337.721 333.009 333.009 329.867 328.296 323.584 322.013 317.301 317.301 314.159
320.442 320.442 323.584 326.726 329.867 331.438 333.009 336.15 339.292 342.434 344.004 345.575 348.717 351.858 353.429 356.571 359.712 361.283 364.425 367.566 367.566 370.708 372.279 373.85 373.85 380.133 380.133 381.704 383.274 386.416 386.416 389.557 389.557 394.27 394.27 395.841 398.982 398.982 402.124 405.265 403.695 406.836 409.978 409.978 411.549 411.549 413.119 414.69 414.69 417.832 419.403 419.403 419.403 422.544 424.115 424.115 427.257 425.686 427.257 428.827 430.398 430.398 430.398 431.969 430.398 436.681 435.111 436.681 436.681 436.681 436.681 439.823 438.252 438.252 439.823 439.823 439.823 441.394 441.394 441.394 441.394 442.965 441.394 442.965 441.394 442.965 442.965 442.965 442.965 442.965 442.965 442.965 442.965 442.965 442.965 441.394 441.394 441.394 442.965 441.394 439.823 442.965 439.823 438.252 438.252 439.823 436.681 435.111 436.681 435.111 435.111 436.681 433.54 433.54 430.398 430.398 428.827 428.827 428.827 427.257 425.686 424.115 422.544 424.115 420.973 419.403 417.832 417.832 417.832 414.69 413.119 411.549 409.978 409.978 406.836 406.836 403.695 403.695 402.124 398.982 398.982 397.411 395.841 392.699 392.699 389.557 387.987 384.845 384.845 381.704 380.133 378.562 376.991 373.85 370.708 369.137 367.566 365.996 362.854 361.283 358.142 358.142 355 351.858 351.858 347.146 345.575 342.434 339.292 337.721 334.58 333.009 329.867 328.296 325.155 322.013 320.442 315.73 314.159 317.301 320.442 320.442 323.584 328.296 329.867 333.009 336.15 337.721 339.292 342.434 344.004 345.575 348.717 351.858 355 356.571 359.712 361.283 364.425 365.996 367.566 370.708 372.279 375.42 376.991 378.562 380.133 380.133 384.845 384.845 387.987 389.557 391.128 392.699 394.27 395.841 398.982 400.553 402.124 402.124 405.265 406.836 409.978 409.978 411.549 413.119 413.119 414.69 414.69 417.832 419.403 420.973 420.973 422.544 424.115 425.686 425.686 427.257 428.827 428.827 431.969 430.398 430.398 430.398 433.54 436.681 435.111 435.111 435.111 438.252 436.681 436.681 438.252 439.823 438.252 439.823 439.823 441.394 439.823 441.394 441.394 441.394 442.965 442.965 441.394 439.823 442.965 446.106 444.535 441.394 442.965 442.965 441.394 442.965 442.965 441.394 439.823 441.394 439.823 441.394 439.823 439.823 436.681 439.823 438.252 439.823 438.252 438.252 435.111 435.111 435.111 436.681 433.54 433.54 431.969 430.398 430.398 428.827 428.827 425.686 425.686 425.686 424.115 422.544 420.973 420.973 419.403 417.832 417.832 414.69 414.69 413.119 409.978 409.978 408.407 406.836 405.265 402.124 402.124 400.553 398.982 397.411 394.27 392.699 392.699 389.557 386.416 384.845 383.274 383.274 380.133 376.991 376.991 373.85 373.85 370.708 367.566 364.425 362.854 361.283 359.712 355 353.429 353.429 348.717 347.146 345.575 340.863 339.292 337.721 333.009 333.009 329.867 328.296 323.584 320.442 320.442 317.301 314.159
318.872 323.584 325.155 328.296 329.867 329.867 333.009 337.721 339.292 342.434 345.575 347.146 348.717 351.858 353.429 356.571 358.142 361.283 364.425 367.566 367.566 369.137 372.279 373.85 373.85 378.562 380.133 383.274 383.274 384.845 386.416 389.557 392.699 392.699 394.27 397.411 398.982 400.553 402.124 403.695 403.695 406.836 408.407 408.407 409.978 413.119 413.119 414.69 414.69 417.832 419.403 419.403 420.973 422.544 422.544 424.115 425.686 427.257 427.257 428.827 428.827 431.969 431.969 431.969 433.54 433.54 433.54 435.111 436.681 436.681 436.681 436.681 439.823 438.252 439.823 439.823 439.823 441.394 439.823 441.394 442.965 442.965 442.965 444.535 442.965 442.965 442.965 442.965 442.965 442.965 442.965 442.965 442.965 441.394 442.965 442.965 442.965 441.394 439.823 439.823 439.823 439.823 438.252 439.823 438.252 438.252 436.681 436.681 436.681 435.111 433.54 435.111 431.969 431.969 430.398 428.827 430.398 428.827 427.257 425.686 427.257 424.115 422.544 420.973 420.973 420.973 419.403 416.261 414.69 416.261 413.119 411.549 411.549 408.407 408.407 406.836 405.265 402.124 400.553 400.553 398.982 395.841 395.841 392.699 391.128 389.557 387.987 386.416 383.274 383.274 380.133 378.562 375.42 373.85 372.279 369.137 367.566 365.996 362.854 361.283 359.712 355 355 351.858 350.288 348.717 345.575 342.434 340.863 336.15 334.58 333.009 329.867 328.296 325.155 320.442 320.442 317.301 314.159 317.301 318.872 322.013 323.584 326.726 329.867 329.867 334.58 337.721 339.292 342.434 345.575 348.717 348.717 353.429 353.429 358.142 358.142 361.283 361.283 364.425 367.566 369.137 372.279 375.42 376.991 376.991 380.133 381.704 384.845 386.416 387.987 389.557 389.557 392.699 395.841 398.982 397.411 398.982 400.553 403.695 405.265 405.265 408.407 408.407 411.549 411.549 414.69 416.261 414.69 419.403 417.832 420.973 422.544 424.115 424.115 425.686 425.686 427.257 427.257 428.827 427.257 430.398 431.969 431.969 433.54 433.54 435.111 435.111 436.681 436.681 438.252 436.681 438.252 439.823 438.252 439.823 441.394 439.823 439.823 441.394 441.394 441.394 441.394 441.394 441.394 442.965 442.965 441.394 442.965 444.535 442.965 442.965 441.394 444.535 442.965 442.965 441.394 441.394 441.394 439.823 441.394 439.823 439.823 438.252 439.823 438.252 436.681 436.681 436.681 436.681 433.54 433.54 433.54 430.398 431.969 430.398 430.398 428.827 427.257 427.257 424.115 424.115 422.544 422.544 422.544 420.973 419.403 416.261 414.69 414.69 413.119 411.549 409.978 408.407 406.836 405.265 405.265 403.695 402.124 400.553 397.411 395.841 395.841 392.699 392.699 391.128 387.987 384.845 384.845 383.274 381.704 378.562 375.42 373.85 373.85 370.708 367.566 367.566 364.425 361.283 361.283 356.571 355 351.858 350.288 348.717 344.004 342.434 339.292 336.15 336.15 333.009 329.867 328.296 325.155 322.013 320.442 317.301 314.159
317.301 322.013 323.584 326.726 329.867 333.009 334.58 337.721 339.292 342.434 345.575 345.575 348.717 351.858 355 356.571 359.712 361.283 362.854 365.996 367.566 370.708 372.279 373.85 375.42 376.991 380.133 383.274 384.845 384.845 386.416 389.557 389.557 392.699 394.27 395.841 398.982 400.553 400.553 402.124 405.265 406.836 408.407 408.407 411.549 413.119 414.69 414.69 414.69 417.832 419.403 420.973 420.973 422.544 424.115 425.686 425.686 425.686 427.257 428.827 430.398 430.398 431.969 431.969 430.398 433.54 435.111 435.111 435.111 436.681 436.681 438.252 438.252 439.823 438.252 439.823 441.394 439.823 441.394 441.394 442.965 442.965 442.965 441.394 442.965 442.965 442.965 441.394 444.535 442.965 442.965 442.965 441.394 444.535 441.394 441.394 442.965 441.394 441.394 441.394 441.394 438.252 438.252 438.252 438.252 436.681 438.252 436.681 436.681 436.681 435.111 435.111 435.111 431.969 430.398 430.398 430.398 428.827 428.827 427.257 427.257 424.115 424.115 420.973 420.973 420.973 417.832 417.832 416.261 414.69 411.549 411.549 411.549 409.978 408.407 406.836 405.265 402.124 400.553 400.553 397.411 395.841 395.841 392.699 392.699 389.557 386.416 386.416 383.274 381.704 380.133 376.991 375.42 373.85 372.279 369.137 367.566 364.425 364.425 361.283 359.712 358.142 355 351.858 350.288 347.146 344.004 342.434 340.863 337.721 334.58 333.009 329.867 326.726 323.584 323.584 320.442 317.301 314.159 315.73 320.442 322.013 323.584 326.726 329.867 333.009 336.15 337.721 340.863 342.434 345.575 347.146 348.717 351.858 353.429 355 359.712 361.283 364.425 367.566 367.566 370.708 372.279 373.85 375.42 378.562 380.133 381.704 383.274 384.845 387.987 389.557 389.557 392.699 394.27 395.841 398.982 398.982 402.124 402.124 403.695 406.836 408.407 409.978 409.978 411.549 414.69 416.261 417.832 417.832 419.403 420.973 420.973 422.544 422.544 425.686 424.115 427.257 428.827 428.827 428.827 430.398 430.398 431.969 433.54 436.681 433.54 435.111 433.54 436.681 438.252 436.681 438.252 438.252 439.823 438.252 439.823 439.823 439.823 441.394 441.394 439.823 439.823 442.965 442.965 442.965 442.965 444.535 444.535 444.535 442.965 442.965 441.394 442.965 442.965 441.394 441.394 441.394 442.965 439.823 441.394 438.252 439.823 439.823 436.681 436.681 438.252 436.681 436.681 433.54 435.111 435.111 435.111 431.969 431.969 428.827 430.398 430.398 430.398 425.686 425.686 424.115 424.115 422.544 422.544 420.973 419.403 417.832 414.69 414.69 413.119 413.119 411.549 409.978 406.836 408.407 403.695 403.695 402.124 398.982 398.982 395.841 395.841 392.699 391.128 389.557 387.987 386.416 383.274 381.704 380.133 378.562 376.991 373.85 370.708 369.137 367.566 364.425 364.425 361.283 359.712 356.571 353.429 351.858 350.288 348.717 345.575 342.434 339.292 336.15 336.15 333.009 329.867 328.296 326.726 323.584 318.872 317.301 314.159
320.442 322.013 323.584 328.296 329.867 333.009 334.58 339.292 339.292 342.434 344.004 345.575 348.717 351.858 355 356.571 358.142 361.283 362.854 365.996 367.566 370.708 372.279 373.85 375.42 378.562 380.133 381.704 383.274 384.845 387.987 389.557 389.557 392.699 394.27 395.841 398.982 400.553 402.124 402.124 405.265 406.836 405.265 408.407 411.549 411.549 413.119 416.261 414.69 417.832 419.403 420.973 420.973 424.115 424.115 424.115 427.257 425.686 428.827 428.827 428.827 430.398 430.398 433.54 433.54 435.111 435.111 435.111 436.681 436.681 436.681 438.252 438.252 439.823 441.394 442.965 439.823 441.394 441.394 441.394 442.965 441.394 441.394 439.823 442.965 442.965 442.965 441.394 439.823 442.965 441.394 442.965 442.965 442.965 442.965 439.823 442.965 441.394 442.965 442.965 439.823 439.823 439.823 439.823 438.252 438.252 438.252 435.111 436.681 435.111 435.111 433.54 435.111 433.54 430.398 433.54 430.398 428.827 428.827 425.686 424.115 424.115 424.115 422.544 422.544 419.403 417.832 416.261 417.832 414.69 413.119 413.119 409.978 411.549 406.836 406.836 403.695 403.695 400.553 400.553 398.982 395.841 394.27 394.27 391.128 391.128 387.987 386.416 383.274 383.274 380.133 378.562 373.85 373.85 370.708 369.137 367.566 367.566 364.425 359.712 359.712 355 355 351.858 348.717 348.717 344.004 342.434 340.863 337.721 336.15 329.867 329.867 326.726 325.155 322.013 318.872 315.73 314.159 315.73 318.872 323.584 325.155 326.726 329.867 333.009 336.15 339.292 339.292 342.434 345.575 348.717 350.288 351.858 355 355 361.283 361.283 362.854 365.996 367.566 369.137 373.85 373.85 376.991 376.991 380.133 381.704 383.274 384.845 387.987 389.557 392.699 392.699 394.27 397.411 395.841 398.982 402.124 403.695 405.265 405.265 409.978 408.407 409.978 411.549 414.69 414.69 417.832 416.261 417.832 420.973 422.544 420.973 424.115 424.115 425.686 425.686 427.257 428.827 430.398 430.398 430.398 431.969 433.54 433.54 435.111 436.681 436.681 435.111 436.681 438.252 439.823 438.252 441.394 439.823 439.823 441.394 439.823 441.394 441.394 441.394 441.394 439.823 442.965 442.965 442.965 442.965 444.535 442.965 442.965 442.965 442.965 442.965 442.965 441.394 441.394 441.394 439.823 441.394 439.823 438.252 439.823 439.823 438.252 439.823 433.54 435.111 436.681 433.54 433.54 433.54 433.54 431.969 431.969 431.969 431.969 428.827 428.827 425.686 424.115 425.686 424.115 422.544 420.973 420.973 417.832 417.832 417.832 414.69 413.119 413.119 409.978 409.978 408.407 406.836 403.695 402.124 402.124 402.124 397.411 397.411 394.27 392.699 392.699 389.557 387.987 384.845 384.845 383.274 380.133 376.991 373.85 373.85 372.279 369.137 367.566 365.996 362.854 361.283 359.712 358.142 353.429 351.858 350.288 347.146 344.004 344.004 340.863 337.721 334.58 333.009 329.867 328.296 325.155 322.013 318.872 317.301 314.159
320.442 322.013 325.155 326.726 329.867 333.009 334.58 337.721 339.292 342.434 344.004 347.146 350.288 351.858 353.429 356.571 359.712 361.283 364.425 365.996 367.566 369.137 372.279 373.85 375.42 378.562 380.133 381.704 383.274 384.845 387.987 391.128 391.128 395.841 395.841 395.841 397.411 400.553 402.124 402.124 405.265 406.836 406.836 408.407 411.549 413.119 414.69 411.549 414.69 417.832 417.832 419.403 420.973 420.973 422.544 424.115 424.115 427.257 427.257 428.827 427.257 431.969 430.398 431.969 433.54 433.54 433.54 435.111 436.681 436.681 438.252 436.681 438.252 439.823 436.681 439.823 439.823 439.823 441.394 441.394 442.965 441.394 442.965 442.965 442.965 442.965 442.965 441.394 442.965 442.965 442.965 444.535 441.394 439.823 441.394 439.823 441.394 441.394 441.394 441.394 439.823 438.252 439.823 438.252 438.252 438.252 436.681 436.681 436.681 435.111 435.111 431.969 431.969 433.54 430.398 430.398 430.398 428.827 427.257 425.686 425.686 424.115 424.115 422.544 422.544 417.832 417.832 417.832 417.832 416.261 413.119 413.119 409.978 408.407 406.836 406.836 405.265 402.124 402.124 402.124 398.982 397.411 394.27 392.699 392.699 391.128 387.987 386.416 384.845 383.274 380.133 378.562 376.991 373.85 370.708 369.137 367.566 367.566 364.425 361.283 358.142 356.571 355 351.858 348.717 347.146 345.575 342.434 339.292 337.721 333.009 333.009 329.867 328.296 326.726 322.013 318.872 315.73 314.159 315.73 318.872 320.442 325.155 326.726 329.867 333.009 334.58 337.721 340.863 342.434 344.004 345.575 348.717 351.858 355 356.571 359.712 362.854 362.854 367.566 367.566 369.137 372.279 373.85 375.42 378.562 380.133 381.704 384.845 386.416 387.987 389.557 391.128 392.699 394.27 397.411 398.982 400.553 402.124 402.124 405.265 408.407 408.407 408.407 409.978 413.119 413.119 414.69 414.69 417.832 419.403 419.403 420.973 424.115 424.115 424.115 425.686 425.686 427.257 428.827 430.398 428.827 431.969 431.969 433.54 433.54 435.111 436.681 435.111 436.681 436.681 439.823 438.252 439.823 441.394 439.823 439.823 441.394 441.394 441.394 439.823 441.394 441.394 439.823 441.394 442.965 442.965 442.965 442.965 442.965 442.965 442.965 442.965 442.965 441.394 441.394 442.965 441.394 439.823 439.823 441.394 438.252 436.681 438.252 438.252 438.252 438.252 435.111 436.681 435.111 435.111 433.54 435.111 431.969 430.398 430.398 428.827 428.827 427.257 427.257 424.115 425.686 424.115 420.973 420.973 419.403 420.973 417.832 414.69 414.69 413.119 411.549 409.978 409.978 405.265 406.836 403.695 403.695 402.124 400.553 397.411 397.411 394.27 392.699 389.557 389.557 387.987 386.416 383.274 380.133 380.133 376.991 376.991 373.85 372.279 370.708 367.566 364.425 362.854 361.283 359.712 356.571 355 351.858 350.288 345.575 345.575 342.434 340.863 339.292 333.009 331.438 331.438 326.726 325.155 323.584 318.872 314.159 314.159
320.442 322.013 325.155 326.726 329.867 333.009 336.15 337.721 339.292 342.434 345.575 348.717 350.288 351.858 353.429 358.142 358.142 361.283 362.854 364.425 367.566 370.708 370.708 373.85 375.42 376.991 380.133 381.704 384.845 386.416 386.416 389.557 392.699 392.699 394.27 395.841 398.982 400.553 400.553 403.695 405.265 405.265 406.836 408.407 409.978 413.119 411.549 414.69 414.69 417.832 417.832 420.973 420.973 422.544 422.544 424.115 425.686 427.257 428.827 428.827 430.398 431.969 431.969 431.969 431.969 433.54 435.111 436.681 436.681 436.681 438.252 438.252 439.823 439.823 436.681 439.823 441.394 439.823 441.394 441.394 441.394 441.394 442.965 439.823 441.394 442.965 442.965 442.965 442.965 442.965 442.965 441.394 441.394 439.823 441.394 441.394 439.823 441.394 439.823 439.823 441.394 438.252 439.823 438.252 436.681 436.681 438.252 436.681 436.681 433.54 433.54 431.969 433.54 431.969 430.398 430.398 431.969 428.827 428.827 427.257 425.686 425.686 425.686 424.115 420.973 420.973 419.403 416.261 414.69 414.69 413.119 411.549 411.549 408.407 405.265 406.836 405.265 403.695 402.124 400.553 397.411 395.841 394.27 392.699 389.557 389.557 387.987 386.416 383.274 381.704 380.133 380.133 375.42 373.85 373.85 370.708 367.566 365.996 364.425 361.283 359.712 356.571 353.429 351.858 348.717 347.146 344.004 342.434 342.434 337.721 336.15 331.438 329.867 326.726 325.155 322.013 318.872 317.301 314.159 317.301 318.872 322.013 325.155 328.296 329.867 333.009 336.15 339.292 339.292 342.434 345.575 348.717 348.717 351.858 355 356.571 359.712 361.283 364.425 364.425 367.566 370.708 370.708 373.85 375.42 378.562 380.133 381.704 383.274 386.416 389.557 389.557 392.699 392.699 394.27 397.411 397.411 402.124 402.124 402.124 403.695 405.265 406.836 409.978 409.978 411.549 413.119 414.69 414.69 420.973 419.403 419.403 420.973 422.544 424.115 425.686 424.115 427.257 428.827 428.827 427.257 430.398 430.398 433.54 433.54 435.111 433.54 436.681 436.681 438.252 438.252 436.681 438.252 438.252 439.823 439.823 439.823 442.965 441.394 441.394 441.394 442.965 441.394 444.535 444.535 442.965 442.965 442.965 442.965 441.394 441.394 442.965 442.965 444.535 441.394 441.394 441.394 441.394 439.823 439.823 439.823 439.823 439.823 439.823 438.252 438.252 438.252 436.681 436.681 436.681 435.111 433.54 433.54 431.969 431.969 430.398 431.969 428.827 428.827 427.257 425.686 425.686 424.115 420.973 420.973 419.403 419.403 417.832 416.261 414.69 414.69 411.549 411.549 409.978 408.407 405.265 405.265 402.124 400.553 402.124 397.411 397.411 395.841 395.841 392.699 391.128 387.987 386.416 383.274 383.274 380.133 380.133 375.42 373.85 372.279 370.708 367.566 365.996 364.425 361.283 361.283 356.571 353.429 351.858 348.717 347.146 344.004 342.434 339.292 337.721 336.15 333.009 329.867 326.726 323.584 323.584 318.872 315.73 314.159
320.442 322.013 323.584 326.726 329.867 331.438 334.58 336.15 339.292 342.434 344.004 347.146 348.717 353.429 355 356.571 359.712 361.283 364.425 365.996 369.137 370.708 373.85 373.85 376.991 376.991 380.133 383.274 383.274 386.416 386.416 389.557 389.557 392.699 394.27 395.841 398.982 398.982 400.553 402.124 403.695 406.836 405.265 409.978 411.549 413.119 413.119 414.69 414.69 417.832 419.403 420.973 422.544 422.544 424.115 424.115 427.257 427.257 427.257 430.398 430.398 430.398 431.969 431.969 435.111 433.54 435.111 436.681 435.111 436.681 438.252 436.681 438.252 439.823 439.823 438.252 441.394 439.823 442.965 441.394 442.965 441.394 442.965 442.965 444.535 442.965 442.965 444.535 442.965 442.965 442.965 442.965 441.394 442.965 441.394 442.965 441.394 441.394 439.823 439.823 441.394 439.823 438.252 439.823 438.252 436.681 438.252 435.111 436.681 435.111 435.111 436.681 433.54 430.398 430.398 431.969 430.398 427.257 427.257 425.686 425.686 425.686 422.544 424.115 420.973 419.403 420.973 417.832 414.69 416.261 414.69 411.549 409.978 408.407 406.836 406.836 403.695 402.124 402.124 400.553 398.982 395.841 394.27 392.699 392.699 389.557 387.987 384.845 384.845 383.274 381.704 378.562 375.42 373.85 373.85 370.708 367.566 365.996 362.854 361.283 361.283 355 355 351.858 350.288 347.146 345.575 342.434 339.292 337.721 336.15 333.009 329.867 326.726 325.155 322.013 318.872 317.301 314.159 315.73 320.442 323.584 325.155 326.726 329.867 333.009 333.009 339.292 340.863 342.434 344.004 347.146 350.288 351.858 355 358.142 359.712 359.712 362.854 364.425 369.137 370.708 372.279 373.85 376.991 376.991 380.133 381.704 383.274 386.416 387.987 389.557 391.128 395.841 395.841 398.982 397.411 398.982 402.124 402.124 403.695 405.265 408.407 408.407 411.549 411.549 413.119 414.69 417.832 417.832 419.403 420.973 420.973 420.973 422.544 425.686 425.686 427.257 428.827 430.398 430.398 430.398 431.969 431.969 433.54 431.969 435.111 436.681 436.681 438.252 436.681 438.252 438.252 438.252 439.823 439.823 441.394 441.394 441.394 441.394 441.394 439.823 442.965 442.965 442.965 442.965 441.394 444.535 444.535 442.965 442.965 442.965 442.965 439.823 442.965 441.394 442.965 441.394 441.394 439.823 441.394 438.252 438.252 438.252 438.252 439.823 438.252 436.681 436.681 436.681 435.111 431.969 433.54 431.969 431.969 428.827 430.398 427.257 427.257 427.257 425.686 424.115 422.544 422.544 420.973 419.403 417.832 417.832 416.261 414.69 413.119 411.549 411.549 408.407 408.407 406.836 405.265 403.695 400.553 400.553 397.411 395.841 395.841 392.699 389.557 391.128 387.987 386.416 384.845 381.704 378.562 376.991 375.42 373.85 372.279 369.137 367.566 367.566 361.283 361.283 361.283 358.142 353.429 351.858 351.858 348.717 344.004 342.434 339.292 336.15 334.58 333.009 329.867 328.296 325.155 322.013 318.872 317.301 314.159
318.872 322.013 325.155 328.296 329.867 331.438 334.58 336.15 339.292 342.434 345.575 347.146 351.858 351.858 355 355 358.142 361.283 364.425 364.425 369.137 370.708 372.279 375.42 375.42 376.991 380.133 381.704 384.845 386.416 386.416 389.557 392.699 392.699 394.27 395.841 398.982 398.982 402.124 402.124 405.265 406.836 406.836 408.407 409.978 411.549 413.119 414.69 414.69 417.832 419.403 419.403 420.973 422.544 422.544 424.115 424.115 427.257 427.257 428.827 430.398 430.398 431.969 433.54 433.54 433.54 435.111 433.54 436.681 436.681 436.681 438.252 438.252 439.823 439.823 439.823 441.394 439.823 439.823 441.394 442.965 442.965 442.965 442.965 442.965 442.965 442.965 442.965 442.965 442.965 442.965 442.965 441.394 442.965 441.394 441.394 442.965 441.394 441.394 439.823 439.823 439.823 439.823 438.252 438.252 439.823 438.252 436.681 435.111 435.111 435.111 433.54 433.54 431.969 431.969 431.969 430.398 428.827 430.398 427.257 424.115 424.115 422.544 424.115 420.973 420.973 419.403 417.832 416.261 414.69 413.119 413.119 409.978 408.407 408.407 406.836 405.265 405.265 400.553 398.982 398.982 397.411 394.27 392.699 392.699 391.128 387.987 384.845 383.274 381.704 380.133 380.133 376.991 373.85 372.279 370.708 369.137 364.425 364.425 361.283 358.142 356.571 355 351.858 348.717 347.146 345.575 344.004 339.292 337.721 334.58 331.438 329.867 326.726 326.726 323.584 320.442 315.73 314.159 317.301 318.872 323.584 326.726 328.296 329.867 333.009 333.009 337.721 339.292 342.434 344.004 347.146 350.288 351.858 355 356.571 358.142 359.712 362.854 367.566 367.566 370.708 373.85 373.85 375.42 380.133 380.133 380.133 384.845 386.416 387.987 389.557 389.557 395.841 394.27 397.411 398.982 398.982 402.124 403.695 403.695 406.836 408.407 408.407 411.549 413.119 414.69 414.69 417.832 416.261 419.403 417.832 420.973 420.973 425.686 424.115 425.686 425.686 428.827 428.827 427.257 430.398 433.54 431.969 433.54 433.54 435.111 436.681 436.681 436.681 438.252 436.681 438.252 439.823 439.823 442.965 441.394 439.823 439.823 441.394 439.823 441.394 441.394 439.823 442.965 442.965 442.965 441.394 442.965 442.965 442.965 441.394 441.394 442.965 441.394 442.965 441.394 441.394 442.965 441.394 441.394 438.252 439.823 439.823 439.823 436.681 438.252 436.681 436.681 433.54 435.111 436.681 433.54 433.54 431.969 430.398 430.398 428.827 427.257 425.686 427.257 424.115 422.544 420.973 422.544 420.973 419.403 419.403 414.69 414.69 413.119 411.549 411.549 408.407 406.836 405.265 405.265 402.124 402.124 400.553 398.982 395.841 394.27 392.699 392.699 389.557 386.416 386.416 384.845 383.274 380.133 378.562 376.991 373.85 372.279 369.137 367.566 364.425 364.425 361.283 359.712 356.571 355 351.858 348.717 347.146 344.004 342.434 339.292 337.721 336.15 333.009 329.867 328.296 326.726 322.013 320.442 315.73 314.159
320.442 322.013 325.155 328.296 329.867 331.438 334.58 339.292 340.863 342.434 342.434 348.717 348.717 351.858 353.429 355 358.142 361.283 362.854 365.996 367.566 369.137 370.708 373.85 375.42 378.562 380.133 381.704 383.274 384.845 387.987 387.987 392.699 392.699 394.27 397.411 397.411 398.982 400.553 403.695 405.265 406.836 405.265 409.978 409.978 413.119 411.549 414.69 417.832 417.832 417.832 419.403 420.973 420.973 425.686 424.115 425.686 427.257 427.257 427.257 430.398 431.969 431.969 431.969 433.54 435.111 435.111 436.681 436.681 436.681 438.252 439.823 438.252 439.823 441.394 439.823 441.394 439.823 439.823 441.394 442.965 441.394 441.394 441.394 442.965 442.965 442.965 442.965 442.965 441.394 442.965 441.394 442.965 441.394 442.965 441.394 441.394 441.394 442.965 441.394 439.823 439.823 436.681 438.252 438.252 436.681 436.681 436.681 436.681 433.54 435.111 433.54 435.111 431.969 431.969 430.398 430.398 428.827 427.257 427.257 425.686 424.115 424.115 424.115 422.544 420.973 419.403 416.261 417.832 411.549 413.119 411.549 411.549 409.978 408.407 406.836 403.695 402.124 400.553 398.982 398.982 397.411 394.27 392.699 392.699 389.557 386.416 386.416 384.845 381.704 380.133 376.991 375.42 373.85 372.279 369.137 367.566 365.996 362.854 361.283 358.142 355 353.429 351.858 348.717 345.575 345.575 342.434 339.292 337.721 336.15 333.009 329.867 328.296 323.584 322.013 318.872 317.301 314.159 317.301 320.442 320.442 325.155 326.726 329.867 333.009 334.58 337.721 340.863 342.434 344.004 347.146 350.288 351.858 353.429 355 359.712 359.712 362.854 365.996 367.566 367.566 372.279 373.85 375.42 376.991 380.133 381.704 383.274 384.845 387.987 389.557 392.699 394.27 394.27 397.411 398.982 400.553 402.124 402.124 403.695 406.836 406.836 411.549 411.549 413.119 413.119 414.69 414.69 417.832 417.832 419.403 420.973 422.544 424.115 425.686 424.115 425.686 427.257 428.827 430.398 430.398 430.398 431.969 431.969 433.54 435.111 436.681 435.111 438.252 436.681 436.681 438.252 439.823 436.681 439.823 439.823 439.823 441.394 441.394 442.965 439.823 442.965 439.823 442.965 442.965 442.965 442.965 442.965 442.965 442.965 442.965 442.965 441.394 441.394 441.394 442.965 441.394 439.823 439.823 441.394 439.823 436.681 439.823 438.252 438.252 438.252 436.681 436.681 436.681 433.54 433.54 433.54 433.54 430.398 430.398 427.257 428.827 430.398 427.257 424.115 424.115 422.544 420.973 420.973 417.832 419.403 417.832 414.69 414.69 413.119 411.549 411.549 411.549 409.978 406.836 405.265 402.124 402.124 398.982 397.411 395.841 394.27 394.27 392.699 389.557 386.416 384.845 383.274 381.704 380.133 378.562 376.991 375.42 372.279 369.137 367.566 364.425 362.854 361.283 359.712 358.142 355 351.858 348.717 348.717 345.575 342.434 339.292 337.721 336.15 333.009 329.867 326.726 323.584 323.584 320.442 315.73 314.159
318.872 323.584 325.155 329.867 329.867 333.009 336.15 337.721 340.863 344.004 345.575 348.717 348.717 351.858 355 355 359.712 361.283 362.854 364.425 367.566 370.708 372.279 373.85 375.42 376.991 380.133 383.274 383.274 386.416 387.987 389.557 389.557 394.27 394.27 397.411 398.982 400.553 400.553 403.695 405.265 406.836 408.407 408.407 411.549 413.119 414.69 414.69 417.832 416.261 419.403 419.403 422.544 422.544 422.544 424.115 425.686 427.257 428.827 427.257 430.398 430.398 431.969 430.398 433.54 436.681 435.111 435.111 436.681 436.681 438.252 436.681 438.252 438.252 438.252 441.394 439.823 441.394 441.394 441.394 442.965 441.394 441.394 442.965 442.965 444.535 442.965 442.965 442.965 442.965 442.965 442.965 441.394 442.965 442.965 442.965 441.394 441.394 442.965 439.823 439.823 439.823 439.823 439.823 438.252 436.681 438.252 436.681 435.111 436.681 436.681 433.54 433.54 431.969 430.398 430.398 430.398 427.257 427.257 425.686 425.686 424.115 424.115 424.115 422.544 420.973 420.973 416.261 417.832 416.261 413.119 413.119 409.978 409.978 406.836 406.836 405.265 405.265 402.124 400.553 397.411 395.841 395.841 392.699 392.699 389.557 387.987 384.845 383.274 381.704 380.133 378.562 376.991 373.85 370.708 370.708 367.566 365.996 364.425 361.283 358.142 356.571 355 351.858 348.717 348.717 345.575 342.434 339.292 339.292 334.58 333.009 329.867 326.726 323.584 322.013 320.442 315.73 314.159 315.73 318.872 322.013 323.584 326.726 329.867 333.009 334.58 336.15 340.863 342.434 345.575 347.146 350.288 351.858 355 356.571 358.142 361.283 362.854 367.566 369.137 369.137 372.279 373.85 375.42 378.562 380.133 381.704 383.274 384.845 389.557 391.128 392.699 394.27 395.841 397.411 398.982 398.982 402.124 402.124 405.265 405.265 406.836 408.407 411.549 411.549 414.69 414.69 414.69 417.832 419.403 419.403 420.973 422.544 422.544 424.115 425.686 427.257 427.257 427.257 430.398 430.398 431.969 433.54 433.54 433.54 435.111 433.54 436.681 435.111 436.681 436.681 438.252 438.252 436.681 439.823 441.394 441.394 439.823 441.394 441.394 442.965 441.394 442.965 441.394 442.965 442.965 444.535 442.965 442.965 442.965 442.965 441.394 441.394 441.394 441.394 442.965 441.394 441.394 441.394 439.823 439.823 439.823 438.252 438.252 436.681 436.681 436.681 433.54 436.681 433.54 433.54 433.54 433.54 430.398 430.398 430.398 428.827 427.257 425.686 425.686 425.686 425.686 422.544 420.973 419.403 419.403 417.832 416.261 414.69 414.69 411.549 409.978 411.549 408.407 405.265 403.695 402.124 402.124 398.982 398.982 395.841 394.27 392.699 391.128 391.128 386.416 386.416 384.845 380.133 380.133 376.991 376.991 373.85 372.279 369.137 367.566 364.425 364.425 359.712 358.142 356.571 353.429 351.858 350.288 348.717 345.575 342.434 340.863 337.721 336.15 333.009 329.867 326.726 325.155 322.013 320.442 317.301 314.159
320.442 322.013 325.155 326.726 329.867 333.009 336.15 337.721 339.292 342.434 345.575 347.146 350.288 353.429 351.858 356.571 358.142 361.283 364.425 365.996 367.566 369.137 370.708 375.42 375.42 378.562 380.133 381.704 383.274 384.845 387.987 389.557 391.128 392.699 394.27 397.411 397.411 400.553 402.124 405.265 403.695 406.836 408.407 409.978 409.978 413.119 413.119 414.69 414.69 417.832 417.832 419.403 420.973 422.544 424.115 424.115 427.257 427.257 427.257 428.827 430.398 430.398 430.398 431.969 433.54 433.54 435.111 435.111 436.681 438.252 436.681 438.252 438.252 439.823 439.823 439.823 441.394 441.394 439.823 441.394 439.823 441.394 442.965 439.823 442.965 442.965 442.965 442.965 442.965 442.965 442.965 441.394 441.394 442.965 442.965 441.394 439.823 441.394 442.965 441.394 439.823 439.823 439.823 438.252 438.252 438.252 436.681 435.111 435.111 435.111 433.54 436.681 433.54 430.398 431.969 430.398 428.827 428.827 427.257 425.686 424.115 424.115 424.115 422.544 422.544 419.403 417.832 417.832 416.261 414.69 413.119 413.119 411.549 409.978 406.836 406.836 403.695 405.265 400.553 398.982 398.982 395.841 395.841 392.699 392.699 389.557 387.987 386.416 383.274 380.133 380.133 376.991 375.42 373.85 370.708 370.708 367.566 365.996 364.425 361.283 358.142 358.142 355 351.858 350.288 347.146 345.575 344.004 339.292 337.721 336.15 333.009 329.867 329.867 323.584 322.013 320.442 317.301 314.159 317.301 318.872 323.584 325.155 326.726 329.867 329.867 336.15 337.721 339.292 342.434 345.575 347.146 348.717 351.858 355 356.571 358.142 359.712 364.425 365.996 367.566 370.708 372.279 373.85 376.991 376.991 380.133 381.704 383.274 386.416 386.416 389.557 389.557 392.699 394.27 395.841 397.411 398.982 402.124 403.695 403.695 406.836 408.407 409.978 409.978 414.69 413.119 416.261 417.832 416.261 419.403 419.403 420.973 422.544 422.544 425.686 425.686 427.257 427.257 428.827 428.827 430.398 430.398 433.54 433.54 431.969 433.54 436.681 436.681 436.681 436.681 438.252 438.252 438.252 438.252 439.823 439.823 439.823 442.965 441.394 439.823 442.965 441.394 442.965 442.965 442.965 442.965 441.394 442.965 442.965 442.965 442.965 442.965 442.965 441.394 441.394 441.394 439.823 441.394 439.823 441.394 439.823 436.681 438.252 438.252 438.252 435.111 436.681 435.111 435.111 435.111 431.969 431.969 431.969 430.398 430.398 430.398 428.827 427.257 425.686 424.115 424.115 424.115 422.544 420.973 420.973 417.832 417.832 417.832 414.69 413.119 414.69 411.549 408.407 408.407 406.836 405.265 405.265 402.124 398.982 398.982 397.411 394.27 392.699 391.128 389.557 387.987 386.416 386.416 380.133 380.133 378.562 375.42 373.85 372.279 369.137 370.708 364.425 364.425 361.283 359.712 358.142 355 351.858 351.858 348.717 345.575 342.434 340.863 337.721 336.15 333.009 329.867 326.726 323.584 320.442 320.442 317.301 314.159
320.442 323.584 323.584 326.726 329.867 329.867 334.58 337.721 340.863 342.434 345.575 345.575 350.288 351.858 353.429 356.571 359.712 361.283 364.425 364.425 367.566 369.137 372.279 373.85 376.991 378.562 380.133 380.133 384.845 384.845 386.416 389.557 392.699 392.699 395.841 395.841 398.982 398.982 402.124 402.124 403.695 405.265 408.407 408.407 411.549 411.549 413.119 414.69 417.832 417.832 419.403 419.403 420.973 420.973 424.115 425.686 427.257 427.257 427.257 428.827 430.398 428.827 430.398 431.969 431.969 431.969 435.111 435.111 436.681 438.252 436.681 436.681 438.252 438.252 441.394 439.823 439.823 439.823 442.965 439.823 442.965 441.394 442.965 442.965 442.965 439.823 442.965 442.965 442.965 442.965 441.394 442.965 441.394 441.394 442.965 441.394 441.394 439.823 442.965 441.394 439.823 441.394 441.394 438.252 438.252 436.681 438.252 436.681 436.681 436.681 435.111 433.54 433.54 431.969 431.969 430.398 430.398 430.398 428.827 425.686 427.257 424.115 424.115 422.544 420.973 420.973 419.403 417.832 414.69 414.69 414.69 411.549 411.549 409.978 408.407 405.265 405.265 403.695 400.553 400.553 398.982 395.841 395.841 392.699 392.699 389.557 389.557 386.416 383.274 381.704 378.562 378.562 376.991 373.85 372.279 369.137 367.566 364.425 364.425 361.283 359.712 356.571 353.429 351.858 348.717 347.146 345.575 342.434 342.434 337.721 334.58 333.009 329.867 326.726 323.584 322.013 320.442 317.301 314.159 317.301 318.872 320.442 325.155 328.296 329.867 333.009 336.15 339.292 339.292 342.434 345.575 347.146 351.858 351.858 353.429 358.142 359.712 362.854 364.425 365.996 367.566 370.708 373.85 373.85 375.42 376.991 380.133 381.704 383.274 384.845 387.987 389.557 391.128 392.699 394.27 395.841 398.982 400.553 402.124 403.695 403.695 406.836 406.836 408.407 409.978 411.549 411.549 416.261 416.261 416.261 417.832 420.973 420.973 424.115 424.115 424.115 427.257 427.257 428.827 428.827 428.827 430.398 430.398 433.54 433.54 435.111 435.111 435.111 436.681 439.823 438.252 438.252 436.681 439.823 439.823 441.394 439.823 442.965 439.823 441.394 439.823 441.394 442.965 442.965 442.965 442.965 442.965 442.965 444.535 441.394 442.965 442.965 441.394 442.965 441.394 442.965 442.965 441.394 441.394 441.394 439.823 442.965 439.823 438.252 438.252 436.681 436.681 438.252 436.681 436.681 435.111 433.54 431.969 431.969 430.398 430.398 430.398 428.827 427.257 425.686 427.257 425.686 422.544 420.973 419.403 420.973 419.403 417.832 414.69 414.69 413.119 411.549 409.978 408.407 408.407 406.836 405.265 402.124 400.553 400.553 398.982 395.841 395.841 392.699 389.557 389.557 387.987 386.416 383.274 381.704 380.133 376.991 376.991 373.85 372.279 370.708 367.566 365.996 364.425 361.283 358.142 355 353.429 351.858 348.717 348.717 345.575 342.434 340.863 337.721 336.15 333.009 329.867 326.726 325.155 320.442 320.442 315.73 314.159
317.301 320.442 323.584 328.296 329.867 329.867 334.58 336.15 339.292 342.434 345.575 347.146 348.717 351.858 353.429 355 358.142 361.283 362.854 364.425 367.566 369.137 373.85 373.85 376.991 376.991 380.133 383.274 384.845 386.416 387.987 389.557 389.557 392.699 395.841 395.841 397.411 398.982 402.124 403.695 403.695 406.836 408.407 408.407 409.978 413.119 414.69 414.69 414.69 416.261 419.403 420.973 420.973 424.115 422.544 424.115 425.686 427.257 428.827 428.827 430.398 430.398 433.54 431.969 433.54 433.54 435.111 433.54 436.681 436.681 436.681 438.252 438.252 439.823 439.823 439.823 441.394 439.823 441.394 441.394 442.965 441.394 441.394 441.394 441.394 442.965 442.965 441.394 442.965 441.394 442.965 441.394 442.965 442.965 442.965 441.394 442.965 441.394 442.965 441.394 439.823 438.252 441.394 439.823 438.252 436.681 438.252 436.681 436.681 435.111 433.54 433.54 433.54 431.969 431.969 430.398 430.398 428.827 427.257 425.686 427.257 425.686 422.544 420.973 419.403 420.973 419.403 417.832 417.832 414.69 413.119 414.69 411.549 408.407 405.265 406.836 405.265 402.124 402.124 398.982 398.982 397.411 395.841 395.841 391.128 389.557 389.557 384.845 384.845 380.133 380.133 378.562 375.42 373.85 372.279 369.137 367.566 367.566 362.854 361.283 358.142 358.142 355 351.858 350.288 347.146 345.575 344.004 339.292 339.292 333.009 333.009 329.867 326.726 323.584 320.442 318.872 317.301 314.159 317.301 320.442 322.013 325.155 326.726 329.867 333.009 334.58 339.292 340.863 342.434 344.004 345.575 351.858 351.858 353.429 356.571 361.283 361.283 361.283 367.566 367.566 370.708 372.279 373.85 375.42 376.991 380.133 381.704 383.274 386.416 387.987 389.557 391.128 394.27 394.27 397.411 398.982 398.982 402.124 405.265 403.695 406.836 409.978 409.978 409.978 411.549 414.69 416.261 416.261 417.832 417.832 420.973 420.973 422.544 422.544 424.115 424.115 427.257 427.257 428.827 430.398 430.398 431.969 431.969 433.54 433.54 435.111 433.54 436.681 436.681 438.252 438.252 438.252 438.252 439.823 439.823 439.823 441.394 439.823 441.394 442.965 441.394 442.965 442.965 441.394 441.394 439.823 441.394 444.535 442.965 441.394 441.394 441.394 442.965 442.965 442.965 439.823 441.394 439.823 439.823 439.823 439.823 439.823 438.252 438.252 438.252 436.681 435.111 433.54 433.54 435.111 433.54 433.54 431.969 430.398 430.398 427.257 428.827 425.686 427.257 427.257 424.115 424.115 422.544 420.973 419.403 417.832 417.832 416.261 416.261 413.119 411.549 409.978 409.978 408.407 406.836 405.265 403.695 400.553 398.982 398.982 395.841 394.27 392.699 389.557 391.128 387.987 386.416 383.274 380.133 380.133 378.562 376.991 373.85 370.708 370.708 367.566 367.566 364.425 361.283 359.712 356.571 355 355 350.288 348.717 342.434 342.434 340.863 337.721 336.15 331.438 329.867 328.296 323.584 320.442 320.442 317.301 314.159
320.442 322.013 323.584 328.296 329.867 333.009 334.58 337.721 339.292 342.434 345.575 347.146 350.288 353.429 355 358.142 358.142 361.283 364.425 367.566 369.137 369.137 370.708 373.85 376.991 376.991 380.133 383.274 384.845 386.416 387.987 389.557 389.557 392.699 394.27 397.411 398.982 400.553 400.553 402.124 405.265 405.265 408.407 409.978 409.978 413.119 414.69 414.69 414.69 417.832 419.403 420.973 422.544 422.544 422.544 424.115 427.257 427.257 428.827 428.827 428.827 430.398 431.969 431.969 433.54 433.54 435.111 433.54 433.54 436.681 436.681 439.823 438.252 439.823 439.823 439.823 439.823 439.823 442.965 441.394 441.394 442.965 441.394 442.965 442.965 442.965 442.965 441.394 442.965 442.965 442.965 442.965 442.965 439.823 441.394 441.394 439.823 441.394 441.394 441.394 439.823 438.252 436.681 439.823 439.823 436.681 438.252 438.252 436.681 435.111 433.54 433.54 433.54 431.969 430.398 431.969 430.398 428.827 427.257 425.686 425.686 425.686 422.544 424.115 420.973 419.403 419.403 419.403 417.832 411.549 413.119 413.119 409.978 408.407 408.407 406.836 405.265 405.265 402.124 398.982 397.411 395.841 394.27 392.699 391.128 389.557 386.416 384.845 383.274 381.704 380.133 378.562 375.42 373.85 372.279 370.708 367.566 364.425 364.425 361.283 358.142 355 355 351.858 348.717 348.717 344.004 342.434 340.863 336.15 334.58 333.009 329.867 326.726 325.155 320.442 320.442 317.301 314.159 317.301 318.872 322.013 325.155 326.726 329.867 333.009 336.15 336.15 339.292 342.434 344.004 348.717 350.288 351.858 355 355 358.142 361.283 362.854 365.996 367.566 370.708 370.708 373.85 376.991 380.133 380.133 383.274 383.274 386.416 387.987 389.557 392.699 392.699 395.841 395.841 397.411 400.553 402.124 402.124 403.695 408.407 406.836 409.978 411.549 411.549 413.119 416.261 414.69 417.832 417.832 417.832 422.544 420.973 422.544 424.115 427.257 427.257 425.686 428.827 430.398 430.398 433.54 431.969 433.54 433.54 433.54 435.111 436.681 435.111 436.681 439.823 436.681 438.252 438.252 439.823 439.823 439.823 439.823 441.394 441.394 442.965 441.394 442.965 442.965 444.535 441.394 442.965 442.965 442.965 442.965 442.965 441.394 439.823 442.965 441.394 442.965 441.394 442.965 439.823 441.394 439.823 439.823 436.681 438.252 436.681 438.252 436.681 436.681 436.681 433.54 436.681 433.54 431.969 431.969 431.969 430.398 428.827 427.257 427.257 427.257 425.686 425.686 420.973 420.973 420.973 419.403 416.261 414.69 414.69 413.119 411.549 411.549 411.549 408.407 405.265 405.265 402.124 402.124 400.553 398.982 397.411 395.841 392.699 389.557 391.128 387.987 386.416 383.274 383.274 380.133 378.562 376.991 375.42 370.708 369.137 367.566 364.425 361.283 361.283 358.142 355 355 351.858 348.717 348.717 345.575 342.434 339.292 339.292 336.15 331.438 329.867 326.726 325.155 323.584 318.872 315.73 314.159
318.872 323.584 323.584 326.726 331.438 331.438 334.58 336.15 339.292 342.434 344.004 348.717 348.717 353.429 355 356.571 359.712 361.283 364.425 365.996 367.566 370.708 370.708 373.85 376.991 380.133 380.133 381.704 383.274 384.845 387.987 389.557 392.699 394.27 394.27 397.411 397.411 400.553 402.124 402.124 405.265 405.265 408.407 411.549 409.978 411.549 414.69 416.261 417.832 419.403 417.832 420.973 420.973 420.973 424.115 425.686 424.115 427.257 427.257 428.827 430.398 430.398 431.969 433.54 433.54 433.54 435.111 436.681 435.111 438.252 438.252 438.252 438.252 438.252 439.823 439.823 439.823 441.394 441.394 441.394 442.965 442.965 441.394 442.965 442.965 442.965 442.965 441.394 442.965 442.965 442.965 442.965 444.535 442.965 442.965 441.394 442.965 441.394 439.823 439.823 439.823 442.965 439.823 439.823 438.252 438.252 436.681 438.252 435.111 435.111 435.111 433.54 433.54 431.969 430.398 430.398 427.257 428.827 427.257 425.686 427.257 424.115 424.115 420.973 420.973 420.973 419.403 416.261 414.69 414.69 414.69 411.549 411.549 411.549 408.407 405.265 405.265 403.695 402.124 400.553 397.411 395.841 395.841 392.699 391.128 391.128 387.987 386.416 383.274 383.274 380.133 378.562 375.42 373.85 372.279 370.708 367.566 367.566 364.425 362.854 358.142 356.571 355 351.858 348.717 347.146 345.575 344.004 339.292 337.721 336.15 333.009 329.867 326.726 325.155 322.013 320.442 317.301 314.159 317.301 320.442 322.013 325.155 328.296 329.867 333.009 333.009 337.721 342.434 342.434 345.575 347.146 351.858 351.858 353.429 356.571 358.142 361.283 364.425 364.425 367.566 369.137 370.708 373.85 376.991 376.991 380.133 381.704 384.845 384.845 387.987 389.557 392.699 392.699 394.27 395.841 398.982 402.124 402.124 403.695 405.265 406.836 408.407 409.978 409.978 411.549 414.69 414.69 414.69 417.832 419.403 419.403 420.973 420.973 422.544 424.115 427.257 427.257 427.257 428.827 430.398 430.398 431.969 431.969 435.111 433.54 433.54 435.111 433.54 436.681 436.681 436.681 438.252 438.252 439.823 441.394 439.823 439.823 439.823 441.394 439.823 439.823 442.965 439.823 441.394 442.965 442.965 441.394 442.965 446.106 439.823 442.965 442.965 442.965 441.394 442.965 442.965 441.394 439.823 441.394 441.394 438.252 436.681 438.252 438.252 436.681 436.681 436.681 436.681 435.111 435.111 433.54 433.54 431.969 431.969 430.398 430.398 428.827 428.827 427.257 427.257 424.115 422.544 420.973 420.973 419.403 419.403 416.261 417.832 414.69 414.69 411.549 411.549 408.407 408.407 405.265 403.695 403.695 402.124 402.124 397.411 397.411 394.27 392.699 391.128 389.557 387.987 386.416 383.274 381.704 380.133 378.562 376.991 373.85 372.279 370.708 367.566 365.996 362.854 361.283 358.142 358.142 355 351.858 348.717 347.146 345.575 342.434 339.292 337.721 334.58 331.438 331.438 328.296 323.584 322.013 318.872 317.301 314.159
318.872 322.013 326.726 326.726 329.867 333.009 336.15 337.721 339.292 342.434 344.004 347.146 348.717 351.858 351.858 358.142 359.712 361.283 364.425 365.996 367.566 369.137 372.279 373.85 376.991 378.562 380.133 383.274 383.274 384.845 386.416 389.557 389.557 392.699 395.841 395.841 398.982 400.553 402.124 405.265 405.265 406.836 408.407 408.407 409.978 413.119 411.549 414.69 414.69 416.261 417.832 420.973 420.973 420.973 422.544 424.115 424.115 427.257 427.257 428.827 430.398 430.398 430.398 431.969 430.398 431.969 435.111 435.111 436.681 436.681 435.111 439.823 438.252 439.823 439.823 438.252 439.823 439.823 442.965 441.394 442.965 441.394 441.394 442.965 442.965 442.965 442.965 441.394 442.965 442.965 442.965 442.965 442.965 441.394 441.394 441.394 439.823 441.394 442.965 439.823 439.823 439.823 439.823 439.823 438.252 436.681 438.252 436.681 436.681 433.54 435.111 436.681 433.54 431.969 431.969 430.398 431.969 428.827 427.257 425.686 425.686 424.115 425.686 422.544 420.973 419.403 417.832 417.832 414.69 416.261 413.119 411.549 411.549 408.407 405.265 405.265 405.265 403.695 402.124 400.553 398.982 395.841 394.27 392.699 392.699 391.128 387.987 386.416 383.274 383.274 380.133 378.562 375.42 373.85 373.85 369.137 367.566 364.425 364.425 361.283 358.142 356.571 355 351.858 350.288 348.717 344.004 342.434 339.292 339.292 336.15 333.009 329.867 326.726 325.155 323.584 320.442 317.301 314.159 317.301 318.872 323.584 323.584 328.296 329.867 333.009 333.009 337.721 340.863 342.434 344.004 348.717 351.858 351.858 355 355 359.712 361.283 364.425 364.425 367.566 370.708 372.279 373.85 375.42 376.991 380.133 380.133 383.274 384.845 387.987 389.557 392.699 392.699 394.27 395.841 398.982 398.982 402.124 402.124 405.265 406.836 408.407 408.407 411.549 414.69 414.69 416.261 416.261 417.832 420.973 420.973 419.403 424.115 422.544 424.115 427.257 427.257 428.827 428.827 428.827 430.398 431.969 431.969 433.54 431.969 435.111 436.681 436.681 436.681 438.252 436.681 438.252 438.252 439.823 439.823 439.823 441.394 441.394 441.394 439.823 441.394 441.394 442.965 442.965 439.823 441.394 442.965 442.965 441.394 442.965 442.965 442.965 439.823 442.965 441.394 441.394 441.394 441.394 441.394 441.394 438.252 439.823 439.823 438.252 436.681 436.681 435.111 436.681 436.681 435.111 433.54 435.111 433.54 431.969 430.398 430.398 428.827 428.827 425.686 427.257 425.686 424.115 422.544 420.973 420.973 419.403 417.832 416.261 414.69 413.119 413.119 411.549 408.407 406.836 406.836 405.265 403.695 402.124 400.553 397.411 397.411 395.841 392.699 392.699 389.557 387.987 384.845 384.845 381.704 376.991 376.991 375.42 375.42 373.85 370.708 367.566 365.996 364.425 361.283 358.142 358.142 353.429 351.858 350.288 348.717 345.575 342.434 340.863 337.721 334.58 333.009 329.867 326.726 323.584 322.013 320.442 317.301 314.159
320.442 320.442 325.155 326.726 329.867 333.009 334.58 336.15 339.292 342.434 345.575 348.717 350.288 351.858 355 356.571 359.712 361.283 362.854 365.996 367.566 369.137 372.279 373.85 376.991 376.991 380.133 381.704 384.845 386.416 387.987 389.557 389.557 392.699 394.27 395.841 398.982 398.982 402.124 403.695 405.265 405.265 408.407 409.978 411.549 411.549 413.119 411.549 417.832 417.832 417.832 420.973 422.544 422.544 424.115 424.115 427.257 427.257 427.257 428.827 430.398 433.54 430.398 433.54 433.54 433.54 435.111 436.681 435.111 436.681 436.681 436.681 438.252 439.823 441.394 439.823 439.823 441.394 439.823 441.394 439.823 442.965 442.965 444.535 442.965 442.965 441.394 442.965 444.535 441.394 442.965 442.965 441.394 439.823 442.965 442.965 442.965 441.394 442.965 441.394 441.394 438.252 439.823 438.252 439.823 436.681 438.252 436.681 436.681 433.54 433.54 433.54 433.54 431.969 431.969 430.398 430.398 428.827 428.827 425.686 425.686 425.686 424.115 420.973 420.973 420.973 417.832 416.261 416.261 414.69 413.119 411.549 409.978 408.407 406.836 406.836 403.695 402.124 402.124 398.982 398.982 395.841 395.841 392.699 392.699 391.128 387.987 386.416 383.274 383.274 380.133 380.133 376.991 373.85 370.708 369.137 369.137 364.425 364.425 361.283 358.142 355 353.429 351.858 348.717 348.717 345.575 342.434 339.292 337.721 336.15 333.009 329.867 326.726 323.584 322.013 318.872 315.73 314.159 315.73 320.442 322.013 325.155 326.726 329.867 333.009 334.58 337.721 339.292 342.434 345.575 347.146 350.288 351.858 355 358.142 359.712 361.283 364.425 365.996 367.566 370.708 373.85 375.42 375.42 380.133 380.133 383.274 384.845 386.416 386.416 389.557 389.557 392.699 395.841 397.411 398.982 402.124 402.124 402.124 403.695 405.265 408.407 409.978 409.978 411.549 414.69 414.69 414.69 417.832 419.403 419.403 420.973 422.544 422.544 425.686 425.686 427.257 427.257 428.827 427.257 430.398 431.969 433.54 433.54 433.54 435.111 436.681 436.681 436.681 438.252 439.823 438.252 438.252 439.823 438.252 439.823 441.394 441.394 441.394 441.394 441.394 442.965 442.965 441.394 442.965 442.965 444.535 442.965 442.965 442.965 441.394 441.394 442.965 441.394 441.394 442.965 441.394 439.823 439.823 439.823 439.823 436.681 438.252 438.252 436.681 435.111 436.681 435.111 435.111 433.54 431.969 433.54 433.54 431.969 428.827 430.398 428.827 427.257 425.686 427.257 425.686 422.544 420.973 420.973 420.973 419.403 417.832 417.832 414.69 414.69 413.119 411.549 409.978 408.407 405.265 403.695 403.695 400.553 398.982 398.982 395.841 394.27 392.699 392.699 389.557 387.987 384.845 383.274 381.704 380.133 378.562 373.85 376.991 372.279 367.566 367.566 365.996 364.425 361.283 358.142 355 355 351.858 348.717 345.575 344.004 342.434 339.292 336.15 334.58 333.009 329.867 328.296 323.584 323.584 320.442 317.301 314.159
320.442 320.442 325.155 326.726 329.867 333.009 333.009 337.721 340.863 342.434 345.575 348.717 348.717 351.858 355 356.571 358.142 361.283 364.425 365.996 367.566 369.137 370.708 373.85 376.991 378.562 380.133 381.704 383.274 386.416 387.987 387.987 392.699 392.699 395.841 395.841 397.411 398.982 402.124 403.695 403.695 406.836 408.407 411.549 409.978 411.549 411.549 416.261 417.832 416.261 417.832 420.973 422.544 422.544 422.544 424.115 427.257 427.257 427.257 428.827 430.398 433.54 430.398 431.969 433.54 433.54 435.111 435.111 436.681 436.681 435.111 438.252 438.252 438.252 439.823 439.823 439.823 441.394 439.823 441.394 441.394 442.965 441.394 442.965 442.965 444.535 442.965 444.535 444.535 442.965 442.965 442.965 441.394 439.823 442.965 441.394 439.823 441.394 442.965 439.823 439.823 438.252 439.823 439.823 438.252 438.252 438.252 436.681 436.681 435.111 435.111 433.54 430.398 431.969 431.969 431.969 430.398 428.827 428.827 427.257 424.115 425.686 422.544 420.973 422.544 419.403 419.403 416.261 417.832 414.69 413.119 414.69 409.978 408.407 408.407 406.836 405.265 403.695 400.553 400.553 398.982 395.841 394.27 394.27 392.699 389.557 387.987 384.845 384.845 383.274 380.133 378.562 376.991 373.85 370.708 370.708 367.566 364.425 362.854 359.712 358.142 356.571 355 351.858 351.858 348.717 345.575 342.434 339.292 337.721 336.15 333.009 329.867 328.296 323.584 323.584 318.872 315.73 314.159 315.73 318.872 322.013 323.584 326.726 329.867 329.867 336.15 339.292 339.292 342.434 344.004 347.146 350.288 351.858 355 356.571 358.142 361.283 362.854 364.425 367.566 370.708 370.708 373.85 375.42 378.562 380.133 383.274 384.845 386.416 387.987 391.128 392.699 394.27 394.27 397.411 397.411 400.553 402.124 405.265 405.265 405.265 405.265 409.978 411.549 411.549 414.69 414.69 417.832 417.832 419.403 420.973 420.973 422.544 422.544 424.115 425.686 425.686 427.257 428.827 430.398 430.398 431.969 431.969 433.54 433.54 435.111 435.111 436.681 435.111 438.252 439.823 438.252 439.823 439.823 439.823 441.394 442.965 439.823 441.394 439.823 442.965 442.965 442.965 446.106 441.394 442.965 442.965 444.535 442.965 442.965 442.965 442.965 439.823 441.394 441.394 442.965 441.394 441.394 441.394 439.823 439.823 436.681 439.823 438.252 438.252 436.681 436.681 435.111 435.111 433.54 433.54 433.54 433.54 431.969 430.398 430.398 428.827 430.398 427.257 427.257 424.115 422.544 420.973 420.973 419.403 419.403 417.832 414.69 416.261 414.69 413.119 409.978 409.978 408.407 406.836 405.265 403.695 398.982 400.553 397.411 397.411 395.841 392.699 392.699 389.557 387.987 386.416 383.274 380.133 380.133 378.562 376.991 373.85 370.708 370.708 367.566 364.425 361.283 361.283 358.142 356.571 355 351.858 350.288 348.717 344.004 342.434 340.863 339.292 333.009 333.009 329.867 329.867 325.155 320.442 320.442 317.301 314.159
320.442 322.013 326.726 326.726 329.867 333.009 334.58 339.292 339.292 342.434 345.575 347.146 350.288 351.858 355 358.142 358.142 361.283 362.854 364.425 367.566 367.566 373.85 373.85 376.991 378.562 380.133 381.704 383.274 384.845 387.987 389.557 392.699 392.699 394.27 395.841 397.411 400.553 402.124 403.695 405.265 406.836 408.407 409.978 411.549 413.119 413.119 414.69 414.69 417.832 417.832 420.973 420.973 424.115 424.115 424.115 424.115 427.257 430.398 428.827 430.398 428.827 431.969 431.969 433.54 433.54 435.111 435.111 435.111 436.681 436.681 436.681 438.252 439.823 439.823 442.965 439.823 439.823 441.394 441.394 439.823 441.394 441.394 442.965 442.965 442.965 442.965 442.965 442.965 442.965 442.965 442.965 441.394 441.394 442.965 442.965 439.823 441.394 442.965 439.823 439.823 439.823 439.823 438.252 436.681 439.823 438.252 439.823 436.681 433.54 433.54 436.681 433.54 431.969 431.969 430.398 430.398 428.827 427.257 425.686 425.686 424.115 422.544 420.973 420.973 420.973 417.832 420.973 417.832 416.261 413.119 411.549 411.549 409.978 406.836 406.836 405.265 403.695 402.124 398.982 398.982 397.411 394.27 392.699 389.557 389.557 386.416 384.845 383.274 383.274 380.133 376.991 376.991 375.42 370.708 370.708 369.137 365.996 364.425 361.283 359.712 358.142 353.429 351.858 350.288 347.146 344.004 344.004 340.863 337.721 334.58 329.867 329.867 326.726 325.155 323.584 320.442 317.301 314.159 317.301 320.442 320.442 326.726 326.726 329.867 333.009 334.58 337.721 339.292 342.434 345.575 348.717 350.288 351.858 353.429 356.571 358.142 361.283 361.283 364.425 367.566 369.137 370.708 373.85 376.991 378.562 380.133 380.133 386.416 386.416 387.987 389.557 389.557 392.699 394.27 397.411 397.411 402.124 402.124 405.265 405.265 405.265 406.836 409.978 409.978 413.119 413.119 414.69 414.69 417.832 419.403 419.403 420.973 422.544 424.115 424.115 425.686 427.257 427.257 428.827 430.398 430.398 431.969 431.969 433.54 433.54 435.111 433.54 436.681 436.681 436.681 438.252 438.252 439.823 441.394 439.823 441.394 441.394 441.394 441.394 442.965 441.394 442.965 442.965 442.965 442.965 441.394 441.394 442.965 441.394 442.965 442.965 441.394 442.965 442.965 442.965 442.965 441.394 439.823 439.823 439.823 438.252 439.823 439.823 438.252 436.681 436.681 436.681 436.681 433.54 433.54 433.54 433.54 431.969 430.398 430.398 430.398 428.827 427.257 427.257 427.257 425.686 424.115 422.544 420.973 420.973 419.403 417.832 416.261 414.69 413.119 411.549 411.549 408.407 408.407 406.836 403.695 402.124 402.124 400.553 395.841 397.411 394.27 392.699 392.699 389.557 387.987 384.845 383.274 380.133 380.133 378.562 376.991 373.85 372.279 369.137 367.566 365.996 362.854 361.283 358.142 356.571 355 353.429 348.717 347.146 344.004 342.434 339.292 336.15 334.58 331.438 329.867 328.296 323.584 323.584 318.872 317.301 314.159
318.872 322.013 325.155 326.726 331.438 331.438 334.58 337.721 339.292 342.434 345.575 347.146 350.288 351.858 355 356.571 358.142 361.283 361.283 365.996 367.566 370.708 373.85 373.85 375.42 376.991 380.133 383.274 383.274 386.416 386.416 387.987 392.699 392.699 394.27 395.841 398.982 398.982 402.124 402.124 405.265 406.836 408.407 409.978 411.549 411.549 413.119 411.549 417.832 417.832 417.832 419.403 420.973 422.544 424.115 424.115 427.257 427.257 427.257 428.827 430.398 431.969 431.969 431.969 433.54 435.111 435.111 435.111 436.681 435.111 438.252 439.823 438.252 439.823 439.823 439.823 439.823 439.823 441.394 441.394 442.965 441.394 442.965 444.535 441.394 442.965 441.394 444.535 444.535 441.394 442.965 442.965 442.965 442.965 442.965 442.965 442.965 441.394 442.965 441.394 441.394 439.823 439.823 438.252 438.252 438.252 436.681 436.681 435.111 435.111 435.111 431.969 433.54 431.969 430.398 430.398 430.398 428.827 427.257 427.257 424.115 424.115 424.115 424.115 420.973 420.973 417.832 417.832 414.69 416.261 414.69 411.549 411.549 409.978 408.407 406.836 405.265 402.124 400.553 398.982 397.411 397.411 395.841 392.699 389.557 389.557 387.987 386.416 384.845 383.274 380.133 378.562 376.991 375.42 370.708 369.137 367.566 364.425 362.854 361.283 358.142 356.571 355 351.858 350.288 347.146 344.004 342.434 339.292 336.15 334.58 333.009 331.438 328.296 325.155 323.584 320.442 315.73 314.159 317.301 320.442 323.584 325.155 328.296 329.867 329.867 334.58 337.721 340.863 344.004 345.575 347.146 350.288 351.858 355 358.142 359.712 361.283 361.283 365.996 367.566 370.708 370.708 373.85 376.991 378.562 380.133 383.274 383.274 386.416 387.987 389.557 392.699 392.699 395.841 395.841 398.982 398.982 402.124 402.124 405.265 405.265 408.407 408.407 411.549 411.549 413.119 413.119 417.832 416.261 419.403 419.403 420.973 424.115 424.115 425.686 424.115 427.257 427.257 428.827 428.827 430.398 430.398 431.969 433.54 433.54 435.111 436.681 436.681 439.823 436.681 438.252 438.252 438.252 439.823 439.823 439.823 441.394 439.823 441.394 442.965 441.394 442.965 442.965 442.965 439.823 442.965 442.965 442.965 441.394 442.965 444.535 442.965 442.965 441.394 441.394 442.965 441.394 442.965 441.394 439.823 438.252 439.823 439.823 438.252 438.252 436.681 436.681 435.111 435.111 435.111 433.54 433.54 431.969 433.54 431.969 430.398 428.827 428.827 427.257 427.257 425.686 424.115 424.115 420.973 419.403 419.403 417.832 414.69 414.69 411.549 411.549 409.978 411.549 408.407 405.265 403.695 402.124 400.553 398.982 398.982 395.841 394.27 392.699 391.128 389.557 386.416 386.416 383.274 380.133 380.133 378.562 376.991 373.85 370.708 370.708 367.566 364.425 361.283 361.283 359.712 356.571 353.429 351.858 350.288 347.146 345.575 342.434 339.292 337.721 334.58 333.009 331.438 326.726 325.155 320.442 320.442 317.301 314.159
320.442 322.013 323.584 326.726 331.438 331.438 334.58 339.292 340.863 342.434 344.004 347.146 350.288 351.858 355 355 359.712 361.283 364.425 364.425 367.566 370.708 370.708 373.85 376.991 378.562 380.133 383.274 383.274 386.416 387.987 386.416 392.699 392.699 395.841 397.411 398.982 398.982 402.124 402.124 405.265 406.836 406.836 409.978 409.978 413.119 414.69 414.69 414.69 417.832 419.403 419.403 420.973 420.973 424.115 425.686 425.686 427.257 427.257 428.827 430.398 433.54 431.969 431.969 435.111 433.54 433.54 436.681 436.681 436.681 436.681 439.823 438.252 439.823 441.394 442.965 441.394 441.394 439.823 441.394 442.965 442.965 441.394 442.965 442.965 442.965 442.965 442.965 442.965 442.965 442.965 442.965 442.965 442.965 441.394 441.394 442.965 441.394 441.394 439.823 439.823 442.965 439.823 439.823 438.252 438.252 438.252 436.681 435.111 435.111 433.54 433.54 433.54 431.969 431.969 430.398 428.827 427.257 427.257 427.257 424.115 424.115 424.115 424.115 420.973 420.973 419.403 419.403 417.832 414.69 413.119 411.549 409.978 408.407 406.836 405.265 405.265 403.695 402.124 398.982 397.411 398.982 395.841 392.699 391.128 391.128 386.416 386.416 383.274 381.704 380.133 378.562 375.42 373.85 370.708 370.708 367.566 364.425 362.854 361.283 359.712 356.571 355 351.858 348.717 347.146 345.575 342.434 339.292 337.721 336.15 333.009 329.867 328.296 323.584 322.013 320.442 317.301 314.159 315.73 318.872 322.013 323.584 326.726 329.867 333.009 333.009 337.721 340.863 342.434 345.575 345.575 350.288 351.858 355 356.571 358.142 361.283 361.283 365.996 370.708 369.137 372.279 373.85 375.42 378.562 380.133 381.704 383.274 384.845 386.416 389.557 391.128 392.699 394.27 395.841 397.411 398.982 402.124 402.124 405.265 405.265 408.407 411.549 409.978 411.549 414.69 416.261 417.832 417.832 417.832 419.403 422.544 422.544 422.544 424.115 425.686 425.686 427.257 430.398 430.398 428.827 430.398 431.969 433.54 431.969 433.54 436.681 436.681 436.681 435.111 438.252 439.823 438.252 439.823 438.252 439.823 439.823 442.965 441.394 441.394 442.965 441.394 442.965 441.394 442.965 442.965 441.394 439.823 441.394 442.965 442.965 441.394 442.965 441.394 442.965 439.823 441.394 441.394 439.823 441.394 439.823 441.394 439.823 438.252 436.681 436.681 438.252 436.681 435.111 435.111 433.54 433.54 431.969 431.969 428.827 430.398 427.257 428.827 427.257 425.686 425.686 422.544 420.973 420.973 420.973 417.832 417.832 416.261 414.69 413.119 411.549 411.549 408.407 406.836 406.836 405.265 405.265 402.124 400.553 397.411 398.982 394.27 392.699 389.557 389.557 387.987 384.845 383.274 381.704 381.704 378.562 376.991 373.85 372.279 370.708 367.566 364.425 362.854 362.854 358.142 358.142 355 351.858 350.288 347.146 345.575 342.434 339.292 337.721 336.15 333.009 329.867 328.296 325.155 323.584 318.872 317.301 314.159
320.442 323.584 325.155 326.726 329.867 331.438 336.15 337.721 339.292 342.434 345.575 348.717 348.717 351.858 353.429 355 358.142 361.283 364.425 364.425 367.566 369.137 372.279 373.85 376.991 376.991 380.133 383.274 383.274 386.416 387.987 389.557 389.557 392.699 395.841 397.411 397.411 400.553 402.124 403.695 403.695 406.836 408.407 408.407 411.549 411.549 414.69 414.69 414.69 417.832 419.403 419.403 420.973 420.973 424.115 425.686 427.257 427.257 427.257 428.827 430.398 430.398 430.398 431.969 433.54 433.54 435.111 435.111 436.681 436.681 436.681 436.681 436.681 439.823 439.823 439.823 441.394 441.394 442.965 441.394 442.965 441.394 441.394 442.965 442.965 442.965 442.965 446.106 444.535 441.394 442.965 442.965 442.965 442.965 442.965 441.394 442.965 441.394 439.823 439.823 439.823 439.823 439.823 439.823 438.252 439.823 436.681 436.681 436.681 435.111 435.111 433.54 433.54 431.969 431.969 430.398 428.827 430.398 430.398 427.257 424.115 424.115 424.115 420.973 420.973 420.973 420.973 417.832 417.832 414.69 411.549 413.119 409.978 408.407 408.407 406.836 403.695 403.695 402.124 398.982 398.982 395.841 395.841 392.699 392.699 389.557 387.987 386.416 383.274 383.274 381.704 378.562 375.42 373.85 373.85 370.708 367.566 367.566 364.425 361.283 359.712 356.571 353.429 351.858 348.717 348.717 345.575 342.434 339.292 336.15 336.15 333.009 329.867 328.296 323.584 323.584 318.872 314.159 314.159 317.301 318.872 320.442 323.584 326.726 329.867 331.438 334.58 337.721 339.292 342.434 345.575 347.146 350.288 351.858 355 356.571 359.712 361.283 361.283 365.996 367.566 370.708 373.85 373.85 375.42 378.562 380.133 383.274 383.274 384.845 386.416 389.557 392.699 392.699 395.841 397.411 398.982 400.553 400.553 403.695 405.265 406.836 408.407 408.407 409.978 411.549 413.119 414.69 417.832 416.261 419.403 419.403 419.403 420.973 422.544 425.686 427.257 425.686 428.827 428.827 428.827 430.398 431.969 430.398 433.54 433.54 435.111 435.111 436.681 436.681 436.681 436.681 438.252 438.252 439.823 439.823 439.823 441.394 439.823 441.394 439.823 442.965 442.965 439.823 441.394 442.965 442.965 442.965 439.823 442.965 442.965 442.965 441.394 444.535 442.965 442.965 442.965 441.394 439.823 439.823 439.823 438.252 439.823 438.252 436.681 438.252 438.252 436.681 436.681 435.111 435.111 435.111 433.54 433.54 431.969 430.398 430.398 428.827 427.257 425.686 424.115 424.115 424.115 424.115 420.973 417.832 419.403 416.261 417.832 414.69 413.119 411.549 411.549 408.407 408.407 405.265 403.695 405.265 402.124 400.553 397.411 395.841 394.27 395.841 389.557 389.557 386.416 384.845 383.274 381.704 380.133 378.562 373.85 373.85 372.279 370.708 367.566 365.996 364.425 361.283 358.142 356.571 355 351.858 350.288 348.717 345.575 342.434 340.863 339.292 334.58 331.438 329.867 326.726 323.584 323.584 320.442 315.73 314.159
320.442 320.442 323.584 326.726 329.867 333.009 333.009 337.721 340.863 342.434 345.575 347.146 351.858 351.858 355 356.571 358.142 359.712 364.425 367.566 367.566 370.708 373.85 373.85 375.42 378.562 380.133 380.133 384.845 384.845 387.987 389.557 392.699 392.699 394.27 397.411 398.982 398.982 402.124 403.695 403.695 405.265 408.407 408.407 411.549 413.119 413.119 414.69 414.69 417.832 417.832 419.403 420.973 422.544 424.115 425.686 427.257 427.257 428.827 428.827 430.398 428.827 430.398 431.969 433.54 433.54 433.54 436.681 436.681 436.681 438.252 438.252 438.252 438.252 439.823 438.252 439.823 441.394 439.823 441.394 442.965 441.394 442.965 442.965 441.394 441.394 442.965 442.965 439.823 442.965 441.394 442.965 441.394 442.965 441.394 441.394 439.823 441.394 442.965 439.823 439.823 439.823 438.252 439.823 439.823 436.681 438.252 439.823 436.681 435.111 435.111 433.54 433.54 433.54 431.969 428.827 430.398 428.827 427.257 427.257 424.115 424.115 422.544 420.973 422.544 419.403 417.832 417.832 414.69 414.69 414.69 413.119 409.978 408.407 408.407 405.265 405.265 402.124 402.124 400.553 397.411 395.841 395.841 392.699 389.557 391.128 386.416 386.416 383.274 383.274 380.133 378.562 375.42 373.85 372.279 369.137 367.566 365.996 362.854 359.712 359.712 356.571 353.429 351.858 350.288 345.575 345.575 342.434 339.292 339.292 333.009 331.438 331.438 326.726 325.155 320.442 320.442 315.73 314.159 317.301 320.442 320.442 325.155 326.726 329.867 333.009 334.58 337.721 339.292 342.434 345.575 347.146 350.288 355 353.429 356.571 359.712 361.283 364.425 367.566 367.566 369.137 373.85 373.85 375.42 380.133 380.133 383.274 383.274 386.416 386.416 389.557 392.699 395.841 394.27 395.841 398.982 400.553 400.553 403.695 405.265 406.836 408.407 408.407 409.978 411.549 414.69 416.261 417.832 417.832 419.403 420.973 420.973 424.115 424.115 422.544 425.686 425.686 428.827 428.827 430.398 431.969 430.398 431.969 433.54 433.54 435.111 435.111 435.111 436.681 438.252 438.252 438.252 439.823 439.823 439.823 439.823 439.823 442.965 439.823 442.965 441.394 442.965 441.394 441.394 441.394 442.965 442.965 442.965 442.965 442.965 442.965 442.965 442.965 441.394 441.394 439.823 441.394 441.394 441.394 439.823 439.823 439.823 438.252 438.252 438.252 438.252 436.681 433.54 435.111 435.111 433.54 433.54 433.54 431.969 428.827 430.398 428.827 427.257 427.257 425.686 425.686 424.115 424.115 422.544 420.973 419.403 417.832 414.69 414.69 413.119 413.119 411.549 408.407 405.265 405.265 405.265 403.695 402.124 400.553 398.982 397.411 395.841 392.699 392.699 389.557 389.557 386.416 386.416 381.704 380.133 378.562 375.42 373.85 372.279 369.137 367.566 364.425 362.854 361.283 359.712 355 355 351.858 350.288 345.575 345.575 342.434 340.863 339.292 334.58 333.009 329.867 326.726 323.584 322.013 318.872 315.73 314.159
318.872 320.442 325.155 328.296 329.867 333.009 334.58 337.721 340.863 342.434 345.575 348.717 350.288 351.858 353.429 355 359.712 359.712 362.854 365.996 367.566 370.708 370.708 373.85 375.42 378.562 380.133 381.704 383.274 386.416 386.416 387.987 389.557 392.699 395.841 397.411 398.982 402.124 402.124 402.124 403.695 406.836 408.407 409.978 411.549 411.549 414.69 414.69 414.69 417.832 417.832 420.973 420.973 424.115 424.115 425.686 427.257 425.686 428.827 428.827 430.398 433.54 430.398 430.398 435.111 433.54 435.111 436.681 436.681 435.111 438.252 438.252 438.252 439.823 441.394 439.823 439.823 439.823 441.394 441.394 442.965 441.394 441.394 442.965 442.965 442.965 442.965 442.965 442.965 442.965 441.394 442.965 442.965 442.965 441.394 441.394 439.823 441.394 439.823 441.394 439.823 438.252 438.252 439.823 438.252 438.252 436.681 435.111 435.111 436.681 435.111 435.111 431.969 430.398 431.969 430.398 430.398 428.827 428.827 427.257 427.257 425.686 424.115 424.115 420.973 420.973 419.403 417.832 417.832 414.69 414.69 411.549 411.549 409.978 408.407 405.265 405.265 405.265 402.124 400.553 398.982 395.841 395.841 394.27 391.128 389.557 387.987 386.416 383.274 383.274 380.133 378.562 376.991 373.85 372.279 370.708 367.566 365.996 362.854 361.283 358.142 356.571 355 353.429 350.288 347.146 345.575 342.434 342.434 337.721 336.15 333.009 329.867 328.296 326.726 323.584 318.872 315.73 314.159 317.301 320.442 322.013 326.726 328.296 329.867 333.009 334.58 339.292 342.434 342.434 345.575 347.146 348.717 351.858 355 355 358.142 361.283 362.854 365.996 367.566 370.708 372.279 375.42 376.991 376.991 380.133 380.133 383.274 386.416 389.557 387.987 389.557 392.699 395.841 395.841 397.411 400.553 402.124 403.695 405.265 406.836 408.407 408.407 411.549 413.119 411.549 414.69 414.69 417.832 419.403 419.403 420.973 420.973 424.115 425.686 427.257 425.686 427.257 428.827 428.827 430.398 431.969 431.969 433.54 433.54 435.111 433.54 435.111 436.681 438.252 436.681 438.252 439.823 439.823 439.823 439.823 441.394 441.394 441.394 441.394 442.965 441.394 442.965 441.394 441.394 442.965 444.535 442.965 442.965 441.394 439.823 442.965 442.965 441.394 441.394 439.823 441.394 439.823 439.823 439.823 439.823 439.823 438.252 438.252 438.252 438.252 436.681 436.681 436.681 435.111 436.681 430.398 431.969 430.398 430.398 430.398 427.257 428.827 427.257 427.257 425.686 422.544 424.115 422.544 420.973 419.403 417.832 417.832 414.69 414.69 413.119 411.549 408.407 408.407 406.836 405.265 403.695 402.124 400.553 398.982 397.411 394.27 392.699 392.699 389.557 386.416 384.845 386.416 381.704 378.562 376.991 376.991 373.85 372.279 369.137 367.566 364.425 362.854 361.283 358.142 355 355 351.858 348.717 348.717 344.004 342.434 339.292 337.721 336.15 333.009 329.867 328.296 326.726 323.584 320.442 317.301 314.159
320.442 322.013 323.584 326.726 331.438 333.009 333.009 336.15 339.292 342.434 344.004 347.146 348.717 351.858 355 358.142 359.712 361.283 364.425 365.996 367.566 369.137 370.708 373.85 375.42 378.562 380.133 381.704 384.845 384.845 387.987 389.557 392.699 392.699 394.27 397.411 398.982 400.553 400.553 402.124 405.265 405.265 408.407 411.549 409.978 414.69 413.119 416.261 414.69 417.832 417.832 420.973 420.973 422.544 424.115 425.686 425.686 427.257 428.827 428.827 427.257 430.398 431.969 431.969 435.111 433.54 435.111 436.681 436.681 436.681 436.681 439.823 438.252 438.252 439.823 442.965 441.394 441.394 441.394 441.394 442.965 442.965 442.965 439.823 442.965 444.535 442.965 444.535 439.823 441.394 442.965 442.965 441.394 442.965 441.394 441.394 439.823 441.394 441.394 439.823 441.394 439.823 439.823 439.823 438.252 436.681 436.681 436.681 435.111 433.54 433.54 433.54 433.54 431.969 431.969 430.398 430.398 428.827 428.827 425.686 427.257 424.115 422.544 420.973 422.544 420.973 417.832 417.832 416.261 416.261 413.119 413.119 409.978 409.978 408.407 406.836 405.265 402.124 402.124 400.553 397.411 397.411 394.27 392.699 392.699 387.987 386.416 384.845 383.274 383.274 380.133 378.562 376.991 373.85 372.279 370.708 367.566 365.996 362.854 361.283 359.712 355 355 351.858 348.717 348.717 345.575 342.434 339.292 336.15 336.15 331.438 329.867 326.726 323.584 323.584 320.442 317.301 314.159 317.301 320.442 322.013 325.155 328.296 331.438 333.009 334.58 336.15 339.292 342.434 344.004 348.717 348.717 351.858 355 358.142 361.283 361.283 361.283 367.566 367.566 369.137 370.708 373.85 375.42 376.991 380.133 381.704 384.845 384.845 387.987 389.557 392.699 392.699 394.27 397.411 398.982 400.553 400.553 403.695 405.265 406.836 408.407 408.407 409.978 411.549 413.119 414.69 417.832 419.403 419.403 420.973 422.544 422.544 424.115 425.686 425.686 427.257 428.827 428.827 430.398 430.398 433.54 431.969 433.54 433.54 433.54 436.681 436.681 435.111 436.681 438.252 438.252 438.252 441.394 439.823 439.823 441.394 439.823 441.394 441.394 442.965 441.394 442.965 441.394 444.535 442.965 442.965 442.965 441.394 442.965 441.394 442.965 441.394 442.965 442.965 442.965 441.394 442.965 441.394 439.823 439.823 438.252 438.252 436.681 438.252 438.252 436.681 433.54 435.111 433.54 436.681 433.54 431.969 431.969 431.969 430.398 428.827 427.257 427.257 425.686 425.686 424.115 420.973 422.544 420.973 419.403 416.261 414.69 416.261 413.119 411.549 411.549 411.549 406.836 406.836 405.265 405.265 402.124 400.553 398.982 395.841 395.841 392.699 389.557 389.557 387.987 384.845 383.274 383.274 380.133 376.991 375.42 375.42 373.85 369.137 367.566 364.425 364.425 359.712 359.712 355 353.429 351.858 348.717 347.146 345.575 342.434 339.292 336.15 336.15 333.009 331.438 326.726 325.155 322.013 320.442 317.301 314.159
320.442 320.442 325.155 326.726 329.867 333.009 334.58 337.721 339.292 342.434 344.004 347.146 348.717 351.858 353.429 358.142 359.712 361.283 362.854 367.566 367.566 370.708 373.85 373.85 376.991 376.991 380.133 381.704 383.274 386.416 387.987 389.557 391.128 395.841 395.841 397.411 397.411 398.982 402.124 403.695 405.265 406.836 406.836 409.978 411.549 413.119 414.69 414.69 414.69 416.261 417.832 420.973 420.973 420.973 424.115 424.115 427.257 425.686 427.257 428.827 430.398 431.969 431.969 431.969 433.54 435.111 435.111 435.111 436.681 436.681 438.252 438.252 438.252 438.252 436.681 439.823 441.394 439.823 439.823 441.394 442.965 441.394 442.965 442.965 442.965 441.394 442.965 446.106 442.965 442.965 442.965 442.965 442.965 442.965 441.394 442.965 439.823 441.394 439.823 439.823 439.823 442.965 441.394 436.681 438.252 438.252 436.681 436.681 436.681 433.54 436.681 431.969 431.969 433.54 430.398 430.398 430.398 428.827 425.686 425.686 424.115 424.115 422.544 424.115 420.973 420.973 419.403 417.832 417.832 414.69 414.69 413.119 409.978 411.549 408.407 406.836 405.265 402.124 402.124 400.553 398.982 395.841 395.841 392.699 392.699 389.557 387.987 384.845 384.845 381.704 380.133 378.562 373.85 373.85 373.85 370.708 367.566 365.996 362.854 362.854 359.712 356.571 355 351.858 351.858 347.146 345.575 344.004 339.292 339.292 336.15 333.009 329.867 326.726 325.155 323.584 320.442 317.301 314.159 315.73 320.442 323.584 325.155 326.726 331.438 331.438 334.58 336.15 340.863 342.434 345.575 345.575 350.288 351.858 355 356.571 358.142 361.283 364.425 364.425 367.566 370.708 372.279 373.85 376.991 376.991 380.133 383.274 383.274 386.416 387.987 387.987 392.699 392.699 394.27 395.841 397.411 398.982 402.124 402.124 405.265 406.836 406.836 408.407 411.549 411.549 414.69 414.69 417.832 417.832 417.832 420.973 420.973 424.115 424.115 424.115 425.686 427.257 427.257 428.827 430.398 430.398 431.969 431.969 433.54 433.54 436.681 435.111 436.681 436.681 438.252 439.823 439.823 438.252 439.823 439.823 439.823 441.394 439.823 441.394 442.965 441.394 442.965 442.965 441.394 442.965 442.965 442.965 442.965 441.394 442.965 442.965 442.965 441.394 442.965 442.965 442.965 441.394 441.394 441.394 439.823 438.252 439.823 438.252 438.252 436.681 438.252 438.252 435.111 435.111 435.111 433.54 431.969 431.969 430.398 430.398 427.257 428.827 427.257 427.257 424.115 424.115 424.115 420.973 420.973 420.973 419.403 417.832 414.69 414.69 411.549 411.549 409.978 408.407 408.407 406.836 403.695 402.124 402.124 398.982 398.982 397.411 394.27 392.699 389.557 389.557 389.557 386.416 383.274 380.133 380.133 380.133 376.991 373.85 372.279 369.137 367.566 364.425 364.425 361.283 359.712 356.571 355 351.858 348.717 347.146 345.575 342.434 340.863 336.15 336.15 333.009 329.867 326.726 323.584 320.442 320.442 315.73 314.159
318.872 322.013 325.155 328.296 329.867 333.009 336.15 337.721 339.292 342.434 345.575 347.146 350.288 351.858 353.429 356.571 358.142 361.283 362.854 367.566 369.137 369.137 373.85 373.85 376.991 378.562 380.133 381.704 383.274 384.845 387.987 391.128 389.557 394.27 392.699 395.841 398.982 398.982 400.553 403.695 405.265 406.836 405.265 409.978 409.978 411.549 414.69 414.69 417.832 417.832 419.403 420.973 420.973 424.115 424.115 424.115 425.686 427.257 427.257 428.827 430.398 431.969 430.398 431.969 433.54 433.54 433.54 436.681 436.681 439.823 436.681 439.823 438.252 439.823 439.823 441.394 441.394 441.394 439.823 441.394 442.965 442.965 442.965 442.965 442.965 442.965 442.965 444.535 444.535 441.394 442.965 442.965 441.394 442.965 442.965 441.394 441.394 441.394 439.823 441.394 439.823 439.823 439.823 438.252 436.681 439.823 436.681 436.681 436.681 435.111 435.111 433.54 433.54 431.969 433.54 428.827 430.398 428.827 428.827 427.257 425.686 424.115 424.115 422.544 420.973 420.973 417.832 416.261 414.69 416.261 413.119 411.549 411.549 409.978 408.407 406.836 405.265 402.124 400.553 400.553 398.982 397.411 394.27 395.841 391.128 387.987 387.987 386.416 383.274 380.133 380.133 376.991 375.42 373.85 372.279 367.566 367.566 364.425 364.425 361.283 359.712 356.571 355 351.858 348.717 347.146 345.575 342.434 340.863 337.721 333.009 333.009 329.867 326.726 325.155 323.584 320.442 315.73 314.159 317.301 320.442 323.584 323.584 326.726 329.867 333.009 334.58 337.721 340.863 342.434 345.575 348.717 350.288 351.858 353.429 356.571 359.712 361.283 362.854 367.566 367.566 370.708 370.708 373.85 376.991 376.991 380.133 381.704 383.274 384.845 387.987 389.557 389.557 392.699 395.841 397.411 397.411 400.553 400.553 402.124 403.695 405.265 409.978 409.978 409.978 411.549 414.69 416.261 414.69 416.261 417.832 420.973 422.544 422.544 424.115 424.115 425.686 427.257 427.257 428.827 430.398 430.398 431.969 431.969 433.54 431.969 435.111 436.681 436.681 435.111 438.252 438.252 439.823 439.823 438.252 439.823 439.823 439.823 442.965 441.394 442.965 439.823 442.965 442.965 446.106 442.965 442.965 442.965 442.965 442.965 442.965 442.965 441.394 442.965 441.394 441.394 439.823 441.394 442.965 439.823 441.394 439.823 439.823 438.252 438.252 439.823 438.252 436.681 436.681 436.681 435.111 433.54 430.398 433.54 431.969 430.398 431.969 428.827 427.257 425.686 424.115 424.115 424.115 424.115 420.973 419.403 417.832 416.261 417.832 416.261 414.69 411.549 411.549 408.407 405.265 406.836 405.265 402.124 402.124 400.553 398.982 397.411 395.841 392.699 392.699 389.557 387.987 386.416 383.274 383.274 380.133 378.562 375.42 373.85 370.708 369.137 367.566 367.566 362.854 361.283 358.142 355 355 351.858 350.288 345.575 345.575 342.434 340.863 337.721 333.009 333.009 329.867 326.726 326.726 322.013 318.872 317.301 314.159
318.872 320.442 325.155 326.726 329.867 333.009 334.58 337.721 340.863 342.434 345.575 345.575 350.288 353.429 355 355 358.142 361.283 362.854 365.996 367.566 370.708 370.708 373.85 375.42 376.991 380.133 381.704 383.274 386.416 387.987 389.557 392.699 392.699 395.841 397.411 395.841 400.553 402.124 402.124 405.265 406.836 408.407 408.407 409.978 411.549 413.119 416.261 414.69 417.832 417.832 419.403 420.973 420.973 422.544 424.115 424.115 427.257 427.257 428.827 430.398 428.827 430.398 431.969 431.969 433.54 435.111 436.681 436.681 438.252 438.252 436.681 438.252 439.823 439.823 439.823 441.394 441.394 439.823 441.394 442.965 441.394 442.965 444.535 441.394 442.965 442.965 441.394 439.823 441.394 442.965 442.965 441.394 442.965 441.394 442.965 442.965 441.394 441.394 439.823 439.823 439.823 439.823 439.823 438.252 438.252 438.252 436.681 436.681 435.111 433.54 433.54 433.54 431.969 431.969 430.398 427.257 428.827 427.257 425.686 424.115 424.115 424.115 422.544 422.544 420.973 417.832 419.403 414.69 414.69 413.119 411.549 411.549 409.978 405.265 405.265 403.695 402.124 400.553 400.553 398.982 395.841 395.841 395.841 392.699 391.128 389.557 386.416 384.845 380.133 380.133 378.562 376.991 373.85 372.279 369.137 367.566 364.425 364.425 361.283 359.712 356.571 353.429 351.858 348.717 347.146 342.434 342.434 339.292 339.292 334.58 329.867 329.867 326.726 325.155 323.584 318.872 315.73 314.159 317.301 318.872 320.442 325.155 328.296 329.867 333.009 336.15 339.292 340.863 342.434 345.575 347.146 348.717 351.858 353.429 355 358.142 361.283 362.854 367.566 369.137 369.137 372.279 373.85 375.42 376.991 380.133 381.704 384.845 386.416 387.987 389.557 392.699 392.699 394.27 395.841 397.411 400.553 402.124 403.695 405.265 405.265 408.407 408.407 411.549 411.549 413.119 416.261 417.832 416.261 419.403 419.403 420.973 420.973 424.115 424.115 425.686 427.257 430.398 428.827 431.969 430.398 431.969 431.969 433.54 433.54 435.111 436.681 433.54 436.681 435.111 439.823 439.823 438.252 436.681 439.823 439.823 439.823 441.394 441.394 441.394 442.965 441.394 442.965 442.965 442.965 442.965 441.394 439.823 441.394 442.965 442.965 441.394 442.965 442.965 441.394 441.394 441.394 442.965 441.394 441.394 439.823 439.823 439.823 439.823 436.681 438.252 436.681 435.111 436.681 433.54 436.681 433.54 431.969 430.398 430.398 428.827 428.827 427.257 427.257 425.686 424.115 422.544 424.115 420.973 420.973 419.403 417.832 417.832 414.69 413.119 414.69 409.978 408.407 408.407 405.265 405.265 403.695 402.124 400.553 398.982 397.411 394.27 392.699 391.128 389.557 387.987 386.416 384.845 383.274 380.133 376.991 375.42 373.85 373.85 370.708 367.566 365.996 364.425 359.712 358.142 356.571 353.429 351.858 350.288 347.146 344.004 342.434 339.292 336.15 336.15 333.009 329.867 328.296 326.726 323.584 320.442 314.159 314.159
318.872 322.013 325.155 326.726 329.867 333.009 336.15 336.15 339.292 344.004 344.004 348.717 350.288 351.858 355 356.571 359.712 361.283 364.425 367.566 369.137 370.708 372.279 373.85 375.42 376.991 380.133 381.704 384.845 384.845 387.987 387.987 392.699 392.699 394.27 397.411 398.982 400.553 400.553 402.124 403.695 406.836 409.978 408.407 409.978 414.69 411.549 416.261 417.832 417.832 419.403 419.403 420.973 424.115 422.544 424.115 424.115 425.686 428.827 428.827 430.398 430.398 430.398 431.969 433.54 433.54 433.54 435.111 435.111 435.111 436.681 438.252 438.252 438.252 439.823 439.823 441.394 441.394 439.823 441.394 442.965 441.394 441.394 442.965 442.965 442.965 442.965 444.535 442.965 442.965 442.965 442.965 441.394 442.965 442.965 442.965 442.965 441.394 442.965 441.394 439.823 438.252 439.823 439.823 439.823 438.252 438.252 435.111 436.681 435.111 435.111 433.54 433.54 433.54 430.398 430.398 430.398 428.827 427.257 427.257 427.257 425.686 424.115 424.115 420.973 420.973 417.832 417.832 414.69 411.549 414.69 411.549 411.549 408.407 408.407 405.265 403.695 402.124 402.124 398.982 398.982 397.411 395.841 392.699 389.557 389.557 387.987 384.845 384.845 381.704 380.133 378.562 375.42 373.85 373.85 369.137 367.566 365.996 362.854 361.283 359.712 356.571 355 353.429 350.288 347.146 345.575 342.434 339.292 337.721 336.15 333.009 329.867 328.296 325.155 320.442 318.872 317.301 314.159 315.73 320.442 323.584 323.584 328.296 329.867 331.438 334.58 336.15 340.863 342.434 345.575 348.717 348.717 353.429 353.429 356.571 358.142 359.712 361.283 364.425 367.566 369.137 372.279 373.85 376.991 378.562 380.133 381.704 383.274 386.416 386.416 389.557 392.699 392.699 395.841 395.841 398.982 400.553 402.124 405.265 405.265 406.836 406.836 408.407 411.549 411.549 413.119 414.69 414.69 416.261 419.403 419.403 420.973 422.544 422.544 425.686 424.115 425.686 427.257 428.827 427.257 430.398 430.398 431.969 433.54 433.54 435.111 435.111 435.111 436.681 436.681 439.823 438.252 439.823 436.681 439.823 441.394 441.394 441.394 441.394 442.965 442.965 441.394 441.394 442.965 442.965 442.965 444.535 442.965 442.965 442.965 442.965 442.965 442.965 442.965 442.965 441.394 441.394 439.823 439.823 441.394 439.823 439.823 438.252 438.252 438.252 436.681 436.681 436.681 433.54 436.681 431.969 431.969 431.969 431.969 430.398 430.398 428.827 427.257 425.686 427.257 424.115 422.544 420.973 420.973 420.973 419.403 417.832 416.261 414.69 413.119 411.549 409.978 411.549 408.407 405.265 405.265 403.695 402.124 398.982 398.982 395.841 394.27 392.699 392.699 389.557 387.987 386.416 383.274 381.704 380.133 378.562 376.991 373.85 372.279 369.137 367.566 365.996 362.854 361.283 358.142 356.571 353.429 353.429 350.288 347.146 345.575 342.434 339.292 336.15 336.15 333.009 329.867 326.726 326.726 322.013 318.872 317.301 314.159
320.442 323.584 323.584 328.296 329.867 333.009 336.15 336.15 340.863 342.434 345.575 348.717 348.717 351.858 355 356.571 358.142 361.283 364.425 367.566 367.566 370.708 372.279 373.85 375.42 376.991 380.133 383.274 383.274 386.416 386.416 389.557 392.699 392.699 394.27 397.411 395.841 400.553 398.982 402.124 405.265 406.836 408.407 411.549 409.978 411.549 413.119 414.69 416.261 417.832 417.832 420.973 420.973 420.973 424.115 424.115 425.686 427.257 427.257 427.257 427.257 430.398 431.969 430.398 433.54 433.54 435.111 436.681 436.681 436.681 438.252 438.252 438.252 439.823 439.823 438.252 439.823 441.394 441.394 439.823 441.394 442.965 442.965 442.965 442.965 441.394 442.965 441.394 442.965 442.965 442.965 442.965 441.394 442.965 442.965 441.394 441.394 441.394 439.823 441.394 439.823 439.823 436.681 439.823 438.252 439.823 438.252 435.111 436.681 436.681 433.54 435.111 433.54 431.969 430.398 430.398 427.257 428.827 428.827 427.257 424.115 425.686 424.115 424.115 422.544 419.403 417.832 417.832 417.832 414.69 413.119 411.549 411.549 408.407 408.407 406.836 403.695 402.124 402.124 400.553 398.982 395.841 394.27 394.27 392.699 389.557 387.987 386.416 383.274 381.704 380.133 378.562 375.42 375.42 372.279 370.708 367.566 365.996 364.425 361.283 359.712 358.142 353.429 351.858 351.858 347.146 344.004 342.434 339.292 337.721 336.15 333.009 329.867 326.726 326.726 323.584 318.872 317.301 314.159 317.301 320.442 323.584 325.155 326.726 329.867 333.009 336.15 337.721 339.292 342.434 344.004 345.575 348.717 351.858 355 356.571 358.142 361.283 362.854 365.996 367.566 370.708 372.279 373.85 376.991 380.133 381.704 380.133 384.845 384.845 387.987 389.557 391.128 392.699 394.27 395.841 398.982 398.982 400.553 402.124 405.265 405.265 408.407 408.407 411.549 413.119 413.119 416.261 414.69 417.832 419.403 420.973 420.973 422.544 424.115 422.544 427.257 427.257 427.257 428.827 430.398 428.827 431.969 431.969 433.54 433.54 435.111 435.111 435.111 436.681 438.252 436.681 438.252 438.252 441.394 438.252 439.823 439.823 439.823 441.394 442.965 441.394 441.394 442.965 441.394 442.965 442.965 442.965 442.965 441.394 442.965 442.965 441.394 441.394 441.394 442.965 442.965 441.394 442.965 439.823 439.823 441.394 438.252 438.252 438.252 438.252 438.252 436.681 435.111 435.111 433.54 433.54 433.54 433.54 431.969 428.827 430.398 428.827 427.257 427.257 425.686 424.115 422.544 422.544 420.973 417.832 417.832 416.261 417.832 414.69 414.69 411.549 409.978 409.978 408.407 406.836 405.265 402.124 400.553 398.982 397.411 397.411 394.27 392.699 392.699 389.557 387.987 384.845 383.274 383.274 380.133 380.133 375.42 373.85 372.279 369.137 367.566 365.996 362.854 361.283 359.712 356.571 355 353.429 350.288 348.717 344.004 342.434 340.863 337.721 336.15 333.009 329.867 328.296 326.726 322.013 318.872 317.301 314.159
320.442 322.013 323.584 326.726 329.867 333.009 336.15 337.721 342.434 342.434 345.575 347.146 350.288 351.858 353.429 355 358.142 361.283 364.425 365.996 367.566 370.708 370.708 373.85 376.991 378.562 380.133 383.274 383.274 384.845 387.987 389.557 392.699 392.699 394.27 397.411 397.411 400.553 402.124 405.265 405.265 406.836 408.407 408.407 409.978 411.549 413.119 416.261 414.69 417.832 417.832 419.403 420.973 422.544 422.544 425.686 424.115 427.257 427.257 427.257 427.257 431.969 431.969 433.54 430.398 433.54 435.111 433.54 436.681 436.681 438.252 438.252 438.252 439.823 439.823 439.823 439.823 441.394 439.823 441.394 439.823 441.394 441.394 444.535 442.965 441.394 442.965 442.965 444.535 442.965 441.394 442.965 441.394 442.965 441.394 441.394 439.823 441.394 439.823 439.823 439.823 439.823 439.823 438.252 438.252 439.823 436.681 436.681 436.681 436.681 433.54 435.111 433.54 430.398 431.969 428.827 430.398 428.827 428.827 424.115 425.686 425.686 424.115 422.544 420.973 419.403 419.403 416.261 416.261 416.261 413.119 411.549 411.549 409.978 408.407 406.836 405.265 402.124 402.124 400.553 397.411 397.411 395.841 392.699 391.128 389.557 387.987 383.274 384.845 383.274 380.133 376.991 375.42 373.85 370.708 369.137 367.566 365.996 364.425 361.283 358.142 355 353.429 351.858 350.288 345.575 345.575 342.434 340.863 337.721 336.15 333.009 329.867 326.726 325.155 320.442 320.442 314.159 314.159 317.301 320.442 320.442 325.155 328.296 329.867 333.009 333.009 336.15 339.292 342.434 345.575 347.146 348.717 351.858 355 358.142 358.142 361.283 364.425 364.425 367.566 369.137 372.279 375.42 375.42 376.991 380.133 380.133 384.845 386.416 386.416 389.557 391.128 395.841 394.27 397.411 397.411 400.553 402.124 405.265 405.265 406.836 408.407 409.978 411.549 411.549 413.119 414.69 417.832 417.832 419.403 420.973 420.973 420.973 422.544 424.115 424.115 427.257 427.257 430.398 430.398 430.398 430.398 431.969 433.54 431.969 435.111 433.54 436.681 436.681 436.681 438.252 439.823 438.252 439.823 439.823 439.823 441.394 441.394 441.394 442.965 442.965 442.965 442.965 441.394 441.394 442.965 442.965 442.965 442.965 442.965 442.965 442.965 439.823 442.965 441.394 439.823 441.394 441.394 439.823 439.823 439.823 439.823 438.252 438.252 438.252 438.252 438.252 436.681 435.111 433.54 433.54 433.54 430.398 430.398 430.398 427.257 428.827 427.257 427.257 425.686 424.115 422.544 420.973 420.973 420.973 419.403 417.832 417.832 416.261 414.69 411.549 411.549 409.978 408.407 405.265 405.265 403.695 402.124 400.553 398.982 397.411 395.841 392.699 392.699 389.557 387.987 384.845 384.845 381.704 376.991 376.991 373.85 373.85 372.279 370.708 367.566 365.996 364.425 361.283 359.712 356.571 355 351.858 348.717 345.575 345.575 342.434 340.863 337.721 336.15 331.438 329.867 326.726 325.155 322.013 320.442 315.73 314.159
320.442 323.584 325.155 328.296 329.867 331.438 333.009 339.292 342.434 342.434 344.004 348.717 348.717 351.858 355 356.571 358.142 361.283 361.283 364.425 367.566 370.708 372.279 373.85 376.991 376.991 380.133 380.133 383.274 386.416 387.987 389.557 392.699 394.27 394.27 397.411 397.411 400.553 400.553 402.124 403.695 406.836 406.836 409.978 411.549 411.549 414.69 414.69 417.832 420.973 417.832 420.973 420.973 420.973 422.544 425.686 424.115 427.257 427.257 428.827 427.257 430.398 431.969 433.54 431.969 433.54 435.111 435.111 435.111 436.681 438.252 436.681 438.252 439.823 439.823 438.252 441.394 441.394 439.823 441.394 442.965 442.965 441.394 439.823 441.394 442.965 442.965 442.965 442.965 441.394 442.965 442.965 446.106 442.965 442.965 442.965 442.965 441.394 439.823 439.823 439.823 441.394 439.823 438.252 438.252 438.252 436.681 436.681 436.681 436.681 435.111 433.54 433.54 431.969 431.969 430.398 430.398 428.827 430.398 427.257 425.686 424.115 424.115 420.973 419.403 420.973 419.403 417.832 414.69 416.261 414.69 413.119 411.549 408.407 408.407 405.265 403.695 402.124 402.124 400.553 398.982 395.841 394.27 392.699 392.699 387.987 386.416 384.845 386.416 381.704 380.133 380.133 376.991 373.85 373.85 369.137 367.566 364.425 364.425 361.283 361.283 358.142 353.429 351.858 348.717 347.146 345.575 342.434 340.863 339.292 334.58 331.438 329.867 326.726 323.584 320.442 318.872 317.301 314.159 317.301 317.301 323.584 323.584 328.296 329.867 333.009 334.58 337.721 339.292 342.434 345.575 345.575 350.288 351.858 355 356.571 359.712 361.283 362.854 365.996 367.566 370.708 373.85 373.85 376.991 376.991 380.133 383.274 383.274 386.416 389.557 389.557 391.128 395.841 394.27 397.411 398.982 400.553 402.124 405.265 403.695 406.836 409.978 408.407 411.549 411.549 414.69 416.261 416.261 419.403 417.832 420.973 420.973 422.544 424.115 425.686 427.257 425.686 428.827 430.398 430.398 430.398 431.969 431.969 433.54 435.111 433.54 436.681 435.111 436.681 438.252 439.823 438.252 438.252 439.823 439.823 439.823 441.394 439.823 441.394 442.965 441.394 441.394 442.965 441.394 442.965 442.965 441.394 442.965 442.965 442.965 442.965 446.106 442.965 441.394 441.394 439.823 441.394 441.394 441.394 439.823 439.823 438.252 438.252 438.252 436.681 438.252 438.252 435.111 436.681 435.111 433.54 433.54 430.398 431.969 430.398 430.398 428.827 428.827 427.257 425.686 425.686 424.115 420.973 422.544 419.403 419.403 417.832 416.261 414.69 413.119 411.549 409.978 408.407 406.836 405.265 405.265 403.695 400.553 400.553 397.411 397.411 395.841 392.699 391.128 389.557 387.987 386.416 383.274 383.274 380.133 376.991 373.85 373.85 372.279 369.137 367.566 365.996 364.425 361.283 358.142 356.571 355 351.858 350.288 347.146 345.575 342.434 339.292 336.15 336.15 333.009 329.867 326.726 325.155 322.013 318.872 317.301 314.159
318.872 322.013 323.584 326.726 329.867 331.438 336.15 337.721 342.434 342.434 345.575 348.717 348.717 351.858 353.429 356.571 358.142 361.283 364.425 365.996 367.566 370.708 372.279 373.85 375.42 378.562 380.133 381.704 383.274 383.274 387.987 389.557 391.128 392.699 395.841 397.411 398.982 400.553 402.124 402.124 405.265 405.265 406.836 408.407 409.978 411.549 413.119 416.261 416.261 416.261 417.832 420.973 420.973 424.115 424.115 425.686 427.257 427.257 428.827 428.827 430.398 433.54 430.398 431.969 433.54 433.54 435.111 435.111 435.111 436.681 436.681 436.681 436.681 439.823 439.823 439.823 439.823 439.823 441.394 441.394 439.823 441.394 442.965 444.535 441.394 441.394 442.965 442.965 442.965 442.965 442.965 442.965 442.965 441.394 441.394 441.394 442.965 439.823 439.823 441.394 439.823 439.823 439.823 438.252 438.252 439.823 436.681 436.681 435.111 435.111 433.54 431.969 435.111 433.54 431.969 430.398 430.398 428.827 428.827 425.686 424.115 424.115 424.115 424.115 420.973 419.403 417.832 417.832 417.832 414.69 413.119 411.549 411.549 408.407 406.836 405.265 405.265 402.124 402.124 400.553 397.411 395.841 395.841 392.699 392.699 389.557 387.987 384.845 386.416 380.133 380.133 376.991 376.991 373.85 370.708 370.708 367.566 364.425 362.854 361.283 358.142 358.142 355 351.858 350.288 348.717 345.575 344.004 339.292 336.15 336.15 333.009 329.867 326.726 325.155 323.584 317.301 317.301 314.159 317.301 317.301 323.584 323.584 328.296 329.867 331.438 334.58 336.15 340.863 342.434 345.575 348.717 351.858 351.858 353.429 356.571 358.142 361.283 362.854 365.996 367.566 369.137 370.708 373.85 376.991 378.562 380.133 381.704 386.416 384.845 387.987 389.557 392.699 392.699 394.27 395.841 398.982 398.982 402.124 402.124 405.265 406.836 408.407 411.549 411.549 411.549 413.119 414.69 417.832 419.403 417.832 420.973 420.973 420.973 424.115 424.115 425.686 427.257 427.257 428.827 430.398 430.398 431.969 431.969 433.54 433.54 435.111 436.681 436.681 436.681 436.681 436.681 438.252 438.252 439.823 438.252 439.823 441.394 439.823 441.394 442.965 442.965 442.965 442.965 441.394 442.965 442.965 442.965 442.965 442.965 442.965 442.965 442.965 441.394 441.394 441.394 441.394 441.394 442.965 439.823 439.823 438.252 439.823 439.823 439.823 439.823 438.252 436.681 436.681 433.54 433.54 431.969 433.54 433.54 431.969 431.969 430.398 428.827 428.827 427.257 427.257 424.115 424.115 424.115 420.973 419.403 419.403 416.261 417.832 416.261 413.119 411.549 409.978 408.407 408.407 405.265 403.695 405.265 402.124 398.982 398.982 397.411 394.27 392.699 391.128 389.557 387.987 386.416 384.845 381.704 380.133 378.562 376.991 373.85 370.708 369.137 367.566 364.425 362.854 361.283 358.142 356.571 353.429 351.858 348.717 347.146 344.004 342.434 342.434 337.721 336.15 333.009 329.867 326.726 323.584 323.584 318.872 317.301 314.159
320.442 323.584 323.584 326.726 329.867 333.009 336.15 339.292 340.863 342.434 344.004 347.146 348.717 351.858 355 356.571 359.712 361.283 364.425 365.996 367.566 369.137 370.708 375.42 376.991 378.562 380.133 381.704 384.845 386.416 387.987 387.987 389.557 392.699 395.841 397.411 398.982 398.982 402.124 402.124 405.265 405.265 408.407 409.978 411.549 411.549 413.119 414.69 414.69 420.973 419.403 419.403 420.973 420.973 422.544 424.115 425.686 425.686 427.257 428.827 427.257 430.398 431.969 431.969 433.54 433.54 435.111 435.111 435.111 436.681 436.681 436.681 438.252 439.823 439.823 439.823 441.394 439.823 439.823 441.394 439.823 442.965 442.965 442.965 442.965 444.535 442.965 442.965 442.965 444.535 442.965 442.965 441.394 441.394 441.394 442.965 441.394 441.394 439.823 441.394 441.394 439.823 439.823 438.252 438.252 439.823 436.681 438.252 435.111 435.111 435.111 433.54 430.398 433.54 431.969 430.398 430.398 428.827 427.257 427.257 427.257 425.686 424.115 420.973 420.973 419.403 417.832 417.832 417.832 416.261 414.69 411.549 411.549 408.407 408.407 406.836 405.265 405.265 402.124 398.982 398.982 397.411 394.27 395.841 392.699 389.557 387.987 386.416 384.845 381.704 380.133 378.562 375.42 373.85 372.279 370.708 367.566 365.996 364.425 361.283 358.142 356.571 355 351.858 348.717 347.146 345.575 342.434 339.292 337.721 333.009 333.009 329.867 328.296 323.584 322.013 318.872 317.301 314.159 317.301 320.442 323.584 325.155 328.296 329.867 333.009 333.009 337.721 339.292 342.434 345.575 347.146 351.858 351.858 355 356.571 359.712 361.283 364.425 364.425 367.566 369.137 370.708 375.42 375.42 378.562 380.133 381.704 383.274 386.416 387.987 389.557 392.699 392.699 394.27 397.411 398.982 400.553 402.124 402.124 405.265 405.265 405.265 408.407 409.978 411.549 413.119 416.261 417.832 419.403 417.832 417.832 420.973 424.115 424.115 424.115 425.686 427.257 427.257 428.827 428.827 430.398 431.969 433.54 431.969 431.969 436.681 435.111 435.111 436.681 436.681 439.823 438.252 439.823 441.394 439.823 441.394 441.394 442.965 441.394 439.823 441.394 442.965 444.535 441.394 442.965 442.965 442.965 442.965 442.965 442.965 441.394 441.394 441.394 441.394 441.394 441.394 441.394 441.394 441.394 439.823 439.823 439.823 438.252 438.252 436.681 436.681 436.681 436.681 435.111 435.111 435.111 433.54 433.54 430.398 430.398 428.827 428.827 428.827 425.686 425.686 424.115 422.544 422.544 420.973 417.832 417.832 417.832 417.832 416.261 413.119 413.119 411.549 409.978 409.978 406.836 403.695 402.124 400.553 398.982 397.411 395.841 395.841 392.699 392.699 387.987 387.987 386.416 383.274 383.274 381.704 378.562 375.42 373.85 372.279 369.137 367.566 364.425 364.425 361.283 358.142 356.571 353.429 351.858 351.858 348.717 345.575 342.434 339.292 337.721 336.15 333.009 329.867 328.296 325.155 320.442 320.442 317.301 314.159
318.872 322.013 323.584 328.296 329.867 333.009 336.15 337.721 339.292 342.434 344.004 348.717 350.288 351.858 353.429 358.142 358.142 361.283 364.425 365.996 367.566 369.137 373.85 373.85 375.42 376.991 380.133 380.133 383.274 386.416 387.987 389.557 392.699 392.699 394.27 395.841 398.982 398.982 402.124 402.124 403.695 406.836 408.407 409.978 409.978 411.549 413.119 414.69 416.261 417.832 417.832 420.973 422.544 422.544 422.544 425.686 425.686 425.686 428.827 428.827 430.398 430.398 431.969 433.54 433.54 433.54 435.111 436.681 436.681 438.252 436.681 438.252 436.681 438.252 439.823 438.252 439.823 439.823 439.823 441.394 442.965 441.394 442.965 442.965 442.965 441.394 442.965 442.965 439.823 444.535 441.394 442.965 442.965 442.965 442.965 441.394 439.823 441.394 442.965 439.823 439.823 439.823 439.823 439.823 439.823 438.252 433.54 436.681 435.111 435.111 433.54 433.54 433.54 430.398 431.969 430.398 430.398 428.827 427.257 427.257 427.257 424.115 422.544 422.544 420.973 420.973 419.403 417.832 417.832 414.69 414.69 413.119 411.549 409.978 408.407 406.836 405.265 402.124 402.124 398.982 398.982 397.411 395.841 392.699 391.128 389.557 386.416 384.845 384.845 381.704 380.133 376.991 376.991 373.85 370.708 370.708 369.137 364.425 361.283 359.712 358.142 355 355 353.429 350.288 347.146 345.575 342.434 339.292 339.292 333.009 333.009 329.867 326.726 325.155 323.584 320.442 317.301 314.159 317.301 318.872 320.442 323.584 326.726 329.867 333.009 336.15 336.15 339.292 342.434 345.575 348.717 351.858 353.429 353.429 358.142 358.142 361.283 364.425 364.425 367.566 369.137 373.85 373.85 376.991 380.133 380.133 383.274 383.274 386.416 387.987 391.128 392.699 392.699 395.841 397.411 398.982 398.982 400.553 402.124 403.695 406.836 408.407 408.407 409.978 411.549 413.119 414.69 417.832 417.832 419.403 420.973 420.973 422.544 424.115 425.686 424.115 425.686 425.686 428.827 430.398 430.398 430.398 431.969 433.54 436.681 435.111 435.111 436.681 436.681 436.681 436.681 438.252 439.823 436.681 439.823 439.823 441.394 439.823 441.394 442.965 439.823 441.394 442.965 444.535 442.965 442.965 442.965 442.965 442.965 442.965 441.394 441.394 442.965 442.965 441.394 439.823 441.394 439.823 439.823 439.823 439.823 439.823 436.681 438.252 436.681 438.252 435.111 436.681 433.54 433.54 433.54 433.54 431.969 430.398 430.398 430.398 428.827 428.827 427.257 425.686 425.686 424.115 422.544 420.973 420.973 417.832 416.261 414.69 416.261 414.69 413.119 411.549 409.978 408.407 405.265 405.265 402.124 402.124 400.553 397.411 395.841 394.27 392.699 392.699 389.557 386.416 386.416 383.274 380.133 380.133 378.562 376.991 373.85 372.279 370.708 369.137 364.425 364.425 361.283 359.712 356.571 355 351.858 350.288 347.146 344.004 342.434 340.863 337.721 334.58 333.009 329.867 328.296 325.155 322.013 318.872 317.301 314.159
320.442 323.584 323.584 326.726 329.867 331.438 334.58 337.721 340.863 342.434 345.575 347.146 350.288 353.429 353.429 356.571 358.142 361.283 364.425 367.566 367.566 369.137 372.279 373.85 373.85 378.562 380.133 381.704 383.274 384.845 387.987 389.557 391.128 392.699 394.27 397.411 395.841 400.553 402.124 403.695 405.265 405.265 406.836 409.978 409.978 411.549 413.119 416.261 417.832 417.832 417.832 417.832 422.544 420.973 424.115 424.115 425.686 427.257 428.827 428.827 430.398 430.398 431.969 431.969 433.54 435.111 433.54 435.111 436.681 436.681 438.252 438.252 438.252 439.823 439.823 439.823 441.394 441.394 442.965 441.394 442.965 442.965 442.965 442.965 442.965 441.394 442.965 442.965 444.535 442.965 442.965 442.965 441.394 444.535 442.965 442.965 439.823 441.394 442.965 439.823 439.823 439.823 436.681 439.823 439.823 436.681 438.252 436.681 436.681 433.54 433.54 431.969 431.969 433.54 430.398 430.398 430.398 428.827 428.827 427.257 427.257 424.115 424.115 420.973 420.973 419.403 419.403 416.261 416.261 411.549 413.119 411.549 409.978 408.407 408.407 406.836 405.265 402.124 400.553 400.553 398.982 395.841 394.27 392.699 392.699 389.557 387.987 384.845 383.274 381.704 380.133 376.991 375.42 373.85 370.708 370.708 367.566 365.996 364.425 361.283 358.142 356.571 353.429 351.858 350.288 347.146 345.575 342.434 340.863 339.292 336.15 333.009 329.867 326.726 323.584 323.584 317.301 317.301 314.159 315.73 318.872 323.584 323.584 328.296 329.867 331.438 336.15 336.15 340.863 342.434 345.575 347.146 348.717 351.858 353.429 358.142 358.142 361.283 361.283 365.996 367.566 369.137 372.279 375.42 376.991 378.562 380.133 381.704 383.274 386.416 387.987 389.557 389.557 392.699 394.27 395.841 398.982 400.553 402.124 403.695 405.265 406.836 408.407 409.978 409.978 411.549 414.69 416.261 417.832 416.261 419.403 419.403 420.973 422.544 424.115 425.686 427.257 425.686 427.257 428.827 430.398 430.398 431.969 431.969 433.54 435.111 435.111 436.681 435.111 436.681 438.252 438.252 439.823 439.823 439.823 441.394 441.394 441.394 439.823 441.394 442.965 441.394 441.394 442.965 442.965 441.394 442.965 442.965 444.535 442.965 442.965 441.394 442.965 442.965 441.394 441.394 439.823 441.394 439.823 439.823 439.823 439.823 438.252 438.252 438.252 436.681 438.252 435.111 436.681 436.681 435.111 435.111 433.54 433.54 431.969 430.398 430.398 427.257 427.257 425.686 427.257 425.686 424.115 420.973 422.544 420.973 419.403 417.832 417.832 414.69 413.119 411.549 409.978 408.407 408.407 405.265 405.265 403.695 402.124 400.553 397.411 397.411 394.27 392.699 391.128 391.128 387.987 386.416 383.274 380.133 380.133 380.133 376.991 373.85 370.708 369.137 367.566 364.425 362.854 361.283 359.712 356.571 355 351.858 348.717 347.146 345.575 342.434 339.292 339.292 336.15 331.438 329.867 326.726 326.726 322.013 320.442 317.301 314.159
320.442 320.442 325.155 326.726 329.867 333.009 334.58 336.15 340.863 342.434 344.004 347.146 348.717 351.858 355 355 358.142 361.283 364.425 365.996 369.137 369.137 372.279 373.85 375.42 378.562 381.704 381.704 383.274 386.416 387.987 389.557 392.699 392.699 395.841 395.841 397.411 398.982 400.553 403.695 405.265 405.265 408.407 408.407 409.978 411.549 414.69 416.261 414.69 416.261 417.832 419.403 419.403 420.973 422.544 425.686 424.115 427.257 427.257 428.827 430.398 430.398 433.54 430.398 433.54 433.54 435.111 435.111 435.111 438.252 436.681 438.252 438.252 438.252 441.394 439.823 439.823 441.394 441.394 441.394 442.965 441.394 441.394 442.965 441.394 442.965 442.965 441.394 442.965 442.965 442.965 441.394 442.965 442.965 442.965 442.965 442.965 441.394 442.965 439.823 441.394 438.252 439.823 438.252 438.252 436.681 438.252 436.681 436.681 435.111 433.54 433.54 430.398 433.54 431.969 430.398 428.827 428.827 428.827 427.257 427.257 424.115 422.544 422.544 422.544 420.973 419.403 417.832 414.69 414.69 411.549 413.119 411.549 408.407 406.836 406.836 403.695 402.124 402.124 400.553 398.982 397.411 394.27 394.27 392.699 389.557 387.987 384.845 383.274 381.704 380.133 378.562 375.42 373.85 372.279 369.137 367.566 364.425 362.854 361.283 358.142 358.142 355 351.858 350.288 345.575 344.004 342.434 340.863 339.292 336.15 333.009 329.867 326.726 326.726 320.442 318.872 317.301 314.159 317.301 318.872 322.013 326.726 328.296 329.867 333.009 334.58 337.721 339.292 342.434 344.004 348.717 350.288 351.858 355 358.142 358.142 361.283 361.283 365.996 367.566 369.137 370.708 373.85 375.42 376.991 380.133 381.704 384.845 386.416 387.987 386.416 389.557 392.699 395.841 395.841 398.982 398.982 402.124 405.265 405.265 405.265 409.978 408.407 409.978 413.119 414.69 414.69 417.832 417.832 419.403 420.973 420.973 424.115 422.544 425.686 425.686 425.686 427.257 428.827 430.398 430.398 430.398 433.54 433.54 433.54 435.111 435.111 436.681 439.823 438.252 439.823 438.252 439.823 439.823 442.965 439.823 439.823 442.965 441.394 439.823 441.394 439.823 441.394 442.965 442.965 442.965 442.965 444.535 441.394 442.965 442.965 441.394 442.965 442.965 441.394 442.965 441.394 441.394 439.823 439.823 439.823 438.252 438.252 438.252 439.823 438.252 436.681 436.681 435.111 435.111 433.54 430.398 430.398 430.398 430.398 430.398 428.827 427.257 425.686 424.115 425.686 424.115 420.973 422.544 420.973 419.403 416.261 417.832 416.261 414.69 413.119 411.549 408.407 408.407 406.836 405.265 403.695 400.553 400.553 398.982 397.411 394.27 392.699 389.557 391.128 387.987 386.416 383.274 381.704 380.133 378.562 375.42 373.85 370.708 370.708 367.566 364.425 362.854 361.283 359.712 356.571 355 353.429 348.717 347.146 345.575 344.004 339.292 336.15 336.15 333.009 329.867 326.726 323.584 323.584 317.301 317.301 314.159
320.442 323.584 325.155 326.726 329.867 329.867 334.58 336.15 339.292 342.434 345.575 347.146 348.717 351.858 355 358.142 358.142 361.283 364.425 364.425 367.566 369.137 372.279 373.85 375.42 378.562 380.133 381.704 383.274 384.845 386.416 389.557 389.557 392.699 395.841 395.841 397.411 398.982 400.553 405.265 403.695 405.265 408.407 408.407 409.978 411.549 413.119 416.261 417.832 417.832 419.403 420.973 420.973 420.973 424.115 422.544 424.115 427.257 428.827 428.827 430.398 430.398 431.969 431.969 433.54 436.681 435.111 435.111 435.111 436.681 438.252 436.681 438.252 438.252 436.681 438.252 441.394 439.823 442.965 441.394 441.394 441.394 441.394 442.965 442.965 442.965 442.965 441.394 439.823 442.965 442.965 442.965 441.394 441.394 441.394 442.965 442.965 441.394 439.823 439.823 441.394 439.823 439.823 438.252 438.252 439.823 436.681 438.252 436.681 435.111 435.111 433.54 433.54 431.969 430.398 430.398 428.827 428.827 427.257 427.257 425.686 424.115 424.115 420.973 422.544 420.973 417.832 417.832 417.832 414.69 413.119 413.119 411.549 409.978 408.407 405.265 403.695 402.124 402.124 398.982 398.982 397.411 394.27 392.699 392.699 387.987 387.987 386.416 383.274 381.704 380.133 378.562 376.991 373.85 370.708 369.137 367.566 367.566 362.854 361.283 358.142 356.571 353.429 351.858 348.717 348.717 345.575 342.434 339.292 337.721 334.58 333.009 329.867 328.296 325.155 323.584 320.442 315.73 314.159 317.301 320.442 323.584 325.155 326.726 329.867 333.009 336.15 336.15 339.292 342.434 345.575 348.717 348.717 351.858 355 355 358.142 361.283 364.425 364.425 367.566 369.137 372.279 373.85 375.42 376.991 380.133 380.133 386.416 386.416 387.987 389.557 389.557 392.699 395.841 395.841 397.411 398.982 402.124 403.695 403.695 406.836 408.407 408.407 411.549 411.549 413.119 414.69 417.832 417.832 419.403 420.973 422.544 422.544 422.544 424.115 424.115 427.257 427.257 428.827 430.398 430.398 431.969 431.969 433.54 436.681 435.111 435.111 436.681 436.681 436.681 438.252 438.252 438.252 438.252 439.823 439.823 439.823 442.965 441.394 441.394 442.965 441.394 442.965 442.965 442.965 442.965 441.394 444.535 442.965 442.965 442.965 444.535 439.823 442.965 442.965 442.965 441.394 439.823 439.823 439.823 439.823 439.823 438.252 438.252 438.252 438.252 435.111 436.681 436.681 436.681 433.54 433.54 431.969 431.969 430.398 431.969 428.827 427.257 427.257 427.257 425.686 424.115 424.115 422.544 419.403 419.403 417.832 414.69 414.69 413.119 413.119 411.549 409.978 406.836 406.836 405.265 402.124 402.124 398.982 398.982 397.411 395.841 392.699 391.128 389.557 387.987 386.416 384.845 381.704 380.133 376.991 376.991 373.85 370.708 370.708 367.566 367.566 362.854 361.283 358.142 355 355 353.429 350.288 345.575 345.575 342.434 339.292 337.721 336.15 333.009 329.867 328.296 323.584 322.013 320.442 317.301 314.159
318.872 320.442 325.155 328.296 331.438 333.009 333.009 336.15 340.863 342.434 344.004 347.146 348.717 353.429 355 356.571 359.712 361.283 362.854 365.996 367.566 369.137 373.85 373.85 376.991 380.133 380.133 381.704 383.274 386.416 387.987 389.557 392.699 392.699 394.27 395.841 398.982 398.982 402.124 402.124 405.265 406.836 406.836 408.407 409.978 411.549 414.69 414.69 414.69 416.261 419.403 419.403 420.973 420.973 424.115 425.686 427.257 427.257 427.257 428.827 427.257 430.398 431.969 431.969 433.54 431.969 435.111 435.111 436.681 436.681 436.681 438.252 438.252 439.823 436.681 442.965 439.823 441.394 441.394 441.394 442.965 441.394 441.394 442.965 442.965 441.394 442.965 441.394 442.965 442.965 442.965 442.965 441.394 442.965 442.965 441.394 441.394 441.394 441.394 441.394 439.823 439.823 439.823 439.823 438.252 436.681 436.681 435.111 436.681 433.54 433.54 433.54 433.54 431.969 431.969 430.398 430.398 428.827 427.257 425.686 427.257 424.115 422.544 420.973 420.973 420.973 419.403 417.832 417.832 414.69 413.119 411.549 409.978 408.407 405.265 405.265 403.695 402.124 402.124 400.553 397.411 397.411 395.841 392.699 389.557 387.987 387.987 384.845 383.274 383.274 380.133 378.562 376.991 375.42 372.279 370.708 367.566 364.425 364.425 361.283 359.712 358.142 355 351.858 350.288 347.146 345.575 344.004 340.863 339.292 336.15 333.009 331.438 326.726 326.726 320.442 318.872 317.301 314.159 315.73 318.872 323.584 323.584 328.296 329.867 333.009 336.15 337.721 340.863 342.434 344.004 348.717 350.288 351.858 353.429 358.142 358.142 361.283 364.425 365.996 367.566 370.708 372.279 373.85 376.991 376.991 380.133 383.274 383.274 386.416 387.987 387.987 389.557 392.699 394.27 395.841 398.982 398.982 402.124 405.265 405.265 406.836 408.407 411.549 411.549 413.119 413.119 414.69 416.261 416.261 419.403 420.973 420.973 422.544 424.115 425.686 427.257 427.257 427.257 428.827 430.398 428.827 431.969 431.969 433.54 431.969 435.111 436.681 436.681 436.681 435.111 439.823 438.252 439.823 438.252 439.823 439.823 439.823 439.823 441.394 442.965 441.394 442.965 441.394 444.535 442.965 441.394 441.394 442.965 441.394 442.965 444.535 442.965 442.965 442.965 441.394 439.823 441.394 439.823 441.394 441.394 438.252 439.823 439.823 438.252 439.823 438.252 436.681 436.681 433.54 433.54 436.681 431.969 431.969 431.969 430.398 430.398 427.257 427.257 427.257 427.257 425.686 422.544 424.115 420.973 420.973 419.403 417.832 417.832 416.261 413.119 413.119 413.119 408.407 408.407 406.836 405.265 402.124 400.553 402.124 397.411 397.411 394.27 395.841 389.557 391.128 387.987 386.416 383.274 383.274 380.133 378.562 375.42 373.85 370.708 370.708 367.566 364.425 362.854 362.854 358.142 358.142 353.429 351.858 350.288 345.575 344.004 342.434 340.863 337.721 333.009 333.009 331.438 326.726 323.584 320.442 320.442 315.73 314.159
320.442 322.013 323.584 328.296 329.867 333.009 336.15 339.292 339.292 342.434 344.004 345.575 348.717 351.858 355 358.142 359.712 361.283 364.425 365.996 367.566 370.708 370.708 373.85 376.991 378.562 380.133 383.274 384.845 384.845 387.987 389.557 392.699 392.699 395.841 397.411 398.982 398.982 402.124 402.124 403.695 406.836 406.836 409.978 409.978 413.119 413.119 414.69 416.261 417.832 419.403 419.403 420.973 422.544 424.115 424.115 425.686 425.686 427.257 428.827 427.257 430.398 431.969 431.969 433.54 433.54 435.111 435.111 436.681 436.681 436.681 439.823 438.252 439.823 439.823 442.965 439.823 439.823 439.823 441.394 439.823 442.965 441.394 442.965 442.965 442.965 442.965 442.965 442.965 442.965 442.965 442.965 441.394 442.965 441.394 441.394 441.394 441.394 442.965 441.394 439.823 439.823 439.823 438.252 438.252 438.252 436.681 435.111 436.681 436.681 433.54 431.969 433.54 433.54 431.969 430.398 430.398 430.398 427.257 424.115 424.115 425.686 425.686 424.115 420.973 420.973 419.403 417.832 417.832 414.69 413.119 411.549 409.978 408.407 406.836 406.836 405.265 403.695 400.553 400.553 398.982 395.841 395.841 392.699 389.557 389.557 387.987 384.845 384.845 381.704 380.133 380.133 375.42 373.85 372.279 369.137 367.566 364.425 364.425 361.283 358.142 355 355 351.858 348.717 348.717 344.004 342.434 339.292 337.721 336.15 331.438 329.867 328.296 323.584 322.013 318.872 317.301 314.159 317.301 320.442 322.013 325.155 326.726 329.867 331.438 333.009 336.15 340.863 342.434 345.575 348.717 348.717 351.858 355 355 358.142 361.283 362.854 365.996 367.566 370.708 373.85 373.85 375.42 378.562 380.133 383.274 386.416 386.416 389.557 389.557 391.128 392.699 395.841 395.841 398.982 398.982 402.124 403.695 403.695 406.836 408.407 408.407 411.549 411.549 413.119 414.69 417.832 416.261 419.403 420.973 422.544 422.544 424.115 425.686 425.686 427.257 428.827 428.827 430.398 428.827 431.969 430.398 433.54 431.969 435.111 436.681 435.111 436.681 438.252 438.252 438.252 438.252 439.823 439.823 441.394 439.823 441.394 441.394 439.823 439.823 441.394 442.965 442.965 442.965 442.965 442.965 442.965 442.965 442.965 442.965 441.394 442.965 441.394 442.965 439.823 441.394 441.394 439.823 439.823 439.823 439.823 439.823 438.252 438.252 436.681 436.681 436.681 436.681 435.111 436.681 433.54 433.54 431.969 430.398 430.398 428.827 427.257 425.686 424.115 424.115 422.544 420.973 420.973 420.973 419.403 417.832 416.261 414.69 413.119 413.119 411.549 411.549 406.836 406.836 403.695 403.695 402.124 400.553 398.982 397.411 394.27 392.699 392.699 389.557 386.416 386.416 384.845 383.274 380.133 378.562 376.991 373.85 370.708 370.708 367.566 365.996 362.854 361.283 359.712 358.142 355 351.858 351.858 345.575 344.004 342.434 339.292 339.292 334.58 333.009 329.867 326.726 325.155 322.013 320.442 315.73 314.159
318.872 322.013 323.584 326.726 329.867 333.009 336.15 337.721 339.292 342.434 345.575 348.717 350.288 351.858 355 356.571 358.142 361.283 362.854 365.996 367.566 369.137 370.708 373.85 376.991 378.562 380.133 381.704 383.274 386.416 386.416 389.557 389.557 392.699 394.27 397.411 398.982 398.982 402.124 402.124 405.265 406.836 406.836 408.407 411.549 411.549 411.549 414.69 416.261 420.973 419.403 420.973 420.973 420.973 424.115 425.686 427.257 427.257 430.398 428.827 430.398 430.398 431.969 433.54 433.54 436.681 435.111 436.681 435.111 435.111 438.252 438.252 438.252 438.252 439.823 439.823 439.823 441.394 439.823 441.394 442.965 441.394 442.965 441.394 442.965 442.965 441.394 442.965 442.965 442.965 442.965 442.965 442.965 441.394 441.394 442.965 442.965 441.394 441.394 441.394 441.394 442.965 438.252 438.252 438.252 438.252 438.252 438.252 436.681 435.111 435.111 433.54 431.969 433.54 430.398 430.398 427.257 428.827 428.827 427.257 424.115 425.686 422.544 424.115 420.973 420.973 417.832 417.832 416.261 414.69 414.69 414.69 411.549 409.978 406.836 406.836 403.695 405.265 402.124 400.553 398.982 395.841 392.699 392.699 391.128 389.557 386.416 386.416 383.274 381.704 380.133 378.562 375.42 373.85 373.85 369.137 367.566 364.425 364.425 361.283 359.712 358.142 355 355 350.288 348.717 345.575 342.434 339.292 339.292 334.58 331.438 329.867 328.296 325.155 323.584 318.872 317.301 314.159 317.301 320.442 320.442 323.584 326.726 329.867 333.009 336.15 339.292 339.292 342.434 344.004 347.146 351.858 353.429 355 356.571 358.142 361.283 362.854 365.996 367.566 369.137 372.279 373.85 373.85 378.562 380.133 381.704 383.274 384.845 387.987 387.987 392.699 392.699 395.841 397.411 397.411 400.553 402.124 403.695 405.265 406.836 408.407 411.549 409.978 413.119 413.119 416.261 414.69 417.832 417.832 420.973 420.973 420.973 424.115 424.115 425.686 425.686 428.827 428.827 431.969 430.398 431.969 433.54 433.54 433.54 433.54 436.681 436.681 435.111 438.252 438.252 438.252 436.681 436.681 441.394 441.394 439.823 439.823 441.394 441.394 442.965 441.394 442.965 446.106 441.394 442.965 442.965 444.535 441.394 442.965 439.823 442.965 442.965 442.965 442.965 439.823 441.394 442.965 441.394 441.394 439.823 439.823 439.823 438.252 438.252 438.252 436.681 436.681 435.111 433.54 436.681 430.398 433.54 431.969 430.398 430.398 428.827 427.257 425.686 427.257 425.686 422.544 420.973 420.973 420.973 417.832 417.832 417.832 414.69 414.69 411.549 409.978 408.407 408.407 406.836 405.265 402.124 400.553 400.553 398.982 397.411 395.841 392.699 391.128 389.557 387.987 386.416 384.845 381.704 380.133 376.991 376.991 373.85 372.279 369.137 367.566 365.996 364.425 361.283 358.142 355 355 351.858 348.717 348.717 344.004 342.434 339.292 337.721 334.58 333.009 329.867 329.867 325.155 322.013 320.442 317.301 314.159
320.442 323.584 326.726 328.296 329.867 333.009 334.58 337.721 339.292 342.434 345.575 347.146 351.858 351.858 355 356.571 359.712 361.283 361.283 365.996 367.566 369.137 373.85 373.85 376.991 380.133 380.133 380.133 384.845 386.416 387.987 391.128 392.699 392.699 395.841 397.411 398.982 400.553 402.124 402.124 405.265 405.265 405.265 409.978 409.978 413.119 414.69 414.69 417.832 417.832 419.403 419.403 420.973 420.973 422.544 424.115 427.257 425.686 427.257 428.827 427.257 430.398 431.969 433.54 433.54 431.969 435.111 436.681 435.111 436.681 438.252 436.681 438.252 439.823 436.681 439.823 439.823 441.394 441.394 441.394 441.394 442.965 441.394 442.965 442.965 442.965 441.394 444.535 442.965 442.965 442.965 442.965 442.965 442.965 442.965 441.394 441.394 441.394 441.394 441.394 439.823 438.252 436.681 439.823 438.252 438.252 438.252 436.681 436.681 435.111 433.54 433.54 433.54 433.54 430.398 430.398 430.398 427.257 427.257 425.686 427.257 424.115 424.115 424.115 422.544 419.403 419.403 417.832 417.832 414.69 411.549 413.119 411.549 409.978 408.407 406.836 403.695 405.265 402.124 400.553 395.841 397.411 394.27 392.699 391.128 389.557 386.416 386.416 386.416 381.704 380.133 376.991 376.991 373.85 373.85 369.137 367.566 364.425 364.425 361.283 358.142 355 353.429 351.858 350.288 347.146 345.575 342.434 339.292 339.292 336.15 333.009 329.867 328.296 326.726 322.013 320.442 315.73 314.159 317.301 320.442 320.442 323.584 326.726 329.867 333.009 334.58 339.292 340.863 342.434 344.004 347.146 348.717 353.429 353.429 358.142 358.142 361.283 362.854 365.996 367.566 367.566 370.708 373.85 376.991 378.562 380.133 380.133 383.274 386.416 387.987 387.987 392.699 392.699 394.27 395.841 397.411 400.553 402.124 402.124 405.265 405.265 408.407 409.978 409.978 413.119 414.69 416.261 414.69 416.261 419.403 419.403 420.973 422.544 424.115 425.686 425.686 427.257 427.257 428.827 430.398 430.398 431.969 430.398 433.54 433.54 435.111 433.54 436.681 436.681 435.111 439.823 436.681 439.823 439.823 438.252 441.394 441.394 442.965 441.394 441.394 439.823 441.394 442.965 442.965 444.535 441.394 442.965 442.965 441.394 442.965 441.394 442.965 442.965 442.965 442.965 441.394 441.394 441.394 441.394 439.823 439.823 439.823 438.252 438.252 436.681 436.681 436.681 436.681 433.54 435.111 431.969 435.111 431.969 431.969 433.54 430.398 428.827 427.257 425.686 425.686 424.115 424.115 422.544 422.544 419.403 419.403 417.832 414.69 414.69 414.69 411.549 409.978 408.407 406.836 405.265 403.695 403.695 402.124 400.553 398.982 395.841 394.27 392.699 392.699 386.416 387.987 386.416 384.845 381.704 380.133 376.991 376.991 373.85 370.708 369.137 367.566 365.996 364.425 361.283 358.142 355 353.429 351.858 348.717 348.717 345.575 342.434 340.863 336.15 333.009 333.009 329.867 328.296 325.155 322.013 320.442 317.301 314.159
318.872 323.584 325.155 326.726 329.867 333.009 334.58 337.721 342.434 342.434 345.575 348.717 348.717 351.858 355 356.571 358.142 361.283 362.854 364.425 367.566 369.137 372.279 373.85 375.42 378.562 380.133 381.704 383.274 386.416 387.987 389.557 391.128 392.699 394.27 397.411 397.411 398.982 398.982 403.695 405.265 406.836 409.978 409.978 409.978 414.69 413.119 414.69 414.69 416.261 417.832 419.403 422.544 422.544 422.544 424.115 427.257 427.257 427.257 428.827 430.398 430.398 431.969 431.969 433.54 436.681 433.54 435.111 435.111 435.111 438.252 436.681 438.252 439.823 439.823 439.823 441.394 439.823 442.965 441.394 442.965 442.965 441.394 441.394 442.965 441.394 442.965 442.965 442.965 441.394 442.965 442.965 442.965 442.965 442.965 441.394 442.965 441.394 442.965 441.394 439.823 438.252 439.823 438.252 438.252 436.681 436.681 438.252 436.681 436.681 435.111 433.54 433.54 431.969 431.969 430.398 430.398 428.827 428.827 427.257 425.686 424.115 424.115 424.115 422.544 419.403 419.403 417.832 414.69 414.69 413.119 413.119 409.978 408.407 405.265 405.265 405.265 405.265 402.124 398.982 397.411 397.411 395.841 392.699 392.699 389.557 387.987 384.845 383.274 383.274 380.133 378.562 376.991 375.42 370.708 370.708 367.566 365.996 364.425 361.283 359.712 355 355 353.429 348.717 348.717 345.575 342.434 340.863 337.721 334.58 333.009 329.867 326.726 323.584 322.013 318.872 317.301 314.159 317.301 318.872 322.013 325.155 326.726 329.867 331.438 333.009 337.721 339.292 342.434 345.575 348.717 348.717 351.858 355 356.571 358.142 361.283 362.854 365.996 367.566 369.137 372.279 375.42 376.991 378.562 380.133 381.704 384.845 386.416 387.987 389.557 389.557 392.699 394.27 397.411 398.982 400.553 402.124 403.695 405.265 406.836 405.265 409.978 413.119 413.119 413.119 416.261 417.832 416.261 419.403 419.403 422.544 422.544 424.115 425.686 425.686 425.686 428.827 428.827 430.398 431.969 431.969 433.54 433.54 436.681 433.54 435.111 436.681 435.111 438.252 439.823 438.252 438.252 439.823 439.823 441.394 441.394 439.823 441.394 442.965 441.394 441.394 439.823 441.394 442.965 442.965 441.394 442.965 444.535 442.965 442.965 442.965 444.535 442.965 441.394 439.823 441.394 442.965 439.823 439.823 438.252 439.823 439.823 438.252 438.252 436.681 438.252 436.681 433.54 435.111 433.54 433.54 433.54 431.969 430.398 430.398 428.827 427.257 427.257 425.686 424.115 422.544 422.544 420.973 420.973 419.403 416.261 417.832 414.69 414.69 411.549 409.978 408.407 408.407 405.265 405.265 402.124 402.124 400.553 398.982 397.411 394.27 395.841 391.128 389.557 387.987 384.845 384.845 380.133 380.133 376.991 376.991 373.85 370.708 370.708 367.566 364.425 364.425 361.283 358.142 356.571 353.429 351.858 350.288 345.575 344.004 344.004 340.863 339.292 336.15 329.867 329.867 326.726 323.584 323.584 318.872 317.301 314.159
318.872 322.013 325.155 328.296 329.867 333.009 334.58 336.15 339.292 342.434 344.004 347.146 348.717 351.858 355 355 358.142 361.283 362.854 364.425 367.566 369.137 372.279 373.85 376.991 376.991 380.133 383.274 383.274 384.845 389.557 389.557 391.128 392.699 395.841 397.411 398.982 400.553 402.124 402.124 405.265 406.836 408.407 409.978 409.978 414.69 413.119 414.69 414.69 417.832 417.832 420.973 420.973 420.973 424.115 425.686 427.257 427.257 427.257 427.257 427.257 430.398 431.969 430.398 433.54 433.54 435.111 435.111 436.681 436.681 438.252 438.252 438.252 438.252 439.823 439.823 439.823 441.394 439.823 441.394 442.965 442.965 442.965 441.394 442.965 441.394 442.965 444.535 444.535 442.965 441.394 442.965 442.965 442.965 442.965 441.394 441.394 441.394 439.823 439.823 439.823 439.823 439.823 439.823 438.252 436.681 435.111 435.111 435.111 435.111 435.111 433.54 433.54 433.54 433.54 430.398 430.398 428.827 427.257 425.686 425.686 424.115 424.115 420.973 422.544 419.403 417.832 417.832 414.69 414.69 414.69 411.549 409.978 408.407 408.407 406.836 403.695 403.695 402.124 402.124 398.982 395.841 394.27 392.699 389.557 389.557 387.987 384.845 384.845 383.274 380.133 378.562 375.42 373.85 372.279 370.708 367.566 364.425 364.425 361.283 359.712 356.571 355 351.858 348.717 347.146 345.575 342.434 339.292 336.15 336.15 333.009 331.438 328.296 323.584 322.013 320.442 317.301 314.159 315.73 318.872 322.013 323.584 326.726 329.867 333.009 334.58 336.15 342.434 342.434 345.575 345.575 348.717 353.429 353.429 356.571 359.712 359.712 362.854 364.425 367.566 370.708 373.85 373.85 375.42 380.133 380.133 380.133 383.274 384.845 387.987 389.557 389.557 395.841 394.27 397.411 398.982 400.553 402.124 402.124 403.695 406.836 408.407 409.978 411.549 413.119 414.69 414.69 414.69 416.261 417.832 417.832 420.973 422.544 424.115 424.115 424.115 427.257 427.257 428.827 430.398 430.398 430.398 431.969 433.54 433.54 435.111 436.681 433.54 436.681 438.252 438.252 439.823 438.252 439.823 441.394 439.823 439.823 441.394 441.394 442.965 442.965 441.394 439.823 442.965 442.965 442.965 441.394 439.823 441.394 442.965 442.965 441.394 441.394 442.965 442.965 441.394 441.394 439.823 441.394 439.823 439.823 439.823 438.252 438.252 438.252 436.681 435.111 435.111 435.111 433.54 436.681 435.111 433.54 431.969 430.398 430.398 428.827 430.398 425.686 427.257 424.115 422.544 422.544 420.973 420.973 419.403 416.261 414.69 414.69 414.69 411.549 409.978 408.407 406.836 406.836 403.695 403.695 400.553 400.553 397.411 395.841 395.841 392.699 389.557 391.128 386.416 384.845 383.274 380.133 380.133 376.991 375.42 375.42 372.279 369.137 367.566 365.996 362.854 361.283 358.142 358.142 355 351.858 348.717 348.717 345.575 342.434 339.292 339.292 336.15 333.009 329.867 326.726 325.155 323.584 320.442 317.301 314.159
320.442 323.584 325.155 326.726 329.867 333.009 334.58 336.15 339.292 342.434 344.004 345.575 348.717 351.858 353.429 356.571 359.712 361.283 364.425 365.996 367.566 369.137 372.279 373.85 376.991 376.991 380.133 383.274 384.845 384.845 387.987 389.557 391.128 392.699 394.27 397.411 398.982 398.982 400.553 402.124 405.265 408.407 406.836 408.407 409.978 413.119 414.69 414.69 417.832 417.832 417.832 420.973 420.973 422.544 427.257 424.115 425.686 427.257 428.827 428.827 430.398 431.969 431.969 431.969 430.398 431.969 435.111 436.681 435.111 438.252 436.681 439.823 438.252 438.252 439.823 442.965 439.823 441.394 441.394 441.394 439.823 442.965 439.823 439.823 442.965 442.965 442.965 444.535 442.965 442.965 442.965 442.965 442.965 442.965 441.394 441.394 441.394 441.394 439.823 441.394 441.394 439.823 436.681 438.252 438.252 436.681 438.252 436.681 436.681 435.111 435.111 431.969 433.54 431.969 431.969 430.398 431.969 427.257 428.827 427.257 425.686 425.686 424.115 420.973 420.973 419.403 419.403 417.832 417.832 416.261 413.119 411.549 409.978 408.407 405.265 406.836 403.695 403.695 402.124 400.553 397.411 395.841 394.27 392.699 392.699 391.128 386.416 384.845 384.845 380.133 380.133 378.562 376.991 375.42 370.708 369.137 367.566 365.996 362.854 361.283 358.142 358.142 355 351.858 348.717 347.146 345.575 344.004 339.292 336.15 334.58 333.009 329.867 329.867 325.155 320.442 320.442 317.301 314.159 317.301 320.442 323.584 326.726 326.726 329.867 331.438 336.15 336.15 340.863 342.434 345.575 347.146 351.858 351.858 355 356.571 358.142 361.283 362.854 365.996 367.566 369.137 372.279 373.85 376.991 378.562 380.133 381.704 383.274 386.416 387.987 389.557 392.699 394.27 395.841 397.411 397.411 400.553 402.124 403.695 405.265 406.836 406.836 411.549 411.549 411.549 413.119 411.549 417.832 417.832 417.832 419.403 420.973 420.973 422.544 425.686 424.115 427.257 427.257 428.827 431.969 430.398 431.969 433.54 433.54 433.54 435.111 435.111 435.111 438.252 438.252 436.681 439.823 438.252 439.823 439.823 439.823 441.394 442.965 441.394 442.965 441.394 442.965 439.823 442.965 442.965 442.965 444.535 442.965 441.394 442.965 442.965 442.965 439.823 442.965 442.965 442.965 441.394 441.394 439.823 439.823 439.823 436.681 439.823 436.681 438.252 438.252 438.252 436.681 435.111 435.111 433.54 430.398 431.969 430.398 433.54 430.398 428.827 427.257 427.257 427.257 425.686 422.544 422.544 422.544 419.403 417.832 416.261 414.69 414.69 413.119 411.549 409.978 408.407 408.407 406.836 403.695 402.124 402.124 400.553 397.411 397.411 395.841 392.699 389.557 387.987 387.987 384.845 384.845 383.274 380.133 378.562 376.991 373.85 372.279 369.137 367.566 365.996 364.425 361.283 358.142 356.571 353.429 351.858 350.288 347.146 345.575 342.434 340.863 337.721 336.15 333.009 329.867 326.726 323.584 320.442 318.872 317.301 314.159
320.442 322.013 325.155 326.726 329.867 333.009 334.58 339.292 340.863 342.434 345.575 347.146 350.288 351.858 355 355 359.712 361.283 362.854 364.425 367.566 370.708 370.708 373.85 375.42 380.133 380.133 383.274 386.416 386.416 386.416 389.557 389.557 392.699 394.27 397.411 398.982 400.553 400.553 402.124 403.695 405.265 408.407 408.407 411.549 413.119 411.549 416.261 417.832 417.832 419.403 420.973 420.973 422.544 424.115 425.686 425.686 427.257 425.686 428.827 430.398 430.398 431.969 431.969 433.54 436.681 435.111 436.681 436.681 436.681 438.252 438.252 438.252 439.823 439.823 439.823 441.394 441.394 441.394 441.394 442.965 442.965 442.965 441.394 442.965 441.394 442.965 442.965 442.965 441.394 442.965 441.394 441.394 442.965 442.965 441.394 442.965 441.394 439.823 439.823 439.823 439.823 438.252 439.823 438.252 438.252 438.252 435.111 436.681 436.681 433.54 433.54 431.969 433.54 431.969 428.827 430.398 428.827 430.398 427.257 427.257 424.115 424.115 422.544 420.973 419.403 419.403 416.261 414.69 414.69 413.119 413.119 411.549 408.407 408.407 406.836 405.265 405.265 402.124 400.553 397.411 397.411 394.27 392.699 389.557 391.128 386.416 386.416 383.274 381.704 380.133 378.562 375.42 373.85 372.279 369.137 367.566 364.425 361.283 361.283 358.142 356.571 355 351.858 348.717 347.146 345.575 342.434 339.292 339.292 334.58 331.438 329.867 328.296 323.584 322.013 320.442 317.301 314.159 317.301 320.442 320.442 325.155 328.296 329.867 333.009 336.15 337.721 339.292 342.434 344.004 348.717 351.858 351.858 355 356.571 359.712 361.283 362.854 364.425 367.566 369.137 372.279 373.85 376.991 376.991 380.133 380.133 384.845 386.416 389.557 391.128 392.699 392.699 394.27 397.411 398.982 400.553 402.124 402.124 405.265 406.836 408.407 409.978 411.549 413.119 413.119 414.69 417.832 417.832 419.403 420.973 420.973 422.544 424.115 424.115 424.115 425.686 428.827 428.827 431.969 428.827 430.398 430.398 433.54 433.54 435.111 436.681 436.681 436.681 438.252 436.681 439.823 439.823 436.681 438.252 441.394 441.394 439.823 441.394 439.823 441.394 442.965 442.965 442.965 442.965 442.965 442.965 442.965 446.106 442.965 442.965 442.965 442.965 442.965 442.965 442.965 441.394 439.823 439.823 439.823 441.394 439.823 438.252 438.252 436.681 436.681 436.681 435.111 435.111 435.111 433.54 433.54 431.969 431.969 430.398 430.398 428.827 430.398 425.686 427.257 424.115 424.115 422.544 420.973 419.403 419.403 417.832 414.69 414.69 413.119 411.549 409.978 409.978 408.407 406.836 405.265 402.124 402.124 400.553 397.411 395.841 395.841 392.699 391.128 387.987 387.987 386.416 383.274 381.704 380.133 378.562 376.991 373.85 370.708 370.708 367.566 365.996 362.854 361.283 361.283 356.571 355 351.858 350.288 347.146 344.004 342.434 340.863 336.15 336.15 333.009 329.867 326.726 325.155 322.013 318.872 317.301 314.159
320.442 320.442 326.726 326.726 329.867 333.009 334.58 339.292 340.863 342.434 344.004 347.146 348.717 351.858 355 358.142 358.142 361.283 362.854 365.996 367.566 369.137 372.279 373.85 373.85 376.991 380.133 380.133 384.845 384.845 387.987 389.557 392.699 392.699 394.27 397.411 398.982 400.553 402.124 403.695 403.695 406.836 406.836 408.407 411.549 411.549 413.119 414.69 414.69 416.261 419.403 420.973 420.973 420.973 424.115 425.686 425.686 425.686 428.827 428.827 428.827 428.827 431.969 430.398 433.54 433.54 433.54 436.681 436.681 438.252 438.252 438.252 438.252 439.823 439.823 439.823 441.394 441.394 439.823 441.394 442.965 441.394 441.394 442.965 441.394 442.965 442.965 442.965 442.965 442.965 442.965 444.535 442.965 439.823 441.394 441.394 439.823 441.394 442.965 439.823 439.823 439.823 439.823 438.252 439.823 439.823 436.681 435.111 435.111 435.111 435.111 433.54 433.54 431.969 430.398 430.398 430.398 428.827 428.827 427.257 427.257 424.115 424.115 422.544 422.544 420.973 417.832 417.832 416.261 414.69 413.119 411.549 409.978 408.407 408.407 405.265 405.265 403.695 402.124 400.553 400.553 395.841 394.27 392.699 389.557 391.128 387.987 384.845 383.274 380.133 380.133 378.562 376.991 373.85 372.279 369.137 367.566 365.996 362.854 361.283 359.712 355 355 351.858 348.717 347.146 345.575 342.434 339.292 337.721 334.58 333.009 329.867 328.296 325.155 320.442 320.442 317.301 314.159 317.301 320.442 320.442 323.584 328.296 331.438 333.009 334.58 337.721 339.292 344.004 342.434 347.146 348.717 351.858 355 356.571 358.142 361.283 361.283 364.425 370.708 370.708 372.279 373.85 376.991 376.991 380.133 381.704 383.274 386.416 387.987 389.557 392.699 392.699 394.27 397.411 398.982 400.553 400.553 403.695 403.695 406.836 408.407 411.549 411.549 411.549 413.119 416.261 414.69 417.832 419.403 419.403 422.544 422.544 422.544 424.115 427.257 425.686 427.257 428.827 427.257 430.398 431.969 431.969 433.54 433.54 435.111 436.681 435.111 436.681 436.681 438.252 438.252 439.823 439.823 442.965 439.823 441.394 441.394 441.394 439.823 441.394 442.965 442.965 441.394 441.394 442.965 442.965 439.823 441.394 442.965 442.965 442.965 441.394 442.965 441.394 441.394 441.394 441.394 441.394 439.823 439.823 439.823 438.252 438.252 438.252 438.252 436.681 436.681 435.111 433.54 431.969 433.54 431.969 431.969 430.398 431.969 428.827 427.257 427.257 425.686 425.686 422.544 424.115 420.973 419.403 419.403 416.261 417.832 414.69 414.69 411.549 411.549 408.407 405.265 405.265 405.265 403.695 402.124 400.553 397.411 397.411 395.841 392.699 389.557 389.557 387.987 386.416 383.274 381.704 380.133 376.991 373.85 373.85 373.85 370.708 367.566 364.425 364.425 361.283 358.142 355 355 351.858 351.858 345.575 345.575 342.434 340.863 336.15 333.009 333.009 329.867 328.296 325.155 322.013 318.872 317.301 314.159
320.442 320.442 323.584 328.296 329.867 333.009 336.15 336.15 340.863 342.434 344.004 347.146 348.717 351.858 353.429 358.142 359.712 361.283 364.425 364.425 367.566 369.137 372.279 373.85 373.85 376.991 380.133 380.133 384.845 386.416 387.987 389.557 392.699 392.699 394.27 395.841 398.982 398.982 400.553 402.124 405.265 406.836 408.407 408.407 411.549 413.119 413.119 414.69 414.69 417.832 419.403 419.403 420.973 424.115 422.544 425.686 427.257 427.257 427.257 428.827 427.257 430.398 433.54 433.54 433.54 433.54 435.111 435.111 436.681 436.681 433.54 438.252 436.681 438.252 438.252 438.252 439.823 439.823 442.965 441.394 442.965 441.394 441.394 442.965 441.394 442.965 442.965 441.394 442.965 442.965 442.965 442.965 446.106 442.965 442.965 442.965 439.823 441.394 442.965 439.823 441.394 439.823 439.823 439.823 438.252 438.252 436.681 439.823 436.681 435.111 433.54 435.111 433.54 431.969 431.969 430.398 430.398 428.827 428.827 427.257 427.257 424.115 424.115 420.973 420.973 417.832 419.403 417.832 414.69 414.69 413.119 413.119 411.549 411.549 405.265 405.265 405.265 403.695 400.553 400.553 398.982 397.411 394.27 392.699 392.699 391.128 387.987 386.416 383.274 383.274 380.133 376.991 376.991 373.85 370.708 370.708 367.566 364.425 364.425 362.854 358.142 356.571 353.429 351.858 350.288 347.146 345.575 342.434 342.434 336.15 336.15 333.009 329.867 326.726 323.584 323.584 320.442 317.301 314.159 315.73 317.301 322.013 325.155 326.726 329.867 333.009 333.009 337.721 339.292 342.434 345.575 348.717 350.288 351.858 355 355 358.142 361.283 364.425 364.425 367.566 369.137 370.708 373.85 376.991 378.562 380.133 383.274 384.845 386.416 386.416 386.416 391.128 392.699 395.841 395.841 398.982 400.553 398.982 402.124 403.695 406.836 408.407 409.978 411.549 411.549 414.69 411.549 414.69 416.261 417.832 419.403 420.973 424.115 422.544 425.686 425.686 427.257 427.257 428.827 427.257 430.398 431.969 431.969 433.54 433.54 435.111 433.54 435.111 436.681 436.681 436.681 438.252 439.823 439.823 439.823 439.823 439.823 442.965 441.394 441.394 441.394 441.394 442.965 442.965 442.965 439.823 444.535 442.965 441.394 442.965 442.965 441.394 442.965 441.394 441.394 442.965 441.394 441.394 439.823 439.823 438.252 439.823 438.252 439.823 436.681 436.681 435.111 435.111 435.111 433.54 436.681 431.969 431.969 431.969 430.398 430.398 428.827 428.827 427.257 424.115 424.115 422.544 424.115 422.544 420.973 419.403 417.832 417.832 414.69 413.119 411.549 411.549 408.407 406.836 406.836 405.265 405.265 402.124 400.553 397.411 397.411 395.841 392.699 392.699 391.128 387.987 386.416 383.274 380.133 380.133 376.991 375.42 373.85 370.708 369.137 367.566 365.996 364.425 361.283 359.712 358.142 355 351.858 348.717 347.146 345.575 342.434 339.292 336.15 336.15 333.009 329.867 328.296 323.584 322.013 320.442 317.301 314.159
318.872 322.013 325.155 329.867 329.867 333.009 336.15 337.721 340.863 342.434 345.575 348.717 350.288 351.858 353.429 356.571 359.712 361.283 362.854 365.996 367.566 370.708 370.708 373.85 375.42 376.991 380.133 383.274 383.274 386.416 386.416 389.557 392.699 392.699 394.27 395.841 398.982 398.982 402.124 403.695 403.695 406.836 409.978 409.978 411.549 411.549 414.69 414.69 414.69 417.832 419.403 419.403 420.973 422.544 422.544 425.686 425.686 425.686 428.827 428.827 431.969 430.398 430.398 433.54 431.969 433.54 435.111 435.111 436.681 436.681 435.111 439.823 439.823 438.252 441.394 439.823 439.823 441.394 439.823 441.394 441.394 441.394 442.965 442.965 441.394 441.394 441.394 442.965 442.965 441.394 442.965 442.965 441.394 442.965 441.394 441.394 439.823 441.394 442.965 441.394 439.823 439.823 439.823 439.823 438.252 438.252 438.252 438.252 433.54 436.681 435.111 433.54 431.969 433.54 433.54 430.398 427.257 428.827 428.827 425.686 424.115 424.115 424.115 422.544 422.544 419.403 417.832 420.973 417.832 414.69 411.549 413.119 411.549 411.549 408.407 406.836 405.265 402.124 402.124 400.553 398.982 395.841 394.27 392.699 389.557 386.416 387.987 384.845 384.845 381.704 380.133 376.991 376.991 373.85 370.708 370.708 367.566 364.425 364.425 361.283 358.142 358.142 355 351.858 348.717 345.575 345.575 342.434 340.863 337.721 336.15 331.438 329.867 326.726 326.726 322.013 318.872 314.159 314.159 317.301 320.442 320.442 325.155 326.726 329.867 331.438 334.58 339.292 339.292 342.434 345.575 345.575 350.288 351.858 353.429 356.571 359.712 361.283 362.854 365.996 367.566 369.137 372.279 373.85 375.42 376.991 380.133 380.133 384.845 386.416 387.987 386.416 389.557 394.27 394.27 395.841 395.841 400.553 400.553 402.124 403.695 406.836 408.407 408.407 409.978 411.549 413.119 416.261 414.69 417.832 417.832 420.973 420.973 420.973 424.115 425.686 424.115 427.257 428.827 428.827 430.398 430.398 430.398 433.54 433.54 433.54 433.54 436.681 435.111 436.681 436.681 439.823 438.252 438.252 439.823 439.823 439.823 439.823 439.823 441.394 442.965 442.965 441.394 442.965 442.965 442.965 441.394 441.394 444.535 441.394 442.965 439.823 441.394 442.965 441.394 441.394 442.965 441.394 439.823 439.823 441.394 441.394 438.252 439.823 438.252 438.252 436.681 436.681 435.111 435.111 435.111 436.681 433.54 431.969 431.969 430.398 428.827 428.827 427.257 425.686 424.115 425.686 424.115 422.544 420.973 420.973 417.832 416.261 416.261 414.69 413.119 414.69 411.549 408.407 408.407 405.265 405.265 402.124 402.124 400.553 398.982 397.411 394.27 395.841 392.699 389.557 387.987 384.845 384.845 383.274 380.133 376.991 375.42 375.42 372.279 369.137 370.708 364.425 364.425 361.283 358.142 356.571 355 351.858 348.717 347.146 345.575 342.434 339.292 337.721 334.58 331.438 329.867 326.726 325.155 320.442 318.872 315.73 314.159
318.872 323.584 325.155 328.296 329.867 333.009 336.15 337.721 340.863 342.434 345.575 348.717 351.858 351.858 355 358.142 358.142 361.283 362.854 364.425 367.566 369.137 370.708 373.85 376.991 376.991 380.133 381.704 383.274 384.845 389.557 389.557 392.699 392.699 395.841 397.411 398.982 398.982 400.553 405.265 403.695 405.265 405.265 411.549 409.978 411.549 413.119 414.69 417.832 416.261 417.832 419.403 420.973 420.973 424.115 425.686 425.686 427.257 427.257 428.827 428.827 428.827 430.398 433.54 430.398 433.54 433.54 436.681 436.681 436.681 436.681 436.681 438.252 439.823 439.823 439.823 441.394 439.823 441.394 441.394 441.394 441.394 441.394 442.965 441.394 442.965 442.965 442.965 442.965 441.394 442.965 439.823 441.394 439.823 442.965 442.965 442.965 441.394 441.394 441.394 439.823 439.823 439.823 439.823 439.823 436.681 438.252 436.681 435.111 436.681 435.111 433.54 433.54 431.969 431.969 430.398 430.398 428.827 427.257 427.257 425.686 424.115 424.115 424.115 420.973 419.403 417.832 417.832 414.69 414.69 414.69 411.549 411.549 408.407 408.407 406.836 405.265 403.695 402.124 398.982 398.982 395.841 394.27 392.699 392.699 389.557 387.987 386.416 386.416 383.274 380.133 376.991 375.42 373.85 370.708 370.708 367.566 365.996 362.854 361.283 358.142 355 353.429 351.858 350.288 347.146 345.575 342.434 340.863 337.721 336.15 333.009 329.867 328.296 323.584 323.584 320.442 315.73 314.159 317.301 320.442 322.013 323.584 328.296 329.867 333.009 336.15 336.15 339.292 344.004 345.575 348.717 348.717 353.429 355 358.142 358.142 362.854 362.854 365.996 367.566 369.137 373.85 373.85 375.42 376.991 380.133 381.704 383.274 386.416 386.416 389.557 389.557 392.699 394.27 395.841 398.982 400.553 402.124 402.124 405.265 406.836 406.836 408.407 411.549 411.549 414.69 414.69 414.69 417.832 417.832 420.973 420.973 422.544 422.544 425.686 425.686 425.686 427.257 428.827 430.398 430.398 431.969 431.969 433.54 433.54 435.111 436.681 436.681 436.681 436.681 436.681 438.252 439.823 439.823 438.252 439.823 439.823 441.394 441.394 442.965 442.965 441.394 439.823 442.965 442.965 442.965 441.394 442.965 444.535 442.965 442.965 441.394 441.394 442.965 439.823 442.965 441.394 439.823 439.823 441.394 439.823 439.823 438.252 438.252 438.252 438.252 436.681 435.111 433.54 435.111 435.111 433.54 433.54 431.969 430.398 430.398 428.827 427.257 425.686 427.257 425.686 422.544 420.973 420.973 419.403 419.403 416.261 414.69 416.261 413.119 411.549 411.549 408.407 408.407 405.265 405.265 402.124 402.124 398.982 398.982 395.841 394.27 392.699 392.699 386.416 387.987 386.416 383.274 381.704 380.133 378.562 376.991 373.85 372.279 370.708 367.566 364.425 364.425 361.283 358.142 355 355 353.429 348.717 345.575 344.004 342.434 339.292 339.292 333.009 333.009 329.867 326.726 325.155 323.584 320.442 315.73 314.159
320.442 323.584 323.584 326.726 329.867 333.009 336.15 336.15 339.292 344.004 342.434 347.146 348.717 351.858 353.429 358.142 358.142 361.283 364.425 365.996 369.137 369.137 372.279 373.85 376.991 376.991 380.133 381.704 384.845 384.845 387.987 389.557 392.699 392.699 394.27 397.411 398.982 398.982 402.124 405.265 405.265 405.265 408.407 408.407 411.549 413.119 411.549 416.261 417.832 416.261 419.403 420.973 420.973 424.115 424.115 425.686 427.257 425.686 427.257 428.827 428.827 430.398 433.54 431.969 430.398 431.969 435.111 436.681 436.681 435.111 438.252 438.252 438.252 439.823 439.823 439.823 439.823 441.394 439.823 441.394 441.394 441.394 441.394 442.965 441.394 442.965 442.965 442.965 444.535 442.965 442.965 442.965 442.965 442.965 442.965 442.965 441.394 441.394 442.965 441.394 439.823 438.252 439.823 438.252 438.252 436.681 438.252 436.681 436.681 435.111 435.111 436.681 431.969 431.969 431.969 430.398 427.257 428.827 427.257 425.686 425.686 425.686 425.686 424.115 420.973 419.403 417.832 417.832 416.261 416.261 414.69 413.119 409.978 409.978 405.265 406.836 403.695 403.695 402.124 400.553 398.982 395.841 395.841 394.27 392.699 389.557 387.987 386.416 386.416 381.704 380.133 378.562 373.85 373.85 370.708 369.137 367.566 365.996 362.854 361.283 358.142 356.571 353.429 353.429 348.717 345.575 345.575 342.434 340.863 339.292 336.15 333.009 329.867 326.726 325.155 322.013 320.442 315.73 314.159 317.301 320.442 322.013 326.726 328.296 329.867 333.009 336.15 337.721 339.292 342.434 344.004 348.717 351.858 351.858 353.429 356.571 359.712 361.283 364.425 365.996 367.566 370.708 373.85 373.85 375.42 378.562 380.133 383.274 383.274 386.416 387.987 389.557 392.699 392.699 395.841 395.841 397.411 400.553 402.124 402.124 405.265 406.836 408.407 408.407 409.978 411.549 413.119 414.69 417.832 417.832 419.403 419.403 420.973 424.115 422.544 424.115 425.686 427.257 427.257 428.827 430.398 428.827 430.398 431.969 433.54 433.54 435.111 433.54 435.111 436.681 436.681 438.252 438.252 439.823 439.823 439.823 439.823 441.394 441.394 441.394 442.965 442.965 442.965 444.535 441.394 442.965 441.394 442.965 439.823 441.394 442.965 442.965 442.965 439.823 442.965 442.965 441.394 441.394 442.965 441.394 439.823 439.823 439.823 438.252 436.681 438.252 436.681 436.681 436.681 435.111 435.111 436.681 433.54 431.969 430.398 428.827 427.257 428.827 427.257 427.257 424.115 425.686 422.544 422.544 420.973 420.973 419.403 417.832 414.69 416.261 413.119 414.69 411.549 411.549 408.407 406.836 403.695 402.124 400.553 398.982 397.411 397.411 395.841 392.699 392.699 389.557 387.987 384.845 383.274 383.274 380.133 376.991 376.991 373.85 372.279 370.708 370.708 364.425 364.425 361.283 359.712 356.571 355 351.858 350.288 348.717 345.575 342.434 340.863 337.721 334.58 333.009 329.867 326.726 325.155 322.013 320.442 317.301 314.159
318.872 320.442 323.584 326.726 329.867 333.009 333.009 336.15 339.292 342.434 345.575 345.575 350.288 351.858 353.429 356.571 358.142 361.283 364.425 364.425 367.566 369.137 372.279 373.85 376.991 380.133 380.133 381.704 383.274 386.416 387.987 389.557 392.699 392.699 395.841 397.411 398.982 398.982 402.124 402.124 405.265 406.836 406.836 408.407 409.978 411.549 413.119 416.261 417.832 417.832 419.403 420.973 420.973 422.544 424.115 424.115 427.257 427.257 428.827 428.827 430.398 431.969 430.398 431.969 433.54 433.54 435.111 436.681 436.681 439.823 438.252 438.252 438.252 439.823 436.681 439.823 441.394 441.394 441.394 441.394 439.823 442.965 441.394 444.535 441.394 442.965 442.965 442.965 444.535 441.394 442.965 441.394 444.535 439.823 442.965 442.965 439.823 442.965 439.823 441.394 439.823 442.965 439.823 436.681 439.823 439.823 436.681 435.111 436.681 436.681 435.111 433.54 433.54 431.969 431.969 430.398 430.398 428.827 428.827 427.257 427.257 424.115 424.115 422.544 420.973 420.973 417.832 416.261 417.832 414.69 413.119 411.549 409.978 408.407 408.407 408.407 405.265 403.695 402.124 400.553 397.411 395.841 394.27 392.699 392.699 391.128 387.987 386.416 386.416 383.274 380.133 378.562 376.991 373.85 372.279 370.708 367.566 365.996 361.283 361.283 358.142 356.571 355 351.858 350.288 347.146 345.575 342.434 340.863 337.721 336.15 329.867 329.867 328.296 323.584 322.013 320.442 317.301 314.159 317.301 320.442 323.584 326.726 326.726 329.867 333.009 336.15 339.292 339.292 342.434 345.575 347.146 350.288 351.858 355 356.571 359.712 361.283 364.425 367.566 367.566 370.708 370.708 373.85 375.42 376.991 380.133 381.704 386.416 386.416 389.557 389.557 392.699 392.699 394.27 395.841 395.841 398.982 400.553 402.124 403.695 406.836 408.407 409.978 409.978 413.119 414.69 416.261 417.832 416.261 419.403 419.403 422.544 422.544 424.115 425.686 424.115 427.257 427.257 428.827 427.257 430.398 430.398 431.969 431.969 433.54 435.111 436.681 435.111 436.681 436.681 436.681 438.252 439.823 439.823 438.252 439.823 441.394 441.394 441.394 439.823 441.394 441.394 442.965 446.106 439.823 442.965 441.394 442.965 446.106 442.965 442.965 442.965 442.965 442.965 441.394 442.965 441.394 441.394 441.394 441.394 442.965 439.823 439.823 438.252 438.252 436.681 436.681 435.111 435.111 435.111 433.54 431.969 431.969 430.398 430.398 430.398 428.827 427.257 427.257 427.257 424.115 424.115 424.115 422.544 420.973 419.403 417.832 414.69 416.261 413.119 413.119 411.549 408.407 408.407 406.836 403.695 405.265 400.553 398.982 397.411 395.841 394.27 392.699 392.699 389.557 387.987 386.416 383.274 381.704 380.133 378.562 375.42 375.42 370.708 370.708 367.566 367.566 364.425 361.283 358.142 358.142 355 351.858 350.288 345.575 345.575 342.434 339.292 339.292 334.58 333.009 329.867 326.726 326.726 323.584 318.872 317.301 314.159
318.872 323.584 325.155 326.726 329.867 333.009 336.15 337.721 340.863 342.434 344.004 348.717 350.288 351.858 355 358.142 358.142 359.712 364.425 364.425 367.566 370.708 373.85 375.42 376.991 378.562 381.704 380.133 384.845 384.845 386.416 389.557 389.557 392.699 394.27 397.411 398.982 398.982 400.553 403.695 403.695 406.836 408.407 408.407 409.978 414.69 414.69 414.69 414.69 417.832 417.832 420.973 420.973 424.115 424.115 424.115 425.686 427.257 427.257 428.827 428.827 430.398 430.398 433.54 433.54 436.681 435.111 435.111 436.681 436.681 436.681 438.252 439.823 439.823 438.252 439.823 441.394 439.823 439.823 441.394 439.823 441.394 442.965 442.965 441.394 441.394 442.965 441.394 442.965 442.965 442.965 442.965 441.394 442.965 441.394 442.965 441.394 441.394 439.823 441.394 439.823 439.823 441.394 439.823 438.252 438.252 438.252 438.252 436.681 435.111 435.111 433.54 433.54 433.54 431.969 428.827 430.398 430.398 428.827 427.257 427.257 425.686 422.544 420.973 420.973 419.403 417.832 416.261 414.69 414.69 414.69 411.549 411.549 408.407 408.407 406.836 403.695 402.124 402.124 400.553 398.982 395.841 395.841 392.699 392.699 389.557 386.416 386.416 383.274 383.274 380.133 376.991 375.42 373.85 372.279 369.137 369.137 364.425 362.854 359.712 358.142 358.142 353.429 351.858 350.288 347.146 345.575 344.004 339.292 337.721 333.009 333.009 329.867 328.296 325.155 323.584 317.301 315.73 314.159 315.73 320.442 322.013 325.155 328.296 329.867 333.009 334.58 337.721 340.863 342.434 344.004 347.146 350.288 351.858 355 356.571 358.142 361.283 362.854 364.425 367.566 370.708 372.279 375.42 375.42 378.562 380.133 383.274 383.274 384.845 387.987 389.557 391.128 392.699 394.27 395.841 398.982 400.553 402.124 403.695 403.695 406.836 408.407 408.407 411.549 413.119 414.69 414.69 416.261 417.832 419.403 419.403 420.973 422.544 424.115 425.686 427.257 427.257 427.257 428.827 430.398 430.398 430.398 433.54 433.54 433.54 433.54 436.681 435.111 436.681 438.252 436.681 439.823 439.823 439.823 439.823 439.823 439.823 441.394 441.394 441.394 439.823 442.965 441.394 442.965 442.965 442.965 442.965 444.535 441.394 442.965 442.965 441.394 442.965 442.965 442.965 442.965 441.394 441.394 441.394 439.823 439.823 438.252 439.823 436.681 438.252 438.252 435.111 436.681 436.681 435.111 433.54 433.54 431.969 431.969 431.969 428.827 428.827 427.257 427.257 424.115 424.115 422.544 422.544 420.973 420.973 419.403 416.261 416.261 416.261 413.119 411.549 411.549 408.407 406.836 405.265 403.695 402.124 400.553 400.553 398.982 395.841 395.841 392.699 389.557 387.987 387.987 384.845 383.274 381.704 380.133 378.562 376.991 375.42 370.708 370.708 367.566 364.425 364.425 361.283 358.142 356.571 355 351.858 348.717 347.146 345.575 342.434 339.292 336.15 334.58 333.009 329.867 326.726 325.155 323.584 318.872 317.301 314.159
320.442 322.013 325.155 328.296 329.867 333.009 336.15 336.15 339.292 342.434 345.575 347.146 350.288 353.429 355 356.571 359.712 361.283 364.425 367.566 367.566 370.708 373.85 373.85 375.42 378.562 380.133 380.133 383.274 386.416 387.987 387.987 389.557 394.27 395.841 397.411 398.982 400.553 398.982 402.124 405.265 405.265 408.407 408.407 411.549 411.549 413.119 414.69 414.69 417.832 417.832 420.973 420.973 422.544 424.115 424.115 425.686 427.257 427.257 427.257 430.398 428.827 431.969 433.54 433.54 433.54 433.54 436.681 436.681 436.681 436.681 439.823 438.252 438.252 441.394 439.823 441.394 441.394 441.394 441.394 442.965 441.394 442.965 444.535 444.535 441.394 442.965 441.394 444.535 444.535 442.965 441.394 441.394 442.965 442.965 441.394 439.823 441.394 439.823 439.823 441.394 438.252 439.823 438.252 438.252 436.681 436.681 436.681 436.681 436.681 435.111 433.54 431.969 431.969 430.398 430.398 431.969 428.827 428.827 427.257 425.686 424.115 424.115 422.544 420.973 420.973 417.832 417.832 414.69 414.69 413.119 411.549 409.978 409.978 405.265 406.836 403.695 402.124 400.553 398.982 397.411 395.841 395.841 394.27 392.699 391.128 386.416 386.416 384.845 383.274 380.133 376.991 376.991 373.85 372.279 369.137 367.566 364.425 364.425 361.283 358.142 358.142 355 351.858 348.717 348.717 345.575 342.434 342.434 336.15 336.15 333.009 331.438 326.726 326.726 323.584 318.872 317.301 314.159 317.301 320.442 323.584 325.155 326.726 329.867 333.009 333.009 337.721 339.292 342.434 345.575 347.146 348.717 351.858 355 356.571 358.142 361.283 364.425 364.425 367.566 369.137 372.279 373.85 375.42 376.991 380.133 380.133 383.274 386.416 386.416 389.557 389.557 392.699 394.27 395.841 397.411 400.553 402.124 403.695 405.265 406.836 408.407 409.978 411.549 411.549 413.119 414.69 414.69 416.261 419.403 420.973 420.973 424.115 424.115 424.115 425.686 427.257 425.686 428.827 431.969 433.54 430.398 431.969 430.398 433.54 435.111 435.111 436.681 436.681 436.681 438.252 438.252 438.252 439.823 439.823 441.394 439.823 441.394 441.394 441.394 442.965 441.394 442.965 442.965 442.965 442.965 444.535 442.965 441.394 442.965 442.965 442.965 441.394 441.394 442.965 441.394 441.394 439.823 442.965 439.823 439.823 439.823 438.252 438.252 438.252 435.111 436.681 436.681 433.54 435.111 433.54 433.54 433.54 431.969 430.398 430.398 428.827 427.257 425.686 427.257 424.115 422.544 422.544 420.973 420.973 419.403 416.261 417.832 414.69 414.69 411.549 409.978 408.407 408.407 406.836 405.265 402.124 402.124 398.982 397.411 395.841 395.841 394.27 392.699 389.557 386.416 386.416 383.274 381.704 380.133 376.991 375.42 373.85 372.279 369.137 367.566 365.996 364.425 361.283 358.142 356.571 355 351.858 348.717 347.146 345.575 342.434 340.863 339.292 333.009 331.438 329.867 328.296 325.155 322.013 320.442 317.301 314.159
320.442 322.013 326.726 326.726 329.867 333.009 334.58 339.292 339.292 342.434 345.575 347.146 350.288 351.858 355 358.142 359.712 361.283 362.854 367.566 367.566 370.708 372.279 373.85 376.991 378.562 380.133 381.704 383.274 386.416 387.987 389.557 391.128 392.699 394.27 395.841 398.982 398.982 402.124 402.124 403.695 405.265 408.407 408.407 411.549 411.549 414.69 414.69 414.69 420.973 417.832 420.973 420.973 422.544 424.115 424.115 425.686 427.257 427.257 428.827 430.398 433.54 430.398 431.969 433.54 433.54 435.111 435.111 436.681 436.681 438.252 438.252 438.252 438.252 439.823 439.823 439.823 441.394 441.394 441.394 441.394 442.965 441.394 441.394 441.394 442.965 442.965 441.394 444.535 444.535 442.965 442.965 441.394 441.394 441.394 441.394 441.394 441.394 439.823 441.394 441.394 439.823 439.823 439.823 438.252 439.823 436.681 438.252 435.111 433.54 435.111 431.969 430.398 431.969 430.398 433.54 430.398 428.827 428.827 427.257 425.686 424.115 424.115 422.544 420.973 420.973 419.403 416.261 414.69 416.261 414.69 411.549 411.549 408.407 408.407 405.265 405.265 403.695 402.124 400.553 397.411 395.841 395.841 392.699 392.699 389.557 387.987 384.845 384.845 381.704 380.133 376.991 375.42 373.85 370.708 370.708 367.566 364.425 364.425 361.283 359.712 355 355 351.858 350.288 348.717 345.575 342.434 339.292 337.721 336.15 333.009 329.867 328.296 323.584 322.013 320.442 317.301 314.159 317.301 320.442 322.013 325.155 326.726 329.867 331.438 334.58 337.721 339.292 342.434 345.575 347.146 348.717 351.858 355 356.571 359.712 361.283 362.854 364.425 367.566 369.137 370.708 375.42 375.42 376.991 380.133 383.274 384.845 386.416 387.987 386.416 392.699 394.27 394.27 397.411 398.982 398.982 402.124 402.124 403.695 406.836 408.407 409.978 411.549 411.549 413.119 414.69 417.832 417.832 417.832 417.832 420.973 424.115 424.115 425.686 427.257 427.257 427.257 428.827 427.257 430.398 431.969 433.54 433.54 433.54 435.111 435.111 436.681 438.252 436.681 436.681 439.823 439.823 439.823 439.823 439.823 441.394 441.394 441.394 439.823 442.965 441.394 439.823 442.965 441.394 442.965 442.965 442.965 441.394 442.965 442.965 441.394 442.965 441.394 441.394 439.823 441.394 439.823 441.394 439.823 439.823 439.823 439.823 438.252 438.252 436.681 436.681 435.111 436.681 435.111 433.54 431.969 433.54 430.398 430.398 430.398 428.827 427.257 427.257 425.686 424.115 424.115 422.544 420.973 420.973 417.832 416.261 414.69 414.69 414.69 413.119 411.549 408.407 406.836 405.265 403.695 405.265 400.553 400.553 398.982 397.411 394.27 392.699 391.128 389.557 386.416 386.416 383.274 383.274 378.562 378.562 376.991 373.85 372.279 370.708 369.137 364.425 364.425 361.283 358.142 356.571 355 351.858 348.717 348.717 344.004 342.434 339.292 339.292 334.58 333.009 329.867 326.726 325.155 322.013 318.872 315.73 314.159
