  1.00000     1.50000     2.00000     2.50000     3.00000     3.50000     4.00000     4.50000     5.00000     5.50000     6.00000     6.50000     7.00000     7.50000     8.00000     8.50000     9.00000     9.50000    10.00000    10.50000    11.00000    11.50000    12.00000    12.50000    13.00000    13.50000    14.00000    14.50000    15.00000    15.50000    16.00000    16.50000    17.00000    17.50000    18.00000    18.50000    19.00000    19.50000    20.00000    20.50000    21.00000    21.50000    22.00000    22.50000    23.00000    23.50000    24.00000    24.50000    25.00000    25.50000    26.00000    26.50000    27.00000    27.50000    28.00000    28.50000    29.00000    29.50000    30.00000    30.50000    31.00000    31.50000    32.00000    32.50000    33.00000    33.50000    34.00000    34.50000    35.00000    35.50000    36.00000    36.50000    37.00000    37.50000    38.00000    38.50000    39.00000    39.50000    40.00000    40.50000    41.00000    41.50000    42.00000    42.50000    43.00000    43.50000    44.00000    44.50000    45.00000    45.50000    46.00000    46.50000    47.00000    47.50000    48.00000    48.50000    49.00000    49.50000    50.00000    50.50000    51.00000    51.50000    52.00000    52.50000    53.00000    53.50000    54.00000    54.50000    55.00000    55.50000    56.00000    56.50000    57.00000    57.50000    58.00000    58.50000    59.00000    59.50000    60.00000    60.50000    61.00000    61.50000    62.00000    62.50000    63.00000    63.50000    64.00000    64.50000    65.00000    65.50000    66.00000    66.50000    67.00000    67.50000    68.00000    68.50000    69.00000    69.50000    70.00000    70.50000    71.00000    71.50000    72.00000    72.50000    73.00000    73.50000    74.00000    74.50000    75.00000    75.50000    76.00000    76.50000    77.00000    77.50000    78.00000    78.50000    79.00000    79.50000    80.00000    80.50000    81.00000    81.50000    82.00000    82.50000    83.00000    83.50000    84.00000    84.50000    85.00000    85.50000    86.00000    86.50000    87.00000    87.50000    88.00000    88.50000    89.00000    89.50000    90.00000    90.50000    91.00000    91.50000    92.00000    92.50000    93.00000    93.50000    94.00000    94.50000    95.00000    95.50000    96.00000    96.50000    97.00000    97.50000    98.00000    98.50000    99.00000    99.50000   100.00000   100.50000   101.00000   101.50000   102.00000   102.50000   103.00000   103.50000   104.00000   104.50000   105.00000   105.50000   106.00000   106.50000   107.00000   107.50000   108.00000   108.50000   109.00000   109.50000   110.00000   110.50000   111.00000   111.50000   112.00000   112.50000   113.00000   113.50000   114.00000   114.50000   115.00000   115.50000   116.00000   116.50000   117.00000   117.50000   118.00000   118.50000   119.00000   119.50000   120.00000   120.50000   121.00000   121.50000   122.00000   122.50000   123.00000   123.50000   124.00000   124.50000   125.00000   125.50000   126.00000   126.50000   127.00000   127.50000   128.00000   128.50000   129.00000   129.50000   130.00000   130.50000   131.00000   131.50000   132.00000   132.50000   133.00000   133.50000   134.00000   134.50000   135.00000   135.50000   136.00000   136.50000   137.00000   137.50000   138.00000   138.50000   139.00000   139.50000   140.00000   140.50000   141.00000   141.50000   142.00000   142.50000   143.00000   143.50000   144.00000   144.50000   145.00000   145.50000   146.00000   146.50000   147.00000   147.50000   148.00000   148.50000   149.00000   149.50000   150.00000   150.50000   151.00000   151.50000   152.00000   152.50000   153.00000   153.50000   154.00000   154.50000   155.00000   155.50000   156.00000   156.50000   157.00000   157.50000   158.00000   158.50000   159.00000   159.50000   160.00000   160.50000   161.00000   161.50000   162.00000   162.50000   163.00000   163.50000   164.00000   164.50000   165.00000   165.50000   166.00000   166.50000   167.00000   167.50000   168.00000   168.50000   169.00000   169.50000   170.00000   170.50000   171.00000   171.50000   172.00000   172.50000   173.00000   173.50000   174.00000   174.50000   175.00000   175.50000   176.00000   176.50000   177.00000   177.50000   178.00000   178.50000   179.00000   179.50000   180.00000
389.18 389.023 391.132 392.596 391.86 391.612 392.679 395.524 394.234 396.616 396.095 397.162 396.914 397.493 396.972 397.948 397.146 398.122 400.016 399.586 399.983 398.999 398.751 399.082 400.149 398.495 400.298 399.223 400.381 400.133 399.794 400.398 400.522 398.959 398.802 398.091 397.57 396.677 397.835 396.272 397.43 396.909 396.57 395.768 395.148 394.139 393.618 392.907 392.452 392.411 390.575 391.642 390.708 391.916 391.809 392.19 392.935 393.68 393.763 394.326 394.012 395.336 396.362 395.61 395.693 396.438 397.936 396.803 397.738 395.762 398.285 397.624 397.335 396.955 397.328 397.411 397.974 397.404 398.24 396.826 397.48 396.72 396.53 396.241 395.58 395.2 393.414 394.44 395.276 394.44 394.82 394.075 396.986 397.556 395.686 395.694 397.48 396.644 397.206 396.461 398.346 396.948 395.078 398.179 397.062 396.218 396.97 395.762 396.423 398.027 397.001 396.347 396.545 397.107 396.271 395.336 395.443 394.88 393.672 393.961 391.992 392.281 391.718 390.51 390.89 389.194 391.89 392.32 393.883 392.816 395.024 394.627 397.389 395.098 396.107 395.594 397.157 398.629 396.983 397.322 398.976 398.372 398.802 398.959 400.522 399.819 398.479 399.372 399.066 400.538 400.48 398.586 398.834 400.306 400.554 399.851 399.983 399.495 398.428 398.767 397.146 397.303 397.642 396.484 397.468 394.532 396.004 395.119 395.367 395.706 394.639 389.652 391.86 391.62 390.644 390.644 388.692 388.692 387.716 388.204 389.18 390.644 391.132 390.975 391.306 393.572 393.324 394.3 395.367 395.119 394.871 397.253 397.65 396.484 397.799 397.948 398.461 398.122 398.519 399.586 400.562 398.999 398.751 399.727 398.834 400.455 399.562 400.538 400.381 400.133 398.388 399.364 400.431 398.405 398.066 399.224 399.067 398.728 397.835 396.272 396.487 397 394.883 395.28 395.338 394.42 393.8 394.776 391.344 392.32 390.203 389.194 390.799 392.768 393.794 392.554 393.117 394.515 393.763 394.88 394.128 394.972 396.18 396.925 397.099 396.347 396.902 396.803 397.457 397.077 395.746 397.252 397.335 396.492 397.609 399.76 396.568 397.594 395.808 396.644 395.048 395.876 396.811 396.241 398.392 395.2 394.82 394.25 393.68 394.531 394.82 394.166 395.861 396.241 396.72 395.884 395.594 396.644 397.206 397.685 396.568 397.32 399.015 397.898 397.062 396.689 396.97 397.168 397.738 396.34 397.464 395.884 396.636 395.701 397.024 395.245 393.739 394.88 394.044 393.961 391.992 392.554 391.809 392.768 390.708 391.361 391.981 394.768 392.568 392.998 393.709 394.139 394.85 395.098 394.767 395.958 397.157 397.587 397.719 398.728 397.57 397.909 398.066 398.314 399.207 399.546 400.53 400.042 401.696 400.447 400.48 400.546 399.479 399.082 399.421 398.908 399.247 399.586 399.743 398.767 397.791 398.13 397.642 398.047 395.508 397.344 394.871 395.119 395.276 395.615 394.548 393.018 391.951 390.33 391.132 390.735 389.18 388.692 387.716
389.18 390.644 391.711 390.975 393.266 393.572 394.639 395.524 394.143 395.028 396.831 395.847 397.468 396.484 397.799 397.485 398.461 399.412 398.428 399.586 399.247 398.999 399.421 400.372 399.388 400.455 399.562 399.314 399.157 399.372 399.794 399.364 398.926 398.496 398.711 399.315 399.348 396.586 398.48 396.735 397.248 397 396.843 395.768 394.85 395.942 393.8 394.776 393.883 392.32 390.848 391.179 392.114 391.064 391.809 393.687 394.25 393.018 393.953 394.789 395.443 395.154 395.047 394.295 396.545 398.696 397.464 396.803 397.457 397.449 396.788 397.252 397.335 396.955 395.078 397.32 397.974 397.594 398.24 396.735 396.074 397.1 396.53 396.522 395.952 395.2 393.414 393.034 395.276 394.25 394.82 395.2 394.364 393.528 395.016 395.694 396.074 396.644 397.305 396.37 396.659 396.096 397.791 396.492 397.335 396.59 398.194 397.077 396.332 397.936 395.504 398.696 397.008 396.925 396.271 396.56 394.219 394.88 395.169 393.018 394.531 392.099 392.388 392.859 391.262 391.551 391.89 392.32 393.883 392.907 393.618 393.957 395.611 394.544 396.843 396.818 397.157 397.587 397.835 398.728 399.067 398.372 398.802 398.496 400.522 399.364 400.456 398.727 400.472 399.405 399.38 401.307 398.925 400.372 400.554 399.578 401.298 399.495 398.519 399.412 399.685 397.485 397.799 396.484 398.783 398.452 394.871 395.119 394.788 395.615 394.639 391.794 391.86 391.62 389.999 390.644 389.18 388.692 387.716 388.204 388.535 390.644 390.644 391.62 391.86 393.572 394.548 393.167 395.367 395.119 394.871 396.492 396.914 396.666 396.972 398.527 397.791 396.807 397.874 397.535 399.338 399.851 399.884 399.727 400.703 398.586 399.835 400.538 401.696 400.133 399.794 399.364 398.074 398.496 398.711 398.372 399.067 396.768 397.835 396.735 396.024 396.909 396.107 394.453 395.611 396.124 393.618 393.552 391.344 392.32 391.89 391.361 392.114 392.859 391.718 392.463 393.117 394.052 393.953 394.599 395.443 394.972 394.865 395.701 396.264 395.123 396.058 395.951 396.332 397.259 396.97 397.252 397.335 396.955 395.26 396.948 397.974 397.404 395.99 396.826 397.48 396.157 395.124 395.96 395.77 394.166 394.82 394.44 391.248 394.25 394.63 395.2 395.861 396.241 395.405 396.066 397.29 396.826 397.305 396.279 396.568 397.411 397.609 398.27 398.088 398.848 396.416 397.077 397.176 396.34 397.001 396.347 396.264 394.758 396.18 395.245 393.83 394.88 395.169 394.242 392.844 393.687 391.809 392.768 390.336 389.955 392.072 391.857 393.883 394.313 393.064 394.42 396.074 395.95 396.752 397.554 396.487 396.735 397.835 398.546 397.57 399.133 398.066 398.959 398.074 399.819 400.53 398.818 398.975 400.447 400.943 400.546 398.834 400.372 399.421 398.536 399.338 397.444 398.519 398.767 398.436 397.46 397.46 396.575 395.599 395.847 396.004 395.855 395.367 393.076 392.1 393.572 392.596 392.108 391.711 390.156 388.692 388.692 387.716
389.668 389.42 391.132 391.62 391.86 393.572 394.548 393.746 394.143 395.119 393.556 395.847 395.508 397.956 396.972 396.815 397.791 398.767 399.743 397.626 399.429 398.999 399.421 399.727 399.388 398.495 399.835 400.538 401.696 398.727 398.479 399.364 399.877 398.496 400.026 399.133 398.976 398.728 397.835 397.587 397.43 396.818 397.422 394.544 394.759 395.363 394.379 394.594 391.344 391.559 390.666 388.549 390.708 390.51 392.388 393.505 391.992 394.424 393.672 394.88 395.443 395.154 394.956 396.925 396.636 396.347 395.959 396.803 396.605 395.944 398.376 396.59 398.088 398.27 397.609 396.948 396.568 397.404 395.808 396.644 397.48 395.694 395.124 395.116 394.364 395.481 394.82 394.44 395.276 392.844 394.911 395.2 394.364 396.704 395.405 397.1 397.48 396.454 396.263 397.685 396.568 396.948 397.791 398.179 397.616 396.78 396.97 397.259 396.423 396.803 395.595 396.066 395.693 396.164 396.081 395.154 394.037 394.88 393.672 393.961 394.622 392.463 391.809 391.362 391.262 389.955 390.848 392.32 393.122 392.816 393.618 393.957 394.759 394.544 396.57 396.909 397.339 396.735 398.298 397.322 399.348 398.372 399.472 398.496 400.431 399.364 399.794 400.133 400.29 399.496 400.389 400.546 399.388 399.264 399.421 398.999 400.562 397.535 399.743 398.213 397.055 397.948 397.46 396.484 397.559 397.807 396.277 395.21 394.052 393.167 392.679 393.572 392.596 392.199 389.999 390.644 388.692 388.692 387.716 388.692 389.668 390.156 391.132 391.62 391.86 389.834 394.639 394.391 394.234 395.028 394.78 395.847 395.508 398.626 397.642 397.303 398.37 398.767 400.388 399.495 398.511 398.908 399.421 399.264 400.885 400.546 399.471 399.38 399.066 398.727 398.388 399.364 399.877 401.68 398.711 398.372 399.348 397.504 397.835 397.38 397.339 396.818 396.479 393.808 394.85 395.181 394.933 392.816 393.883 391.857 391.609 390.418 390.336 392.859 392.388 392.19 392.174 393.018 393.862 394.326 393.648 397.784 394.865 395.61 396.264 395.123 397.282 396.803 397.176 397.358 396.97 397.624 397.335 397.898 399.106 395.914 396.659 397.685 395.808 396.917 397.571 395.694 396.53 396.15 395.861 395.2 392.008 392.844 393.68 394.25 394.82 395.291 395.58 393.528 395.777 395.876 397.48 396.644 395.808 396.461 397.974 396.948 397.609 397.898 397.062 396.218 396.879 397.259 396.332 396.712 397.092 395.123 396.545 394.758 394.956 395.336 393.466 394.789 393.854 394.424 393.307 392.554 392.57 392.859 390.336 390.418 392.163 390.914 393.883 392.725 395.024 394.42 395.983 396.322 396.57 397.091 397.248 396.735 397.719 397.231 397.661 397.818 399.563 398.405 400.431 399.546 400.158 400.224 400.29 399.496 399.562 399.901 400.149 398.991 398.751 399.735 398.511 397.626 398.61 398.676 399.015 398.527 397.642 396.575 397.559 394.532 396.186 395.119 394.143 394.3 394.639 393.572 391.215 392.199 391.132 390.644 389.668 388.204 387.716
389.668 390.156 389.263 391.372 393.266 393.572 392.679 393.167 395.367 395.119 396.277 397.807 397.559 396.484 397.46 398.527 399.594 398.767 399.189 399.495 399.247 398.999 400.066 399.636 400.976 399.901 399.562 400.538 399.62 399.579 398.388 400.216 400.522 401.589 398.711 400.076 397.57 398.728 396.983 396.735 396.487 395.503 396.752 395.768 395.148 394.139 393.709 394.594 392.452 391.857 391.609 391.179 391.262 390.51 392.388 392.099 393.398 393.018 395.169 394.88 395.443 397.784 396.362 395.701 396.545 396.256 396.902 396.803 394.744 397.449 398.194 396.78 397.707 396.492 397.328 397.32 396.659 396.37 398.24 396.735 396.256 397.001 395.124 393.528 395.861 395.2 394.82 393.034 393.87 394.25 394.63 394.075 394.364 395.96 395.124 397.1 396.074 396.826 395.808 396.37 397.974 399.76 397.609 397.898 398.088 396.59 396.879 397.168 397.92 398.027 395.504 396.066 397.099 396.925 396.271 396.56 395.443 394.88 393.953 394.515 394.531 392.19 393.794 392.768 391.171 389.955 391.89 391.468 391.344 392.907 393.618 394.139 394.759 395.189 396.38 397.554 397.43 396.735 397.835 397.413 398.794 398.67 399.009 401.68 400.522 398.504 398.388 399.372 401.696 400.05 401.704 400.455 399.479 399.727 399.421 399.578 399.247 397.626 398.428 400.082 398.924 397.948 396.972 396.575 397.559 396.492 396.004 395.028 395.276 393.928 391.455 393.572 391.951 392.108 391.62 390.644 389.18 388.692 387.716 388.692 389.668 390.644 390.644 390.884 392.596 393.572 392.1 395.524 395.367 395.119 396.004 396.492 398.411 396.575 397.063 398.13 398.436 398.767 400.388 400.992 402.704 399.396 399.421 399.727 399.479 400.546 400.207 400.447 399.62 400.133 400.53 399.546 400.059 398.496 398.802 398.091 398.976 397.322 397.835 397.587 397.157 395.594 395.528 394.544 395.148 395.272 393.618 392.237 393.701 390.914 391.89 390.137 391.171 392.859 392.479 393.505 394.25 394.424 394.044 394.599 396.849 395.154 396.362 395.428 395.693 398.696 397.001 397.746 397.176 395.762 397.822 397.252 398.088 396.955 395.26 398.354 396.568 397.685 395.808 396.917 397.48 395.876 395.124 394.934 395.861 392.95 394.911 394.44 395.276 392.844 394.82 395.2 394.364 396.34 395.405 395.876 397.48 396.454 397.206 396.37 396.568 397.32 397.328 396.955 398.088 396.59 398.194 395.762 397.457 397.746 397.001 395.884 396.545 396.925 396.089 396.56 395.443 394.88 396.112 393.961 392.935 392.372 392.57 391.064 390.799 390.327 392.163 392.32 393.883 391.476 394.379 394.139 396.074 395.007 396.107 396.719 396.487 397.587 397.074 398.728 397.661 399.042 398.802 398.959 398.926 399.364 398.57 400.133 399.066 400.629 399.835 401.489 400.703 399.727 398.751 398.908 398.602 400.992 399.371 398.213 397.791 398.13 397.642 397.402 396.914 395.938 396.186 395.119 394.904 393.076 392.679 391.703 392.596 390.975 391.62 390.644 389.668 388.692 387.716
388.535 390.156 391.62 392.199 391.951 393.018 392.679 395.524 395.276 395.21 394.871 397.253 397.559 398.808 397.642 397.46 397.791 398.767 400.388 397.535 399.338 399.735 399.421 399.727 398.834 401.952 400.389 400.05 399.711 400.042 399.794 399.546 400.059 398.959 398.802 398.372 398.976 397.231 397.744 398.72 397.248 396.909 396.57 393.808 395.148 394.139 393.709 392.816 392.452 391.559 391.981 389.864 390.981 390.51 392.388 393.687 392.637 394.515 393.953 392.92 394.012 395.154 396.089 395.61 397.099 397.29 396.058 396.803 397.829 397.259 398.103 398.848 398.088 396.955 397.609 399.76 398.346 397.594 397.206 396.454 395.048 395.694 396.53 393.528 395.58 395.2 394.82 394.25 391.248 394.44 394.63 396.606 394.546 396.15 396.53 395.876 397.571 396.826 397.206 397.685 396.568 395.914 397.328 398.08 397.426 397.533 396.879 395.762 397.457 396.34 395.504 396.628 398.042 395.982 396.081 395.336 395.443 392.92 394.044 394.333 393.307 392.19 392.57 391.453 392.114 390.137 391.03 390.914 393.883 392.816 394.47 394.139 396.074 393.808 396.479 396.818 397.248 396.735 396.404 398.728 398.976 399.133 398.711 398.959 397.429 399.819 400.53 399.372 400.381 399.38 399.835 399.81 400.703 399.264 398.751 399.735 399.247 400.992 399.189 398.767 398.461 397.485 397.642 397.22 396.914 395.938 394.871 396.616 395.367 393.076 394.548 393.572 391.86 390.239 391.132 389.511 389.668 388.692 387.716 388.692 389.18 389.511 390.644 390.884 392.596 393.018 394.639 393.167 394.052 395.764 394.78 394.532 395.599 397.311 396.972 397.485 398.436 398.767 399.743 397.626 400.835 398.536 400.554 399.727 400.331 400.728 399.471 399.405 398.975 399.372 399.794 399.364 399.968 401.589 400.026 398.852 397.57 399.191 397.835 396.735 396.487 396.818 396.57 396.322 394.85 394.9 391.84 393.552 393.883 391.005 390.666 389.955 390.038 392.768 392.388 393.687 392.174 393.961 394.044 394.508 395.443 397.784 396.18 397.016 395.693 396.066 397.183 396.34 397.457 397.449 398.103 396.59 397.798 396.955 397.609 396.948 397.974 397.404 395.808 396.644 396.074 397.001 396.72 396.15 394.546 392.95 394.82 392.844 393.68 393.034 394.82 395.2 394.364 395.96 396.72 395.694 395.594 396.644 395.899 397.685 397.122 396.948 397.328 396.955 397.062 398.848 396.879 398.665 396.423 396.34 396.91 395.975 396.264 395.701 396.362 394.873 395.443 392.92 393.672 393.2 393.117 393.505 391.718 391.825 390.799 391.088 392.072 391.576 391.807 394.594 394.933 395.181 394.85 396.322 394.883 396.719 397.157 396.272 397.719 398.546 399.348 399.224 398.802 398.959 400.522 399.364 399.794 400.042 399.711 399.405 401.795 401.307 400.149 399.173 400.066 398.999 399.429 397.444 398.428 398.767 397.791 396.815 397.799 397.311 397.559 397.807 394.871 395.855 395.367 395.524 392.679 391.612 392.596 391.62 391.62 390.156 389.668 388.204 387.716
389.18 390.156 391.132 391.62 391.86 393.572 394.548 394.391 395.367 395.028 396.74 397.162 398.229 396.484 397.642 397.46 397.791 398.676 398.519 398.916 400.744 398.908 399.421 400.372 398.834 399.81 400.207 398.735 400.29 400.042 398.479 399.546 398.926 398.959 398.802 397.727 398.976 398.728 397.835 396.272 396.024 396.909 396.107 395.189 395.338 393.957 393.8 393.552 391.344 392.32 391.609 391.088 390.038 392.768 392.479 393.505 392.935 393.961 395.169 394.88 395.443 394.211 396.271 397.206 396.264 395.884 396.91 396.712 397.176 397.168 398.103 396.59 398.088 397.898 397.328 396.096 398.065 397.404 395.808 396.644 395.321 395.694 396.53 396.15 394.546 395.2 394.82 394.44 391.248 394.25 394.82 395.2 394.364 396.241 396.72 397.1 395.594 396.826 397.206 397.685 396.568 399.76 397.791 396.492 397.062 398.848 398.103 397.259 397.738 397.746 396.91 396.066 397.008 394.758 396.18 395.336 396.568 394.698 393.763 393.68 391.992 392.463 392.57 391.362 390.336 391.642 390.385 392.32 391.344 391.476 393.8 394.42 394.759 396.231 396.57 396.818 397.157 398.72 397.562 398.546 398.976 397.909 398.918 399.72 400.522 399.546 399.885 399.372 399.066 399.314 399.719 398.495 400.885 399.727 398.751 398.999 400.744 399.495 399.28 398.213 397.7 397.948 396.972 398.047 395.508 394.532 396.095 395.301 394.143 394.391 394.548 393.572 392.596 391.62 390.487 389.668 389.18 387.559 387.716 388.204 389.668 390.156 391.62 391.62 392.596 393.572 394.639 393.076 395.367 396.434 396.831 395.847 395.69 397.22 397.642 397.46 397.791 396.807 396.559 401.364 398.511 399.851 398.751 399.264 400.149 400.546 399.744 398.735 399.157 399.397 400.158 399.083 400.059 399.141 398.711 397.909 398.331 397.413 397.835 397.587 397.157 397.091 394.883 394.635 394.759 394.42 393.618 392.907 391.807 391.857 392.072 391.088 390.336 391.246 392.57 392.19 391.992 393.68 393.763 394.698 394.012 395.336 396.089 395.61 397.099 396.066 397.282 396.803 394.744 397.54 398.103 396.59 397.062 396.955 397.609 397.692 396.568 397.404 397.305 396.735 396.256 395.694 395.496 395.96 395.58 395.2 394.82 393.034 393.68 393.034 394.82 395.2 395.952 396.15 395.124 395.694 396.074 396.735 395.899 397.685 396.932 397.411 395.26 396.955 398.088 396.59 396.97 396.796 397.829 397.746 396.24 396.066 395.693 395.428 397.024 397.784 395.443 394.789 393.672 393.018 392.844 392.19 392.479 392.768 390.799 390.137 391.791 394.768 391.344 394.776 393.8 395.272 394.85 397.637 394.122 395.594 397.248 396.272 397.835 400.043 399.067 399.687 398.711 398.959 400.522 400.398 398.388 398.818 399.157 400.05 399.471 398.495 397.428 400.488 399.603 399.578 398.511 397.444 398.428 398.304 397.791 396.815 397.642 397.311 397.559 394.532 394.871 395.855 394.052 393.076 392.679 393.018 391.951 391.372 391.711 390.156 389.668 388.204 387.716
389.668 389.42 390.644 391.62 391.951 393.018 394.639 394.391 395.458 395.028 394.871 395.847 395.508 396.484 397.063 397.485 398.461 397.452 399.28 397.535 399.338 398.536 400.645 399.636 397.428 398.404 398.404 399.405 399.248 400.133 398.479 399.364 398.074 398.959 398.918 399.133 397.57 396.586 396.404 397.587 396.487 396.421 396.661 394.544 394.875 395.942 391.84 394.776 391.344 392.32 390.848 390.418 390.799 391.064 391.718 393.505 393.398 393.572 394.706 394.789 396.568 395.154 396.18 395.701 396.264 397.29 397.936 396.34 396.423 395.762 396.416 397.252 398.088 397.989 397.328 399.76 398.065 397.404 395.99 396.735 395.321 395.884 396.72 393.528 395.58 395.2 393.414 393.034 391.248 394.44 394.82 395.2 394.546 395.96 396.811 397.1 397.48 396.644 397.206 397.404 396.932 396.948 397.328 397.989 397.062 396.218 396.416 398.202 396.332 396.803 397.001 395.975 395.693 396.925 397.024 395.154 394.128 394.88 393.763 394.333 392.174 392.099 391.718 390.51 392.114 390.137 391.609 390.914 392.452 392.907 395.024 394.42 394.759 397.637 396.752 395.958 395.842 398.72 397.719 396.677 398.885 398.67 399.1 399.141 400.522 400.216 399.885 399.372 400.563 398.735 399.562 400.546 401.348 399.727 399.421 399.578 400.835 397.626 396.559 398.213 397.146 397.303 397.063 396.575 395.508 394.532 395.516 395.028 395.276 395.706 393.324 393.572 391.215 392.199 391.223 390.156 388.692 388.692 387.716 388.692 388.692 390.156 389.999 392.108 391.86 393.572 393.324 395.615 394.052 395.028 394.871 397.071 397.468 397.311 397.46 398.8 397.055 398.767 399.834 397.626 399.983 399.578 399.512 399.727 399.479 400.455 399.562 400.447 399.711 400.042 398.388 400.216 398.074 398.959 398.802 400.076 397.57 398.728 397.471 396.272 397.157 395.503 394.767 394.453 394.85 394.9 393.8 392.725 391.344 391.857 390.666 391.361 390.336 390.973 392.57 392.372 393.307 394.333 393.763 394.88 395.443 395.336 394.683 395.61 396.264 396.347 395.504 396.803 397.068 395.944 396.78 396.59 397.062 397.989 397.328 398.354 396.659 397.685 398.24 396.644 397.48 396.066 395.405 396.431 395.861 395.2 394.82 394.25 395.276 395.656 394.82 393.984 395.861 396.15 396.53 395.694 397.48 396.735 395.808 396.37 396.568 396.948 395.26 397.989 398.088 396.218 396.879 398.202 396.332 396.803 397.936 396.157 396.264 395.891 395.808 394.972 396.568 394.599 393.953 393.018 392.935 393.968 392.388 391.453 390.336 390.418 391.981 392.502 393.792 393.552 395.024 396.124 395.338 394.544 395.528 396.909 397.248 398.05 397.835 396.768 398.885 398.67 399.472 398.959 400.431 399.546 399.885 399.372 398.975 399.405 399.562 400.546 397.428 399.082 399.421 399.851 399.338 398.271 399.834 398.767 398.279 397.46 397.642 396.575 395.599 397.716 396.095 395.764 394.052 394.3 394.548 391.794 392.596 390.975 391.132 390.156 389.18 388.204 387.716
389.18 389.668 389.999 390.33 393.266 389.743 390.81 394.3 395.276 395.21 395.516 397.807 398.411 396.575 397.642 397.948 397.7 398.767 397.965 399.586 398.602 399.396 400.066 399.082 400.149 399.81 399.471 400.447 400.29 400.042 399.794 399.819 398.926 398.959 399.472 399.042 399.348 398.728 397.835 396.735 396.967 396.909 396.752 395.189 394.966 393.957 393.618 393.552 393.883 392.32 391.336 391.179 391.171 391.916 392.388 393.687 392.174 393.68 393.763 394.326 394.219 396.378 394.865 396.925 396.545 395.032 396.902 397.746 397.176 395.762 396.416 398.848 397.062 396.955 399.106 397.229 396.75 397.685 395.808 396.644 396.256 394.288 396.811 393.528 394.364 395.2 393.414 394.25 393.87 394.25 394.82 395.2 395.77 397.556 395.124 395.876 395.321 396.735 395.899 396.461 396.568 396.948 397.609 396.955 397.335 397.533 397.822 397.077 397.457 397.746 396.91 396.628 396.545 394.758 394.774 397.784 395.443 394.789 396.112 393.109 393.398 392.554 393.794 391.362 391.262 389.955 391.89 392.32 393.883 393.552 395.396 393.775 397.389 396.322 396.843 395.594 397.157 397.38 397.835 396.677 399.348 399.224 398.066 398.405 398.744 399.546 399.885 398.818 399.066 400.447 399.562 398.495 398.834 399.727 399.421 399.76 398.511 397.626 399.834 398.767 398.279 397.303 397.063 397.311 397.559 395.938 396.74 395.119 395.367 393.258 392.588 393.572 392.596 391.62 389.999 390.156 388.692 388.692 387.716 388.692 388.535 389.668 390.644 392.108 391.86 391.612 394.639 393.837 395.367 395.855 396.186 396.492 397.468 396.575 398.287 398.527 398.461 398.767 399.189 399.677 398.511 399.396 398.66 399.727 399.388 398.495 399.744 399.405 400.472 400.133 400.712 399.364 400.522 401.68 398.711 399.687 397.661 398.546 397.835 397.587 396.396 396.818 395.528 395.768 394.85 393.775 393.709 392.725 393.883 391.096 390.666 389.194 390.336 391.453 391.718 392.099 392.174 393.018 393.763 394.88 395.443 395.245 394.683 395.891 396.264 396.347 397.464 396.803 397.92 399.608 398.194 397.252 397.335 396.955 397.328 397.411 396.568 396.37 397.206 396.644 395.048 395.975 396.53 393.528 394.364 395.2 394.82 394.44 391.248 395.838 394.82 393.984 395.58 395.96 395.124 397.001 395.048 396.917 398.24 397.685 396.568 396.948 397.328 396.492 397.062 396.59 397.822 397.259 396.423 396.34 396.91 396.256 396.264 395.701 396.089 395.154 395.443 394.88 393.763 393.961 393.398 392.099 395.2 392.859 391.262 389.864 391.89 392.229 391.807 394.594 393.8 394.42 394.85 397.728 396.57 396.909 395.842 398.05 397.835 398.728 399.067 398 399.472 398.959 398.562 399.546 399.794 400.042 400.29 399.405 400.207 399.81 400.24 400.372 400.066 398.42 398.602 397.535 400.388 397.452 397.791 398.618 397.642 396.575 395.599 395.938 394.871 395.119 396.591 393.837 394.548 391.612 391.951 390.975 390.644 390.644 388.626 388.692 387.716
389.668 389.668 390.396 390.148 391.86 393.572 393.324 394.3 395.367 395.119 394.871 395.847 395.508 397.22 397.46 397.485 397.055 396.807 398.428 397.626 398.602 398.999 400.736 399.636 399.479 400.455 399.562 399.496 400.29 398.818 398.388 399.819 400.522 398.496 398.802 397.818 399.067 398.728 397.835 397.496 397.157 396.909 396.479 397.728 394.966 395.181 393.618 393.552 391.344 392.32 390.666 390.137 390.799 391.916 392.388 392.372 393.398 394.515 395.169 394.789 395.443 394.592 395.808 394.295 396.264 396.347 395.504 396.803 397.176 397.168 396.879 397.624 397.335 397.898 397.328 397.411 396.568 397.404 395.99 396.735 397.48 397.1 396.72 396.15 394.364 395.2 394.63 394.25 393.68 394.25 393.414 395.2 394.364 396.241 396.53 395.694 395.048 396.644 397.297 397.685 397.122 397.32 397.328 398.179 397.335 396.59 396.416 397.54 396.332 398.027 395.959 396.066 396.545 397.206 396.081 395.245 395.443 394.88 393.763 393.109 391.992 393.505 393.794 390.51 392.296 390.418 390.575 392.229 391.807 392.907 394.933 393.957 394.875 395.28 397.422 396.421 397.157 397.587 397.744 398.728 398.976 398.372 399.472 399.141 400.431 399.546 398.479 400.042 399.066 400.538 399.38 398.495 400.24 399.727 400.554 398.354 399.247 397.535 399.834 398.304 398.436 397.303 397.642 397.311 395.599 397.807 396.74 395.028 394.052 393.258 391.546 393.572 391.951 391.372 389.999 389.511 389.668 388.692 387.716 388.692 388.692 389.668 389.999 390.975 392.596 393.018 394.548 393.167 394.143 396.434 395.516 396.492 397.559 397.311 397.799 397.948 398.436 398.122 399.28 399.495 398.602 398.999 399.603 399.264 398.834 399.81 399.835 398.735 399.066 400.133 399.794 399.364 398.744 398.959 399.29 399.133 398.976 396.677 397.835 396.09 397.248 396.818 396.57 395.768 394.85 394.42 394.379 394.776 393.701 392.32 391.981 391.551 392.205 390.973 391.718 393.505 391.992 394.424 395.169 394.789 395.352 395.245 394.683 395.428 396.264 396.347 396.91 396.803 397.738 397.168 398.194 396.218 397.062 396.955 397.328 396.948 397.974 397.685 395.8 396.826 397.48 395.876 395.496 396.15 395.77 395.2 394.82 393.125 393.87 394.25 394.82 395.2 394.364 393.528 396.53 396.066 397.48 396.644 398.24 397.685 396.94 397.411 397.609 396.492 398.088 398.848 396.788 398.665 397.176 398.027 396.91 396.438 396.818 395.428 394.865 395.154 395.443 394.88 394.044 393.018 392.174 391.611 392.388 390.138 391.072 390.046 390.848 392.229 393.883 392.907 393.8 395.272 395.338 395.768 396.198 395.594 396.396 396.272 397.471 398.728 395.792 399.224 400.026 398.959 398.074 399.546 399.794 400.042 399.711 400.72 399.38 398.586 400.703 399.727 399.884 399.578 398.42 397.626 396.468 398.767 397.146 398.527 396.972 396.575 397.559 395.847 396.831 395.119 394.143 392.522 392.1 393.572 391.86 391.62 391.62 390.644 388.535 388.204 387.716
389.18 390.156 391.132 392.687 392.596 391.703 393.324 394.3 394.052 395.21 396.095 395.938 395.508 396.575 397.642 396.815 398.436 397.452 398.428 399.495 399.429 399.851 399.421 399.636 400.703 398.495 399.562 400.538 400.29 400.042 399.794 398.504 400.522 398.959 398.802 399.224 398.976 396.586 398.298 397.033 396.396 396.818 394.883 394.635 394.85 394.139 393.709 392.725 392.196 394.768 390.848 391.361 390.336 391.916 392.479 393.687 391.992 394.333 393.482 394.789 394.128 395.245 397.024 395.982 396.264 396.628 397.464 397.746 397.829 397.168 396.416 396.689 397.335 396.955 395.26 397.32 396.568 396.37 398.24 396.454 396.074 395.876 396.53 396.241 396.986 396.606 394.63 393.034 393.87 393.034 394.82 395.2 395.861 396.704 395.124 395.694 396.074 396.644 395.8 397.404 397.122 397.32 397.791 397.898 397.616 396.218 396.78 395.762 394.926 398.027 397.001 398.696 396.355 395.982 396.18 394.972 395.162 394.789 393.953 393.68 392.174 392.372 392.479 391.916 392.296 389.864 391.89 391.559 393.883 392.907 395.024 394.718 394.759 396.322 397.422 395.594 397.157 396.272 397.835 396.586 398.331 399.133 398.802 398.496 400.522 399.083 398.388 400.133 399.157 400.05 399.562 398.495 398.834 399.727 398.66 399.487 398.602 397.535 398.428 398.122 398.552 398.039 396.972 400.677 395.69 397.071 396.74 395.028 394.143 395.524 394.639 393.018 392.596 390.975 389.908 390.644 389.18 388.692 387.716 388.692 389.18 389.511 391.132 391.62 393.266 393.572 394.548 393.746 394.052 395.119 396.74 395.847 395.599 396.575 396.972 397.46 397.791 398.767 399.371 399.495 399.429 398.908 398.751 399.727 400.794 398.404 400.298 399.38 399.066 399.372 399.794 399.364 398.074 399.72 399.009 399.315 398.976 396.768 397.835 397.587 397.248 397.48 396.479 395.768 395.057 394.718 393.618 392.907 391.807 391.857 391.981 389.955 390.336 391.916 391.718 391.611 394.622 393.961 393.763 394.88 395.443 395.245 397.024 396.925 396.264 396.438 397.464 396.803 397.176 397.168 397.822 397.624 398.088 397.898 397.328 396.948 397.974 396.461 398.24 396.454 396.074 395.876 396.72 396.15 394.364 395.2 394.82 394.44 393.87 393.034 394.82 395.2 394.364 395.116 396.53 395.884 396.074 396.917 397.297 396.37 396.568 396.948 399.106 398.179 398.088 398.848 396.416 395.762 397.738 396.803 396.91 397.753 396.545 396.925 396.18 395.336 394.682 394.326 393.763 393.018 394.531 393.505 392.57 391.916 390.427 391.179 391.518 393.544 392.659 394.776 395.024 394.42 395.057 395.189 396.752 395.594 397.157 397.587 397.835 398.728 397.57 397.818 399.935 401.68 398.744 399.546 398.388 399.488 399.711 399.405 399.653 398.495 400.331 399.082 400.554 399.851 399.247 397.535 399.834 398.767 399.015 397.46 397.915 397.22 397.559 397.716 394.78 395.764 394.052 395.615 394.548 393.572 392.596 391.372 391.132 390.156 389.668 388.692 387.716
389.668 390.156 391.132 392.108 392.596 391.612 392.1 392.522 394.143 396.525 396.095 397.716 397.468 396.575 397.063 397.485 398.279 398.767 398.428 399.495 399.429 399.735 400.066 399.727 400.149 401.861 399.835 399.38 398.975 400.224 399.794 399.364 398.744 398.959 398.066 398.091 398.976 396.586 397.835 396.735 397.157 396.909 396.843 395.098 395.148 394.139 393.8 392.907 391.807 392.32 391.981 391.179 391.353 391.916 391.809 392.099 394.25 393.018 393.763 394.88 394.012 395.154 396.362 395.61 396.264 396.438 395.595 396.803 397.457 397.077 397.822 396.59 397.335 397.898 395.078 396.948 396.568 397.404 395.899 396.644 397.48 395.694 395.405 396.15 395.861 395.2 393.414 393.034 393.87 394.25 394.82 392.768 395.77 393.528 396.53 395.694 395.321 396.826 397.206 396.37 397.966 395.914 397.328 398.179 397.335 396.218 398.004 397.077 397.829 397.746 395.504 396.066 396.727 395.701 394.774 395.063 394.682 394.326 393.763 392.927 393.398 393.687 392.57 392.768 390.336 390.137 391.89 392.229 393.883 394.776 393.709 394.9 395.148 397.637 395.528 395.594 397.248 397.38 397.562 398.546 397.57 398.372 399.472 398.959 398.744 399.083 399.794 398.727 401.696 400.538 399.38 399.81 398.834 399.727 399.884 398.354 400.562 399.586 398.519 399.412 398.552 396.815 397.915 396.575 398.874 395.847 396.186 395.764 394.143 395.524 393.324 393.572 393.175 390.975 389.999 390.156 389.18 388.692 387.716 388.692 389.18 389.668 391.62 390.884 391.86 393.572 394.548 392.522 394.052 395.855 395.516 395.847 398.874 397.311 397.642 398.436 397.055 397.452 398.519 399.586 398.42 399.578 398.66 400.372 400.149 398.404 399.38 400.629 400.563 400.042 399.885 399.546 400.522 398.405 398.711 398.372 399.067 396.586 397.835 397.587 396.487 397.091 396.57 395.189 394.759 393.775 391.84 392.816 391.344 390.914 390.575 390.418 392.114 392.768 391.627 392.19 391.992 394.333 394.044 394.789 394.128 394.592 395.047 395.61 396.264 395.884 397.001 396.803 397.457 397.077 396.416 397.624 398.088 398.179 397.328 396.096 397.974 397.685 397.305 396.826 395.321 395.884 395.314 393.528 394.364 395.2 394.82 393.034 391.248 394.25 394.82 395.2 394.364 397.556 396.72 397.1 395.884 396.735 397.206 397.685 397.122 397.229 395.26 397.898 397.616 398.848 396.416 396.986 397.457 398.027 397.001 395.884 396.355 395.61 394.683 396.378 395.443 394.88 395.169 394.515 393.398 391.52 391.718 392.768 392.296 391.179 391.89 391.857 393.883 392.907 394.561 395.363 394.85 395.768 396.479 395.503 397.248 397.587 397.835 397.504 398.976 397.909 398.711 398.959 400.059 399.364 398.479 400.224 399.066 399.405 399.562 398.586 399.479 399.727 398.751 399.735 398.693 399.495 399.371 398.767 397.055 398.13 396.972 397.493 396.914 397.162 393.556 395.028 394.052 393.076 392.679 391.612 392.596 391.62 390.644 390.156 389.668 388.874 387.716
389.759 390.156 390.644 391.62 391.951 393.572 394.548 394.3 395.458 395.21 395.516 395.847 395.508 396.484 397.642 397.948 397.791 398.676 399.834 397.535 399.429 399.851 399.421 400.372 400.149 398.495 400.48 400.629 400.381 400.042 398.388 400.398 400.431 398.959 398.711 398.852 398.976 398.728 397.835 396.272 396.396 396.818 396.57 394.544 394.85 394.139 393.064 392.907 391.344 390.914 391.336 391.361 390.708 392.768 391.809 392.372 394.531 393.109 393.854 394.88 395.443 395.154 397.024 395.428 397.099 396.347 397.183 396.803 397.176 397.54 396.78 397.624 397.335 397.989 395.078 396.948 397.974 397.594 395.899 396.826 395.321 397.1 395.496 394.934 395.77 395.2 394.82 394.44 393.68 394.622 393.786 393.132 394.364 396.15 396.53 397.1 395.048 396.644 398.24 397.404 396.932 397.32 395.078 398.27 397.062 396.59 395.746 397.449 396.332 396.34 397.183 396.066 396.636 395.891 396.18 395.245 395.443 394.789 393.763 394.052 392.174 392.554 391.718 391.362 392.205 390.327 392.552 392.229 392.568 394.594 394.933 394.42 394.966 395.28 396.38 395.503 397.157 396.272 398.48 398.728 397.57 398.372 399.009 400.274 398.744 400.216 399.794 398.727 401.696 400.629 399.471 398.495 400.149 399.082 398.751 399.851 399.247 399.495 399.189 398.122 399.015 397.303 397.642 396.484 395.508 397.253 396.095 395.764 395.276 393.076 393.415 393.572 393.266 390.975 390.487 390.735 389.668 388.692 387.716 388.692 389.668 390.735 390.644 390.975 392.596 393.572 394.548 394.3 394.143 395.119 396.186 397.162 395.508 397.311 397.642 396.815 397.055 398.213 399.743 399.495 399.429 398.908 399.396 399.173 398.834 398.404 399.653 400.72 400.381 399.372 399.794 399.364 398.744 398.959 399.009 399.315 398.976 400.043 397.719 397.38 397.248 396.719 396.661 394.453 395.057 394.627 395.115 392.725 393.883 392.229 392.072 391.179 392.296 391.064 391.718 393.505 394.341 393.68 393.953 394.789 395.443 397.784 396.089 395.891 396.264 395.123 397.001 397.936 397.457 397.358 396.879 396.59 397.062 396.492 397.328 396.948 396.568 397.404 396.263 396.735 397.29 396.72 396.811 396.241 395.77 395.2 392.008 393.034 393.87 394.44 394.82 395.2 396.986 396.15 395.314 395.694 397.48 396.735 397.206 396.37 396.932 396.948 395.26 396.492 397.062 396.59 398.194 397.077 396.514 398.027 396.91 398.696 396.264 395.61 396.271 397.784 395.443 394.326 393.953 394.052 392.844 393.505 392.388 391.064 390.336 389.955 390.666 392.229 391.344 392.907 393.8 394.42 395.148 394.544 396.843 396.421 397.248 397.587 399.034 396.586 397.57 398.372 399.29 401.68 400.431 399.546 398.479 400.224 401.696 400.538 399.744 398.404 400.331 400.488 400.066 398.999 401.389 399.495 396.468 399.412 397.791 398.436 397.642 396.484 395.508 395.847 396.004 395.028 394.143 394.3 394.639 393.572 391.86 391.62 390.644 390.247 388.692 388.874 387.716
389.668 390.644 390.644 391.62 391.951 391.612 392.588 393.167 396.5 395.028 396.004 394.532 397.559 398.047 397.063 398.527 398.552 398.767 400.388 399.495 398.42 398.42 399.421 399.727 399.388 398.495 401.522 399.496 400.29 399.372 399.794 399.083 400.522 398.405 399.1 399.687 399.348 398.728 397.719 397.587 397.248 395.594 396.479 395.28 396.074 394.42 394.47 392.907 393.883 392.229 391.609 391.179 390.427 391.064 391.809 392.554 393.307 393.68 393.763 394.88 395.443 395.336 396.18 395.891 396.727 395.032 397.936 397.936 397.738 395.762 396.879 396.218 397.062 396.955 398.924 396.096 396.659 397.685 395.899 396.644 396.074 397.001 396.53 396.15 395.77 395.2 394.63 394.44 393.87 394.44 393.968 395.2 394.364 395.96 395.124 397.1 396.256 396.644 395.8 396.37 397.974 396.948 397.609 396.492 397.616 396.218 398.285 397.077 397.457 397.746 397.183 397.29 394.378 395.428 395.047 393.748 395.352 394.88 395.169 394.333 392.935 392.281 392.57 391.362 390.336 391.361 391.89 390.914 393.883 394.776 393.618 393.957 394.85 396.231 394.767 397 396.487 398.811 397.835 396.677 398.794 398 398.711 397.76 400.431 399.546 399.794 398.727 400.472 400.811 400.207 401.125 398.834 399.082 399.421 398.999 398.511 397.535 400.388 398.304 397.7 398.618 397.46 396.575 397.559 395.938 396.831 395.028 394.143 395.706 393.324 393.572 392.596 391.62 390.644 389.023 389.18 388.692 387.716 388.204 389.18 390.644 391.132 392.108 392.596 393.572 393.324 394.391 395.367 395.119 395.516 395.847 395.508 397.311 397.642 398.527 397.791 398.767 398.428 398.271 399.429 398.908 398.751 399.082 399.388 398.495 399.471 399.496 401.696 400.133 398.388 399.364 400.522 398.959 398.711 398.372 399.348 400.043 397.719 398.05 397.248 395.503 396.289 395.28 394.114 394.139 394.933 392.725 393.883 392.229 390.666 390.418 390.799 390.973 392.479 392.281 392.935 393.961 394.226 394.599 395.443 395.154 396.089 395.61 396.545 398.696 396.902 397.746 396.423 395.762 396.416 396.218 397.616 396.492 397.791 396.096 396.568 396.37 398.24 396.735 396.074 397.1 396.53 397.556 395.58 395.2 394.82 395.656 393.87 393.034 394.82 395.2 395.58 396.15 395.496 395.694 395.048 396.826 395.899 396.37 396.568 396.948 397.609 398.08 397.335 397.252 396.78 397.449 397.176 396.596 397.282 396.438 396.264 395.519 394.683 394.972 395.352 394.88 393.482 394.333 394.622 393.687 392.57 391.246 390.981 391.551 391.89 394.768 391.344 392.907 393.8 394.42 395.33 396.322 395.528 395.594 397.157 398.05 396.983 396.677 397.661 398.372 399.563 398.959 400.522 399.546 399.794 400.224 399.066 399.405 399.562 400.455 400.703 399.173 398.106 398.908 399.429 397.535 398.428 398.767 398.436 398.13 397.915 396.484 397.559 395.847 396.277 396.525 395.276 395.524 392.861 393.572 392.596 391.62 390.644 390.644 389.18 388.692 387.716
389.18 390.156 391.132 392.199 392.596 393.572 394.548 393.076 394.143 395.028 396.186 397.807 395.69 396.575 399.114 398.436 399.015 398.304 400.388 399.586 398.784 399.578 400.645 399.264 398.834 400.546 399.562 400.538 399.066 398.818 399.794 400.398 398.744 397.76 398.711 398.372 398.794 396.677 397.835 398.811 397.248 397.091 396.57 395.28 395.52 395.735 393.618 394.776 391.807 392.32 391.89 390.418 390.799 391.362 391.718 393.505 394.25 393.109 394.706 392.92 395.443 395.336 396.362 397.206 395.693 395.884 396.91 397.746 397.738 396.986 396.416 396.59 397.335 396.955 397.609 397.411 396.659 396.37 395.899 396.735 397.48 395.975 396.53 395.96 395.77 395.2 394.82 394.25 393.87 393.034 394.82 395.2 395.58 393.528 395.314 397.001 396.074 396.826 396.263 397.594 396.659 399.76 397.609 396.955 397.335 396.499 396.416 396.796 397.457 396.803 396.91 396.628 395.602 396.925 396.18 395.154 395.443 395.823 394.706 394.424 391.992 393.687 391.627 391.246 390.708 388.549 391.89 391.468 391.807 391.476 395.024 395.272 394.759 395.28 396.289 395.594 397.248 396.735 397.074 398.728 397.57 398.372 398.802 398.959 400.431 398.504 399.794 400.224 398.975 400.538 400.207 400.546 400.24 399.173 399.421 398.999 398.602 400.992 398.519 398.767 398.436 397.46 396.972 397.311 398.32 397.253 396.004 395.028 395.276 393.076 393.415 391.612 392.596 390.975 391.132 390.156 389.668 388.204 387.716 388.692 389.668 390.644 391.132 391.372 392.596 393.018 392.1 393.076 394.052 395.119 396.186 397.807 396.914 396.484 397.46 398.039 398.436 397.452 399.371 397.626 398.511 399.396 399.421 399.173 397.61 398.586 400.298 400.72 399.711 400.224 399.794 400.216 400.522 398.959 398.711 398.852 399.348 398.546 398.298 397.587 396.785 397.091 396.57 397.728 394.759 394.627 393.8 392.907 391.344 391.857 390.203 391.642 390.708 391.916 391.718 392.099 394.341 394.424 395.169 395.823 395.443 397.784 394.956 395.891 394.378 396.438 397.001 398.027 397.92 397.449 396.879 397.624 397.062 398.27 397.609 396.948 397.122 397.404 395.8 396.644 397.48 396.72 396.53 395.96 394.546 395.2 394.82 394.25 395.276 392.844 394.911 395.2 395.58 395.96 396.72 397.1 395.594 396.644 397.297 397.404 396.568 395.914 397.791 396.955 397.335 398.848 397.822 398.202 396.423 396.803 397.001 396.347 394.287 395.701 396.271 395.336 395.443 394.789 393.953 393.68 394.531 392.19 392.479 390.51 392.114 391.179 390.666 392.229 392.196 394.776 393.618 395.363 395.512 397.546 394.883 397.736 396.487 396.272 397.835 396.586 399.067 398.372 399.935 398.496 400.522 399.364 399.794 400.224 398.975 399.223 399.562 398.495 398.834 399.082 399.421 399.735 398.511 400.992 398.519 398.304 398.552 397.46 397.063 396.484 398.783 397.807 395.516 395.119 394.143 393.076 392.679 393.572 391.124 390.884 391.132 390.156 389.18 388.692 387.716
389.668 390.644 390.644 392.108 392.596 391.612 392.1 395.615 395.276 395.21 396.74 397.162 395.508 396.484 397.642 396.815 398.552 398.767 397.874 399.495 399.338 399.735 399.421 399.727 400.149 398.586 399.562 400.811 398.975 400.042 399.794 399.819 398.074 398.496 398.066 399.042 397.57 398.728 397.653 396.735 397.339 396.818 395.528 394.544 395.512 393.957 395.024 393.552 393.883 391.468 391.89 390.046 390.336 391.362 392.57 393.505 393.307 393.018 393.763 394.88 395.443 395.154 396.362 395.701 395.511 395.975 395.504 397.746 397.829 395.762 396.416 397.624 397.062 398.171 397.328 396.096 396.659 397.404 397.305 396.917 397.48 395.694 396.72 396.241 394.364 395.2 394.63 394.25 395.276 394.44 394.44 395.2 394.364 396.15 395.124 396.157 396.256 396.644 395.899 396.37 396.568 396.948 397.609 396.674 397.335 396.499 396.416 397.077 397.457 396.803 396.902 396.347 395.602 397.206 394.865 397.784 394.682 394.698 394.706 394.424 391.992 392.099 392.57 392.768 390.799 389.955 391.89 392.229 391.344 392.725 393.618 395.363 395.611 394.453 396.479 395.958 397.157 397.587 397.835 398.728 399.348 398.372 399.29 398.959 400.431 399.364 400.919 400.042 399.711 398.735 399.562 398.404 399.479 399.727 398.751 399.735 399.429 397.626 399.743 398.122 399.015 398.527 397.642 397.493 395.508 394.532 394.871 395.21 395.367 393.076 394.639 393.572 393.266 391.62 391.802 390.156 389.668 388.692 387.716 388.204 389.668 390.156 390.644 392.687 392.596 391.612 393.324 395.615 394.052 395.119 394.78 394.532 395.69 396.484 397.063 396.815 398.37 398.767 399.743 401.083 400.562 399.578 398.751 399.727 400.885 400.546 400.298 400.72 399.066 400.042 399.794 400.398 400.34 398.959 399.1 400.076 397.57 398.728 397.835 398.811 396.487 397.091 396.57 395.95 394.875 395.181 393.8 394.594 391.344 391.559 392.072 391.551 390.89 392.768 391.809 392.372 391.992 393.961 394.706 394.88 395.443 395.336 396.362 396.925 396.727 398.696 397.183 395.488 396.514 397.449 397.822 398.848 397.153 396.955 397.328 397.32 396.568 397.404 397.305 396.454 395.048 395.694 395.405 393.528 394.364 395.291 394.82 394.44 393.68 394.25 394.82 395.2 395.58 395.96 395.124 395.694 395.321 396.644 395.808 396.37 397.974 397.411 397.609 396.955 397.335 397.533 396.879 395.762 396.514 398.027 397.282 397.753 396.264 396.925 396.18 395.154 394.219 394.789 393.763 393.018 394.44 391.611 392.388 392.768 392.205 390.418 391.336 392.32 391.344 392.725 393.618 395.181 395.148 395.768 394.767 397 397.157 397.587 397.074 398.546 399.067 399.687 398.711 398.959 397.429 400.398 398.479 398.818 399.066 399.405 399.38 400.455 400.794 399.082 398.66 399.578 399.983 397.535 399.743 398.122 398.279 398.527 397.799 397.311 397.559 398.452 394.78 395.119 394.052 393.076 394.639 393.572 393.175 391.62 390.644 389.023 389.18 388.204 387.716
389.668 390.644 391.62 391.62 393.175 391.612 392.77 394.391 394.052 395.119 395.516 397.162 398.874 396.575 396.972 397.46 397.791 398.767 399.834 398.271 400.562 399.735 399.421 399.727 398.834 400.455 400.207 400.538 400.29 400.042 398.479 400.398 400.522 398.959 398.711 398.372 398.976 396.586 398.389 396.272 397.248 395.958 396.57 396.322 395.33 393.957 391.84 394.594 391.807 392.32 390.575 390.137 390.799 392.768 393.794 392.19 392.935 394.515 395.169 394.789 395.443 397.784 396.089 395.982 394.287 395.123 397.001 396.803 397.457 395.944 396.879 398.848 395.656 397.898 399.015 397.32 396.94 397.685 395.808 396.454 396.165 397.001 396.53 396.241 394.546 395.2 394.82 394.44 393.68 394.25 394.82 395.2 396.986 393.528 395.124 396.066 396.256 396.644 397.206 396.37 398.065 396.948 397.609 396.492 397.335 397.624 398.194 397.358 397.457 396.803 396.902 395.123 396.355 393.832 394.592 395.154 393.466 394.789 393.763 393.109 393.117 393.505 391.627 390.973 392.205 390.418 390.575 392.32 391.807 394.594 393.8 394.627 395.33 395.95 395.528 395.958 396.487 397.38 397.835 397.413 397.016 398.372 398.802 398.496 398.074 399.546 399.794 399.372 399.066 399.405 399.562 398.404 400.976 401.042 399.421 399.735 398.602 399.495 399.743 398.767 398.461 397.303 397.915 397.311 395.599 395.847 396.186 395.119 395.367 394.3 394.548 393.572 391.306 392.108 391.132 390.156 389.668 388.204 387.716 388.204 389.668 390.156 391.711 391.62 392.596 393.572 392.1 395.524 395.367 395.855 396.186 395.847 395.599 396.484 397.063 397.948 397.146 398.304 398.519 399.586 399.247 399.578 399.396 399.173 398.834 400.455 400.298 399.405 399.62 400.133 399.794 399.083 398.074 399.141 399.563 399.687 395.792 396.677 397.835 398.72 397.157 395.503 396.107 394.453 396.074 395.272 393.618 392.725 391.344 394.768 392.552 391.551 391.171 391.916 391.718 392.744 393.398 393.68 394.135 394.88 395.443 395.154 396.271 395.428 396.264 396.347 397.001 396.34 396.423 397.168 398.194 397.252 397.616 396.955 395.26 395.914 396.659 396.37 395.899 396.454 395.594 396.72 396.811 395.96 394.546 395.2 394.82 394.531 393.87 392.844 393.414 396.606 395.861 394.934 396.72 396.72 396.165 396.735 395.808 397.594 398.346 399.76 397.609 397.898 397.335 397.624 396.879 396.796 397.457 396.803 397.001 396.157 394.378 395.428 394.865 395.154 395.352 394.326 393.672 393.018 393.307 393.505 391.627 392.768 390.336 389.773 391.89 392.229 393.883 393.552 393.618 394.42 394.114 396.322 395.528 395.503 397.157 397.38 397.835 396.677 398.976 399.687 400.026 397.76 397.429 399.364 398.479 400.133 401.696 400.538 400.207 401.861 399.479 399.082 400.554 399.578 398.511 397.535 396.468 398.767 397.055 398.618 397.642 397.402 395.599 395.847 396.186 395.119 396.591 392.522 393.324 393.572 391.215 390.33 390.487 390.156 389.18 388.692 387.716
388.047 390.156 391.711 392.108 392.596 393.572 393.324 395.615 396.682 395.119 395.516 395.847 395.599 396.575 397.642 396.815 398.552 398.767 400.388 401.083 398.602 398.999 400.066 399.264 398.834 400.546 399.653 399.496 399.157 400.133 398.479 399.728 398.074 399.141 400.026 398.67 397.57 396.586 397.744 398.72 396.487 396.818 396.57 396.322 394.85 394.048 394.47 393.552 393.883 392.32 391.89 390.418 390.708 390.973 392.57 393.687 391.992 394.515 393.854 394.88 395.443 395.245 396.089 395.891 396.818 396.438 395.504 396.803 397.457 397.259 398.194 397.533 397.335 396.492 398.072 398.354 396.568 396.37 398.24 396.644 397.48 395.884 395.405 396.15 394.364 395.2 394.82 395.838 391.248 394.44 393.414 395.2 394.364 396.704 395.314 396.72 396.074 396.644 398.24 397.404 396.568 396.948 397.328 397.898 397.335 397.624 398.194 396.796 396.423 395.951 396.91 395.884 396.727 395.982 396.081 395.154 393.739 394.88 396.112 393.109 393.398 392.554 391.718 391.064 390.336 390.327 392.072 391.857 391.807 394.776 393.8 393.957 395.148 395.28 396.107 397.091 396.669 397.38 397.074 398.728 399.067 399.224 398.711 397.76 398.926 399.546 399.794 399.372 400.563 399.405 399.562 399.901 400.24 399.264 399.421 399.735 398.42 397.444 400.388 398.122 397.791 397.303 397.642 396.575 397.559 397.162 396.095 395.301 394.143 393.167 394.639 393.572 391.86 390.884 391.132 390.338 389.18 388.692 387.716 388.692 389.18 389.668 390.644 392.687 391.951 393.572 394.639 393.076 394.788 395.028 396.004 394.532 397.559 396.666 396.972 397.303 398.279 398.122 397.965 399.586 398.42 399.735 399.239 399.727 400.24 399.81 399.38 399.405 399.066 400.042 399.794 399.546 398.744 398.496 398.711 399.224 398.885 398.728 397.653 396.735 395.933 396.909 395.412 394.544 394.759 394.048 393.064 392.725 393.883 392.502 391.518 391.361 392.296 390.51 391.718 392.19 393.398 393.961 392.448 394.88 394.012 394.873 396.089 395.891 396.264 396.347 395.959 396.34 397.457 397.259 398.194 396.218 398.088 397.989 395.26 396.096 396.932 396.279 398.24 396.735 395.321 395.694 395.496 396.15 394.364 395.2 394.82 394.44 391.248 394.44 394.82 395.2 394.546 396.15 395.496 395.876 397.29 396.826 397.297 397.404 396.659 397.229 397.328 398.171 397.335 397.252 396.97 395.944 396.332 395.488 397.464 395.123 396.264 395.61 396.081 397.784 395.443 394.789 393.763 393.572 393.026 393.687 392.57 391.453 392.205 389.194 390.385 390.914 392.452 392.907 393.8 393.866 395.338 395.768 396.388 396.818 397.248 398.811 398.48 396.677 398.794 399.224 398.711 401.68 400.059 399.819 398.479 398.818 398.975 398.735 399.653 400.455 400.149 399.082 399.396 399.578 398.602 401.083 398.428 398.767 397.791 397.485 397.46 397.311 395.508 397.807 396.095 396.434 394.143 394.3 393.324 393.572 392.596 391.62 390.644 389.511 389.668 388.692 387.716
389.668 390.735 390.487 391.62 392.596 393.572 391.546 393.655 394.143 395.119 396.74 394.532 397.559 397.311 397.46 397.948 398.552 398.767 400.016 398.271 399.338 399.851 399.884 399.727 399.479 399.81 399.562 399.314 400.563 400.224 398.388 399.083 398.074 398.496 398.802 398.091 398.976 398.728 397.562 396.735 397.248 397.554 395.346 394.453 394.85 394.048 393.618 391.476 392.452 391.468 392.072 389.194 390.336 392.768 392.57 393.687 392.844 393.018 393.763 394.789 393.648 394.211 396.18 396.925 396.727 398.696 397.183 396.803 397.738 395.762 397.822 396.218 397.062 398.171 397.518 397.229 398.065 397.685 397.305 396.454 397.48 395.694 395.405 396.15 396.043 395.2 394.82 394.44 393.87 394.44 394.82 393.984 395.58 393.528 396.72 396.91 395.321 396.826 395.899 396.461 397.122 397.411 397.328 396.492 397.335 397.252 398.103 397.168 396.332 396.596 395.868 396.256 395.602 395.701 394.584 395.245 394.012 394.326 393.953 394.333 393.307 393.505 392.851 390.51 391.353 389.194 391.89 391.468 393.883 394.776 393.709 394.718 394.85 395.28 396.57 396.818 396.396 396.272 397.562 398.728 397.661 398.372 398.711 398.496 398.744 399.546 399.794 399.372 399.157 399.405 400.207 400.455 398.834 399.082 398.106 399.851 399.983 399.586 399.371 399.412 399.015 397.485 396.972 397.402 397.559 396.492 396.186 395.028 394.143 393.076 394.548 390.479 392.596 392.108 390.644 389.511 389.759 388.692 387.716 388.692 389.668 390.156 390.644 391.62 393.175 393.572 394.639 393.167 394.052 395.301 396.095 394.532 397.559 396.575 396.972 398.527 398.436 398.767 399.834 397.626 398.511 399.578 399.396 399.727 400.703 400.546 400.48 399.405 399.62 400.133 399.794 399.819 398.074 400.274 398.802 397.909 399.348 398.546 398.298 396.735 397.157 396.909 396.843 397.637 394.759 394.048 393.8 393.552 391.807 390.914 390.575 389.955 390.89 391.825 392.479 391.52 394.531 393.68 395.169 394.88 395.162 395.245 394.865 396.925 396.264 396.438 397.183 397.746 396.514 397.077 398.194 396.59 397.335 396.674 397.328 397.32 396.659 397.404 395.899 396.644 397.48 395.876 395.496 395.96 395.58 395.2 394.82 394.44 393.87 394.44 394.82 395.2 395.58 395.96 395.124 397.001 395.048 396.644 397.206 397.594 396.568 397.32 397.609 396.674 397.062 397.252 397.822 397.077 397.176 396.34 397.183 396.066 394.287 397.206 396.081 395.336 395.443 394.326 393.763 393.018 394.25 392.008 392.57 391.916 391.353 391.551 391.609 391.559 391.807 392.907 391.84 394.139 395.057 394.635 396.107 395.594 397.248 397.38 398.48 400.688 398.331 399.133 398.802 398.959 400.522 399.083 399.794 400.042 399.248 400.447 400.389 400.455 400.794 399.264 399.421 399.578 398.602 399.586 400.388 398.213 397.146 397.948 397.642 396.575 399.056 397.716 396.186 395.119 394.052 394.3 392.1 393.018 392.596 391.62 390.644 390.156 389.362 388.692 387.716
389.668 390.156 390.644 391.62 392.596 391.703 392.588 394.391 395.276 395.119 396.186 395.938 397.559 396.575 396.972 397.485 398.436 398.213 399.189 399.495 399.429 399.851 399.421 399.727 398.834 398.495 399.744 400.538 399.248 399.372 398.388 398.388 400.059 401.589 400.026 399.042 399.348 396.677 397.562 396.735 397.248 397.182 396.107 395.098 394.85 395.272 395.024 393.552 393.792 394.768 391.89 390.418 392.205 391.362 391.718 393.687 393.398 393.2 393.763 394.88 394.682 395.154 395.99 396.925 396.727 396.347 395.504 397.746 397.457 399.608 398.103 398.848 397.062 398.361 399.015 397.32 396.568 397.404 397.305 396.644 395.048 395.694 395.405 395.116 395.861 394.075 394.82 394.25 393.87 393.216 394.82 395.2 394.364 396.522 395.496 395.694 396.074 396.644 395.808 397.776 398.065 395.914 399.106 398.27 395.656 398.848 397.822 397.259 396.332 396.803 396.24 396.347 396.636 395.891 396.081 394.211 396.568 394.88 395.169 393.961 393.307 393.505 392.57 390.51 390.038 391.642 391.981 392.32 391.807 392.907 394.379 394.9 394.85 397.728 396.479 396.818 396.396 397.587 398.943 396.586 395.792 398.091 398.918 400.274 400.431 399.364 399.794 400.133 398.975 398.735 399.835 398.495 399.388 400.488 399.33 399.578 398.693 399.586 399.743 399.412 398.279 397.485 397.063 396.575 395.508 395.847 396.004 395.119 394.052 394.3 394.548 391.703 392.596 391.62 390.644 390.644 389.668 388.204 387.716 388.692 388.535 389.023 389.999 392.108 391.306 391.612 392.679 394.391 394.052 395.855 396.004 396.492 395.599 396.484 397.642 397.485 398.461 398.304 399.743 397.535 399.52 398.536 400.066 399.264 399.388 400.728 399.471 400.447 398.975 400.224 399.794 398.504 398.744 400.274 398.827 398.372 397.57 396.586 396.404 398.811 397.157 395.594 396.57 397.728 394.85 394.139 395.024 392.816 393.792 392.229 391.89 391.179 390.708 390.973 391.718 392.099 393.117 393.961 393.763 394.789 395.443 396.56 394.683 395.982 397.008 398.696 396.91 396.803 397.457 396.796 398.194 398.848 397.062 397.228 395.078 396.948 396.75 397.685 398.24 396.644 396.074 396.066 396.53 395.116 396.986 393.984 394.63 393.034 393.87 392.844 392.008 393.984 395.58 396.613 395.314 397.001 396.074 396.735 395.899 397.404 396.568 396.948 397.328 398.27 397.616 398.848 396.416 395.944 397.457 397.746 395.868 396.347 396.264 395.519 394.584 397.784 394.037 394.88 395.169 394.515 392.844 393.687 392.479 391.362 390.427 391.361 390.575 392.229 393.701 393.552 393.8 396.124 394.875 395.768 395.346 395.958 397.248 398.72 397.835 400.043 397.661 398.67 398.066 398.496 398.744 399.364 398.388 400.224 398.975 399.405 399.835 400.455 400.703 399.727 400.554 398.999 400.744 398.271 398.428 398.122 397.055 397.485 398.378 397.22 395.599 397.253 396.831 395.119 395.458 395.615 392.679 393.018 392.596 391.372 391.132 390.156 389.18 388.692 387.716
388.692 390.156 390.396 390.975 391.86 393.572 392.679 393.076 394.143 395.028 396.095 394.532 395.508 397.402 397.063 397.303 397.146 398.767 399.189 397.535 398.42 398.999 399.421 400.488 398.834 400.546 399.471 400.538 400.381 400.133 399.794 398.388 398.074 398.496 400.026 398.67 400.2 397.413 397.653 396.272 396.487 396.818 395.346 394.453 394.85 394.139 393.709 394.776 393.883 394.768 390.575 391.361 390.708 392.768 392.851 392.099 393.398 393.109 393.854 394.789 396.849 395.336 395.047 395.982 398.042 395.123 396.24 398.027 397.457 397.168 397.822 398.848 397.335 396.955 397.7 396.948 396.75 397.594 397.297 396.454 395.048 397.001 395.124 396.15 395.58 392.95 393.786 394.25 395.276 395.656 394.911 395.2 394.364 393.528 395.405 397.1 397.29 396.644 395.899 396.37 397.974 396.948 397.791 396.674 395.656 397.252 397.822 397.168 397.068 396.34 396.902 396.347 396.264 396.925 396.271 395.154 395.443 394.88 393.763 394.515 392.637 392.099 392.388 391.916 390.799 390.046 391.791 394.768 392.452 392.725 393.8 393.957 395.611 396.231 396.57 395.503 396.396 397.38 397.835 397.504 398.422 399.224 398.918 398.959 398.074 399.083 398.388 398.818 398.975 399.405 399.562 398.586 398.834 399.082 400.066 399.487 398.511 399.586 397.874 398.767 397.146 398.436 396.972 396.484 397.65 397.716 394.871 395.119 394.143 393.167 392.679 393.572 392.596 392.778 391.62 389.668 389.18 388.692 387.716 388.692 389.668 389.668 391.223 392.199 393.266 393.572 394.639 394.3 394.143 395.119 393.556 394.532 397.559 397.402 397.063 397.948 397.055 400.082 398.61 399.495 401.389 399.578 399.421 399.264 399.388 399.81 400.298 399.405 400.563 400.133 399.794 399.819 398.074 398.405 398.711 398.852 399.067 396.677 397.653 398.05 397.248 397.554 396.289 396.231 395.148 395.735 393.709 392.907 392.452 392.229 391.609 391.361 391.353 392.859 391.718 390.668 394.25 393.961 393.953 392.92 395.443 395.336 394.683 395.61 396.355 397.29 397.183 398.027 397.457 397.077 398.103 397.252 397.335 397.898 397.328 399.76 396.568 396.37 395.808 396.826 395.321 394.288 395.496 393.528 394.546 395.2 393.414 393.034 393.87 394.25 394.721 395.2 394.364 395.96 395.124 397.001 395.594 396.454 397.206 396.37 396.75 395.914 395.26 396.748 397.616 398.848 397.822 397.168 397.176 397.746 395.504 396.066 396.264 394.758 394.683 395.336 395.162 394.599 393.763 394.424 392.455 393.687 392.388 392.768 391.171 391.361 391.609 391.468 393.883 394.776 393.8 395.181 394.114 395.28 396.289 396.909 396.396 398.811 397.835 400.043 398.976 399.687 398.066 398.496 398.744 399.083 399.794 400.133 399.62 398.735 399.835 398.586 400.703 400.372 399.421 399.851 398.511 401.083 398.428 398.031 399.106 397.46 397.799 396.666 395.599 395.847 396.004 395.21 394.052 393.167 392.1 393.572 391.86 391.62 390.644 389.668 389.668 388.692 387.716
389.668 390.644 390.396 391.62 392.596 393.018 392.679 394.3 395.367 395.119 396.74 395.847 398.874 396.575 397.915 398.527 397.146 398.304 397.874 400.231 399.429 399.851 399.421 399.727 399.479 400.546 400.298 400.05 398.975 400.133 400.53 399.546 398.744 398.496 398.711 398.67 397.57 397.231 397.719 396.735 397.248 397 396.388 394.544 396.074 394.42 395.024 392.816 391.807 391.468 390.666 391.361 390.336 391.916 391.718 392.554 393.307 394.052 393.953 394.88 396.568 394.972 396.271 395.891 396.264 396.347 396.91 396.803 396.332 395.762 395.746 397.252 398.088 397.898 397.328 397.601 396.94 396.37 395.808 396.735 397.48 395.694 396.53 396.15 394.364 395.2 394.63 394.44 393.87 394.44 394.82 396.606 396.986 396.15 395.959 395.694 397.48 396.735 395.899 396.37 396.568 395.914 395.078 396.955 398.088 397.533 396.416 398.665 397.457 397.746 397.464 395.884 395.693 395.61 396.089 394.873 395.352 392.92 393.672 393.961 393.307 392.19 391.718 390.51 391.171 390.418 390.848 391.857 392.196 392.816 394.933 393.957 395.148 393.808 396.107 396.818 397.248 398.72 397.835 397.231 399.348 399.687 398.711 398.959 398.074 399.546 399.794 400.133 399.066 399.405 399.38 400.546 398.834 399.727 399.421 399.851 399.429 400.231 398.519 398.304 398.279 398.436 397.46 398.047 395.599 397.162 393.556 395.028 395.367 394.391 393.324 393.018 391.951 391.62 390.644 390.156 389.18 388.692 387.716 388.692 389.668 390.644 391.223 392.199 392.596 391.612 393.324 394.391 395.367 395.764 395.516 394.532 395.599 396.484 397.46 397.303 397.146 398.767 398.428 399.495 398.511 399.735 399.421 399.082 400.149 399.901 400.207 400.356 398.975 400.042 399.794 399.083 400.522 398.496 398.711 398.372 397.57 397.231 397.835 396.09 397.248 396.909 396.57 395.189 396.074 393.866 395.024 392.907 392.452 392.32 390.666 391.179 390.427 391.064 392.57 393.687 392.174 393.68 395.169 394.599 395.443 395.336 395.808 395.701 398.042 396.157 395.504 395.488 397.176 397.077 395.746 398.848 397.062 397.228 397.328 399.76 397.974 397.404 395.808 396.644 396.074 395.694 395.124 393.528 394.364 395.2 394.82 393.034 393.87 392.844 394.82 394.166 395.77 396.241 396.53 396.157 397.48 396.644 395.808 396.37 396.841 397.229 396.666 398.27 397.616 396.218 396.416 398.665 396.423 396.803 397.001 396.066 396.264 394.295 396.18 394.211 395.443 392.92 395.169 393.018 394.341 393.505 392.479 392.859 391.353 391.179 391.89 392.32 393.792 392.907 393.8 394.42 394.759 393.808 395.528 396.818 397.157 396.735 397.835 398.728 398.976 399.224 399.472 398.959 399.207 398.504 398.388 399.579 399.248 399.405 399.562 398.495 400.794 399.082 399.884 398.908 398.602 397.535 397.965 398.122 397.791 398.436 397.063 396.484 398.411 398.452 396.74 395.21 395.367 394.391 394.639 393.572 392.596 391.62 391.132 390.735 389.668 388.204 387.716
389.18 390.156 389.999 391.62 392.596 393.018 392.588 393.076 395.367 395.119 395.516 397.807 397.559 398.047 396.972 397.948 398.37 398.122 399.743 399.495 399.983 399.735 399.396 399.727 400.24 400.455 399.835 399.496 399.066 399.951 399.794 399.546 400.431 398.959 398.711 398.091 397.57 398.728 397.562 397.38 396.396 396.818 394.883 395.28 394.759 393.957 394.379 393.949 393.883 391.468 391.89 390.418 390.89 392.768 391.627 393.505 391.992 393.018 394.706 394.789 395.443 395.154 395.808 395.982 396.264 396.347 395.504 397.746 396.423 395.762 396.416 398.848 397.335 396.492 399.015 397.411 396.94 396.37 395.899 396.826 396.074 397.1 395.124 395.116 394.364 394.166 393.414 394.25 393.87 394.25 393.414 395.2 394.364 396.241 395.124 397.001 396.074 396.644 397.305 396.461 396.568 396.948 395.26 397.989 397.335 398.658 398.194 397.077 397.176 396.803 397.183 397.29 396.545 395.891 394.592 397.784 395.352 394.88 393.763 393.961 391.992 392.099 392.388 391.916 392.205 391.642 391.89 392.32 391.807 392.725 393.618 393.957 394.85 395.95 396.107 396.909 397.248 396.272 399.034 398.728 399.348 398.372 398.711 401.68 400.522 398.504 399.794 398.818 401.696 400.447 400.207 398.495 400.24 399.264 398.751 398.999 399.247 397.535 398.428 399.412 399.685 398.13 397.642 397.22 397.559 394.532 395.516 395.028 394.234 395.615 393.324 393.018 392.596 390.884 391.132 390.644 389.18 388.692 387.716 388.692 389.668 390.156 390.644 391.645 392.596 393.572 393.324 394.3 394.052 395.119 394.871 394.532 397.559 396.575 397.642 397.948 399.594 399.412 396.468 400.992 398.602 399.735 399.421 399.173 400.885 399.901 399.653 399.405 400.472 399.372 399.794 399.083 398.074 398.496 399.935 399.687 398.703 398.728 397.744 397.587 397.339 396.818 394.767 395.95 394.114 394.42 393.709 392.907 392.452 390.914 390.666 390.137 390.799 391.916 391.809 392.554 391.992 393.018 393.763 394.88 395.443 395.336 394.683 395.61 396.545 397.29 397.183 396.803 397.176 397.168 396.97 396.59 397.335 396.955 399.015 396.948 396.75 397.404 395.808 396.917 396.074 396.066 395.496 395.96 394.364 393.984 394.82 394.44 391.248 395.656 394.82 395.2 396.986 393.528 396.53 397.1 397.48 396.826 398.24 396.37 396.841 396.948 395.078 398.179 397.062 397.624 396.78 395.762 396.423 397.936 397.464 398.696 396.818 395.701 396.089 396.378 395.443 394.88 393.763 393.018 393.398 393.505 392.388 392.859 390.336 390.418 391.89 391.576 391.807 394.776 395.024 393.957 394.875 395.768 396.57 396.421 396.578 397.587 397.744 398.728 398.976 398.372 398.802 399.72 398.074 399.364 399.794 398.727 399.157 398.735 399.562 401.952 398.925 399.264 400.066 399.396 399.247 399.495 396.559 398.767 397.7 398.527 397.915 396.484 398.874 397.162 396.831 395.301 394.052 394.391 390.81 393.018 392.596 392.199 391.132 390.156 389.18 388.692 387.716
389.668 390.644 391.132 392.199 391.86 393.572 394.639 395.524 396.682 395.028 396.74 395.938 397.005 396.666 397.063 396.815 398.552 398.767 398.519 399.495 398.511 398.999 400.066 399.173 400.794 398.404 399.835 398.735 400.472 400.133 398.479 400.398 398.074 398.496 398.711 398.091 399.348 398.728 397.719 397.38 397.248 396.818 396.388 395.098 396.074 393.866 394.379 394.776 392.659 392.32 391.981 391.179 390.336 391.916 392.388 392.099 391.992 394.515 393.672 394.789 393.739 395.154 394.774 397.206 396.264 395.032 397.001 398.027 397.176 397.077 398.194 397.533 397.335 397.989 395.078 397.32 397.122 396.37 395.899 396.735 396.074 395.884 395.124 397.556 395.58 394.166 394.82 393.216 393.68 393.034 394.82 395.2 394.546 397.556 395.124 396.157 397.48 396.644 397.206 396.37 396.94 396.096 399.015 396.492 398.088 398.848 396.879 397.168 397.457 396.596 396.902 396.066 394.196 396.925 395.047 395.154 395.443 394.698 393.763 393.961 393.307 393.505 391.627 391.064 392.114 391.642 391.609 392.229 393.883 393.552 393.618 394.048 395.52 395.768 396.388 396.909 396.487 398.629 397.653 400.043 399.067 399.224 398.802 400.183 398.744 399.546 400.158 399.372 400.472 400.05 399.562 398.404 399.388 399.727 400.066 398.999 399.338 397.444 400.388 399.412 398.436 398.13 397.46 397.311 397.559 394.532 396.004 395.21 395.367 394.3 393.324 393.572 392.596 391.62 391.132 389.668 389.668 388.692 387.716 388.692 389.668 390.247 391.132 391.463 393.175 389.834 391.455 393.076 394.052 395.119 396.277 395.938 395.508 398.808 396.972 397.46 398.37 398.767 396.468 398.271 399.983 398.999 400.066 399.082 400.885 400.546 399.562 400.538 400.563 400.133 400.456 399.364 398.074 398.959 399.1 399.687 398.794 396.677 397.074 397.124 397.157 396.818 396.388 394.635 394.875 394.9 395.024 392.907 391.807 392.32 391.981 391.179 390.336 392.768 391.718 392.372 391.992 393.2 394.706 394.607 395.443 395.336 396.089 396.925 396.264 396.438 397.001 397.746 397.829 397.358 397.822 397.252 397.062 396.674 397.609 396.948 396.568 396.37 398.24 396.644 397.29 397.1 395.124 396.34 394.546 395.2 394.82 392.844 393.87 395.656 394.82 395.2 395.58 395.116 396.811 396.72 397.48 396.735 398.24 397.685 397.974 397.32 396.484 396.955 397.335 397.252 398.103 397.54 397.457 398.027 397.001 396.066 396.264 395.701 396.271 394.873 395.443 394.599 393.854 393.961 394.622 392.099 392.388 390.692 392.114 391.179 391.609 393.544 391.344 391.476 393.618 393.957 394.759 394.544 395.528 396.818 397.339 396.735 398.298 398.546 398.976 398.372 399.009 398.959 399.207 399.546 398.479 400.224 400.472 399.405 399.471 400.546 398.834 399.727 399.421 399.487 398.511 397.626 398.428 399.412 398.37 398.527 396.972 397.311 395.508 395.938 396.831 395.119 395.367 394.3 394.639 391.703 391.397 391.62 390.644 390.644 389.18 388.692 387.716
389.668 390.644 390.644 391.62 391.951 393.572 394.548 394.3 395.276 395.301 396.74 394.532 397.468 397.311 397.063 397.46 398.279 398.767 396.559 400.992 399.247 399.578 398.751 399.082 400.794 398.586 399.38 400.72 399.711 400.224 399.794 399.819 398.926 398.959 399.009 398.372 397.661 396.586 397.562 396.735 396.396 396.909 396.198 396.231 395.52 394.42 395.024 393.552 393.883 391.468 390.848 390.137 391.171 391.362 391.627 392.099 393.026 394.333 393.854 394.326 395.352 395.154 394.774 395.701 395.784 397.753 395.959 396.803 397.92 395.944 398.194 397.533 397.616 396.955 397.609 399.76 397.974 397.404 395.899 396.644 395.321 395.876 396.811 396.15 398.392 395.2 394.82 394.44 393.87 394.25 393.414 394.166 395.77 393.528 396.53 396.066 397.48 396.826 395.899 397.404 396.841 396.948 396.484 398.27 397.335 396.59 398.103 396.796 396.423 396.596 397.183 395.032 396.355 395.701 396.362 395.154 395.443 394.88 393.763 394.515 392.174 392.099 392.479 392.768 390.427 390.418 391.89 392.32 391.162 393.461 393.618 393.957 394.85 395.95 394.883 395.776 396.396 396.735 397.835 396.586 398.976 398.852 398.066 398.405 400.431 399.546 399.794 399.372 400.381 398.735 399.38 398.495 400.703 399.727 399.421 399.735 399.429 399.495 398.519 398.304 397.146 398.039 397.642 396.575 397.559 397.807 396.186 395.119 395.367 395.615 393.415 393.572 391.86 392.199 391.132 390.644 389.18 388.692 387.716 388.692 389.668 389.668 390.644 391.372 391.306 391.612 392.1 394.3 394.143 395.301 396.095 395.847 397.65 396.484 396.972 396.815 397.791 398.767 399.28 397.626 398.511 398.999 400.066 399.173 401.348 398.586 400.48 398.735 400.381 400.133 400.456 399.546 398.744 398.959 398.827 398.579 397.57 398.546 397.744 397.587 397.248 395.412 396.661 394.453 395.611 393.957 393.618 392.907 393.883 392.32 390.848 389.194 391.262 390.51 392.851 393.687 392.637 393.68 394.044 395.732 395.443 394.302 396.18 395.701 396.355 396.066 396.91 396.803 396.332 398.202 398.194 397.624 397.335 396.955 399.106 396.096 396.841 397.404 395.808 396.735 395.048 397.1 395.124 395.96 394.364 394.166 394.63 395.656 393.68 392.844 394.82 395.2 395.58 396.241 396.53 396.157 396.074 396.826 397.206 397.594 396.659 395.914 398.072 397.898 397.335 396.59 397.822 395.762 397.92 396.803 397.464 395.032 396.818 396.925 396.081 395.336 394.219 394.88 393.763 393.68 392.844 392.099 391.718 390.51 390.708 389.955 390.203 391.559 393.792 394.776 394.561 393.866 394.85 394.544 396.752 395.594 397.157 396.735 398.48 396.677 397.57 398.852 398.827 398.496 398.744 399.546 400.53 400.042 399.157 399.314 399.471 398.495 399.479 399.082 399.396 398.999 398.42 397.444 399.743 398.767 397.791 397.303 397.642 397.311 395.508 397.162 396.095 395.028 395.276 393.076 394.639 393.572 391.215 390.884 391.62 389.42 389.18 388.692 387.716
389.668 390.156 390.644 391.62 392.596 393.572 392.679 394.391 395.276 395.028 396.004 397.807 395.508 396.666 397.46 397.46 397.146 398.676 399.834 399.495 400.562 398.999 399.512 400.488 398.834 398.495 400.207 400.447 399.066 400.224 398.388 399.546 399.207 398.959 399.563 398.372 398.976 397.231 397.562 397.587 397.248 397.554 396.57 395.28 395.33 394.048 394.379 394.594 393.883 392.32 392.072 390.046 390.799 391.064 391.718 392.19 394.531 394.333 392.448 394.789 395.443 395.336 394.865 395.891 396.264 396.438 395.504 397.746 398.011 397.077 398.194 396.499 398.088 396.492 399.106 396.948 396.659 396.37 398.24 396.735 397.48 395.694 396.72 395.116 394.364 395.291 394.911 393.125 391.248 394.25 394.63 395.291 394.546 395.96 395.314 395.884 396.074 396.735 395.808 396.279 398.065 395.914 397.609 397.898 397.335 398.848 396.416 397.077 397.457 398.027 397.001 396.347 396.264 394.295 396.081 395.154 393.739 394.789 393.763 394.424 392.935 392.835 391.809 391.064 390.799 391.179 390.203 390.914 393.883 394.594 395.024 394.048 394.85 394.453 395.528 396.818 396.487 396.272 397.562 399.191 397.57 399.133 399.1 398.959 400.431 400.398 399.794 400.133 400.29 400.72 400.207 398.404 400.331 399.727 399.421 399.735 398.511 397.535 397.874 398.676 398.436 398.527 397.46 398.626 396.914 397.716 394.78 395.119 394.052 394.3 390.901 391.794 391.951 390.239 391.132 390.644 389.668 387.559 387.716 388.692 389.668 390.644 389.999 391.62 391.86 393.572 394.548 393.076 394.143 395.028 396.186 396.492 396.914 396.484 397.642 398.527 397.055 398.304 398.428 399.495 399.247 398.999 400.554 399.727 398.834 400.546 399.835 398.735 399.62 400.133 399.794 398.388 397.429 398.959 398.711 398.67 399.348 397.876 397.835 397.38 396.396 395.958 396.107 396.322 394.85 396.124 394.933 392.907 391.807 390.914 390.575 389.955 392.114 392.768 391.809 393.687 394.341 394.333 393.953 394.789 394.012 394.302 395.808 396.925 396.355 395.123 397.183 396.34 397.068 397.077 398.103 398.848 398.088 396.492 397.609 396.948 396.932 396.552 395.899 396.644 396.074 395.876 396.53 395.96 398.392 395.2 394.82 394.25 393.87 394.25 394.82 395.2 394.546 396.15 395.405 395.975 397.48 396.735 397.206 396.37 397.974 398.354 397.328 396.955 397.616 397.533 398.103 397.077 397.176 396.34 397.001 396.628 396.636 395.61 396.362 395.154 395.443 394.789 393.763 393.68 393.398 392.554 391.536 391.916 390.708 389.773 391.791 392.229 391.344 394.776 394.379 394.9 394.85 397.637 396.479 396.818 396.487 397.033 396.983 397.231 397.661 398.852 400.026 398.496 398.926 399.364 399.794 398.727 400.29 399.38 399.38 398.495 399.388 399.082 399.421 399.09 399.338 399.586 400.388 398.676 397.791 398.527 396.972 396.575 395.508 395.847 396.095 395.119 394.143 393.076 394.639 393.572 391.86 391.62 390.487 389.42 389.18 388.692 387.716
388.535 390.644 390.487 391.62 392.596 393.572 394.548 393.076 395.276 395.119 394.871 397.162 395.69 396.484 397.799 397.303 398.436 397.452 398.519 399.586 399.338 399.851 400.066 399.173 399.479 398.586 400.207 399.405 399.248 400.224 399.794 399.364 400.059 401.68 398.802 398.091 397.57 397.322 397.562 396.735 397.248 396.909 396.107 394.635 394.85 393.957 395.396 394.776 393.122 391.559 390.666 389.955 390.799 392.768 392.57 393.505 393.398 394.333 394.706 392.92 395.443 397.784 397.024 395.701 397.099 396.347 396.91 395.488 397.068 397.54 396.879 396.499 398.088 398.08 397.609 396.948 396.568 397.685 397.396 396.454 397.48 396.066 395.124 393.528 395.861 396.697 394.911 393.216 393.68 393.034 394.82 395.2 395.77 393.528 395.124 395.694 397.48 396.735 395.808 397.404 397.122 396.948 397.328 396.492 395.656 398.848 396.879 397.168 396.423 396.803 396.91 396.066 396.636 395.701 394.683 395.154 393.466 394.789 392.448 392.927 394.341 392.463 392.57 391.362 390.708 389.194 390.575 391.857 391.344 393.552 393.8 394.718 394.85 395.189 397.604 397.091 397.157 397.587 397.562 398.728 398.976 398.372 399.935 398.959 400.522 400.398 399.794 400.042 398.975 399.314 399.719 400.455 400.703 399.264 399.884 399.396 398.602 400.992 400.388 398.213 398.436 397.948 397.551 398.626 395.508 396.492 396.74 395.119 394.143 393.928 394.548 393.572 391.306 391.463 391.132 389.668 389.18 388.204 387.716 388.204 388.692 390.644 390.644 391.62 391.86 393.018 394.639 395.524 394.143 395.119 394.871 396.492 396.914 396.666 397.642 397.485 399.015 398.122 399.743 400.231 399.983 399.851 399.421 399.636 400.149 398.495 399.562 400.356 398.975 400.042 399.794 399.546 400.522 398.496 399.472 397.909 398.976 400.043 397.719 397.38 396.669 395.594 396.752 395.768 394.85 394.42 393.982 393.552 393.883 392.229 390.385 389.955 392.296 392.768 392.57 393.505 391.992 394.515 396.112 394.789 395.443 395.336 396.18 395.428 394.287 395.975 397.464 395.951 397.457 397.259 396.416 396.59 397.062 396.955 397.609 396.948 396.568 397.404 398.24 395.42 397.29 396.157 396.53 395.96 395.77 395.2 394.82 392.844 393.87 394.44 394.82 395.2 395.58 395.96 395.405 397.1 397.48 396.917 395.99 396.461 396.94 397.411 397.609 396.955 397.335 396.59 397.822 398.665 396.514 396.34 397.001 395.032 396.264 395.61 396.271 395.336 394.682 394.789 393.763 394.424 394.341 393.687 392.388 391.916 390.708 391.361 390.575 390.914 391.807 392.907 393.064 393.866 395.33 397.637 394.122 396.719 396.487 396.735 397.744 400.043 398.976 398.372 398.711 401.68 400.522 399.364 399.794 399.372 399.248 399.405 400.48 398.586 398.834 399.727 400.066 399.851 398.511 399.495 399.371 398.213 399.015 398.13 397.642 396.484 397.468 395.938 396.004 395.855 395.276 395.524 393.324 393.572 391.86 391.62 391.132 390.644 389.668 388.692 387.716
388.535 389.668 391.132 392.108 391.86 389.834 394.548 393.076 395.367 395.119 396.186 397.071 395.599 396.484 397.915 397.46 397.055 398.676 400.388 399.586 398.602 399.09 400.066 399.727 400.24 398.586 399.744 400.629 401.696 399.372 399.794 399.546 398.074 400.274 398.802 399.133 398.885 397.322 397.719 396.735 397.248 396.719 396.661 395.28 394.85 395.735 393.064 392.907 391.162 392.229 390.848 391.642 392.296 391.362 391.718 392.281 393.398 393.68 393.672 394.607 394.219 395.336 394.865 394.758 394.469 396.438 396.91 396.803 397.068 397.077 396.416 396.218 397.062 397.898 397.328 396.096 398.065 396.279 397.297 396.826 395.048 397.001 395.124 396.241 394.546 394.166 394.911 392.844 393.68 394.25 394.82 395.2 395.77 393.528 395.124 397.1 395.321 396.826 398.24 396.461 396.932 396.948 398.072 396.492 397.335 396.218 396.416 397.259 397.738 396.34 397.001 398.696 396.727 397.206 394.592 395.154 393.466 394.789 393.763 394.333 393.398 392.554 391.809 391.916 390.708 391.551 390.666 390.914 391.344 392.816 393.618 394.42 394.759 395.95 396.57 395.594 397.43 396.735 397.562 399.191 397.479 399.315 398.802 398.496 400.522 399.546 399.794 400.042 400.563 399.314 399.562 398.586 398.834 399.727 398.106 399.578 402.704 397.535 397.874 398.767 399.685 398.13 396.972 397.402 397.559 394.532 396.004 396.616 395.367 393.655 392.679 393.018 391.951 391.62 391.132 390.156 389.18 388.692 387.716 388.204 389.18 390.644 391.132 392.199 391.951 393.572 394.639 395.706 394.234 395.764 396.277 394.532 397.559 396.484 397.46 397.303 398.279 398.122 398.519 397.444 399.983 399.578 400.066 399.727 398.834 398.586 399.653 400.72 398.975 400.133 399.885 398.504 400.34 397.76 398.066 398.372 399.067 397.413 397.835 396.735 397.248 396.818 395.528 394.453 396.074 394.139 391.84 392.816 393.792 392.229 391.336 389.955 390.708 391.064 392.388 393.505 392.935 394.515 393.763 394.326 394.012 395.336 396.081 397.206 394.378 396.347 396.24 397.936 397.457 398.665 397.822 396.59 397.616 396.955 397.609 397.32 396.568 397.685 397.206 396.826 397.48 396.066 395.314 393.528 394.364 394.166 394.82 393.034 393.68 392.844 394.82 393.984 395.861 395.96 396.72 397.1 397.48 396.735 398.24 396.461 396.932 395.914 397.609 397.989 397.335 397.252 396.97 399.608 396.514 397.746 397.092 395.032 396.727 396.925 397.024 395.154 395.443 394.88 393.763 393.68 393.398 392.372 391.809 391.453 390.336 389.773 390.575 390.914 393.883 392.816 393.618 394.42 394.85 397.728 396.843 396.818 396.487 397.587 396.983 396.677 398.976 397.909 398.711 399.141 400.522 399.083 399.794 400.133 400.29 400.629 399.719 398.495 398.834 399.082 399.421 398.445 401.389 397.626 397.874 398.767 398.461 397.485 397.642 398.626 395.69 394.532 396.095 395.119 394.143 394.391 394.639 393.572 392.596 391.62 391.132 390.156 389.18 388.204 387.716
389.668 390.156 391.132 390.975 391.86 393.018 392.1 395.524 394.052 395.028 396.095 395.847 398.783 396.575 397.642 398.618 397.055 397.452 399.743 397.626 399.429 399.396 398.751 399.636 400.149 400.637 400.48 399.405 400.472 398.818 399.794 399.364 400.431 398.496 398.711 399.133 399.067 398.728 397.719 398.629 397.248 396.909 396.752 395.95 394.114 394.42 393.618 392.907 391.807 390.914 391.609 391.179 390.708 391.362 391.809 393.505 392.637 393.68 393.854 394.599 395.352 395.336 396.18 395.519 396.545 397.753 396.91 397.746 397.068 397.077 396.416 398.848 397.062 398.27 397.609 395.914 396.568 396.279 397.206 395.048 396.165 396.066 395.124 393.528 395.861 395.2 394.82 394.44 393.68 394.44 394.63 395.291 395.861 395.116 396.72 396.72 396.165 396.454 397.206 396.37 396.568 396.948 397.791 396.492 398.088 396.218 396.416 397.449 397.068 396.34 396.902 395.032 396.264 396.925 396.089 395.154 395.443 394.88 393.672 394.515 393.117 392.099 392.942 391.246 390.336 389.955 391.336 391.468 391.807 392.816 393.618 394.42 395.611 395.768 395.528 397 397.157 396.272 399.034 398.728 395.792 399.224 398.802 398.959 397.429 399.083 398.388 399.372 400.472 399.314 399.471 398.404 397.428 399.727 399.884 398.908 398.511 400.992 398.428 398.122 399.685 398.527 397.799 396.575 395.508 394.532 396.095 395.119 394.052 395.615 394.639 393.663 392.596 392.199 391.132 389.42 389.18 388.692 387.716 388.692 389.18 390.156 390.644 390.884 391.951 393.572 392.1 394.391 394.143 395.028 396.095 397.253 395.599 396.575 397.733 397.46 398.436 398.767 400.388 397.626 399.247 399.851 399.421 400.372 400.24 398.404 399.471 399.405 400.356 399.951 399.794 400.216 400.522 401.498 398.711 398.67 400.109 397.504 397.719 397.587 397.157 396.818 396.57 395.768 395.148 394.139 393.618 392.725 392.452 392.229 391.89 389.955 390.89 390.51 391.809 392.19 394.341 393.018 396.112 394.508 395.443 396.56 396.081 395.519 396.636 396.347 397.464 396.803 397.92 395.762 397.822 396.59 397.335 398.179 397.609 396.096 397.122 396.37 398.24 396.644 397.48 397.1 396.811 396.704 395.58 393.984 394.63 392.844 393.87 394.44 393.414 395.2 395.861 393.528 395.124 395.884 395.321 396.917 395.99 397.594 396.568 395.914 394.896 398.08 397.062 397.533 398.285 397.077 396.514 396.34 396.24 397.29 396.264 396.925 396.089 396.56 395.443 395.823 393.763 393.018 392.174 393.505 392.388 391.362 392.114 390.046 391.89 390.914 391.344 394.313 393.8 393.957 394.85 396.322 396.388 397 396.487 398.629 397.835 396.586 395.792 399.687 398.802 398.959 400.522 399.546 399.794 399.372 400.563 400.72 399.562 399.901 398.834 399.727 399.421 399.578 402.704 399.586 398.428 398.031 397.7 398.13 397.642 396.575 395.508 394.532 395.516 395.21 394.052 393.746 392.679 393.018 392.596 391.463 390.487 390.156 389.668 388.692 387.716
389.668 390.156 391.132 391.372 392.596 389.834 391.455 394.3 394.143 395.301 396.277 395.938 398.411 396.575 397.46 398.775 398.436 398.767 398.428 398.271 399.983 399.487 399.396 399.727 397.519 400.728 400.943 400.538 398.975 400.042 400.158 400.398 400.431 400.274 398.066 398.67 397.57 398.546 398.943 396.735 397.248 396.818 394.883 395.768 395.148 394.42 394.561 394.594 391.807 390.914 391.791 389.955 392.205 392.768 392.57 392.554 394.622 393.018 393.763 394.88 395.352 395.336 396.089 395.701 394.378 396.438 395.959 396.803 397.738 396.796 398.194 397.533 397.335 398.08 397.328 396.948 397.974 397.404 397.206 396.644 396.165 396.72 396.811 396.15 395.58 395.2 394.82 396.872 391.248 394.25 394.82 395.2 394.364 396.241 396.811 395.876 396.074 396.454 395.808 396.37 396.568 397.229 399.106 398.179 397.616 396.78 397.822 396.796 397.457 396.803 397.183 396.157 396.355 394.758 394.865 395.336 395.443 394.326 396.112 394.333 394.341 392.099 392.479 391.916 390.799 390.418 391.89 390.914 393.701 392.725 393.064 394.718 395.338 393.808 397.422 396.719 396.487 396.735 397.835 397.231 397.57 398.372 398.711 398.496 400.431 399.546 399.794 400.042 399.62 400.447 398.404 399.901 399.388 399.727 399.884 398.42 398.511 397.535 399.189 399.412 397.791 398.618 397.46 398.047 397.468 394.532 394.78 395.119 395.276 395.706 392.679 393.663 391.86 391.62 391.62 390.735 389.668 388.692 387.716 388.692 389.18 389.668 390.644 391.62 391.86 393.572 394.73 394.3 395.367 395.028 396.004 395.847 397.559 396.575 397.642 397.948 398.279 398.767 399.189 399.495 398.511 399.735 400.554 399.264 400.149 400.637 400.298 399.405 399.62 400.133 400.158 399.083 400.522 397.76 398.918 398.091 398.976 398.728 398.48 398.811 397.248 396.909 396.57 395.007 394.114 394.048 393.064 393.552 391.807 391.468 390.385 391.179 390.708 391.064 391.809 392.099 391.992 393.109 393.763 394.789 396.568 395.336 396.081 396.925 396.264 395.884 396.91 396.803 397.457 397.077 394.712 397.624 397.062 396.955 397.609 396.948 396.568 396.37 395.808 396.735 397.48 395.694 396.72 395.116 395.58 393.984 394.82 395.656 395.276 392.844 394.82 392.768 398.392 396.15 396.811 396.157 395.048 396.917 395.808 397.404 396.932 396.096 397.328 397.898 397.062 397.252 396.78 395.944 396.423 396.803 397.464 397.753 396.636 395.701 396.18 394.972 395.443 394.789 393.854 394.424 393.307 393.505 392.57 391.246 390.336 387.904 391.89 390.914 392.659 392.907 393.8 394.42 394.759 396.322 396.57 395.412 396.396 396.735 397.653 396.677 399.067 398.67 398.802 397.76 398.744 399.819 399.794 399.372 399.248 399.496 400.207 398.495 400.794 399.264 399.396 399.578 398.602 400.992 399.743 398.767 399.015 397.948 397.799 398.626 397.559 397.807 394.78 395.301 395.367 394.3 394.548 393.018 392.596 392.199 390.487 390.338 389.668 388.692 387.716
389.18 390.156 390.644 391.62 391.86 393.572 392.861 395.524 395.367 396.434 396.095 395.938 397.559 396.484 397.063 398.709 397.791 398.676 398.428 399.495 398.42 399.76 399.421 399.082 397.428 399.81 399.562 399.496 400.29 400.133 399.794 398.388 398.074 398.496 398.711 398.372 397.57 396.677 397.471 398.811 396.487 396.909 396.57 395.098 394.85 393.866 393.709 392.907 393.883 390.914 390.385 389.864 391.353 391.825 391.536 392.19 392.455 393.109 393.763 394.607 395.443 395.336 396.271 395.428 396.264 398.696 396.058 396.34 397.92 397.077 396.416 396.59 397.335 397.989 397.328 397.411 398.346 397.404 397.206 396.644 396.074 395.694 396.811 395.96 394.364 396.606 393.414 394.622 391.248 394.25 394.911 395.2 394.364 393.528 396.72 395.694 396.074 396.826 395.899 397.594 397.122 397.411 399.015 396.492 397.062 397.624 396.879 395.762 397.176 397.746 397.464 396.347 396.545 396.925 396.081 394.211 394.219 394.88 393.763 393.018 392.935 392.554 392.57 391.064 391.262 390.137 391.89 391.005 391.162 392.907 393.8 394.9 394.875 396.322 396.107 396.818 397.339 397.587 397.744 398.728 397.57 398.372 399.1 398.959 400.431 399.819 398.388 399.951 399.066 399.405 399.562 398.586 399.479 401.042 399.421 399.578 399.247 399.495 400.016 398.767 397.791 397.303 396.972 396.575 395.508 397.253 396.095 396.434 394.052 393.167 393.324 393.018 392.596 392.199 390.396 390.156 389.18 388.204 387.716 387.559 389.18 389.668 390.644 392.108 392.596 393.018 394.639 394.3 395.367 395.119 396.831 395.938 399.056 396.666 397.063 397.46 397.146 398.304 399.371 399.586 398.602 399.851 399.33 399.636 400.331 401.77 400.48 399.405 399.62 398.818 400.456 398.504 400.522 398.496 398.711 399.224 399.348 398.728 397.835 396.735 397.248 396.818 396.57 394.635 396.074 394.718 393.618 393.552 391.344 393.544 390.666 391.361 390.336 391.916 391.809 392.372 392.455 394.143 394.044 394.698 394.012 395.336 396.362 395.61 396.264 397.29 396.91 396.803 397.738 397.259 396.416 397.624 397.335 397.898 396.484 397.32 397.122 396.37 395.899 396.735 395.321 395.694 396.53 396.241 394.364 394.166 393.414 394.25 395.276 394.25 394.82 395.2 394.364 395.96 395.405 395.694 397.29 395.048 398.24 397.404 397.974 397.32 397.328 397.989 397.335 396.218 397.822 397.168 397.457 397.746 397.464 398.696 398.042 397.206 395.047 395.245 395.443 394.789 395.169 393.961 392.844 392.19 391.718 391.916 390.708 391.46 390.575 393.544 393.792 392.907 395.024 394.139 395.611 394.544 396.107 396.909 396.578 397.587 397.835 396.677 398.331 397.818 398.802 398.959 399.207 399.546 400.53 400.224 400.29 399.405 400.298 398.404 400.24 399.727 399.396 399.396 399.429 399.586 399.743 398.031 397.791 398.527 396.972 396.575 397.65 394.532 396.095 395.028 395.276 393.655 394.548 393.572 391.215 390.975 391.132 390.644 389.668 388.692 387.716
389.668 390.156 391.711 390.884 391.306 393.572 392.1 394.3 395.367 395.301 394.78 396.492 395.599 398.626 397.46 397.303 397.7 398.767 399.743 397.626 398.511 398.999 400.554 399.264 400.885 400.728 399.835 399.405 399.711 400.224 398.388 398.504 399.207 398.959 399.29 398.67 398.976 398.728 398.298 397.587 396.487 396.818 396.479 395.95 394.85 394.139 395.024 393.552 393.883 392.229 392.163 391.46 392.205 390.973 392.57 392.099 393.026 394.333 392.448 394.88 395.443 397.784 396.081 394.758 396.264 396.066 397.001 396.34 397.92 397.259 396.78 398.848 397.062 398.08 399.015 396.948 397.974 397.685 397.305 396.735 395.321 394.288 396.811 396.241 394.364 395.2 394.82 394.25 393.87 392.844 393.414 395.481 394.364 395.96 396.72 397.001 397.29 396.917 395.899 396.279 396.568 396.948 397.609 396.748 397.062 397.252 397.061 397.168 397.176 396.34 397.183 396.347 397.099 395.61 395.047 394.211 395.443 394.88 393.672 393.961 392.174 392.19 391.809 391.246 392.114 391.179 390.666 391.468 393.883 392.634 394.379 394.048 396.074 397.637 396.289 397 397.157 396.735 398.298 396.586 397.661 398.091 400.026 398.959 398.744 399.083 399.794 399.372 399.066 399.405 399.38 400.455 398.834 399.173 399.421 399.09 398.42 399.495 398.519 398.213 398.37 398.527 396.972 396.575 397.559 397.071 395.516 395.119 395.367 395.524 394.548 393.018 392.53 391.62 391.132 390.156 389.18 388.692 387.716 388.692 389.18 390.156 391.132 390.884 393.175 391.612 394.639 394.3 395.367 395.119 394.871 397.807 397.559 396.666 396.972 398.13 397.791 398.213 399.28 397.626 398.511 399.578 398.751 399.636 399.388 400.546 399.653 399.405 399.711 400.042 399.794 399.546 400.059 398.959 400.026 398.372 400.2 399.282 397.562 396.272 397.339 397.554 396.289 395.768 394.875 393.866 395.024 392.907 391.807 392.411 391.981 390.418 390.336 390.692 392.479 392.372 394.341 394.424 394.706 394.789 395.443 395.336 396.089 396.925 396.264 398.696 396.91 396.803 397.176 397.259 396.416 396.59 397.335 396.492 397.328 398.354 396.75 397.685 398.24 395.693 397.48 397.1 396.72 393.528 395.861 395.2 393.414 394.25 393.87 393.216 394.82 395.2 395.58 395.116 395.405 397.1 395.321 396.454 397.206 397.404 396.568 397.411 397.791 396.955 397.062 398.848 398.194 396.796 394.744 396.803 397.464 395.884 396.727 395.519 394.592 395.336 395.443 394.789 393.672 393.109 393.307 392.19 392.57 391.362 392.205 391.179 390.575 392.32 391.807 393.461 393.709 394.42 395.52 395.098 394.122 396.719 397.248 398.05 397.835 398.728 397.57 399.224 399.29 399.72 400.431 399.083 399.794 398.818 399.066 398.735 399.562 398.404 399.388 399.727 399.884 399.396 398.602 401.455 399.925 398.122 397.055 397.485 397.46 396.575 395.508 397.716 394.78 395.21 396.591 394.3 394.548 393.572 392.596 392.199 391.132 389.668 389.668 388.692 387.716
389.18 390.156 391.62 391.62 391.951 391.612 393.324 394.3 394.143 395.119 396.74 396.492 395.599 397.311 397.46 397.303 398.37 396.898 397.874 401.455 398.602 399.578 400.066 399.264 400.794 399.81 400.389 399.405 400.381 398.727 399.794 398.504 400.522 400.274 398.802 397.909 398.331 396.677 397.628 398.05 397.248 396.909 397.604 395.28 394.85 394.139 393.618 394.776 391.807 391.857 391.981 388.549 390.336 391.453 391.627 392.008 394.622 393.68 393.482 394.698 394.037 394.302 396.271 396.164 396.264 396.628 397.183 398.027 394.926 397.077 397.822 397.252 397.062 397.989 397.609 396.948 396.568 399 395.899 396.826 395.048 397.1 395.124 396.704 395.77 393.984 394.911 394.25 393.87 394.531 394.82 395.2 396.986 395.116 396.53 397.282 396.165 396.644 397.305 397.404 396.94 395.914 397.609 396.492 398.088 398.848 398.194 396.986 397.176 396.34 397.464 396.347 396.264 396.925 394.683 395.336 395.443 394.789 393.672 394.424 391.992 393.687 392.479 392.768 390.336 391.551 391.791 392.502 393.792 394.776 393.064 394.42 395.148 395.189 395.528 396.909 397.248 396.272 397.835 400.043 398.976 398.372 398.802 398.405 398.074 399.546 400.456 400.133 401.605 400.447 399.38 398.495 400.794 399.727 399.421 399.578 399.338 399.495 396.559 398.304 398.37 397.485 397.063 397.493 399.428 397.162 394.871 396.525 394.143 393.746 392.1 393.018 392.596 391.62 390.644 390.156 389.759 388.692 387.716 388.204 389.18 389.668 391.802 391.62 392.596 393.572 394.548 394.3 395.367 395.21 396.095 396.492 397.559 397.311 397.063 397.485 397.7 398.122 396.559 399.495 398.42 398.445 398.751 399.264 400.976 398.495 399.562 399.405 400.29 400.133 399.794 399.364 400.522 400.274 398.711 397.818 398.976 397.322 397.835 398.05 396.396 396.909 396.479 397.728 394.759 393.957 393.8 392.907 393.883 392.32 391.89 390.418 390.799 390.51 392.57 393.505 392.844 394.424 393.763 394.789 395.352 394.972 396.18 395.701 396.264 395.975 397.001 397.936 396.514 398.665 397.822 397.252 398.088 398.179 397.609 397.32 396.568 396.37 397.206 396.826 397.48 397.001 396.53 395.96 394.364 395.2 394.63 395.656 393.68 394.25 394.82 395.2 394.364 396.241 395.496 396.157 397.48 396.735 398.24 397.404 396.568 397.411 395.078 396.955 397.335 397.533 396.97 397.259 397.829 398.027 395.504 396.066 396.818 395.891 396.271 395.154 395.443 394.698 393.862 393.68 394.341 392.372 391.627 392.859 392.114 391.179 391.89 392.039 393.122 393.552 393.618 394.718 394.85 396.322 396.479 397.48 396.487 397.587 396.404 398.728 397.57 398.579 398.827 401.68 400.34 399.364 400.53 398.727 399.157 400.447 399.719 400.728 400.794 399.082 398.751 399.487 402.704 399.495 399.834 398.122 398.37 397.485 397.799 397.402 397.468 396.492 396.831 395.855 394.143 393.076 390.992 393.572 392.596 391.62 391.223 389.668 389.18 388.692 387.716
389.18 389.668 391.62 391.62 392.596 393.572 392.679 395.524 394.904 395.119 395.516 395.847 395.508 396.575 397.063 398.13 397.791 398.767 399.371 397.626 399.338 399.735 399.421 399.727 400.703 398.586 399.653 400.811 401.696 399.372 400.53 400.216 399.207 401.68 398.802 399.224 399.067 398.728 397.835 398.72 396.396 397.091 395.528 396.322 395.611 395.09 395.024 391.476 393.883 393.544 391.336 390.046 390.336 391.916 391.809 392.19 394.531 394.424 394.706 395.823 395.443 395.154 395.047 396.925 396.727 396.066 396.24 397.936 397.176 395.762 396.416 397.252 398.088 397.898 397.328 397.411 396.568 397.685 398.24 396.826 395.594 394.288 395.405 395.96 394.364 395.2 394.63 394.25 393.68 393.125 394.82 395.2 395.77 395.96 395.124 395.694 396.074 396.454 397.206 396.461 396.75 399.76 398.072 398.179 397.062 398.848 397.822 397.259 397.176 396.34 397.464 396.438 396.818 395.701 395.047 397.784 395.443 394.88 393.854 394.515 393.307 392.099 391.809 391.362 390.708 391.551 390.575 391.576 393.883 392.907 393.709 394.42 395.148 395.768 395.528 396.818 397.157 397.496 397.835 397.322 398.885 399.133 398.802 398.959 400.522 400.216 399.794 400.224 400.29 400.538 399.744 398.586 398.834 399.727 399.421 398.536 399.338 399.586 399.743 398.122 398.461 397.485 397.708 396.575 397.559 395.938 393.556 395.119 394.143 394.3 392.1 393.018 392.596 391.463 390.669 390.247 388.535 388.692 387.716 388.692 389.18 390.156 390.644 391.62 391.86 391.703 394.548 393.076 394.143 395.119 396.095 396.492 395.599 396.575 397.642 398.436 397.791 398.676 398.428 397.535 399.338 399.09 400.066 399.727 400.24 399.901 399.562 400.629 399.157 400.042 398.388 399.364 399.207 398.496 398.802 399.687 398.976 398.546 397.653 396.735 397.339 397.182 396.843 395.768 395.057 394.9 395.024 392.907 393.883 391.857 391.89 390.046 390.799 392.768 392.479 393.687 394.25 393.109 394.706 394.88 394.219 394.873 396.18 395.701 396.264 398.696 397.282 395.951 396.332 398.665 396.78 398.848 395.656 397.898 397.609 396.948 396.568 397.404 398.24 396.735 396.256 396.157 395.777 396.241 394.364 395.2 394.82 394.25 393.87 392.844 394.82 395.291 395.58 395.116 395.405 395.694 396.074 396.735 398.24 396.742 397.974 399.76 395.078 397.989 397.062 396.59 396.97 395.762 397.457 396.34 397.001 396.347 396.545 395.61 396.362 395.336 394.128 394.88 393.763 393.018 391.992 392.19 391.718 392.859 391.262 389.955 391.89 393.544 393.883 392.725 394.561 395.363 394.759 394.453 396.388 396.818 397.248 397.38 398.298 398.728 398.976 399.687 398.711 398.405 400.522 399.546 399.794 398.727 399.711 400.538 400.298 401.489 399.479 399.727 399.396 398.42 399.338 399.495 400.388 398.122 397.146 397.485 397.46 396.484 395.599 397.162 396.095 395.119 395.367 393.167 394.548 393.018 392.596 391.62 391.132 390.644 389.668 388.204 387.716
389.668 390.735 390.644 391.62 391.951 393.572 394.639 395.615 394.143 395.119 396.74 395.847 395.508 396.484 397.46 398.527 399.015 400.082 398.519 400.231 401.298 399.396 399.396 399.727 400.794 398.495 399.38 399.314 399.157 400.042 398.57 399.546 398.744 398.959 398.711 399.042 398.794 396.586 397.835 397.38 397.248 396.909 396.479 396.322 395.52 395.09 393.8 392.907 392.659 391.576 390.203 391.361 390.708 392.768 391.627 392.19 391.992 393.68 393.763 394.789 395.443 396.56 396.081 395.519 396.727 395.975 396.24 396.621 397.457 396.796 398.285 398.848 397.335 396.748 399.015 395.914 396.932 397.685 395.899 396.644 397.48 395.884 395.405 396.241 395.861 394.075 394.63 394.25 395.276 394.25 394.82 395.2 396.043 396.241 395.496 396.157 396.165 396.644 397.206 396.37 396.932 396.948 399.015 398.27 397.335 396.218 396.416 397.168 396.423 396.803 396.902 398.696 394.469 396.925 396.081 395.154 395.443 394.88 396.112 394.424 391.992 392.554 392.479 392.768 392.114 390.046 390.666 390.914 393.883 392.907 395.024 393.957 394.759 397.546 394.883 397.091 397.157 396.735 397.835 398.728 398.976 398.372 398.918 401.68 400.522 398.504 399.794 399.372 399.066 399.405 399.471 398.586 400.149 400.372 399.884 399.76 401.298 397.626 399.925 398.767 397.7 398.618 397.642 396.484 395.508 395.847 396.095 395.028 395.367 393.746 394.73 393.572 392.596 391.62 389.999 390.156 389.668 388.692 387.716 388.692 389.18 389.668 391.62 392.108 392.596 393.572 394.639 394.3 395.367 395.119 395.516 395.847 397.65 396.484 397.642 397.394 399.685 397.452 396.559 397.535 399.429 399.578 400.554 400.397 397.519 400.728 399.562 400.356 401.696 400.042 399.794 399.364 398.926 399.72 397.396 398.852 398.976 398.728 397.835 396.272 396.785 395.594 394.122 396.322 395.148 394.718 395.024 392.907 391.344 392.32 390.203 387.904 391.171 390.692 392.479 393.687 393.307 394.424 393.953 394.88 395.443 395.154 396.081 396.925 396.545 396.066 396.902 395.86 397.92 397.259 397.822 397.624 397.335 396.955 397.328 397.411 397.974 396.461 398.24 396.644 396.074 395.694 395.405 393.528 394.364 395.2 394.82 395.656 393.87 395.656 394.82 395.2 394.364 393.528 395.124 395.694 397.29 396.735 395.808 397.404 397.974 396.948 397.609 398.08 397.335 397.252 398.194 395.762 397.457 397.746 396.24 395.975 396.727 395.701 396.089 395.336 394.128 392.92 393.953 394.515 394.44 392.19 392.388 392.768 392.296 389.955 390.848 392.32 393.883 392.725 393.8 394.048 396.074 395.098 394.883 395.412 396.967 397.587 397.835 398.728 399.348 398.091 398.711 398.959 398.074 399.364 398.388 400.133 400.29 400.447 399.835 400.546 400.885 399.727 398.751 399.735 399.338 397.626 399.743 397.452 399.594 397.485 397.551 397.22 395.508 396.492 396.74 395.855 396.682 395.524 394.639 393.572 391.86 391.62 390.644 390.156 389.18 388.692 387.716
389.668 390.735 391.132 391.62 392.596 393.572 392.1 394.3 394.052 395.119 396.095 397.807 398.783 397.311 396.972 398.709 398.37 399.412 400.016 397.626 399.247 398.42 400.554 399.173 397.519 400.455 400.207 399.405 399.711 400.224 399.794 398.388 400.522 398.496 398.711 399.224 397.57 398.728 397.719 397.587 397.248 395.594 396.479 395.95 395.33 396.124 393.064 392.725 393.883 392.229 391.89 391.551 392.114 392.768 392.57 393.505 394.341 393.961 393.672 394.88 394.128 394.782 395.808 396.925 398.042 395.123 396.24 396.803 396.332 397.168 398.103 396.218 398.088 396.492 397.328 399.76 396.75 397.404 395.899 396.644 395.594 395.694 396.53 393.528 395.58 395.2 394.82 394.44 395.276 394.44 394.82 395.2 394.364 395.116 395.314 396.157 397.29 396.917 397.206 396.37 396.75 397.411 396.484 396.492 397.335 398.848 396.416 395.762 397.457 398.027 396.91 395.032 396.264 394.295 394.683 394.211 395.443 394.599 395.169 392.927 394.341 392.099 392.942 390.973 390.129 391.179 391.518 392.229 393.122 394.594 395.024 394.42 395.512 394.635 394.883 395.776 397.43 397.38 396.404 398.728 399.348 399.133 398.827 401.68 399.968 399.364 398.479 399.372 401.605 400.447 400.298 399.81 399.388 400.306 400.554 399.851 398.42 397.626 397.874 398.767 398.552 398.527 397.063 399.362 397.559 395.938 396.186 396.434 394.143 395.524 394.548 393.572 391.951 391.463 391.132 390.644 389.18 388.692 387.716 388.204 389.18 389.668 390.487 392.199 391.951 393.018 392.679 393.076 394.143 395.028 394.78 394.532 395.508 396.666 396.972 398.13 397.7 398.304 398.519 399.495 398.511 399.578 399.421 399.264 398.834 400.546 399.562 400.72 400.381 400.224 399.794 399.819 398.074 398.959 398.711 399.687 398.976 398.728 397.835 396.272 397.248 395.958 396.479 396.231 394.759 396.124 393.8 392.907 393.883 390.914 390.575 389.773 390.799 392.859 391.809 392.835 393.026 393.572 395.169 394.789 394.012 394.873 396.362 395.61 398.042 397.753 397.464 395.488 397.176 395.944 396.97 396.218 398.088 396.674 397.328 396.948 396.659 397.685 397.305 396.454 396.074 395.694 395.314 396.15 395.58 395.2 394.82 392.844 393.87 393.034 394.44 395.2 398.392 396.522 395.405 395.975 397.571 396.454 395.899 396.37 397.974 395.914 397.609 396.674 397.335 397.252 396.879 397.449 397.068 398.027 395.504 396.347 396.264 395.982 394.774 395.336 394.128 394.88 393.763 394.515 394.341 393.687 392.57 392.768 390.799 389.194 391.791 391.559 393.883 394.776 395.024 394.9 394.114 397.083 396.198 395.594 397.248 398.72 397.835 396.768 398.794 398.372 398.827 398.496 400.059 399.546 398.388 400.224 399.157 399.405 400.207 399.81 400.149 399.264 399.33 399.735 399.247 399.495 399.28 398.213 398.552 398.13 397.642 396.575 395.599 395.847 396.095 395.028 394.052 393.076 394.639 393.018 391.86 391.62 390.487 390.644 389.759 388.204 387.716
389.668 389.511 389.999 390.975 391.951 393.572 392.588 393.076 394.052 395.119 395.516 397.162 397.468 396.575 397.46 397.485 398.436 398.304 399.925 397.535 399.429 398.999 399.396 399.727 400.976 400.546 399.653 399.38 398.975 398.727 399.794 400.398 400.522 398.959 398.802 399.224 399.067 396.677 398.48 398.72 396.396 396.909 396.38 395.28 394.759 393.866 394.379 394.776 391.807 391.857 392.072 391.179 390.708 392.768 392.388 392.463 394.44 394.143 393.763 394.88 395.352 393.748 396.271 395.428 396.636 396.066 397.464 395.951 397.457 397.168 398.103 398.848 397.062 397.898 397.518 397.229 396.841 396.461 395.808 396.735 396.074 396.066 395.405 396.241 394.364 394.075 394.82 394.25 395.276 394.44 394.82 393.984 395.58 394.934 395.405 396.066 395.048 396.644 398.24 397.685 396.75 397.229 397.328 397.898 397.335 396.218 398.194 397.168 397.457 397.746 397.183 396.438 394.196 395.519 394.683 395.154 395.443 394.789 393.862 394.333 392.935 393.505 392.388 390.51 391.171 390.418 390.575 392.502 393.883 393.552 394.933 395.942 394.759 395.098 396.107 396.909 397.157 396.272 397.744 396.586 398.976 399.224 398.711 400.274 398.074 399.083 400.158 400.042 399.066 400.538 399.562 400.637 400.703 399.082 399.421 399.578 400.744 397.626 396.468 398.031 397.7 398.709 398.287 396.484 395.508 396.492 395.516 395.119 394.052 393.167 394.639 393.018 392.596 390.975 391.132 390.644 389.668 388.204 387.716 388.692 389.18 389.42 391.62 392.108 392.596 393.018 392.77 395.524 395.367 395.119 396.831 397.071 398.874 396.484 397.642 397.46 397.055 398.122 397.874 397.535 399.247 398.999 400.554 399.636 399.479 399.81 399.562 399.405 398.975 400.133 398.388 400.216 398.074 399.141 398.802 398.372 398.976 397.322 397.744 398.811 397.248 396.818 396.38 395.768 395.611 394.42 393.8 392.907 393.883 391.468 391.89 391.088 391.262 392.768 391.718 393.505 394.622 393.961 395.169 394.326 393.739 395.154 396.081 395.891 396.727 397.29 397.464 395.951 397.176 397.358 397.822 397.624 398.088 396.955 395.26 396.096 396.932 397.404 395.899 396.644 396.074 395.694 395.405 396.241 398.392 392.768 394.82 394.44 395.276 393.034 394.82 395.2 395.77 395.96 396.53 397.1 396.165 396.454 395.8 396.461 397.974 395.914 397.609 396.492 397.062 398.848 396.416 397.259 396.423 396.803 395.959 395.884 396.355 395.61 394.865 396.56 395.443 394.326 393.763 394.515 394.341 393.687 392.57 391.362 390.89 390.046 391.89 394.768 393.883 391.476 393.618 393.866 394.85 394.635 394.767 396.909 395.842 397.587 397.562 399.191 398.976 399.224 398.066 398.959 398.074 400.398 399.794 398.818 399.066 399.314 399.562 401.307 400.149 400.372 400.066 399.735 399.247 397.626 397.965 398.213 397.055 398.527 397.642 396.575 395.599 394.532 396.277 395.21 394.788 393.076 392.1 393.572 392.596 391.62 390.644 390.644 389.18 388.204 387.716
389.18 390.644 390.644 391.62 392.596 391.794 394.639 393.167 394.234 395.028 396.095 394.532 397.559 397.493 397.915 397.948 397.146 399.412 399.743 398.271 398.602 398.999 398.66 401.042 400.331 398.404 399.562 399.405 399.62 400.042 399.794 399.819 400.522 398.959 399.935 398 397.016 400.597 397.835 398.811 397.248 395.503 395.528 395.768 395.983 395.272 395.024 393.552 393.792 392.229 391.336 391.088 392.114 390.51 392.57 392.19 394.531 393.018 393.763 394.88 395.443 394.972 395.99 394.295 396.355 398.696 395.959 398.027 396.514 396.796 398.103 398.848 397.335 398.179 397.609 398.354 396.932 397.867 397.396 396.826 396.074 397.001 396.72 397.556 395.58 395.291 394.82 394.44 393.87 394.25 394.82 394.166 395.77 395.116 395.405 395.694 397.29 396.644 395.808 397.685 396.568 397.32 397.328 397.989 397.335 397.252 396.78 397.54 397.457 396.34 397.183 396.438 397.951 396.925 396.081 396.378 393.466 394.698 394.706 393.68 394.531 392.099 392.388 391.064 390.89 391.361 391.89 392.32 393.883 393.552 395.115 393.866 395.611 395.007 394.883 395.594 396.487 397.587 397.835 398.728 399.348 399.224 398.802 400.274 400.431 398.504 398.388 398.727 399.711 400.447 400.207 398.404 400.794 400.488 400.066 398.42 398.42 399.586 396.559 398.122 399.015 398.775 398.56 397.493 396.914 395.847 396.095 395.028 394.052 393.076 392.1 393.018 392.596 391.62 390.396 390.156 389.668 388.692 387.716 388.204 389.668 389.668 389.908 390.975 392.596 393.572 392.679 392.522 395.276 395.119 396.095 397.716 395.508 397.493 397.799 398.13 399.015 399.412 398.428 397.626 399.429 398.999 398.751 399.727 399.479 400.455 399.562 400.538 400.563 399.372 400.456 399.546 400.522 401.68 399.472 398.372 397.57 398.728 398.48 396.735 397.157 396.909 396.57 397.083 394.875 393.957 393.8 392.816 391.344 391.576 390.575 391.361 390.708 391.362 391.718 392.372 393.398 394.515 392.448 392.92 395.352 395.154 394.584 395.701 396.264 398.696 397.001 396.803 397.457 397.259 398.103 397.533 397.335 398.27 397.328 396.948 396.932 396.461 395.899 396.735 397.29 395.975 396.72 395.116 394.364 395.291 394.82 393.034 393.87 394.25 394.82 395.2 394.364 395.96 396.811 394.288 397.48 396.735 397.305 397.776 396.94 398.354 396.666 396.492 397.062 397.624 397.822 397.259 397.176 396.34 395.504 395.884 396.727 397.297 395.99 394.302 395.443 394.789 393.763 393.961 394.44 392.099 392.479 392.859 391.353 390.418 391.89 390.914 391.807 394.776 391.84 395.363 395.52 397.083 396.57 395.594 397.248 398.72 397.835 398.546 398.976 398.372 398.802 398.959 398.074 399.546 398.388 399.372 399.066 399.496 399.562 399.901 400.331 399.727 400.066 398.999 400.562 397.626 398.428 397.452 398.279 397.303 397.799 396.575 396.914 395.847 396.74 395.119 394.143 393.076 393.324 393.572 393.175 391.62 389.999 390.156 389.18 388.204 387.716
389.759 390.156 391.62 391.372 391.951 393.572 394.639 394.3 395.367 396.434 396.004 394.532 396.914 396.575 397.642 398.13 398.37 398.122 398.428 397.626 398.511 399.487 399.603 399.264 399.479 399.81 400.207 400.538 399.711 400.224 399.794 400.216 398.744 398.959 398.066 398.67 397.57 397.231 398.207 396.735 396.487 396.909 395.412 394.635 394.759 395.09 394.561 391.476 391.344 390.914 390.385 390.046 390.336 390.51 392.388 392.099 391.992 393.961 393.763 394.698 395.443 395.336 396.18 395.982 396.545 396.066 396.902 397.746 397.457 396.796 396.97 397.252 397.062 396.955 397.609 397.229 396.568 396.37 398.24 396.644 396.074 396.72 395.124 396.613 395.77 395.2 393.414 393.034 393.87 393.125 393.414 395.2 395.77 393.528 395.496 396.72 396.074 396.644 395.8 397.404 396.568 399.76 399.106 396.492 398.088 396.689 397.822 399.608 396.332 398.027 395.959 395.884 395.693 395.428 396.362 396.56 393.739 394.88 393.953 394.515 393.026 393.505 391.809 391.916 390.981 389.955 390.575 392.229 391.162 392.907 394.933 393.957 394.875 397.637 395.528 395.958 397.157 397.587 397.628 397.876 397.57 399.712 398.711 398.405 399.877 400.398 398.479 398.727 401.696 398.735 399.562 400.455 397.519 399.727 398.751 399.396 399.983 398.271 396.468 398.213 397.7 398.618 397.642 396.666 397.559 395.847 394.78 395.119 395.367 392.522 394.548 391.612 391.86 390.884 390.644 389.42 389.668 388.692 387.716 388.692 389.668 389.668 390.487 391.62 392.596 393.572 391.546 393.076 394.143 395.119 396.74 397.162 397.559 396.575 397.063 398.13 398.924 398.676 400.016 401.455 398.602 399.396 400.066 399.264 400.794 400.455 399.835 399.496 399.711 400.133 398.479 399.364 400.431 398.959 398.711 398.852 398.885 400.043 397.835 397.587 397.157 397.48 396.388 395.28 394.85 394.139 393.618 394.776 391.807 392.32 391.791 388.549 391.353 391.916 391.718 393.505 394.531 394.424 393.763 394.88 395.443 395.336 396.081 395.61 394.196 397.753 395.959 398.027 396.332 398.665 395.746 396.59 397.335 396.674 397.328 399.76 396.568 396.37 395.8 396.644 395.048 395.694 396.53 395.116 394.364 394.166 394.82 395.656 393.87 394.25 394.721 395.2 394.364 395.96 395.496 395.884 396.074 396.644 395.899 397.404 397.974 397.32 396.484 397.989 397.335 397.252 397.822 395.762 397.176 397.746 397.001 395.032 396.264 395.701 394.865 393.748 395.443 392.92 393.854 394.515 393.398 392.835 392.479 391.428 390.89 389.955 391.609 392.32 391.344 392.725 393.618 394.42 394.759 396.322 394.122 396.818 396.396 398.72 397.719 398.728 397.57 398.372 398.711 398.959 398.926 399.546 399.794 399.372 400.472 399.405 399.744 400.546 397.519 399.173 400.066 398.999 399.338 397.535 399.834 398.767 397.7 397.948 397.46 398.626 395.508 396.492 394.871 395.119 394.052 395.524 391.546 393.572 391.86 392.108 391.132 389.668 389.18 388.692 387.716
389.18 390.644 391.711 390.148 392.596 393.018 394.73 394.391 394.052 395.301 395.516 397.071 396.914 396.575 397.642 397.948 398.461 398.767 398.428 399.586 398.693 398.999 398.751 399.264 398.834 399.81 399.562 400.72 399.066 398.727 399.794 399.364 398.074 398.496 398.711 399.042 397.57 398.728 397.835 397.496 396.396 395.503 396.198 393.808 394.966 394.718 393.8 392.907 392.196 391.857 391.89 390.327 390.89 391.064 393.794 392.835 394.341 393.961 393.953 394.88 396.568 397.784 394.865 397.206 396.264 396.347 396.91 396.803 397.457 397.077 395.746 397.252 398.088 396.955 397.328 395.914 396.932 397.685 398.24 396.917 397.48 397.001 396.53 395.96 395.77 395.2 394.82 394.25 393.87 394.531 394.82 395.2 395.58 395.116 395.496 396.91 395.321 396.644 395.899 396.37 396.75 399.76 397.518 396.748 397.062 398.848 397.822 396.986 396.423 397.746 396.902 395.032 396.264 395.701 394.774 395.154 395.443 394.599 394.706 393.68 392.844 392.744 392.57 390.51 392.205 391.361 390.575 392.32 391.162 394.776 394.561 393.957 394.759 395.007 396.38 395.594 396.785 396.272 398.298 396.677 397.57 398.091 398.711 398.496 396.784 399.083 398.388 400.133 399.248 400.72 400.48 400.728 399.388 399.727 399.421 399.851 402.704 397.626 399.28 399.412 398.461 397.46 397.46 400.768 395.69 397.344 396.095 395.028 395.367 394.3 393.324 393.018 391.86 391.463 389.908 390.644 389.668 388.692 387.716 388.692 389.668 389.668 390.644 392.108 392.596 393.572 392.77 395.615 396.682 395.119 394.871 397.807 395.508 397.311 397.642 398.618 397.791 398.767 399.189 397.626 398.42 398.999 399.396 399.636 397.519 400.546 399.835 400.538 398.975 399.579 399.794 399.083 400.431 401.68 400.026 398.67 399.067 396.768 397.38 396.272 397.157 395.958 396.752 395.28 394.85 394.42 395.024 394.594 392.196 392.039 392.552 390.418 390.336 392.768 391.809 393.687 393.307 394.424 393.763 392.92 395.443 394.302 396.18 395.701 396.264 398.696 395.595 396.34 396.423 398.665 398.103 398.848 397.616 396.955 397.791 399.76 396.841 397.404 398.24 396.644 395.048 395.694 396.53 393.528 395.861 395.2 394.63 395.656 393.68 392.844 394.82 395.2 394.364 395.116 395.496 395.694 396.074 396.644 398.24 396.37 398.346 397.692 397.609 397.989 397.062 397.624 394.712 397.077 396.332 397.746 395.504 395.884 396.264 395.891 396.271 394.302 395.443 392.92 393.763 392.927 393.117 392.19 392.479 391.362 391.171 390.046 390.848 392.229 392.452 392.907 393.8 394.42 395.33 394.635 396.289 396.818 396.396 397.38 398.298 396.586 399.067 398.67 399.29 398.496 400.431 398.504 399.794 400.042 399.157 400.538 399.562 400.546 399.479 399.727 399.396 399.09 398.511 399.495 399.371 398.213 397.791 398.13 397.063 396.484 397.559 397.253 394.871 396.434 394.143 394.3 394.639 393.572 392.596 390.884 390.644 390.644 389.668 388.692 387.716
389.668 389.511 391.132 391.62 392.596 393.018 392.679 395.615 394.052 395.028 396.095 396.492 397.559 396.666 397.46 398.527 398.279 397.452 399.189 400.992 399.429 398.999 399.396 399.727 400.24 399.81 399.471 400.05 400.381 398.818 398.479 399.546 400.522 398.959 398.827 399.224 397.57 398.728 397.835 397.38 396.487 396.909 396.107 395.098 394.85 393.957 394.561 392.725 392.452 392.32 390.848 391.179 392.205 391.064 392.479 393.687 393.307 393.961 393.854 394.789 393.739 396.56 394.592 395.701 397.099 396.628 395.504 396.34 397.457 397.259 397.822 398.848 397.335 398.179 399.015 397.229 396.568 397.594 397.305 396.644 395.321 397.191 395.124 396.241 394.364 395.2 392.008 394.44 393.87 394.44 394.82 395.2 395.861 396.15 395.496 396.157 397.48 396.454 398.24 397.594 396.568 396.948 397.791 397.228 398.088 396.218 397.822 397.077 396.423 397.746 397.936 395.123 396.264 395.891 394.683 395.336 395.443 394.88 393.854 393.018 393.307 393.687 392.388 392.768 390.336 389.773 391.518 390.914 392.196 394.594 394.933 394.048 396.074 395.95 396.57 396.909 396.396 396.272 398.298 398.728 398.976 397.818 398.711 401.68 398.074 399.546 400.456 399.951 399.62 400.72 399.719 398.495 400.703 400.397 400.554 399.578 398.42 399.495 399.743 398.213 397.146 398.13 397.915 396.666 395.508 395.938 396.095 395.028 394.143 394.391 392.679 393.572 391.951 392.108 390.644 390.644 388.692 388.692 387.716 388.692 389.759 390.156 390.644 391.372 392.596 393.572 393.324 395.524 395.276 395.764 396.186 398.452 397.468 397.493 397.063 398.13 398.436 398.122 398.428 399.586 398.511 399.578 399.421 399.082 398.834 400.455 399.38 399.405 398.975 400.224 399.885 399.546 399.298 401.589 398.827 399.687 397.57 398.728 399.034 398.811 397.43 395.776 394.767 394.453 396.074 393.866 395.024 392.907 393.883 391.857 391.89 390.418 391.353 392.768 392.388 393.505 394.531 393.018 393.763 392.92 395.443 395.154 394.774 395.61 397.951 396.066 397.001 396.803 397.738 395.762 398.103 397.252 395.656 397.898 397.791 396.948 398.065 396.37 395.899 396.917 395.321 395.876 395.405 396.15 395.861 395.2 394.82 393.034 393.87 394.25 394.82 395.2 395.58 396.241 396.72 395.876 395.048 396.644 397.206 396.37 396.75 397.411 397.328 396.955 397.335 398.848 396.416 398.665 397.457 396.596 396.902 395.975 396.545 395.701 396.081 394.211 395.443 392.92 393.763 393.961 394.341 392.463 391.809 391.916 392.205 391.361 390.575 392.32 391.807 392.907 395.024 394.9 394.85 395.189 395.346 396.909 397.248 397.38 397.835 398.728 399.348 398.372 398.711 401.68 398.744 400.398 400.158 400.224 400.29 399.314 399.562 398.586 399.479 399.727 400.554 398.999 399.338 399.495 400.388 399.412 397.791 397.303 399.114 396.575 397.65 397.162 396.186 395.028 394.052 394.3 394.639 393.572 391.86 392.108 390.644 389.668 389.668 388.204 387.716
389.18 390.156 390.487 390.884 391.86 393.572 393.324 395.615 395.367 395.119 394.871 396.492 395.599 397.493 397.915 397.303 399.685 398.031 398.519 399.586 398.511 399.851 398.751 399.727 400.331 398.586 399.562 399.405 400.381 400.042 399.794 399.364 400.522 398.496 399.472 398.372 397.57 396.586 397.835 398.72 397.157 396.818 396.752 395.768 395.057 394.139 393.8 392.816 393.883 391.857 390.575 389.194 391.171 392.768 391.718 392.19 393.307 393.68 393.763 394.599 395.443 393.748 396.18 396.925 395.784 397.753 395.595 396.712 396.332 397.259 397.822 397.442 397.616 397.989 397.609 395.914 396.659 396.461 395.808 396.735 396.256 395.694 395.124 393.528 394.364 393.984 394.82 393.216 393.87 394.25 394.82 395.2 394.364 393.528 395.496 395.694 395.048 396.826 395.808 396.651 396.568 396.096 395.26 396.492 397.616 398.848 396.78 397.259 396.423 398.027 397.464 396.438 396.264 397.206 396.18 397.784 395.443 394.88 394.044 393.68 393.398 391.52 391.718 390.51 391.171 389.773 391.89 392.039 391.807 392.816 393.064 394.42 394.759 397.083 396.843 395.503 397.157 397.587 397.835 398.728 399.348 398.372 398.711 401.68 400.522 398.504 399.794 400.224 399.066 399.405 399.38 400.546 400.24 399.636 398.751 398.999 399.429 397.535 397.965 398.122 397.791 397.948 397.46 396.575 396.914 397.807 396.095 395.855 394.879 393.076 393.324 393.572 392.596 392.199 391.132 390.156 388.692 388.692 387.716 388.692 389.668 389.668 391.132 390.975 393.266 391.612 392.679 395.706 395.276 395.028 396.186 397.716 397.468 396.484 396.972 397.46 398.461 396.807 400.388 397.626 400.562 398.445 399.396 399.082 400.24 400.546 399.38 399.405 400.29 399.372 399.794 399.546 398.074 398.959 400.026 398.372 397.57 398.546 397.719 396.272 397.157 397.554 394.883 395.95 396.074 395.272 393.618 391.476 391.807 391.468 391.89 389.955 390.336 390.51 392.57 392.554 392.174 394.424 395.169 394.789 396.568 395.336 394.865 395.701 396.264 396.157 395.959 395.951 396.332 397.259 396.416 398.848 398.088 396.492 397.609 397.32 396.94 397.685 395.808 396.917 395.321 395.975 395.124 396.241 398.392 395.2 394.82 394.25 393.87 394.44 394.82 395.2 394.546 395.96 396.53 396.066 397.48 396.917 397.206 397.404 396.932 397.229 395.078 398.179 397.062 398.848 398.103 398.665 397.457 398.027 397.464 395.123 396.264 396.925 396.081 395.154 395.443 394.88 393.953 394.424 393.398 392.099 391.809 391.916 390.708 390.137 391.89 392.229 392.659 394.776 393.064 393.957 394.85 396.231 394.122 395.503 396.487 397.587 397.719 398.728 397.57 398.372 398.802 398.959 398.074 399.546 398.388 400.133 400.29 399.405 400.207 398.404 398.834 399.264 399.975 399.487 398.511 399.586 399.834 398.767 398.37 398.13 397.642 398.808 395.508 394.532 396.186 395.028 394.904 393.928 394.548 393.572 392.596 392.108 391.62 390.156 389.668 388.692 387.716
389.668 390.156 391.132 392.108 391.306 391.612 394.548 394.391 394.143 396.434 396.095 394.532 395.599 396.484 396.972 398.13 398.279 399.412 399.925 397.535 399.338 399.578 399.421 399.727 398.834 400.728 400.298 400.447 398.975 398.727 399.794 399.364 398.074 398.405 398.918 398.372 398.976 398.546 398.298 396.735 397.248 397.554 396.107 395.95 396.074 394.139 393.618 394.776 393.122 392.32 391.89 391.179 391.171 392.768 392.851 393.687 394.341 393.961 393.763 392.92 395.352 395.336 394.683 396.925 394.196 396.347 397.001 396.803 397.457 395.762 397.822 397.252 395.656 397.228 399.106 397.32 396.568 396.37 395.808 396.644 395.321 395.876 395.124 395.116 394.546 395.2 394.82 392.844 393.87 393.216 394.63 395.2 394.546 395.96 396.53 397.001 396.074 395.048 398.24 399 396.94 399.76 396.666 398.179 397.335 396.218 396.416 397.077 396.423 396.803 397.464 396.347 394.469 396.925 396.089 394.873 396.568 395.823 393.854 393.68 392.174 393.687 391.718 391.916 392.114 390.418 392.072 391.857 391.344 392.907 394.933 393.957 394.759 397.728 396.661 397.554 397.43 398.72 398.48 397.231 397.57 399.687 399.472 399.141 398.074 399.546 399.794 397.412 400.381 399.405 399.562 400.455 400.703 399.082 399.396 399.396 400.562 397.626 399.743 398.767 398.436 397.948 396.972 397.311 395.508 396.492 396.74 395.119 394.143 394.3 391.455 393.572 392.596 391.62 391.132 390.156 389.668 388.692 387.716 388.692 389.668 389.023 391.62 392.108 391.306 393.018 394.548 394.3 394.052 395.301 396.277 394.532 397.559 397.22 397.063 397.303 397.146 396.898 396.468 397.444 398.511 399.735 399.421 399.264 398.834 400.546 399.38 400.72 399.157 400.133 399.794 399.546 398.744 398.496 398.711 398.372 398.976 398.728 397.562 396.272 396.396 396.909 396.57 396.322 394.759 394.42 393.8 392.816 391.344 391.559 390.575 390.137 391.262 391.064 392.388 392.463 391.992 394.242 393.763 394.88 395.443 395.154 394.774 396.925 396.264 396.157 396.24 396.34 398.011 395.944 395.746 397.442 398.088 398.08 397.791 399.76 397.974 397.685 398.24 396.727 397.48 395.694 395.124 396.15 394.364 395.291 394.82 393.034 395.276 394.25 394.82 395.291 395.77 395.96 396.53 395.694 396.074 396.644 397.305 397.685 397.974 397.32 397.609 396.492 398.088 397.533 396.78 398.202 396.332 396.34 396.91 396.066 394.378 395.701 394.865 396.56 393.739 394.88 393.763 393.68 393.307 392.19 392.388 392.859 392.205 389.955 390.666 392.229 393.883 393.552 393.064 395.363 396.074 394.544 395.346 396.909 396.785 397.38 397.835 396.586 397.57 398.372 399.1 401.68 398.074 399.364 400.456 399.488 399.066 400.538 399.38 400.455 397.428 400.372 398.751 398.999 398.602 398.271 396.559 398.767 397.791 397.46 397.063 396.666 397.559 395.847 395.516 395.21 395.276 394.3 392.1 391.703 391.951 392.108 391.711 390.826 389.668 388.692 387.716
389.668 390.644 389.354 392.108 392.596 393.572 394.73 394.3 395.367 395.119 394.871 394.532 397.559 396.484 396.972 397.303 398.436 398.767 398.428 399.495 398.602 398.999 400.554 400.372 400.24 400.546 400.298 399.405 400.29 399.579 398.479 398.504 398.074 398.959 398.711 397.727 398.976 398.728 397.835 397.587 396.396 395.503 394.767 394.635 395.611 395.09 393.8 392.907 391.344 391.468 391.609 389.955 390.038 391.064 392.57 392.463 393.307 392.927 394.706 394.789 393.739 395.336 397.024 395.982 395.693 395.123 397.001 396.34 396.332 397.449 396.879 397.533 397.062 398.08 399.015 396.948 396.568 397.685 395.99 396.644 396.256 395.694 395.124 396.241 394.364 395.2 394.63 394.25 393.87 396.872 394.63 393.984 395.77 393.528 395.124 395.694 397.48 395.42 397.305 396.37 396.568 395.914 397.609 396.955 397.616 396.218 398.194 397.077 396.423 396.34 396.91 398.696 396.355 395.982 395.047 395.336 395.352 394.599 394.135 394.515 394.622 392.099 392.479 391.825 390.336 389.955 391.609 391.857 393.61 392.907 393.709 394.42 396.074 395.768 396.661 396.818 397.43 397.587 397.562 397.322 398.976 397.909 399.935 399.72 400.522 399.364 399.794 400.224 399.157 400.629 399.471 400.546 398.834 399.082 399.421 399.578 399.983 400.992 397.874 398.122 399.015 398.527 397.063 397.402 395.599 395.938 396.095 395.119 395.367 394.3 394.548 393.572 392.596 390.975 390.487 389.511 389.18 388.204 387.716 388.204 389.668 389.668 391.62 391.62 392.596 393.572 394.548 393.655 394.052 395.764 394.871 397.071 395.599 396.484 397.824 398.618 399.015 398.767 398.519 397.626 399.247 399.851 398.751 399.727 397.428 400.455 399.562 399.223 400.29 400.042 399.794 399.546 400.522 399.05 398.802 399.133 398.976 398.728 397.074 398.811 397.248 395.958 396.107 395.95 394.759 394.42 393.064 392.907 393.792 392.32 391.518 391.179 391.171 390.51 392.479 393.968 391.992 393.68 393.763 394.607 396.568 395.154 394.774 395.982 396.264 395.884 396.24 398.027 397.738 398.665 398.103 396.218 397.335 396.955 396.484 396.948 396.75 397.685 395.808 396.735 396.256 395.884 396.53 397.556 395.77 395.2 394.82 392.844 391.248 393.034 394.82 395.2 395.861 393.528 396.72 397.001 395.321 396.644 395.808 397.404 396.94 396.948 397.609 397.898 395.656 397.533 398.194 397.077 396.332 396.803 395.504 396.438 396.355 394.758 394.683 395.154 394.037 392.92 393.763 393.68 394.622 392.372 392.57 392.768 390.708 389.194 391.89 391.468 393.883 393.552 393.8 393.866 395.057 396.322 396.843 397.554 397.157 398.629 396.404 396.677 398.976 397.909 399.563 398.959 398.744 399.546 399.794 399.372 398.975 399.38 401.034 398.495 400.24 398.991 400.066 399.396 398.511 399.495 398.61 398.676 398.461 397.948 398.287 396.484 395.508 397.344 395.516 396.616 396.682 393.167 394.548 393.018 392.596 391.62 391.132 390.644 389.18 388.692 387.716
389.668 389.668 389.999 391.62 392.596 389.652 394.548 394.3 395.276 395.028 393.556 396.492 397.468 396.575 397.799 397.485 398.436 398.767 398.519 399.495 399.338 399.735 400.645 400.488 400.794 400.637 399.835 399.405 399.157 400.224 399.794 399.546 400.522 401.68 398.802 399.224 398.703 396.677 397.562 397.587 397.157 395.503 394.883 394.635 395.057 394.139 394.561 393.461 392.196 391.857 391.89 390.137 391.353 391.064 392.388 391.52 394.341 394.333 393.854 394.789 395.443 394.302 394.683 397.016 394.378 398.696 395.868 398.027 397.457 396.796 396.788 396.218 397.616 397.989 397.328 396.948 398.346 396.37 395.899 396.644 395.048 396.066 396.811 395.116 395.861 394.166 394.82 393.034 393.87 392.844 394.63 394.075 394.364 396.613 395.124 395.884 396.074 396.735 398.24 397.404 396.659 396.948 397.328 398.27 397.062 396.218 396.416 395.762 396.332 396.34 396.91 397.29 395.693 394.758 394.683 395.336 393.921 394.88 393.763 394.052 392.637 392.281 392.479 391.916 390.336 389.194 391.89 392.32 391.807 392.634 393.709 394.048 394.759 395.007 396.107 396.818 397.157 397.587 397.835 399.191 397.57 398.372 399.009 400.183 400.522 399.364 399.885 400.133 400.29 398.735 399.562 399.81 398.834 400.372 400.066 399.735 399.429 397.535 398.428 398.767 398.461 398.618 397.642 396.484 395.508 394.532 395.516 395.119 394.904 394.3 394.73 393.663 392.596 390.884 391.62 389.511 389.18 388.692 387.716 388.692 389.18 389.668 391.62 390.884 392.596 393.018 394.639 394.3 395.367 395.028 396.831 396.492 395.599 397.493 397.642 397.303 398.279 398.767 399.834 399.586 400.562 399.396 399.421 399.727 399.479 398.586 399.38 399.405 400.472 399.372 399.794 399.083 400.431 398.405 399.472 398.852 397.57 396.586 398.298 396.735 397.157 395.503 396.843 394.635 394.85 394.42 395.024 394.776 393.792 390.914 390.666 391.46 390.336 391.916 391.809 392.19 394.531 394.424 395.169 395.823 395.352 394.873 396.089 395.701 396.727 396.157 397.464 397.746 397.457 397.077 396.416 396.218 397.335 396.492 397.328 397.229 398.065 396.461 397.206 396.735 397.29 396.91 396.53 395.116 395.952 395.2 394.82 394.25 393.87 394.44 394.911 395.2 395.77 396.15 396.53 397.001 397.29 396.454 397.305 396.37 397.122 396.948 395.078 398.179 397.062 397.252 397.822 397.259 397.457 396.414 397.183 395.032 396.264 396.164 396.271 395.336 395.443 394.789 394.044 393.961 392.174 392.372 391.809 391.916 390.799 391.551 391.89 392.32 393.883 392.816 395.024 395.09 394.85 397.546 396.107 395.594 396.396 397.587 397.835 399.282 398.976 398.852 398.066 398.496 400.522 399.546 398.388 398.818 399.066 400.538 399.471 400.546 399.388 399.727 399.396 399.396 398.602 399.586 398.428 400.082 397.791 397.485 397.46 397.311 395.508 395.847 396.004 395.028 396.682 393.746 393.324 393.018 391.215 391.62 391.132 390.735 389.18 388.692 387.716
389.668 389.023 390.644 391.62 393.175 393.018 394.639 393.076 394.052 396.5 396.004 397.807 395.599 396.666 397.551 397.485 397.791 398.031 399.925 397.535 399.429 398.999 399.396 401.712 400.149 400.728 399.562 399.314 400.29 399.372 399.794 399.546 400.522 398.496 400.026 398.67 399.067 397.231 397.835 396.735 397.157 395.594 395.346 397.728 396.074 394.139 393.8 393.552 393.883 392.32 391.336 389.955 390.336 391.916 391.718 393.687 391.992 394.143 394.706 394.326 395.352 395.336 396.362 397.016 396.636 398.696 395.595 396.34 396.423 395.944 396.416 397.533 397.062 397.898 397.609 399.76 396.568 396.37 395.808 396.826 395.321 395.694 396.53 396.15 394.364 395.2 394.82 394.25 393.87 392.844 394.82 395.2 398.392 397.556 395.496 397.1 396.074 396.735 397.297 397.404 396.932 395.914 397.328 396.492 397.062 398.848 398.103 397.449 397.176 397.746 396.902 395.123 396.545 395.428 394.865 394.211 393.739 392.92 396.112 394.515 393.307 392.099 391.809 390.51 390.336 391.179 391.791 391.559 393.883 392.816 395.024 394.139 395.057 397.546 396.57 396.818 397.248 396.735 396.404 397.504 398.976 397.909 398.711 400.274 398.074 399.819 399.794 400.224 400.381 400.538 399.38 398.495 398.834 399.082 400.066 398.999 398.511 397.535 398.428 399.412 397.055 397.46 397.551 397.311 397.468 394.532 396.74 395.855 394.234 393.076 393.324 393.572 392.596 391.62 390.644 390.156 389.668 388.692 387.716 388.692 389.362 390.156 390.487 390.975 393.266 393.572 394.548 393.837 394.143 395.119 396.095 395.938 395.508 396.666 397.642 397.46 397.146 398.213 399.743 397.626 398.784 399.578 398.66 399.727 400.24 401.125 399.471 398.735 400.563 400.133 398.388 399.364 398.074 398.959 398.711 398.67 398.794 399.191 397.562 397.587 397.248 395.503 396.198 397.728 395.33 393.775 394.561 394.776 393.883 391.857 391.609 391.179 391.262 390.51 392.942 393.505 394.341 394.424 393.763 394.88 393.648 395.154 394.683 396.925 398.042 395.123 397.001 396.803 397.457 396.986 398.194 396.218 398.088 396.492 397.609 399.76 396.932 397.404 395.808 396.735 396.074 395.694 395.496 396.704 398.392 396.606 394.82 394.25 393.87 393.216 393.968 395.2 395.58 393.528 395.124 395.694 395.048 396.454 395.808 397.404 396.932 396.948 395.078 396.492 397.616 397.252 397.822 397.168 396.423 397.746 396.24 396.347 396.636 396.925 396.271 394.211 394.128 394.698 394.706 393.68 394.531 393.687 392.57 391.916 390.89 391.361 391.981 394.768 391.807 394.776 395.024 394.048 394.85 395.768 396.107 397.554 397.339 396.735 397.719 398.728 398.976 399.224 399.1 398.959 400.522 399.364 399.794 400.224 398.975 400.538 399.38 400.455 399.479 399.636 400.066 399.578 398.602 399.495 399.834 398.213 397.146 397.485 397.46 397.22 395.508 397.162 396.277 395.119 396.682 393.076 392.679 393.018 392.596 392.199 391.62 390.644 389.668 388.692 387.716
389.18 390.644 389.999 391.62 391.951 393.572 393.324 395.615 394.052 395.028 394.871 394.532 397.468 396.575 396.972 397.485 397.791 398.767 399.28 400.992 398.511 399.578 398.751 399.727 400.885 398.586 400.298 400.538 399.62 400.133 400.158 398.504 400.522 401.68 398.711 398.372 399.348 400.043 397.835 398.72 397.248 396.818 396.843 395.95 394.85 394.139 393.982 392.634 392.659 392.229 390.575 389.773 390.336 391.916 391.718 392.19 394.531 393.018 393.763 392.92 395.443 394.972 395.047 396.925 394.378 398.696 396.91 396.34 396.332 395.944 397.822 396.218 397.062 396.955 397.609 397.411 396.932 397.594 395.8 396.735 397.48 395.975 395.405 396.431 395.952 395.291 394.82 394.44 395.276 395.656 394.82 395.2 394.546 396.15 395.124 395.876 395.321 396.644 397.206 397.404 397.974 396.948 397.518 396.955 397.335 396.598 397.822 395.944 397.457 395.488 397.464 396.438 396.264 395.61 396.18 395.154 395.443 394.326 394.135 393.109 391.992 392.372 391.809 391.064 392.296 391.179 391.609 391.576 391.807 392.907 395.024 394.9 395.611 394.635 396.107 395.503 397.248 398.05 397.719 397.231 398.885 398.372 398.827 398.405 398.744 399.546 399.794 398.727 401.605 400.629 399.38 400.728 398.925 399.636 399.421 399.578 399.247 397.626 397.874 398.031 398.461 398.527 397.46 396.575 397.559 395.847 396.095 395.21 396.591 394.391 394.548 393.572 391.951 390.975 391.132 390.156 389.668 388.692 387.716 388.692 388.535 390.644 390.644 390.975 391.215 393.572 392.1 394.3 394.234 395.028 396.095 396.492 395.599 400.123 397.733 397.46 397.055 399.412 397.874 397.626 399.338 399.09 398.751 399.727 400.24 398.586 400.207 399.405 400.381 400.133 399.794 398.504 398.074 400.274 400.026 398.372 399.348 398.728 397.835 397.587 397.248 397.736 396.57 395.007 396.074 394.9 395.024 392.725 392.659 391.857 390.385 390.418 390.708 392.768 392.388 393.687 394.531 393.68 393.763 394.789 395.352 395.336 396.362 397.107 396.818 396.157 395.504 396.712 396.423 397.54 397.822 397.624 397.616 397.898 395.078 396.948 396.841 396.37 397.206 396.826 397.48 395.694 396.72 394.934 395.58 392.95 393.414 394.44 393.87 394.44 394.63 395.2 394.546 393.528 396.53 396.72 396.165 396.644 396.263 397.685 396.75 396.948 397.328 398.179 397.616 396.689 397.822 398.202 396.605 396.34 396.91 395.123 396.264 395.701 395.047 395.154 394.128 394.789 395.169 393.68 393.398 392.281 392.388 391.825 390.336 391.361 391.609 390.914 391.807 392.725 393.618 393.957 395.611 393.808 397.604 395.594 397.157 396.272 397.835 399.282 397.57 398.67 398.827 401.68 400.522 398.504 398.57 399.579 399.066 400.72 399.562 399.81 400.885 399.727 400.066 399.396 398.511 399.495 398.519 398.676 397.791 397.948 397.642 396.575 399.428 394.532 394.871 396.525 394.052 393.746 394.548 393.572 391.86 392.199 391.711 389.668 389.18 387.716 387.716
389.668 390.156 390.644 392.199 391.86 393.572 394.548 395.615 394.904 395.764 396.831 394.532 395.508 396.575 397.46 398.527 398.461 398.767 398.519 397.626 399.247 399.669 399.421 399.082 399.388 398.586 399.653 400.811 399.711 400.042 399.794 399.546 400.522 401.589 398.802 399.224 397.57 396.586 396.983 396.735 397.339 396.818 395.528 395.95 394.85 393.866 395.024 392.725 392.196 392.32 390.203 391.551 390.708 390.51 392.57 393.505 392.844 393.018 394.044 394.789 395.352 395.154 396.271 395.982 395.602 396.256 397.092 398.027 395.108 397.168 397.822 398.848 397.062 396.955 395.26 396.948 396.659 396.37 398.24 396.735 397.48 395.975 396.811 396.15 395.58 392.95 394.82 396.872 391.248 394.44 394.82 395.2 395.58 396.241 396.72 396.72 397.48 396.826 397.206 397.404 396.932 396.948 399.106 396.492 397.616 396.218 397.822 396.796 397.457 398.027 397.464 396.628 397.099 397.297 396.362 395.336 396.568 394.88 395.169 394.143 391.992 393.505 391.809 392.859 390.336 390.418 390.848 392.32 391.807 394.594 393.064 394.139 394.114 397.637 396.57 396.818 397.248 396.272 397.835 398.728 398.331 398.852 398.066 398.959 398.744 399.083 399.794 400.133 400.472 399.496 399.744 398.495 400.885 399.082 399.396 398.999 399.983 401.455 400.388 398.213 399.015 396.815 397.642 397.402 397.559 397.807 396.186 395.764 396.591 393.167 391.455 393.572 391.951 392.199 391.132 389.668 389.668 388.692 387.716 388.692 389.18 390.156 390.644 391.62 392.596 393.018 394.548 394.3 395.367 395.119 396.095 396.492 397.559 398.626 396.972 398.527 398.37 398.767 399.743 398.271 399.247 399.851 400.554 399.173 398.834 398.495 399.562 399.405 399.157 400.133 398.479 398.388 400.522 398.959 398.802 399.133 397.661 400.043 397.719 397.587 396.487 396.818 395.346 395.007 395.52 394.718 394.933 392.907 391.344 390.914 391.89 390.418 391.171 392.768 391.718 393.687 393.117 393.018 393.953 394.789 395.352 397.784 396.081 396.925 396.545 398.696 396.91 396.803 397.176 395.762 397.822 396.59 397.335 397.898 398.072 396.096 397.122 397.404 395.808 396.917 397.48 395.694 396.72 393.528 395.77 396.606 394.82 394.25 393.87 395.656 393.414 395.2 394.364 396.15 395.959 395.694 395.048 396.735 398.24 396.461 398.065 396.096 397.791 396.492 397.335 396.59 397.822 397.168 396.332 398.027 396.91 395.884 396.264 396.925 396.18 395.154 393.739 394.789 394.706 394.333 393.398 393.687 391.718 391.064 390.336 391.179 391.518 391.576 392.659 394.776 393.709 394.048 395.52 394.635 396.57 396.719 397.248 397.587 397.719 397.322 398.794 399.315 398.711 401.68 400.241 399.083 399.794 400.133 399.066 400.447 399.562 401.489 400.149 399.082 399.421 399.735 402.704 399.586 398.428 398.767 399.015 398.527 397.799 396.484 396.914 397.807 396.095 395.028 394.143 393.076 393.415 393.572 391.86 390.975 391.132 390.644 389.668 388.874 387.716
389.668 390.644 391.132 392.687 392.596 393.018 393.324 394.3 394.788 395.028 394.78 395.847 397.559 399.362 397.642 397.948 399.685 398.304 399.925 400.992 398.511 399.578 400.066 399.727 400.149 398.586 400.298 400.538 399.066 400.224 399.794 399.546 400.522 398.959 399.29 397.727 397.57 398.728 397.835 396.272 397.157 396.818 396.198 394.635 395.983 393.775 393.8 392.907 391.807 392.32 390.575 391.179 391.171 391.064 391.809 392.463 392.455 393.961 393.672 394.88 395.352 397.784 396.18 396.925 396.264 398.696 395.595 396.34 397.738 397.077 398.194 398.848 397.616 397.898 397.609 396.948 396.659 397.404 395.899 396.454 396.074 397.1 396.53 396.522 394.364 395.2 394.82 394.25 393.87 393.216 392.008 395.2 394.364 396.34 396.53 395.694 397.48 396.644 398.24 396.37 396.94 395.914 397.791 396.492 397.062 398.848 398.103 395.762 397.457 397.746 397.183 396.438 398.042 397.107 394.865 395.154 393.466 394.789 393.763 394.515 392.935 393.505 391.627 391.064 391.262 391.088 390.575 391.857 392.196 392.907 393.064 394.9 395.148 395.189 396.289 396.909 396.396 398.05 397.628 396.586 397.57 398.372 399.282 398.496 398.744 399.819 399.794 400.224 400.29 399.496 400.48 398.404 400.149 399.264 399.421 399.735 398.511 400.992 396.559 398.031 399.015 396.815 397.46 397.956 397.559 394.532 395.516 395.764 394.052 394.3 394.639 393.572 391.951 390.975 390.669 390.644 389.18 388.692 387.716 388.692 388.047 390.156 391.62 391.62 391.86 393.572 392.588 394.391 396.682 395.119 394.871 398.452 399.056 398.626 397.642 398.436 397.146 398.767 398.519 400.992 398.511 399.578 399.421 400.397 400.703 399.901 400.207 399.405 399.711 398.727 399.794 399.546 400.522 398.959 398.711 399.224 398.976 398.728 397.835 397.38 397.248 396.909 396.107 395.007 394.875 394.048 393.8 391.476 392.659 392.229 391.609 391.088 391.353 390.419 391.809 393.687 392.174 393.109 393.672 394.607 396.849 397.784 394.865 394.295 395.511 396.438 397.183 398.027 397.92 395.762 398.194 398.848 397.335 396.674 395.26 397.229 396.75 397.404 397.297 396.454 397.48 395.694 396.53 395.96 394.364 395.2 394.82 395.656 393.87 394.25 394.82 395.2 396.986 396.15 395.496 397.1 395.048 396.917 398.24 397.404 396.568 396.948 397.609 396.492 397.335 396.499 396.879 397.259 397.738 396.803 396.91 396.157 396.264 395.61 394.956 395.245 395.443 395.823 395.169 393.018 394.531 392.835 392.479 391.064 392.296 389.194 391.791 391.576 393.883 392.634 393.618 395.272 394.85 396.322 396.57 396.719 396.396 397.587 397.719 398.728 398.976 399.687 398.711 398.959 398.744 399.819 400.53 399.372 399.711 399.405 399.653 398.495 399.388 399.264 399.421 398.999 398.602 399.495 397.874 398.767 397.791 397.485 397.551 399.362 396.914 395.847 394.871 395.21 394.143 394.391 393.324 393.018 391.86 391.463 391.132 389.668 389.668 388.692 387.716
389.668 389.511 391.62 392.108 392.596 389.834 392.679 394.391 394.143 395.028 396.74 394.532 395.599 396.575 397.642 398.527 397.7 399.412 399.189 397.626 398.602 399.578 399.421 399.727 399.479 398.586 400.943 400.538 400.199 400.133 399.794 399.364 400.431 398.959 398.802 398.372 399.348 399.191 397.835 398.811 397.248 397.554 395.528 394.635 394.85 394.718 393.618 392.907 392.477 391.857 391.336 391.551 390.799 392.768 392.57 392.372 394.622 393.961 393.672 392.92 394.219 395.245 396.362 395.61 396.264 395.032 397.936 396.621 397.176 397.259 396.416 396.689 397.616 398.179 395.078 397.411 396.932 396.37 395.808 396.735 397.48 395.876 396.53 395.116 395.58 395.2 393.414 392.844 393.87 394.25 394.911 395.2 394.546 395.116 395.124 397.001 396.074 396.644 398.24 396.37 396.568 397.32 395.26 396.492 397.335 396.218 398.194 397.259 397.92 396.803 395.595 396.066 396.545 397.107 396.18 395.154 395.352 394.599 393.763 393.018 392.844 392.19 392.57 391.362 392.296 390.418 390.575 392.32 392.568 392.816 391.84 394.139 394.966 396.322 396.479 395.594 397.157 397.38 397.835 398.546 397.016 398.091 399.009 398.959 400.431 399.083 399.794 398.818 401.605 399.223 399.835 398.586 399.388 399.727 399.421 399.578 399.247 399.495 396.559 398.767 397.146 397.485 398.287 396.575 397.468 396.492 396.095 395.119 395.367 394.3 392.1 393.018 391.86 391.463 390.644 390.156 389.668 388.692 387.716 388.692 389.668 389.511 391.223 390.884 392.596 393.572 394.548 392.522 394.143 395.028 394.871 395.847 397.559 396.484 397.799 398.527 398.279 398.767 398.519 399.586 400.744 399.396 399.396 400.397 400.794 399.81 400.48 399.405 398.975 400.224 398.388 399.819 400.431 400.183 399.29 397.818 399.348 398.728 397.744 398.72 397.157 396.818 396.107 397.728 395.983 394.627 393.618 394.594 392.659 391.576 391.791 387.904 390.799 391.064 393.794 392.554 394.531 394.333 393.763 394.326 395.443 395.154 394.584 396.925 398.042 398.696 397.183 396.34 397.738 398.665 396.416 396.59 397.062 396.674 396.666 396.948 397.974 397.776 398.24 396.826 396.074 395.876 395.124 396.15 395.58 395.2 394.82 394.25 393.87 394.25 394.82 392.95 394.546 395.116 395.124 397.1 397.48 396.826 395.899 397.404 396.75 397.411 397.791 397.898 397.335 396.499 396.416 395.762 397.829 398.027 397.001 395.032 396.545 395.428 396.089 395.336 395.443 394.88 395.169 393.961 391.992 392.554 391.627 392.768 390.89 391.179 390.575 390.914 392.105 392.816 395.396 394.42 395.057 395.189 396.388 395.594 397.248 397.587 397.835 396.586 398.976 398.372 398.711 398.959 400.241 399.546 399.794 399.951 400.29 399.496 398.404 399.81 400.703 400.306 400.554 399.396 399.429 398.271 398.519 399.412 398.279 398.775 397.46 396.484 398.965 395.847 396.095 395.119 395.276 394.3 392.1 391.612 391.397 391.62 391.62 390.247 389.18 388.692 387.716
389.18 389.511 389.263 391.62 393.266 391.794 391.455 393.746 394.052 395.028 394.871 395.938 395.599 396.666 397.799 397.948 397.055 398.213 398.519 397.535 401.298 399.578 398.751 399.636 397.519 400.546 400.207 400.05 398.975 399.372 398.388 399.546 398.074 398.959 398.711 399.894 399.348 397.967 397.562 397.587 397.248 397.182 396.107 397.637 394.85 394.42 393.8 394.594 393.61 392.32 391.89 390.418 390.799 392.768 392.57 393.505 394.531 393.018 395.169 394.599 394.012 395.336 395.047 395.61 394.287 398.696 397.001 396.803 397.92 395.762 397.822 397.252 398.088 397.989 397.791 397.32 396.568 396.37 398.24 396.454 397.48 395.694 396.53 393.528 395.77 395.2 394.63 394.622 391.248 395.656 394.82 395.2 395.77 393.528 395.124 397.001 397.48 396.644 398.24 397.404 396.75 396.948 397.609 396.492 395.656 396.59 397.822 395.762 397.176 395.488 396.91 395.032 396.264 395.982 396.362 395.336 395.443 395.823 393.763 394.424 393.398 392.554 392.479 391.453 392.205 390.418 392.072 391.559 392.196 392.816 394.47 394.718 395.512 397.637 396.661 395.958 397.248 396.735 396.983 397.231 397.57 399.133 398.827 398.959 398.744 399.364 399.794 397.412 400.563 399.496 400.943 398.495 399.388 399.173 398.751 398.999 398.511 399.495 399.834 398.213 397.055 398.13 396.972 396.484 395.508 397.716 396.186 396.434 394.052 393.076 392.679 393.572 392.596 391.62 391.223 390.156 389.18 388.692 387.716 388.692 389.668 390.644 390.396 392.108 392.596 393.018 392.861 395.524 395.367 395.028 396.186 397.344 395.599 396.575 397.799 398.618 398.37 398.767 396.65 399.495 401.298 399.578 399.603 399.727 399.388 398.586 400.298 399.405 399.066 399.579 399.794 399.364 400.522 398.959 398.711 399.042 397.57 396.677 397.719 397.496 396.487 396.818 395.412 395.098 394.759 394.718 393.618 392.907 393.883 390.914 391.89 391.361 392.205 391.064 392.388 392.099 392.637 393.68 393.672 392.92 395.443 394.873 396.089 396.925 396.264 395.123 397.001 398.027 396.423 397.077 398.285 396.59 397.062 398.08 397.791 397.32 396.659 397.404 397.305 396.826 397.48 396.72 396.53 395.96 395.861 395.2 394.63 393.034 393.87 394.44 393.414 395.2 394.546 395.96 395.124 395.876 397.48 396.917 395.808 396.37 398.065 396.948 397.609 396.955 398.088 397.533 396.416 395.944 396.423 396.803 396.902 398.696 396.545 396.925 395.808 395.154 395.352 394.326 393.763 394.424 393.307 393.505 392.57 391.916 391.262 390.418 390.575 391.468 392.196 392.634 393.618 394.42 395.33 394.544 395.528 397.554 397.157 396.735 397.074 398.728 397.57 398 398.827 398.496 398.074 399.546 399.794 398.818 399.62 399.405 400.943 398.586 399.57 399.264 399.421 398.999 398.784 397.535 397.874 398.767 398.37 398.775 397.642 396.484 397.65 394.532 394.871 395.119 394.904 393.655 392.679 393.572 392.596 392.108 391.132 389.511 389.18 388.204 387.716
389.18 390.156 390.644 390.884 392.596 393.572 392.679 393.076 394.052 395.119 393.556 397.253 395.599 397.311 396.972 398.527 398.461 398.122 399.189 399.586 398.511 399.669 399.396 399.264 398.925 398.495 399.562 398.735 398.975 399.579 399.794 399.546 398.744 401.68 398.711 398.372 397.57 396.677 397.719 396.272 397.248 397.554 396.57 396.231 395.983 394.42 393.618 392.907 393.883 393.544 390.848 391.361 391.262 392.859 391.718 392.19 394.341 393.018 394.706 394.88 394.012 394.211 394.774 396.925 397.951 395.123 397.183 397.746 396.423 395.762 396.416 398.848 397.335 397.898 395.078 397.32 397.974 397.404 398.24 396.644 395.594 397.1 395.124 396.522 398.392 395.291 394.82 394.44 395.276 394.44 394.63 395.2 395.58 397.556 396.811 395.694 395.048 396.644 398.24 396.37 397.974 396.096 395.26 396.492 397.335 397.252 397.822 396.796 397.176 396.803 397.282 395.884 394.469 395.428 394.956 395.336 395.443 394.789 394.135 393.961 394.25 392.19 392.57 391.064 391.353 390.418 391.609 392.411 391.807 392.907 391.84 395.272 394.114 395.95 395.528 397 397.157 397.38 397.835 399.282 399.067 398 398.711 398.496 400.059 399.546 400.712 400.042 400.472 399.223 400.207 400.546 400.885 399.082 399.421 399.09 398.602 397.535 397.874 398.767 397.146 397.948 396.972 396.484 395.599 394.532 394.871 395.028 395.276 392.522 392.679 393.572 391.86 390.884 390.644 390.735 389.668 388.692 387.716 388.204 389.18 390.156 390.578 392.108 391.215 393.572 394.548 395.524 394.143 395.028 394.78 397.253 395.69 396.575 397.063 397.303 398.279 399.412 399.743 399.495 398.602 399.578 399.421 399.727 400.24 398.586 399.562 400.356 399.066 398.727 398.388 399.364 400.431 398.496 398.711 399.042 397.57 398.728 397.744 396.272 397.43 396.818 394.883 395.768 394.85 395.181 393.618 394.594 393.883 392.32 391.981 391.179 391.171 390.419 391.627 393.505 394.341 393.68 393.763 394.789 394.219 395.336 394.683 395.428 394.287 395.975 397.183 397.746 397.457 397.259 396.97 398.848 398.088 397.898 394.896 396.096 396.659 397.594 397.305 396.644 397.29 395.884 396.72 396.15 395.861 393.984 394.82 394.25 393.87 394.44 394.63 395.2 395.58 395.96 396.53 395.975 396.074 396.644 397.206 397.404 396.568 397.32 397.609 397.898 398.088 396.59 396.416 397.077 397.457 395.397 397.183 396.066 396.264 395.428 396.271 394.873 395.443 394.88 395.169 392.927 392.174 392.372 392.57 392.768 390.336 391.46 390.575 392.229 393.61 392.907 393.618 394.42 395.611 394.635 396.107 396.909 397.248 396.272 397.835 398.728 397.57 398.091 398.066 398.496 400.431 398.504 398.388 399.372 400.29 399.405 399.38 400.728 398.834 399.727 399.421 399.396 402.704 397.444 399.743 398.122 397.7 398.13 397.46 397.493 395.508 395.847 394.871 395.119 394.052 394.3 393.324 393.018 392.596 390.975 391.132 389.42 389.18 388.204 387.716
388.692 389.668 390.644 391.62 393.266 389.743 394.548 394.3 394.052 395.119 396.095 395.847 397.468 397.22 397.46 398.618 398.461 398.767 397.874 399.495 398.511 399.851 400.066 399.264 399.388 398.404 399.562 399.38 399.62 399.951 400.712 399.819 398.926 398.959 399.009 398.091 398.331 397.322 397.835 396.735 397.248 396.909 396.843 395.95 394.759 394.139 394.379 392.907 393.792 391.857 391.981 389.955 390.336 391.916 391.809 392.099 392.935 394.515 393.672 394.88 393.739 393.748 396.081 396.925 396.264 395.123 396.902 398.027 397.068 397.168 396.416 396.218 397.616 397.898 397.609 396.948 397.974 397.594 397.206 396.454 396.165 395.876 395.496 395.96 394.546 395.2 394.82 394.44 391.248 394.44 393.877 392.95 396.051 393.528 395.496 395.694 396.256 396.644 395.899 397.404 396.568 396.948 394.896 396.955 397.062 396.59 396.879 396.796 397.457 398.027 395.595 396.066 394.469 395.519 396.362 394.873 395.443 394.326 396.112 393.018 392.844 392.281 391.718 392.768 392.296 391.361 390.575 392.411 393.883 392.907 393.618 394.139 394.85 394.635 396.107 395.503 396.396 396.735 397.835 396.586 398.976 399.224 398.711 398.405 398.074 399.364 399.794 400.042 399.066 398.735 399.835 399.901 399.388 399.264 399.884 398.908 399.429 397.535 399.834 398.122 399.015 398.039 397.063 399.362 395.508 397.253 396.74 395.119 394.143 394.3 394.548 391.612 392.596 391.62 391.62 390.156 389.668 388.692 387.716 388.692 388.692 390.156 389.263 392.108 392.596 393.572 393.415 393.076 394.052 395.028 396.095 394.532 395.599 396.575 396.484 398.618 397.7 398.767 400.388 399.495 399.247 399.487 399.396 399.173 397.428 398.495 399.471 399.496 399.157 400.042 399.885 398.504 400.522 398.959 398.711 398.372 398.976 400.597 397.074 396.735 396.487 396.719 396.388 395.28 394.875 394.139 393.618 392.907 393.883 392.229 390.666 391.361 390.708 391.916 391.809 392.19 393.398 394.143 393.763 394.326 395.443 395.336 394.683 393.832 397.951 395.884 395.868 397.746 397.457 397.259 398.194 396.218 397.153 397.898 395.078 398.354 396.75 397.594 397.206 396.917 396.074 396.066 396.53 397.556 395.58 395.291 394.63 392.844 395.276 392.844 393.968 395.2 394.364 396.241 395.496 395.884 395.321 396.735 398.24 396.37 396.568 396.948 397.328 396.955 397.335 396.218 397.822 397.077 397.829 396.803 397.183 396.256 396.355 395.891 396.081 395.154 395.443 394.789 393.763 393.68 392.174 392.744 391.718 391.064 392.114 390.418 390.484 392.32 393.701 392.907 393.8 395.181 394.759 395.098 396.57 396.818 397.157 397.587 397.835 398.546 399.067 398.372 399.1 398.496 400.431 399.364 399.794 400.133 400.381 399.496 399.562 400.455 400.703 399.636 398.106 399.851 399.983 399.495 398.519 398.304 397.791 397.948 397.46 397.493 395.599 396.492 396.095 395.119 395.276 394.3 394.639 393.572 391.951 391.62 391.132 390.644 389.668 388.204 387.716
389.18 390.156 391.132 392.108 391.951 393.018 392.679 395.615 394.052 395.028 396.186 395.847 395.508 398.808 397.799 398.436 398.279 398.767 397.874 398.18 399.983 398.536 398.751 399.727 400.149 400.546 400.48 400.72 400.29 400.133 399.794 400.398 399.968 399.72 398.711 398 397.57 396.586 397.835 396.735 396.487 396.909 396.107 394.544 394.85 394.42 393.618 391.476 393.883 391.468 390.575 391.179 390.708 392.768 392.57 393.505 392.174 393.68 393.672 394.88 394.682 396.56 396.362 395.519 397.099 396.256 397.092 396.803 396.332 397.077 396.879 397.533 397.335 397.898 397.328 397.692 397.974 396.742 398.24 396.735 397.29 396.066 396.72 396.15 395.861 395.2 393.414 394.25 393.87 394.44 394.63 395.2 394.364 396.704 395.124 397.1 395.594 396.826 395.808 397.404 396.659 396.948 397.609 397.989 398.088 397.624 397.822 398.665 397.457 396.803 397.001 396.347 396.727 397.206 396.362 397.784 394.219 394.789 393.763 394.424 394.531 392.554 391.627 391.916 390.336 389.955 391.981 390.914 393.883 393.552 395.024 394.42 396.074 397.637 396.57 396.909 397.43 396.735 397.835 398.728 398.794 399.687 398.802 398.959 398.744 399.546 399.794 399.372 400.29 399.38 399.835 400.637 398.834 399.727 399.33 399.735 400.562 399.495 399.189 400.082 398.924 398.527 396.972 396.575 395.508 394.532 396.004 395.119 394.052 395.524 392.679 393.018 392.596 392.199 389.999 390.644 389.668 388.692 387.716 388.692 389.18 389.023 391.62 392.199 391.86 393.572 394.548 393.167 394.143 395.21 396.74 394.532 398.874 398.626 396.972 397.46 399.106 398.304 400.388 397.535 399.429 398.999 400.554 399.264 400.703 399.81 399.38 400.538 400.29 399.951 399.794 399.819 400.431 398.959 398.711 399.687 399.067 396.768 397.074 397.38 397.248 396.818 395.528 395.007 395.52 394.9 393.064 392.725 392.452 392.32 391.981 391.642 391.072 392.768 391.809 392.554 393.307 393.68 393.482 394.599 395.352 394.302 396.18 395.701 397.008 396.347 397.183 397.936 397.176 395.762 396.788 398.848 397.062 398.08 397.609 396.096 396.659 396.279 395.899 396.644 396.074 397.1 396.53 393.528 395.77 395.2 394.82 394.44 391.248 392.844 394.82 395.2 395.77 396.15 396.811 395.694 397.48 396.735 395.899 396.37 398.065 397.32 397.791 397.989 398.088 398.848 396.879 397.168 397.457 396.34 395.504 397.29 396.355 395.982 394.683 395.336 395.443 394.88 394.135 393.961 391.992 393.505 391.627 391.064 390.708 390.137 391.89 392.229 391.344 392.634 394.933 393.957 394.759 395.95 394.883 396.909 397.248 397.587 396.983 399.282 398.24 398 398.711 398.405 400.431 399.364 398.57 399.372 399.157 400.538 398.404 398.495 400.703 399.727 399.421 399.735 399.983 397.535 399.925 399.412 397.791 397.576 397.46 397.493 397.468 397.162 396.186 395.119 396.591 393.928 391.455 393.572 391.124 391.62 389.999 390.644 389.668 388.692 387.716
389.668 390.156 391.132 391.62 392.596 393.018 392.77 395.615 394.052 395.764 396.004 394.532 397.559 398.808 396.972 397.46 397.7 398.767 398.428 400.992 398.42 399.487 399.884 399.264 400.703 400.455 399.562 400.538 400.29 399.951 398.388 399.546 398.926 401.68 398.711 398.372 399.067 398.728 397.835 398.811 396.487 395.412 395.528 395.098 395.148 393.957 393.8 392.725 393.792 391.857 391.791 391.088 391.072 391.916 392.388 393.505 393.398 393.572 396.112 394.789 394.128 394.302 396.271 395.61 396.264 398.696 397.936 398.027 397.068 397.449 396.97 396.59 398.088 396.748 397.328 397.32 398.346 396.37 395.808 396.826 397.48 396.72 395.496 395.96 394.364 395.2 393.414 394.44 393.87 395.656 393.786 395.2 395.58 395.96 395.405 397.1 397.48 396.917 395.808 396.37 396.659 397.411 397.328 397.898 398.088 397.624 397.822 397.168 396.605 396.34 396.91 396.438 396.264 395.891 395.047 395.154 395.443 394.789 393.763 393.961 392.174 392.19 392.388 391.246 391.171 391.179 391.981 394.768 391.807 392.725 395.115 394.9 394.85 395.098 396.57 397.273 397.248 396.735 397.835 397.322 397.57 399.687 398.711 398.959 398.074 399.083 398.388 400.133 401.696 400.538 399.38 398.404 399.388 399.173 399.884 399.735 399.429 399.586 399.189 396.898 398.552 397.948 396.972 396.666 397.559 394.532 396.095 395.119 394.052 395.615 394.548 393.663 391.306 391.62 389.263 390.644 388.535 388.692 387.716 388.692 389.668 389.668 390.644 391.62 392.596 393.572 391.546 395.615 395.367 395.028 394.871 397.253 395.508 396.666 396.972 398.527 399.015 398.213 398.519 399.495 398.602 399.851 399.421 399.727 400.149 400.728 399.471 399.38 398.975 399.372 399.885 399.546 398.074 398.496 398.802 397.909 399.348 400.043 397.835 396.735 397.248 396.909 395.528 395.189 394.85 394.42 395.115 394.776 393.883 390.914 390.575 391.179 392.296 390.138 391.718 393.505 392.844 393.68 394.044 394.599 395.443 395.245 394.865 395.701 396.264 396.347 397.464 396.34 396.332 396.986 397.822 397.252 397.062 396.748 399.106 395.914 397.974 397.404 398.24 396.644 395.884 397.1 395.405 393.528 395.58 392.768 394.82 394.25 393.87 394.25 393.414 393.984 395.77 395.116 396.53 395.876 397.571 395.42 398.24 397.594 397.974 397.411 397.609 397.228 395.656 398.848 398.194 398.665 397.176 396.414 397.464 395.975 396.545 395.982 396.362 395.336 395.443 394.698 393.862 394.333 392.455 392.099 392.57 391.916 391.171 389.955 391.609 394.768 393.883 393.552 395.115 394.42 394.759 395.007 395.346 396.909 397.157 397.587 397.719 397.413 397.479 399.042 400.026 398.868 399.298 399.546 400.53 399.372 399.157 400.447 399.835 400.546 398.834 399.636 399.421 399.735 402.704 397.626 396.559 399.412 397.791 397.948 397.915 396.484 397.559 397.162 396.095 395.119 394.052 393.076 394.639 393.572 392.596 392.108 391.62 390.644 388.692 388.692 387.716
389.759 389.668 390.578 391.62 391.86 393.018 394.548 393.258 395.276 395.301 396.186 394.532 395.69 399.362 397.46 396.815 397.791 398.304 398.428 399.586 398.511 399.735 399.421 399.264 400.794 399.901 399.719 400.05 399.62 397.412 399.794 398.504 400.522 397.76 399.472 398.372 399.348 398.728 398.389 398.629 397.157 396.818 396.57 395.768 395.148 394.718 393.709 392.907 392.196 392.229 391.89 391.088 391.072 392.768 393.794 393.505 394.531 392.927 396.112 394.789 396.568 395.336 396.081 396.925 396.636 396.256 397.001 396.803 397.176 397.168 396.416 396.499 398.088 397.898 397.609 396.948 396.568 397.404 397.305 396.826 397.48 395.694 395.124 395.96 394.364 395.291 394.82 396.872 391.248 392.844 394.82 395.2 394.546 396.15 395.124 396.72 396.074 396.917 397.206 396.37 396.568 399.76 397.328 396.674 397.335 397.533 396.879 396.796 397.829 396.803 396.91 396.066 396.636 396.925 394.865 395.154 395.443 394.789 395.169 393.68 393.398 393.786 392.479 391.916 390.799 389.194 390.848 392.32 391.807 394.776 393.618 394.42 394.85 395.098 394.883 397.554 396.487 398.811 397.719 398.546 397.479 397.909 400.026 398.496 400.522 400.216 399.794 399.372 399.711 400.72 399.744 401.398 398.925 401.042 398.751 398.999 398.42 398.271 400.388 396.807 397.791 397.485 397.799 396.575 395.69 397.807 396.095 395.119 394.052 393.076 394.548 393.572 391.86 390.975 391.62 390.644 389.18 388.204 387.716 388.204 389.759 390.156 390.644 391.62 392.596 391.612 393.324 395.524 394.143 395.028 396.186 397.162 395.599 396.575 396.972 398.13 398.37 400.082 397.874 397.626 399.338 399.735 399.884 401.712 400.703 400.455 399.744 400.629 398.975 398.818 400.712 399.364 399.968 398.959 398.827 399.315 398.976 396.677 397.835 397.587 396.487 395.503 396.57 395.768 396.074 394.42 393.709 394.594 393.883 391.857 390.575 390.418 390.708 392.859 392.388 392.744 394.531 394.143 393.854 394.789 394.012 395.336 394.584 395.61 396.264 396.066 397.183 396.34 397.176 397.449 398.194 397.252 398.088 397.898 397.328 397.32 398.346 396.37 395.808 396.917 397.48 395.975 395.496 396.15 394.364 394.166 393.786 395.656 393.87 392.844 394.82 395.2 394.364 396.15 396.72 395.694 395.321 396.735 395.899 397.404 396.568 396.948 395.26 396.955 397.062 398.848 398.103 397.077 397.176 396.803 397.464 396.347 396.264 396.925 396.089 395.245 394.128 394.88 393.763 393.018 392.844 392.281 391.718 391.916 390.708 391.551 392.163 393.544 391.807 394.776 391.84 395.272 395.338 397.728 395.528 396.909 396.669 397.587 397.835 398.728 398.976 399.042 398.711 398.868 398.744 399.819 399.794 398.818 399.711 400.538 401.034 400.546 400.794 399.727 400.645 399.578 400.744 399.495 399.743 397.452 397.146 397.46 397.915 398.626 397.559 394.532 396.095 395.028 394.143 393.076 393.324 393.572 391.86 391.554 391.223 389.668 388.692 388.692 387.716
389.18 390.156 390.644 390.975 391.951 393.572 392.861 393.076 395.367 395.301 394.871 395.847 395.69 396.484 397.642 398.775 399.685 398.213 398.519 398.271 400.744 399.09 399.421 400.488 400.885 398.586 399.719 398.735 399.157 398.818 399.794 399.819 398.926 398.496 398.711 398.67 398.976 398.728 396.404 397.587 397.157 395.594 395.528 394.544 394.85 394.139 395.024 392.907 392.105 392.32 391.609 391.642 390.336 391.362 391.718 393.687 394.341 393.961 393.763 394.789 395.352 393.748 396.18 397.107 396.264 398.696 397.183 398.027 397.457 397.077 396.78 396.218 398.088 397.989 397.791 396.096 396.568 396.461 398.24 396.735 397.48 396.72 395.124 395.96 395.77 395.2 394.82 393.034 393.87 394.531 394.82 395.2 395.58 396.15 395.314 395.694 396.165 396.644 395.808 397.685 396.659 396.096 397.328 398.171 397.062 398.848 394.712 395.944 397.176 396.712 395.504 396.347 396.727 395.61 394.865 395.336 395.352 394.599 393.763 393.109 391.992 392.744 392.479 391.453 390.799 391.361 390.848 390.914 393.701 391.476 393.709 393.957 394.875 395.768 396.107 397.182 396.396 398.811 397.835 397.967 397.57 397.909 398.711 398.496 398.074 400.398 399.794 400.133 400.563 399.314 400.298 399.901 400.885 399.727 399.421 399.578 399.247 399.495 399.371 398.767 398.279 398.13 397.799 396.484 395.508 394.532 396.004 395.028 394.904 393.076 391.546 393.572 392.596 392.199 391.132 389.42 389.668 388.204 387.716 388.204 389.668 389.668 391.132 392.199 392.596 393.018 394.548 393.076 394.052 395.028 396.74 397.807 397.468 396.666 397.708 398.436 397.7 398.122 398.428 399.495 398.602 399.578 399.396 399.082 400.149 401.952 399.562 398.735 400.563 400.042 400.53 398.504 400.431 399.141 398.711 398.372 398.976 400.506 396.983 397.587 397.248 397 397.422 395.28 394.85 394.42 395.024 392.907 393.701 392.229 391.609 391.179 390.336 391.916 391.809 393.505 393.398 394.052 394.135 394.88 395.443 395.063 394.683 397.016 396.727 396.347 397.001 397.936 397.176 397.449 396.416 397.624 397.616 396.492 396.484 396.948 398.065 396.461 397.206 396.826 395.048 395.694 396.53 395.96 394.364 395.2 394.63 394.25 393.87 393.034 394.82 395.2 395.58 394.934 395.777 395.876 395.321 396.454 398.24 396.37 396.659 397.229 397.328 397.898 397.062 398.848 398.194 397.168 397.829 397.936 396.91 396.347 396.818 395.891 396.081 394.873 395.443 395.823 393.763 393.68 392.935 392.372 392.57 391.916 391.262 389.955 391.89 391.857 392.659 392.725 391.84 393.957 394.85 395.098 396.107 397.182 397.248 397.587 398.48 400.506 397.57 398.091 399.29 398.959 400.431 399.364 399.885 400.133 399.157 399.38 399.562 398.495 400.703 398.991 400.554 398.908 399.338 400.992 399.743 398.676 397.7 397.303 397.551 399.362 395.508 396.492 393.556 395.301 394.143 395.524 392.679 393.572 392.596 390.884 390.644 390.644 389.668 388.692 387.716
389.668 390.644 390.396 392.108 393.266 393.572 392.588 394.391 394.143 395.764 396.74 397.807 397.65 398.626 397.46 398.527 398.436 398.122 397.965 397.626 399.247 399.735 400.066 400.488 399.479 401.861 399.744 399.405 400.29 399.372 399.794 399.546 400.522 398.959 398.066 398.852 397.661 399.191 397.835 396.272 397.248 396.719 394.883 394.544 394.85 393.957 393.8 392.907 392.452 392.229 390.666 390.137 390.708 391.362 392.388 392.554 393.307 393.572 393.672 394.607 395.443 395.154 396.089 395.428 395.511 396.438 395.504 396.803 396.514 397.259 398.103 398.848 397.335 397.228 399.015 396.948 396.568 396.37 396.263 396.735 397.29 395.694 396.72 395.96 395.58 395.2 393.786 393.034 393.87 394.44 393.968 395.2 394.364 396.15 395.124 395.975 396.074 396.917 398.24 397.404 397.974 395.914 397.328 396.955 395.656 397.252 396.97 397.168 396.514 397.746 397.001 395.975 398.042 395.701 396.18 396.56 395.443 394.88 394.706 394.424 393.398 392.19 392.57 392.768 392.205 390.418 390.848 391.559 392.196 393.552 394.288 394.718 394.759 395.28 396.57 396.909 397.43 396.735 397.835 398.728 398.976 398 398.711 398.959 399.877 399.546 398.388 400.224 399.248 399.405 399.562 398.586 398.834 399.264 399.421 399.578 399.247 397.535 396.559 398.122 399.015 398.039 397.46 400.586 397.65 394.532 396.095 395.028 396.591 395.524 393.324 393.572 393.266 390.884 391.223 390.156 389.668 388.204 387.716 388.204 389.668 390.156 391.62 390.239 392.596 393.018 394.639 394.3 394.052 395.028 396.277 395.938 398.783 396.575 397.642 398.618 397.791 398.213 399.743 399.495 399.247 399.578 399.421 399.636 400.149 400.455 399.835 400.629 399.066 400.042 399.794 399.364 400.522 401.68 399.472 398.67 397.57 398.728 397.835 397.587 396.578 396.909 394.883 395.007 394.85 395.09 393.8 392.725 391.344 391.857 391.981 391.179 390.336 392.768 391.718 392.554 394.531 393.018 394.044 394.789 396.568 395.154 396.089 395.428 396.264 395.975 395.595 396.34 397.738 396.796 396.879 397.252 397.062 396.492 397.609 397.32 396.568 397.404 398.24 396.644 395.321 396.066 396.53 393.528 394.546 395.2 394.82 392.844 393.87 393.034 394.82 395.2 395.77 393.528 396.72 397.001 396.256 396.644 395.808 396.279 397.122 396.948 395.26 396.492 398.088 397.533 396.879 398.665 396.423 396.803 397.183 396.066 396.355 395.61 396.081 395.154 396.568 394.789 393.763 393.572 393.117 392.008 392.388 391.064 391.262 391.179 391.89 392.32 392.196 394.131 393.618 394.048 394.85 394.544 396.661 395.503 396.396 398.05 397.562 398.728 399.348 398 399.472 398.496 400.522 399.546 399.794 398.727 400.356 400.05 399.562 398.404 398.925 399.173 399.884 399.396 398.511 399.495 399.743 398.676 397.7 397.948 397.642 396.575 396.914 396.492 394.871 395.21 396.591 393.837 394.548 390.479 392.596 392.199 391.132 390.644 389.668 387.559 387.716
389.18 390.735 391.132 391.62 391.86 391.612 394.548 394.391 394.052 395.21 394.78 396.492 395.508 396.575 397.46 397.948 399.015 398.767 399.371 400.231 399.247 399.396 400.066 399.082 400.976 398.586 399.835 400.629 399.248 398.727 399.794 399.546 400.431 400.274 398.802 398.091 399.348 399.191 397.835 398.72 397.157 396.818 396.57 395.95 394.875 396.124 395.024 392.816 393.883 392.502 391.336 389.955 392.205 391.064 391.718 392.19 393.398 393.68 393.763 394.789 394.012 395.245 396.18 395.982 398.042 396.347 397.001 396.34 397.457 397.358 398.194 396.689 397.335 396.955 395.26 396.948 396.568 397.404 395.808 396.454 395.321 397.1 396.53 393.528 396.986 395.2 394.82 392.844 393.87 394.44 393.414 395.2 394.364 395.96 395.496 397.001 396.074 396.644 398.24 397.685 396.568 396.948 397.328 398.179 397.335 396.218 396.879 396.796 396.423 398.027 397.464 396.438 396.264 396.925 394.683 395.336 393.466 394.789 393.672 393.961 394.44 393.505 391.718 391.064 390.336 391.551 391.336 391.468 391.344 394.776 395.024 394.42 394.875 397.637 396.198 397 397.43 396.735 398.298 398.728 398.976 399.687 398.711 398.959 398.926 399.546 399.794 399.372 401.696 400.447 400.207 400.637 400.331 399.173 400.066 399.487 398.602 399.586 400.388 398.213 397.791 397.948 396.972 397.311 395.508 396.492 396.831 395.119 394.052 395.615 394.639 393.572 391.951 390.975 391.132 390.644 389.18 388.692 387.716 388.692 389.668 390.156 391.132 391.62 392.596 391.612 392.77 394.3 396.5 395.21 396.095 395.938 395.508 396.575 397.551 396.815 398.552 398.122 398.61 400.992 398.511 399.735 399.421 399.264 399.388 400.455 399.835 400.05 400.381 399.579 399.794 399.364 398.074 398.959 398.802 398.372 398.976 396.586 399.034 397.587 397.248 396.909 396.107 395.189 395.338 394.139 391.84 392.634 391.807 391.468 391.89 389.864 391.171 391.453 392.57 393.687 393.307 394.424 393.672 394.88 395.443 395.336 396.081 395.61 397.951 395.123 395.504 396.803 397.176 397.168 396.416 397.533 397.062 398.179 397.328 397.411 396.568 397.404 395.808 395.693 397.48 397.282 396.53 396.241 395.861 395.2 394.82 393.034 393.87 394.44 394.82 395.291 394.364 393.528 396.53 397.001 395.321 396.826 397.206 396.279 397.974 396.948 399.015 396.674 397.335 397.252 396.97 397.259 396.514 397.746 395.868 396.347 394.378 394.758 396.271 397.784 395.443 392.92 395.169 394.424 392.174 392.372 391.718 391.825 390.89 391.179 391.89 392.229 393.122 394.776 393.8 394.718 394.759 397.083 396.57 395.594 397.248 396.735 397.835 398.728 398.976 399.687 400.026 398.959 400.522 399.819 399.794 400.042 399.157 400.629 400.207 399.901 397.519 399.727 399.396 398.999 399.247 399.495 399.743 398.213 398.461 398.436 397.799 396.484 397.559 395.847 396.095 395.028 394.788 394.3 393.324 393.572 392.596 390.148 390.644 390.644 389.668 388.204 387.716
389.668 390.644 391.132 391.372 392.596 393.572 394.548 393.167 394.052 395.119 396.095 395.847 395.508 396.575 397.642 398.618 397.791 398.122 398.428 397.535 399.247 399.578 399.396 399.173 399.388 398.586 400.298 400.72 400.29 399.372 400.158 399.364 398.926 398.405 398.711 399.687 398.976 398.728 397.835 396.735 397.157 397 396.843 397.728 394.85 393.957 393.709 393.552 393.883 392.229 390.848 391.179 391.171 391.064 392.479 393.505 394.25 394.143 393.763 394.88 395.352 395.336 396.18 395.891 395.693 397.29 396.902 397.936 394.744 397.54 396.879 397.252 397.062 398.179 397.791 396.948 397.122 396.37 398.24 396.826 397.48 397.001 396.72 396.15 395.861 393.984 393.414 394.44 393.87 394.44 393.596 393.984 394.546 394.934 395.314 395.884 395.321 396.826 395.899 396.37 396.568 398.354 397.609 398.27 397.798 396.218 398.194 395.944 397.92 397.746 397.464 395.975 396.264 395.701 395.047 395.245 396.849 394.88 393.862 393.961 394.44 392.463 392.479 392.768 390.799 391.361 391.89 392.229 392.105 392.907 394.561 393.957 394.966 394.635 394.883 396.818 397.248 397.38 396.983 396.677 399.067 399.133 398.802 398.959 399.298 399.364 399.794 400.224 400.29 399.405 399.562 400.728 399.479 399.727 399.884 399.735 398.602 400.992 397.874 398.676 398.436 397.46 397.799 398.626 395.508 395.938 396.004 395.764 394.052 393.076 393.324 393.018 391.86 390.975 391.62 390.156 389.18 388.692 387.716 388.692 389.668 390.247 391.223 390.975 391.215 393.018 392.679 395.524 395.367 395.764 394.871 397.253 396.914 396.575 397.46 397.46 398.37 398.031 399.28 397.535 398.42 398.42 399.421 398.991 400.331 400.455 400.298 399.496 399.066 400.133 399.885 399.083 398.074 398.959 398.711 399.687 395.792 398.546 397.835 397.38 396.396 397 394.767 395.95 396.074 394.048 394.561 392.725 392.659 392.32 391.89 389.864 390.799 391.453 392.479 392.19 391.992 393.68 393.763 394.789 395.443 395.336 396.081 396.925 396.264 396.347 396.91 396.803 396.514 398.665 396.78 396.59 397.335 398.08 397.609 396.948 397.974 397.594 395.899 396.644 395.048 395.694 396.811 395.96 394.364 394.075 394.82 392.844 393.87 394.44 394.82 394.257 394.546 395.116 396.53 394.288 396.074 396.454 396.263 397.404 396.94 399.76 399.106 396.955 397.062 396.218 396.416 397.54 396.423 398.027 395.595 395.884 396.264 395.701 396.18 394.873 395.443 394.607 393.763 393.961 392.174 392.099 392.388 390.138 390.336 389.864 391.336 393.544 393.883 392.634 395.024 394.139 394.85 395.768 396.38 396.421 396.396 397.38 397.744 396.586 399.348 397.909 399.29 398.405 398.926 399.546 398.388 400.133 400.29 400.447 400.48 401.489 399.479 399.727 400.066 399.851 398.602 397.626 397.874 398.213 397.7 398.436 397.642 396.575 395.508 396.492 396.095 395.119 394.143 394.3 393.324 393.572 393.266 392.199 391.132 389.668 389.668 388.692 387.716
389.18 389.668 391.132 392.108 392.596 393.572 391.455 393.746 394.052 395.21 395.516 394.532 396.914 397.311 397.799 398.8 398.436 398.767 398.519 399.495 399.983 399.735 398.106 399.264 400.703 401.77 399.471 400.72 399.248 400.133 399.794 399.546 400.431 398.959 400.026 398.372 399.348 396.586 397.835 396.272 397.248 396.719 396.57 395.768 396.074 394.139 394.379 392.907 391.807 394.768 390.666 389.955 390.708 391.362 392.479 392.554 392.174 393.68 393.763 394.88 395.443 395.154 396.271 395.519 396.636 396.157 397.183 397.746 397.457 398.665 396.416 396.218 397.062 396.955 397.609 396.948 396.75 397.685 395.808 396.735 397.29 396.72 395.314 393.528 395.77 392.768 394.63 395.656 393.68 394.25 394.82 395.2 394.546 396.15 396.811 395.694 396.165 396.454 398.24 396.279 398.065 396.948 397.328 396.955 398.088 398.848 396.879 396.796 397.92 398.027 395.504 398.696 396.264 395.61 396.362 397.784 395.443 394.88 394.044 393.68 392.935 393.687 392.57 390.51 390.336 391.179 391.89 391.468 391.807 394.776 393.064 394.42 394.114 394.635 395.346 395.594 396.396 397.496 397.719 396.677 398.976 398.372 398.711 399.141 398.074 400.216 399.885 400.224 401.696 400.538 399.38 398.404 399.388 400.306 399.421 399.396 398.42 399.495 400.388 397.452 398.552 397.485 397.799 396.575 396.914 395.847 395.516 395.119 394.143 395.615 394.548 393.572 392.596 392.108 390.644 390.338 389.668 388.692 387.716 388.204 389.18 390.156 389.999 391.645 393.266 393.572 391.455 394.391 396.682 395.028 396.095 394.532 395.599 396.484 397.915 397.948 398.436 398.122 398.428 400.992 398.42 398.263 399.421 400.397 400.24 398.586 399.744 400.538 399.711 399.372 399.794 400.398 398.744 398.496 399.009 397.909 397.57 396.677 397.835 397.587 397.157 395.594 396.289 393.808 395.611 395.363 393.8 392.816 392.659 392.229 391.791 390.046 390.336 392.859 391.809 393.505 393.307 394.333 393.763 394.698 395.443 395.245 394.584 395.519 396.545 397.29 397.183 397.746 397.92 397.358 396.416 398.848 397.062 397.898 397.609 397.692 397.974 396.37 398.24 396.826 395.594 397.1 395.496 396.15 394.546 395.2 394.63 394.44 393.87 395.656 393.968 395.2 395.58 395.96 395.496 396.157 397.48 396.644 395.899 396.279 396.75 395.914 397.609 397.898 398.088 397.533 398.103 397.077 396.514 395.86 395.959 396.438 396.355 395.891 395.99 396.56 395.443 394.88 395.169 393.961 391.992 391.611 392.388 392.859 390.427 391.179 390.575 392.229 392.659 392.907 393.618 394.42 394.85 395.95 396.388 396.909 397.157 398.629 397.835 399.191 399.348 398.091 400.026 398.496 399.968 398.504 399.794 398.727 399.248 400.629 399.562 398.586 400.703 399.264 400.554 399.578 398.42 399.495 399.743 398.767 397.791 397.303 397.46 397.311 397.559 395.938 394.78 395.119 394.052 392.522 394.548 393.018 392.596 392.596 390.644 389.023 389.668 388.692 387.716
389.668 389.668 390.644 391.62 391.215 391.612 393.415 394.391 394.143 395.028 393.556 394.532 395.599 396.484 397.799 398.13 398.37 398.304 399.743 399.586 399.247 399.735 400.066 399.082 398.834 398.404 400.298 399.223 400.563 400.133 399.885 399.546 398.074 398.959 398.711 398.67 399.067 396.586 397.719 396.272 396.396 396.719 396.107 396.231 394.759 394.627 395.024 392.725 393.883 392.32 391.89 390.327 390.336 392.859 392.479 393.687 393.026 394.515 393.763 392.92 395.443 394.211 397.024 395.701 396.355 395.032 395.504 397.746 396.423 395.762 397.822 398.848 397.335 396.492 397.7 396.948 396.932 396.37 395.808 396.644 396.074 396.72 395.124 396.15 395.861 395.291 393.414 392.844 393.68 393.034 394.63 394.166 395.952 394.934 396.811 397.1 395.048 396.644 395.808 397.594 396.75 399.76 399.106 397.898 397.062 396.59 395.746 397.168 397.829 396.596 397.001 396.347 396.727 395.61 395.99 395.336 395.352 394.789 393.953 393.961 394.531 392.372 391.718 391.362 390.336 391.361 392.072 391.857 392.196 392.725 393.709 394.139 394.759 397.728 396.388 396.909 396.785 397.496 397.562 400.688 397.57 399.687 398.711 398.405 398.562 399.364 399.794 398.727 399.066 399.405 399.653 400.455 400.703 400.397 400.066 399.487 398.602 399.495 397.874 398.304 399.015 398.527 397.915 396.484 396.914 397.716 394.871 395.028 394.904 394.391 392.679 393.572 392.596 391.62 390.644 389.511 389.18 388.204 387.716 388.692 389.668 390.156 391.62 392.108 392.596 393.572 394.548 393.258 396.591 395.855 396.095 395.847 399.428 396.484 397.46 398.618 397.055 399.412 398.428 399.495 398.602 398.999 399.396 399.727 400.703 401.77 399.562 400.447 399.066 400.224 399.794 399.455 398.074 399.72 398.918 397.909 399.348 398.728 397.074 396.735 395.842 397.091 396.289 395.768 396.074 394.42 394.933 392.816 393.883 391.096 390.575 388.549 390.799 391.362 392.479 393.505 394.531 393.961 394.706 394.88 395.352 396.56 394.774 395.701 398.042 398.696 397.183 395.951 397.829 396.986 398.194 396.218 397.062 398.08 399.106 396.948 397.974 396.651 395.808 396.644 395.884 397.001 396.72 393.528 394.364 395.2 394.82 393.034 393.68 394.25 394.82 393.984 396.986 393.528 395.124 395.694 397.48 396.644 397.206 396.461 397.974 396.096 397.609 396.955 398.088 396.218 397.822 397.358 397.457 396.803 397.001 397.29 396.727 396.925 396.271 394.302 395.443 394.88 394.706 394.424 391.992 392.099 392.57 392.859 391.171 388.549 391.89 392.229 391.344 393.552 393.618 394.42 394.85 395.28 394.883 395.594 396.487 396.735 397.835 398.728 399.348 399.687 400.026 398.959 398.744 399.364 399.794 399.372 399.157 400.447 399.562 398.404 399.388 400.372 399.239 398.999 398.511 398.18 399.925 398.122 397.055 398.13 397.915 397.311 395.599 397.807 394.78 395.119 394.143 394.3 394.639 391.703 392.596 391.62 391.132 390.156 389.18 388.204 387.716
389.668 390.735 391.62 391.62 392.596 393.018 392.77 393.167 394.052 395.119 394.871 395.847 396.914 397.22 397.46 398.13 397.791 398.767 396.468 397.626 399.429 398.42 399.33 399.727 398.834 399.81 401.034 399.496 398.975 400.133 400.456 399.546 398.744 398.959 399.1 399.687 398.794 398.728 397.835 397.496 397.157 395.503 396.57 395.95 396.074 393.957 391.84 392.725 392.196 390.914 391.89 391.551 390.336 391.916 391.718 392.19 394.531 393.68 394.706 394.88 393.739 394.873 396.271 395.982 396.727 397.29 397.282 397.746 397.176 397.077 396.879 396.218 397.335 396.955 395.078 397.32 396.568 397.404 395.899 396.735 397.48 394.288 395.124 393.528 394.546 394.166 394.911 395.656 393.68 394.44 394.911 395.2 396.986 396.15 395.314 396.72 396.165 396.644 395.808 397.404 396.568 396.948 395.26 397.898 398.468 396.218 396.879 396.986 397.738 396.803 397.183 397.753 394.378 395.701 394.774 394.873 395.443 394.326 395.169 394.333 394.531 392.19 392.57 391.064 391.171 387.904 390.575 392.229 393.701 392.907 393.8 394.42 394.875 394.544 396.289 395.594 397.248 397.587 397.562 396.677 399.348 397.909 398.827 399.72 400.059 399.819 399.794 399.372 399.066 399.223 399.719 398.495 398.834 399.727 400.066 399.396 398.602 399.495 399.743 398.767 397.791 398.618 397.915 397.493 396.914 396.492 396.186 395.028 395.367 393.076 393.324 393.572 392.596 392.687 391.132 390.644 389.668 388.692 387.716 388.204 389.18 389.42 390.644 392.108 392.596 393.572 394.548 394.391 396.682 395.119 394.871 395.938 397.559 397.402 396.972 396.815 398.37 398.767 399.743 397.444 399.247 398.908 399.884 399.082 397.428 400.546 399.744 399.38 399.918 399.372 399.794 399.819 400.522 398.959 400.026 399.687 398.976 397.876 397.835 396.272 396.487 397.091 394.767 395.28 396.074 394.139 393.618 394.776 392.196 392.229 390.666 389.955 390.708 391.246 392.388 393.687 393.117 393.68 395.169 394.88 395.443 395.154 396.362 396.925 394.469 396.628 396.91 396.34 397.92 396.796 395.746 396.218 397.335 398.08 395.078 396.948 397.974 397.685 395.808 396.826 396.256 395.694 395.124 393.528 394.364 395.2 394.82 393.034 391.248 393.034 394.82 394.075 395.77 396.241 396.72 396.157 396.074 396.644 398.24 397.404 396.568 396.948 397.328 397.898 397.335 396.59 398.103 397.077 396.423 398.027 396.91 396.347 394.287 396.925 394.683 395.245 395.443 394.88 393.763 394.424 391.992 393.786 392.388 391.064 390.89 390.418 392.552 392.32 391.807 392.725 393.709 394.139 395.148 395.28 396.57 396.818 397.43 398.05 397.074 397.322 398.976 398.67 398.711 398.959 400.431 399.819 398.388 400.133 399.066 399.405 400.298 399.81 397.519 399.264 399.421 398.908 399.247 400.992 398.519 398.767 397.791 398.039 397.642 397.22 398.411 397.253 396.831 395.119 395.549 393.076 393.324 391.703 392.596 390.884 391.132 389.668 389.18 388.204 387.716
389.18 389.42 391.62 391.62 392.596 393.572 394.548 393.076 394.052 395.21 396.004 395.938 397.559 398.626 397.642 398.039 398.436 398.767 399.189 399.586 398.602 398.263 399.421 399.727 400.703 398.586 400.298 398.735 400.29 400.133 398.479 399.546 400.522 398.959 398.802 400.076 399.348 398.728 397.835 397.587 397.248 396.909 395.346 395.28 396.074 394.718 393.618 392.907 391.807 392.32 391.336 390.327 391.353 390.51 391.809 392.19 393.398 394.424 393.763 394.599 395.443 395.154 396.081 395.428 396.636 395.975 396.058 396.803 396.332 395.944 397.822 397.533 397.062 397.989 395.078 396.948 398.065 397.404 398.24 396.454 396.074 395.975 396.53 396.15 394.364 395.2 394.63 394.25 391.248 394.25 393.414 395.2 394.546 397.556 396.53 395.694 395.048 396.644 398.24 397.404 397.784 399.76 397.609 396.955 395.656 397.533 396.416 397.077 396.423 395.488 397.001 396.347 396.264 395.428 396.081 397.784 395.443 394.599 395.169 393.961 392.935 393.687 391.718 391.246 390.708 391.088 391.609 391.857 392.659 392.907 393.618 394.42 396.074 395.189 396.388 395.503 397.248 397.587 397.719 398.728 399.348 399.687 399.282 398.959 398.074 400.216 399.794 400.133 399.711 399.38 399.744 399.81 400.794 400.372 400.066 399.851 399.338 399.495 396.65 398.676 397.791 397.485 397.642 397.493 395.508 397.807 394.871 395.119 395.367 395.524 394.548 393.572 392.596 392.687 391.132 389.668 389.18 388.692 387.716 388.692 389.668 390.156 391.132 391.62 391.215 391.612 392.679 394.3 395.367 395.21 396.831 397.807 397.468 397.311 397.46 398.13 397.055 398.767 397.965 397.535 398.602 398.536 400.066 399.173 400.976 401.125 399.471 400.629 399.157 398.727 398.388 399.546 398.744 399.902 398.711 398.372 398.703 398.546 397.719 396.09 396.487 395.958 396.57 396.322 395.148 394.42 394.379 391.476 393.883 391.468 391.336 391.179 390.799 390.51 392.479 392.19 392.174 393.018 393.763 394.789 394.128 395.154 396.081 395.61 396.264 398.696 397.001 395.488 397.457 395.944 396.416 396.59 398.088 397.989 397.328 397.692 396.568 397.404 397.206 396.644 396.074 397.1 396.53 396.15 396.986 395.2 394.63 392.844 393.68 393.034 394.63 395.2 394.364 397.556 395.124 395.694 396.074 396.826 397.206 397.404 396.568 396.948 396.484 396.748 397.062 396.218 398.103 396.986 397.639 398.027 397.001 396.347 396.264 395.519 396.18 394.211 395.352 394.789 393.763 393.109 393.026 392.554 391.718 391.916 392.114 391.088 391.03 390.914 393.792 394.594 393.709 394.42 395.148 395.768 396.57 396.909 396.487 397.38 397.835 397.413 399.348 398.372 398.711 401.68 398.744 399.546 400.456 400.224 399.066 400.05 399.38 400.455 400.703 399.727 399.421 399.578 399.338 399.495 399.28 398.676 398.924 398.527 397.063 396.484 395.599 397.162 396.095 395.028 395.276 394.391 391.546 393.572 392.596 390.975 389.908 390.156 389.18 388.692 387.716
389.18 390.156 390.396 392.199 391.951 393.572 394.548 393.167 395.367 395.028 396.186 394.532 397.468 398.626 397.642 397.948 397.7 398.767 399.743 399.586 398.602 399.487 399.421 399.727 397.519 400.546 400.207 399.405 400.381 400.133 399.794 399.546 400.522 401.589 398.711 398.372 398.794 398.728 397.653 397.587 397.248 397.091 396.388 395.95 394.85 395.272 395.024 394.776 393.883 392.229 391.89 391.179 390.799 391.362 391.809 392.463 392.844 394.515 395.169 394.88 393.921 393.748 396.271 397.297 397.951 396.347 397.092 396.803 394.744 397.358 397.822 398.848 397.616 396.492 397.791 396.948 396.568 397.404 397.206 396.735 397.48 396.72 396.53 395.96 394.364 395.2 394.911 394.25 393.87 395.656 394.82 395.2 394.364 396.613 396.53 397.1 397.29 396.735 397.206 396.461 396.568 397.32 395.26 397.898 397.335 396.59 396.416 397.259 397.829 398.027 395.504 396.066 397.008 395.428 396.271 395.154 394.682 394.789 393.672 393.68 393.398 392.19 392.479 391.916 391.353 389.194 391.609 391.559 391.807 393.552 394.288 395.363 397.389 395.768 396.752 396.909 397.157 397.496 397.835 396.768 397.661 399.042 400.026 398.959 400.431 399.546 398.388 398.818 399.066 400.811 399.744 398.586 400.794 399.173 398.66 399.735 398.602 397.535 396.559 398.122 398.37 397.948 397.642 396.575 395.69 396.492 396.186 395.119 394.788 393.167 394.639 393.572 391.86 390.33 391.62 390.247 389.18 388.692 387.716 388.692 389.668 390.247 390.644 392.108 392.596 393.018 394.548 394.3 394.052 395.028 394.871 394.532 395.508 397.311 397.46 397.485 397.7 398.767 398.428 399.495 398.602 399.735 399.396 399.727 400.149 398.495 399.38 399.405 398.975 400.042 399.794 399.364 400.522 397.76 398.802 399.315 397.57 398.728 397.562 396.735 397.248 396.818 396.107 395.95 394.85 394.139 393.709 393.552 392.196 391.857 390.385 391.179 390.038 392.859 392.57 392.19 393.398 393.68 393.763 394.698 394.128 396.56 396.081 395.61 394.378 395.975 397.282 395.951 397.457 397.077 398.194 397.624 397.335 396.674 397.328 396.948 396.75 397.685 395.899 396.735 396.165 394.288 396.811 397.556 394.364 395.2 394.82 392.844 391.248 392.844 394.63 395.2 395.861 396.15 396.72 395.694 395.321 396.826 395.899 396.461 396.568 396.948 397.328 398.179 397.335 396.598 398.194 396.796 397.829 397.746 397.001 395.975 396.545 395.982 395.99 395.336 394.591 394.88 395.169 394.052 393.307 393.687 392.479 392.768 392.114 389.194 391.89 392.32 393.883 392.816 393.709 393.957 394.85 395.95 395.528 395.503 397.248 396.272 399.034 396.586 397.57 398.091 399.935 398.496 400.431 399.546 400.53 398.727 400.29 399.496 399.719 400.728 399.479 399.173 398.751 399.851 399.247 400.992 396.65 398.122 398.436 397.303 397.642 396.484 395.69 396.492 394.78 395.028 394.052 393.837 394.548 393.572 393.266 392.108 390.644 390.156 389.18 388.692 387.716
389.18 389.511 391.132 390.975 391.86 391.612 393.324 393.076 394.052 395.028 396.186 397.253 395.508 397.311 397.063 397.576 398.436 398.767 399.28 399.586 398.511 398.999 399.421 399.082 400.149 398.495 399.562 399.223 398.975 399.372 398.388 399.083 400.431 398.959 399.29 399.315 398.976 397.231 397.562 397.496 397.248 395.412 395.346 395.098 394.759 393.957 395.024 392.907 392.452 390.914 391.791 391.361 390.799 390.973 391.718 393.505 394.531 393.68 393.854 394.88 395.443 395.154 396.18 395.891 394.56 396.347 395.595 396.596 397.457 395.762 398.194 397.533 397.062 397.898 397.328 399.76 398.346 397.594 398.24 396.644 396.165 395.884 395.124 396.431 394.364 394.257 393.786 393.034 393.68 394.44 394.911 396.606 394.364 395.116 395.405 396.157 397.48 396.735 395.808 397.404 396.568 395.914 397.609 396.748 395.656 398.848 398.194 397.259 396.514 398.027 395.504 398.696 396.264 395.428 396.081 394.211 395.443 394.789 393.763 394.424 394.622 393.505 391.718 391.916 391.171 390.418 391.609 392.229 393.701 394.594 395.024 394.42 395.338 395.28 396.752 395.503 397.157 397.587 398.48 399.191 398.976 397.909 398.711 398.959 400.522 398.504 399.794 400.042 400.381 398.735 399.835 400.455 400.885 400.951 398.106 398.263 398.511 397.535 399.834 398.213 399.594 397.948 396.972 396.575 397.559 397.071 394.78 395.028 394.052 393.167 394.639 393.572 392.596 391.62 391.132 390.826 389.668 388.692 387.716 388.692 389.668 389.668 390.644 392.108 391.215 389.743 394.548 394.3 394.052 395.119 396.095 397.807 395.508 397.402 397.642 398.527 398.436 398.031 398.428 397.626 399.429 399.578 399.603 399.727 400.149 398.495 399.562 400.629 399.711 400.224 400.53 399.083 399.207 398.959 398.711 398.372 397.57 396.586 397.835 396.735 397.157 396.719 397.422 395.007 394.85 394.9 393.709 392.725 393.883 391.857 391.609 391.179 390.336 390.692 392.479 393.687 393.117 394.333 393.763 394.88 395.443 395.336 394.865 397.297 396.264 395.032 397.464 396.803 397.92 397.077 396.97 397.533 397.616 396.955 397.328 396.948 396.932 396.37 395.899 396.446 395.321 396.72 395.405 396.15 395.861 395.291 394.63 392.844 391.248 394.25 393.414 395.2 394.364 396.15 396.53 395.694 396.165 396.826 397.206 396.37 397.122 396.948 398.072 396.492 397.335 396.59 398.103 397.259 397.457 397.746 396.91 395.884 398.042 395.519 394.592 394.302 395.443 394.88 395.169 393.109 393.307 393.968 392.479 392.768 391.262 390.137 390.484 390.914 393.883 394.594 393.618 393.957 396.074 395.098 395.346 396.818 397.157 398.72 397.835 398.546 398.885 398.091 398.711 398.496 400.431 399.364 399.794 400.224 399.066 399.405 399.562 400.546 397.61 399.727 399.421 399.735 398.42 399.586 398.428 397.452 397.7 397.948 397.46 396.575 395.599 397.807 396.004 395.301 394.143 395.524 393.324 393.572 392.596 391.62 389.908 389.668 389.759 388.692 387.716
389.18 389.668 391.223 391.645 392.596 393.572 394.548 394.3 394.143 395.21 394.78 395.847 395.599 396.484 397.799 398.527 397.146 400.082 396.559 399.586 399.247 398.908 399.239 399.727 398.834 401.861 400.943 400.447 399.157 400.224 398.388 399.546 399.298 398.496 399.935 400.076 399.348 398.728 397.471 396.735 397.157 395.958 396.107 394.544 395.611 394.139 393.8 392.816 393.61 392.229 392.163 391.179 392.205 391.246 391.809 392.554 393.307 393.109 393.672 392.92 396.849 395.336 396.271 395.428 396.545 395.123 396.91 395.488 396.605 396.796 396.788 396.59 397.335 396.674 396.666 397.229 396.94 397.685 395.899 396.826 397.48 395.694 396.72 396.15 394.546 395.2 393.414 393.034 393.68 393.034 394.82 395.2 395.77 396.613 395.496 397.001 396.074 395.511 395.808 397.404 396.75 397.229 396.484 398.179 397.335 396.59 398.194 397.168 397.829 396.34 395.595 395.123 397.951 396.925 396.271 396.378 393.648 394.88 395.169 394.424 392.455 392.19 392.479 390.51 390.89 390.418 391.981 392.502 391.807 394.594 393.709 395.272 395.148 394.544 396.107 396.818 397.248 397.587 398.48 398.728 398.794 399.224 398.711 398.496 398.074 399.546 399.794 400.133 400.381 399.405 400.207 398.495 399.388 400.397 399.512 399.735 399.983 399.586 396.65 398.767 399.015 397.948 397.46 396.666 397.559 397.253 396.095 395.028 394.234 394.391 390.901 393.018 391.215 390.884 391.132 390.644 389.759 388.204 387.716 388.204 389.759 390.156 391.711 390.975 391.86 393.572 392.679 394.391 395.276 395.119 396.095 397.807 398.411 396.575 397.642 397.948 398.37 398.767 399.743 399.586 398.511 399.735 399.421 399.727 400.149 398.495 398.404 400.629 400.563 398.727 400.456 399.546 398.926 398.496 398.802 398.372 399.348 398.728 397.074 397.405 396.396 395.776 394.883 394.544 395.338 393.775 394.379 393.552 391.807 391.559 391.336 391.179 390.708 390.138 393.794 393.505 392.174 394.242 392.448 394.88 393.466 394.873 396.081 394.758 394.469 397.753 397.183 395.488 396.423 397.259 396.879 397.252 397.616 396.955 397.609 399.76 396.659 396.461 397.297 396.735 396.165 394.288 395.124 395.116 395.58 395.2 393.414 394.44 391.248 394.44 393.414 395.2 398.392 395.96 396.53 396.066 397.48 396.644 395.808 396.279 397.974 397.229 397.328 397.898 395.656 396.59 397.822 397.077 397.176 396.34 396.058 395.975 396.264 395.701 394.683 395.154 395.443 394.88 396.112 393.961 392.174 392.19 391.809 391.064 390.336 390.418 390.203 391.468 391.807 394.313 393.8 393.957 394.85 395.189 396.843 396.818 397.157 397.38 396.404 397.231 398.794 398.372 398.802 397.76 398.074 399.546 399.794 399.372 399.157 399.405 400.207 400.455 398.834 399.173 400.554 399.735 399.338 397.626 399.743 398.676 399.015 398.527 397.063 396.484 397.65 397.807 395.516 395.119 394.143 394.3 394.548 393.572 392.596 391.62 391.711 389.668 389.18 388.692 387.716
388.692 389.511 390.487 392.108 392.596 393.572 392.1 395.615 394.143 395.119 394.871 397.807 399.056 396.666 397.063 397.46 398.37 398.767 397.874 400.992 399.247 399.735 399.396 398.991 399.479 400.728 399.653 399.314 399.066 399.372 400.158 399.819 400.522 398.405 398.711 397.727 398.976 396.586 397.719 397.587 397.43 395.958 397.604 395.768 394.85 393.866 395.024 392.907 393.883 392.229 390.666 389.864 392.296 391.916 392.851 392.19 392.844 393.961 393.763 394.789 395.443 396.378 395.047 395.982 396.727 395.123 397.464 395.397 397.829 398.665 395.746 397.624 398.088 396.955 399.106 397.32 397.974 397.685 395.99 396.644 396.074 395.876 396.53 395.116 394.364 393.984 394.82 393.034 393.87 394.44 394.82 395.2 395.861 396.613 396.811 397.1 397.48 396.826 397.305 397.404 396.94 396.948 394.896 396.955 398.088 396.59 398.194 397.259 397.92 397.746 397.282 396.347 396.355 395.61 396.18 395.336 395.352 394.88 395.169 393.68 392.935 392.19 391.718 392.768 390.427 391.46 391.89 393.544 391.807 394.594 393.8 396.124 394.85 394.544 394.883 396.909 397.248 396.272 397.653 398.546 398.885 399.687 398.802 398.959 399.968 399.364 398.388 399.579 399.066 398.735 399.562 399.81 400.331 399.727 400.554 398.42 399.429 399.495 398.519 396.807 399.015 398.13 398.56 396.666 395.599 397.162 396.004 395.028 394.052 394.3 394.548 393.572 392.596 391.62 391.132 390.156 389.668 388.204 387.716 388.204 389.668 389.511 390.644 391.62 392.596 393.572 394.548 395.524 394.904 395.21 396.095 394.532 395.508 397.311 397.799 396.815 397.791 398.767 397.874 399.495 398.511 398.999 399.884 399.264 399.57 398.586 400.298 399.314 401.696 400.133 399.794 399.546 400.34 398.496 398.802 398.091 398.976 398.546 397.719 398.811 397.157 396.909 394.883 395.768 396.074 394.9 393.8 392.816 391.807 391.096 390.575 391.179 390.89 390.692 391.718 393.687 391.992 393.109 395.169 394.789 395.443 395.336 394.865 395.701 394.378 396.347 396.24 397.746 397.176 397.077 396.879 396.59 397.616 396.955 398.072 396.948 396.841 397.404 395.899 396.826 395.594 397.001 395.124 397.556 395.861 395.2 394.82 392.844 393.87 392.844 394.82 394.257 394.364 397.556 395.314 395.884 397.48 396.735 395.808 397.594 397.974 397.229 399.106 396.492 398.088 397.624 396.416 395.762 397.738 395.488 397.183 395.032 396.264 397.107 394.865 395.154 395.443 394.326 393.763 394.143 393.026 392.554 392.479 391.362 392.114 391.179 391.89 391.576 392.196 392.816 393.8 394.9 394.875 394.635 396.57 395.594 397.157 397.033 397.835 399.191 397.479 398 398.918 398.496 398.926 400.398 398.479 399.951 399.066 399.405 399.835 399.81 399.479 399.727 399.421 399.396 398.602 399.495 399.834 398.767 398.37 398.709 396.972 397.22 397.559 396.492 396.831 395.119 394.052 395.524 392.1 391.612 391.86 390.975 391.132 390.644 389.18 388.692 387.716
389.668 390.644 391.223 391.62 392.596 393.572 391.546 394.3 394.052 395.028 396.74 395.847 398.874 396.666 397.915 397.948 398.279 398.304 399.743 400.992 398.42 398.999 400.554 399.082 400.703 398.404 399.653 399.405 399.711 400.133 398.479 399.546 398.074 399.141 398.711 398.852 399.067 398.546 397.719 396.272 397.248 397 396.57 395.098 395.148 393.957 393.064 392.907 391.807 392.32 391.336 389.773 392.114 392.768 391.718 392.554 392.844 393.109 393.854 394.88 395.443 396.56 396.081 395.982 396.355 398.696 397.464 396.803 396.423 397.168 395.746 397.252 397.616 396.492 399.106 396.948 396.568 396.37 395.899 396.644 397.48 395.876 396.811 396.241 395.77 395.2 394.63 394.25 393.87 394.44 394.82 395.2 394.546 395.96 395.314 397.1 397.48 396.454 398.24 396.37 397.974 398.354 397.609 397.228 398.088 397.624 397.822 396.986 397.639 396.596 397.464 395.975 397.099 396.925 396.271 395.336 395.443 394.88 393.953 393.961 393.026 392.19 392.388 392.768 391.171 390.046 391.981 392.039 393.792 393.552 393.618 394.048 396.074 395.95 396.843 396.909 396.396 397.496 397.562 399.191 397.57 399.687 398.802 398.405 398.074 400.216 399.794 399.372 400.472 400.72 399.835 400.455 400.703 399.082 399.421 399.735 398.602 399.495 400.016 398.122 398.461 398.13 397.063 396.575 397.559 394.532 396.095 395.028 395.367 393.746 393.324 393.572 392.596 391.372 390.644 389.668 389.18 388.204 387.716 388.204 389.668 389.668 390.644 391.62 392.596 393.018 392.861 394.391 394.052 395.028 394.78 395.938 396.914 397.311 396.972 398.13 398.461 400.082 399.189 397.535 399.429 398.999 399.421 399.727 400.885 398.495 400.298 400.538 400.563 400.133 399.794 398.504 398.074 401.589 398.711 399.133 398.976 398.728 398.298 397.587 397.248 396.909 396.289 395.007 394.759 394.42 393.8 392.816 392.452 391.576 391.89 388.549 392.114 392.768 391.718 392.554 394.531 394.333 393.763 394.599 395.443 396.378 397.024 396.925 394.56 398.696 396.24 396.803 397.176 397.259 396.879 396.218 397.062 396.492 397.328 396.948 396.568 399 398.24 396.644 397.48 395.884 395.124 395.96 395.58 395.2 393.414 393.034 395.276 394.44 394.82 395.2 396.986 396.613 396.72 395.694 396.074 396.735 397.206 399 397.974 396.948 394.896 396.674 397.335 397.624 396.879 395.762 397.738 397.936 396.91 396.256 396.545 397.206 396.18 395.336 395.443 394.326 395.169 393.018 392.935 393.505 391.718 391.362 392.205 391.642 391.89 393.544 393.883 392.907 393.8 394.9 394.966 397.637 396.479 395.412 397.339 397.587 397.719 396.677 398.24 398.372 399.472 400.274 400.431 399.546 399.794 399.579 400.29 400.356 401.522 400.637 399.479 399.082 399.421 399.735 399.247 397.444 399.28 398.767 398.461 397.485 396.972 396.484 397.559 397.253 394.78 395.119 396.591 394.3 394.639 393.572 391.951 392.778 390.644 390.735 389.18 388.692 387.716
389.668 390.644 390.644 390.884 392.596 393.572 394.548 394.3 394.143 395.028 396.74 396.492 395.599 400.586 397.642 397.948 398.436 398.767 400.016 399.495 398.511 398.354 399.396 400.397 398.834 400.455 400.207 399.405 399.066 399.372 399.794 399.546 398.926 398.496 398.066 398.372 398.331 396.677 397.835 397.496 397.157 397 397.422 395.95 394.85 394.139 395.115 394.776 392.659 392.229 391.981 390.418 391.353 392.768 392.479 392.281 392.844 393.961 393.482 394.326 395.443 396.56 396.18 395.701 396.264 396.066 396.902 396.34 397.457 397.077 396.416 397.533 397.616 396.492 399.015 397.411 397.974 397.685 397.206 396.917 397.48 395.694 396.53 395.96 395.58 395.2 394.82 394.44 393.87 394.44 393.414 395.2 396.986 393.528 396.72 395.694 395.321 396.644 397.206 396.37 396.932 396.948 395.078 397.898 395.656 398.848 397.822 398.665 397.176 396.803 395.504 395.975 395.602 395.428 394.865 394.302 395.443 394.88 393.763 394.424 393.026 392.554 392.57 392.768 390.799 391.642 392.163 390.914 391.344 394.594 393.709 393.957 395.52 395.189 394.767 396.818 397.339 398.72 397.835 397.322 398.976 398.372 398.827 398.496 398.744 399.083 399.794 400.133 400.29 400.538 399.562 398.586 397.61 399.727 399.421 398.999 399.338 399.495 399.743 398.767 398.461 397.576 397.46 397.493 397.559 395.847 396.095 396.434 394.143 393.928 393.324 393.572 392.596 392.199 391.223 389.668 389.668 388.692 387.716 388.204 389.18 390.644 391.223 390.884 391.951 393.572 393.415 394.3 394.143 395.028 393.556 394.532 397.468 400.768 397.642 397.485 398.552 398.767 397.965 399.586 398.511 398.999 399.396 399.082 399.479 400.546 399.38 400.538 400.29 398.818 399.794 399.546 400.522 398.405 399.1 399.224 395.792 396.677 397.835 396.735 397.248 396.818 396.388 394.635 394.85 395.181 394.933 392.907 393.883 392.229 391.89 390.418 390.708 392.768 392.851 393.505 394.25 393.109 393.672 392.92 395.443 395.245 396.081 395.891 396.727 398.696 396.91 397.936 397.176 397.077 396.416 397.624 397.335 397.898 397.328 397.32 396.932 397.685 396.263 396.735 396.165 396.72 396.53 396.241 394.364 395.291 394.63 393.125 393.87 394.25 394.82 395.291 395.58 395.96 395.124 396.157 397.48 396.735 395.899 397.404 396.659 399.76 397.609 397.989 397.062 397.252 396.416 399.608 394.744 396.34 397.464 396.347 396.727 395.61 394.683 395.336 395.443 394.88 393.482 393.018 394.531 393.505 392.479 391.916 391.353 389.955 391.89 391.005 391.344 393.949 395.024 394.42 394.85 394.635 396.661 396.421 397.248 396.735 397.835 398.728 398.976 399.042 398.066 398.959 400.431 399.819 399.794 399.372 399.62 400.629 399.38 401.861 397.428 399.264 399.396 398.999 398.511 397.626 399.189 397.452 398.924 398.618 396.972 397.402 397.559 397.162 395.516 395.119 394.052 393.076 392.1 393.018 391.215 392.108 389.999 390.156 389.759 388.692 387.716
388.692 390.156 390.669 391.62 391.86 393.018 392.679 394.3 395.367 395.028 396.186 394.532 397.559 396.575 397.642 397.485 397.791 398.031 398.428 399.586 398.511 398.354 400.066 399.264 399.479 398.495 399.562 400.538 399.066 399.951 399.794 399.364 398.926 398.405 398.711 399.315 398.976 398.728 398.298 398.72 397.157 396.909 396.388 394.635 395.611 394.718 393.709 392.816 393.883 391.468 390.203 390.137 392.114 391.362 391.627 393.505 393.117 393.109 393.763 394.599 393.739 395.154 394.865 396.925 396.264 397.29 397.282 396.34 396.332 395.762 398.194 396.59 397.062 398.179 395.078 399.76 397.974 396.37 398.24 396.644 395.321 396.72 395.124 396.241 395.861 395.2 394.63 394.25 393.87 395.656 394.82 395.2 394.364 396.15 396.53 397.001 397.48 396.826 395.899 396.37 398.065 395.914 397.609 396.492 397.335 397.252 396.97 398.665 397.457 396.803 397.001 396.066 396.636 396.925 394.774 395.154 395.443 394.88 394.044 393.018 394.341 393.687 392.388 391.064 392.114 391.642 390.575 392.229 391.807 391.476 393.709 394.42 394.759 395.768 396.661 396.909 396.396 396.735 396.404 399.191 398.976 398.372 398.066 398.405 399.877 399.546 399.794 399.372 399.066 399.314 399.562 399.901 397.61 399.264 400.554 399.578 398.511 397.626 400.388 398.676 397.055 398.436 397.46 396.575 397.65 396.492 396.831 395.119 394.143 393.167 394.639 393.018 393.266 392.199 391.132 390.156 389.18 388.692 387.716 387.559 389.668 390.644 390.644 390.975 392.596 393.572 394.639 393.076 394.052 395.764 396.831 395.847 398.411 397.493 397.915 397.948 398.37 398.304 400.388 397.535 400.562 399.578 399.421 399.727 400.885 400.546 399.38 399.405 400.381 400.133 400.53 399.546 400.431 398.496 400.026 398.372 398.976 398.728 397.835 396.735 397.248 395.503 396.289 397.637 394.759 394.139 393.618 392.634 391.344 392.32 390.385 388.549 390.336 390.51 391.718 392.099 394.341 393.68 395.169 394.88 395.443 395.336 394.865 394.295 396.264 396.438 395.504 398.027 396.514 397.358 396.879 397.533 397.062 396.492 397.791 396.948 398.346 397.404 397.206 396.735 395.048 394.288 395.124 396.241 394.364 395.2 394.82 392.844 393.87 395.656 394.63 394.166 395.861 393.528 395.124 395.975 397.571 396.644 395.808 396.37 398.065 399.76 397.791 396.955 397.062 397.624 396.416 396.796 397.738 396.34 397.001 397.29 396.264 396.925 396.081 395.336 395.443 394.88 393.763 393.68 394.341 392.099 391.718 392.859 390.336 390.327 391.89 392.32 392.659 392.907 393.709 394.9 394.759 395.098 396.479 397.48 397.248 397.38 397.835 396.677 398.976 399.133 398.802 398.959 398.074 399.083 399.794 400.133 399.157 400.72 400.207 400.546 400.703 400.951 398.751 399.578 399.338 399.495 398.428 398.304 399.015 397.948 397.799 397.493 397.559 397.162 396.831 395.028 394.143 395.524 392.1 393.572 391.86 391.372 390.487 390.644 389.18 388.692 387.716
389.668 389.668 390.396 391.62 392.621 393.572 393.324 393.076 394.052 395.119 396.095 394.532 398.874 397.402 397.46 397.303 397.146 398.767 396.559 399.495 398.602 399.851 399.396 399.264 400.794 398.495 401.034 399.314 400.472 400.133 398.388 399.546 398.074 398.959 398.711 399.042 398.794 396.586 397.835 397.587 396.785 396.421 396.479 394.544 394.85 395.363 395.024 394.594 393.883 391.576 392.163 391.361 390.708 391.916 391.718 393.687 392.844 393.018 393.763 394.789 395.352 397.784 394.683 395.982 397.008 396.347 395.595 396.712 397.738 397.168 396.879 398.848 397.335 396.492 397.609 399.76 396.568 397.776 397.305 395.511 397.48 396.157 395.496 396.15 394.364 395.2 393.414 394.44 395.276 394.25 394.63 395.2 395.58 395.96 395.124 397.001 396.074 396.735 395.899 396.37 397.974 396.948 397.328 396.492 398.088 397.533 397.822 395.762 394.744 395.951 396.91 396.256 396.264 396.925 394.592 396.378 395.443 394.88 395.169 394.424 394.25 393.505 391.718 391.916 390.981 389.955 391.791 390.914 393.883 392.816 395.024 393.957 395.983 395.768 396.289 396.909 397.43 398.811 397.835 398.728 398.976 398.372 398.711 398.496 400.059 399.364 399.794 400.133 399.066 399.405 399.471 398.586 399.388 399.727 399.396 399.735 401.298 397.535 399.743 398.213 398.552 398.13 397.642 396.484 397.559 395.847 396.004 395.119 394.143 394.3 394.548 393.572 392.596 390.975 391.62 390.156 389.18 388.692 387.716 388.692 389.668 390.156 391.132 391.62 393.266 393.572 394.639 394.3 394.143 395.028 396.004 394.532 397.559 396.666 397.063 398.618 399.594 398.767 397.874 397.626 399.429 398.999 399.239 399.727 398.925 400.546 399.562 400.538 400.381 400.224 399.794 400.216 400.431 398.959 398.066 397.909 398.331 398.546 397.835 398.72 397.248 396.818 395.528 394.544 394.966 395.272 394.379 392.907 393.883 391.559 391.89 391.179 390.799 390.51 392.388 392.281 394.341 393.018 393.482 394.789 395.352 396.378 396.362 397.016 396.264 396.438 395.504 396.803 397.457 397.168 398.194 398.848 397.335 398.27 397.791 396.096 397.974 396.37 397.206 396.735 395.048 396.066 395.868 395.116 394.546 395.2 394.82 394.44 393.87 394.25 394.721 395.291 394.546 396.241 395.124 396.066 397.48 396.644 395.808 397.404 396.659 399.76 395.26 397.989 397.335 397.533 398.194 397.077 397.738 398.027 396.902 397.29 396.264 396.925 394.865 395.154 394.012 394.88 395.169 394.143 392.174 392.099 392.57 390.973 390.336 391.179 391.981 392.32 392.659 393.461 393.064 393.775 395.983 394.453 396.198 396.421 397.339 397.587 397.562 397.413 399.067 399.315 398.066 398.959 398.074 399.546 398.479 398.727 399.066 398.735 399.744 398.495 400.703 400.488 399.421 399.396 400.744 399.495 399.834 398.767 399.106 397.303 397.915 396.484 395.508 396.492 396.004 395.764 395.367 393.746 394.548 391.612 392.596 391.372 391.62 389.42 389.668 388.204 387.716
389.668 389.511 390.644 390.884 392.596 391.703 394.73 393.076 394.052 395.119 396.74 394.532 395.508 396.666 397.915 397.948 397.791 399.412 396.468 397.535 398.511 399.735 399.421 398.991 400.24 398.404 399.835 400.538 400.472 398.818 398.388 399.364 399.877 398.959 398.711 398.372 397.57 397.231 397.744 396.735 396.487 397.554 396.107 397.728 395.983 395.942 391.84 392.907 391.807 390.914 391.981 388.549 390.336 391.064 392.479 393.505 393.398 393.68 393.953 394.789 395.443 394.782 396.081 395.701 395.784 396.157 397.464 396.621 396.423 397.358 398.194 397.442 397.062 396.955 397.518 395.914 398.346 397.594 395.899 396.826 396.074 397.1 396.72 396.241 394.364 395.2 393.414 392.844 391.248 394.25 393.414 395.2 395.58 396.15 396.53 395.694 397.48 396.644 397.297 396.37 396.75 396.096 397.609 398.361 395.656 396.59 396.879 397.168 394.926 395.488 396.902 396.438 396.818 397.016 396.362 395.154 395.443 394.326 393.953 393.961 394.341 392.554 391.718 392.859 390.799 391.179 391.791 392.32 393.883 392.907 394.288 395.272 394.759 394.635 396.57 397.091 397.248 397.587 397.835 396.586 397.57 398.372 398.918 398.959 398.074 400.398 399.885 400.224 400.29 400.629 399.835 400.546 400.24 399.727 399.421 399.396 398.511 399.586 396.468 398.767 398.37 396.815 397.799 396.575 397.468 397.162 396.095 396.434 394.052 395.615 392.588 393.572 391.86 392.108 391.62 390.156 389.668 388.692 387.716 388.386 389.18 390.156 390.644 392.199 391.86 393.572 392.679 393.655 395.549 395.028 393.556 397.344 395.508 396.484 397.642 398.13 397.146 398.767 399.743 400.992 398.511 398.263 399.884 400.372 399.479 398.495 399.38 400.447 401.696 400.224 399.794 399.364 398.926 401.68 399.563 398.372 398.976 396.677 397.835 396.272 396.487 396.818 396.57 397.637 396.074 394.9 393.618 393.552 391.807 392.32 390.203 391.46 391.171 392.768 392.57 392.554 391.992 393.109 394.044 394.698 396.568 396.56 396.271 395.701 395.693 396.347 397.001 396.34 397.176 398.665 395.746 397.252 397.062 397.989 397.609 396.096 396.568 396.37 395.8 396.735 397.571 395.975 395.124 396.704 394.364 395.572 393.968 395.656 393.87 394.25 393.968 395.2 394.546 395.96 396.53 395.876 396.074 396.454 398.24 396.37 396.659 396.096 397.328 397.898 397.335 397.252 396.879 396.796 397.738 396.34 396.24 396.157 394.378 396.925 396.089 395.154 395.443 394.599 394.706 393.109 392.637 392.463 392.479 390.51 390.89 391.179 390.203 391.857 393.883 392.816 393.8 394.139 395.338 395.768 396.479 396.818 396.578 396.735 397.719 397.231 398.976 398.372 398.711 400.274 399.877 399.546 399.794 400.133 398.975 400.538 399.38 398.404 400.794 401.042 400.066 398.536 400.562 399.586 396.559 398.767 397.791 397.46 396.972 398.047 395.508 397.253 396.277 395.028 395.276 393.928 394.639 393.572 391.951 390.239 389.999 390.644 389.668 388.692 387.716
389.668 389.668 391.711 392.108 392.596 393.018 390.901 392.613 394.143 395.764 396.277 397.807 395.508 396.666 397.799 397.485 399.015 399.412 398.428 397.535 398.511 398.908 399.421 399.727 398.834 399.81 399.562 399.405 400.472 400.133 398.57 399.546 398.926 398.496 398.711 398.852 395.792 396.677 397.835 396.735 397.248 397.091 395.528 395.007 396.074 394.139 393.709 393.552 393.792 393.544 391.89 391.088 390.799 391.916 392.57 393.505 393.307 394.424 393.763 394.789 395.443 395.336 396.18 395.61 394.469 396.066 396.902 397.746 396.423 398.665 397.822 397.252 397.062 398.179 397.981 396.948 396.75 396.37 398.24 396.454 397.48 397.1 395.405 396.613 395.861 395.291 393.596 392.844 391.248 394.25 394.82 395.2 394.364 395.116 395.124 395.694 396.165 396.917 395.99 397.404 396.568 398.354 396.666 396.955 397.335 396.59 396.879 398.202 397.176 396.803 397.001 396.438 396.355 395.61 396.081 394.211 395.443 394.326 395.169 393.018 393.398 392.554 392.388 392.768 391.353 391.361 391.981 392.32 393.883 394.594 393.709 394.9 395.512 394.453 394.122 395.594 397.157 397.587 398.48 398.728 398.976 397.909 398.711 398.314 398.744 399.364 399.794 400.042 399.066 399.405 399.38 400.728 399.388 399.727 399.421 399.09 398.511 397.626 399.743 400.082 397.791 398.13 397.799 397.311 395.508 396.492 396.831 395.028 395.458 395.524 392.679 393.572 391.951 391.62 391.132 390.644 388.692 388.692 387.716 388.692 388.692 390.156 391.132 391.62 391.86 393.572 392.679 393.076 394.052 395.028 395.516 397.162 397.468 397.311 397.551 397.948 399.015 398.122 399.834 399.586 398.511 398.999 399.421 399.727 401.348 399.81 399.562 400.538 399.066 398.727 399.794 398.504 399.968 401.68 400.026 398.852 398.794 396.586 398.943 398.629 396.487 395.412 396.107 395.189 394.85 394.718 393.709 394.594 392.452 392.32 391.89 391.642 391.171 392.768 392.388 392.19 393.398 394.515 393.763 394.88 395.352 394.302 396.271 395.701 394.378 395.032 395.504 397.936 397.738 397.168 396.416 397.533 397.062 396.955 397.7 396.948 396.932 397.404 398.24 396.826 397.29 395.694 395.124 395.96 394.364 394.166 394.82 396.872 393.68 394.44 394.82 395.2 394.364 396.522 395.496 395.694 396.256 396.644 395.8 396.37 396.568 396.948 395.26 396.955 397.062 397.624 395.746 397.077 397.176 396.34 395.595 395.123 396.264 397.206 396.081 395.154 395.352 394.326 393.953 393.572 394.341 393.505 392.479 392.768 392.205 390.327 390.575 391.857 393.701 392.907 395.024 393.866 394.85 395.28 396.479 397 396.396 396.735 397.653 398.728 399.348 398.091 398.711 399.72 398.074 399.364 400.439 399.372 399.62 400.447 399.562 398.495 398.834 399.264 399.396 399.735 398.511 399.495 397.874 399.412 398.436 398.618 396.972 396.484 398.411 397.162 396.095 395.764 394.052 394.391 394.548 393.572 392.596 391.62 391.132 390.644 389.668 388.204 387.716
389.18 389.42 390.644 390.884 392.596 393.572 393.324 393.167 395.276 395.119 396.095 395.847 399.056 396.575 396.972 398.618 397.7 398.122 396.559 399.586 398.784 399.578 400.554 400.372 400.24 398.586 400.389 398.735 400.381 399.372 398.479 399.364 398.074 398.959 398.827 399.133 397.57 398.546 397.835 397.587 397.43 395.594 396.752 395.189 395.338 394.139 393.8 394.131 392.568 392.229 391.981 391.642 392.114 391.916 391.718 392.463 392.844 394.143 393.763 394.88 395.443 394.972 394.774 395.519 396.264 395.884 397.936 396.803 396.423 397.168 397.822 397.252 397.062 396.955 395.26 396.948 396.568 397.685 398.24 396.644 397.571 395.694 396.53 395.96 395.861 395.2 394.63 395.656 393.68 394.25 393.596 395.2 395.861 396.613 395.405 395.884 397.48 396.644 397.297 397.404 396.75 399.76 397.328 397.898 398.088 396.78 396.416 395.944 394.744 398.027 396.902 396.066 396.264 395.701 396.362 395.336 394.219 394.599 396.112 393.961 392.935 392.099 391.718 391.825 392.114 391.361 391.89 391.857 391.807 392.907 393.064 394.139 394.85 397.728 396.38 396.818 396.396 396.272 397.719 398.728 397.016 399.315 398.827 398.405 400.431 399.364 399.794 400.133 399.066 400.447 399.562 400.546 400.149 399.727 398.751 398.999 399.429 397.626 399.743 398.767 399.015 397.485 397.46 397.311 395.599 396.492 394.871 395.855 394.052 394.3 391.455 393.572 392.596 392.108 390.644 390.644 389.18 388.692 387.716 387.559 389.18 390.156 391.132 390.975 391.951 393.572 391.455 394.3 394.052 395.119 394.871 396.492 395.599 398.626 397.46 397.485 398.436 396.898 398.428 397.626 399.983 399.735 398.66 399.727 398.925 398.404 399.719 400.447 398.975 400.042 398.388 400.216 398.744 398.496 400.026 399.133 399.067 396.586 397.835 396.272 396.487 395.412 397.422 395.768 395.33 394.42 393.8 392.725 392.105 392.32 390.385 390.137 392.205 390.51 391.718 393.968 394.531 393.961 393.953 394.88 396.849 394.302 396.271 396.925 396.264 395.884 397.001 396.414 397.829 398.665 396.879 397.442 398.088 398.08 397.328 395.914 396.568 396.461 395.808 396.644 397.48 397.1 395.496 395.96 395.58 395.291 394.63 393.034 393.87 394.44 394.82 395.2 394.364 396.15 396.811 395.884 397.48 396.644 396.263 397.404 396.659 395.914 397.328 397.228 397.062 396.218 398.194 397.259 397.176 398.027 397.001 395.975 395.693 397.297 396.081 394.873 395.352 394.88 393.763 394.424 394.341 393.687 391.627 391.155 390.708 390.046 391.89 391.559 392.196 392.907 395.396 393.866 395.338 395.189 396.388 396.909 397.157 398.811 397.835 398.728 397.57 398 398.802 398.496 400.34 399.364 398.388 400.224 401.696 399.314 399.562 400.728 398.834 399.082 400.554 399.578 398.511 399.495 398.428 398.304 398.461 396.815 397.642 397.493 397.559 395.938 396.831 395.119 394.052 393.655 394.548 393.663 391.306 392.687 391.62 390.156 389.18 388.692 387.716
389.18 390.156 390.644 390.884 391.951 393.572 394.639 394.391 395.276 395.764 396.74 397.162 398.783 396.484 397.46 398.527 398.924 398.676 399.743 397.626 399.983 398.999 398.751 399.636 400.24 399.81 400.943 400.538 399.066 400.133 399.885 398.388 400.431 398.959 398.802 399.224 398.794 396.586 397.744 397.587 396.396 395.503 396.843 393.808 394.85 395.363 393.8 392.907 393.883 391.468 392.072 389.955 390.799 391.916 391.809 393.968 393.307 393.018 393.763 394.88 395.443 395.154 396.362 397.206 396.264 395.123 396.058 396.34 397.92 397.077 396.416 398.848 397.335 396.955 397.328 396.948 396.75 397.404 397.206 396.826 395.321 394.288 395.016 396.15 395.77 395.2 394.63 395.838 393.68 394.25 394.82 395.2 394.364 396.522 395.124 395.694 397.48 395.048 397.206 396.461 397.974 397.32 397.328 396.955 395.656 396.499 397.822 395.944 397.829 396.596 396.91 395.975 394.469 396.925 394.683 395.154 395.352 394.789 393.763 393.961 391.992 393.505 392.479 390.973 390.708 389.773 391.89 392.229 392.659 391.476 395.115 394.139 395.148 395.28 396.57 397.273 397.339 398.811 397.562 396.677 399.348 397.909 399.472 399.141 398.926 399.364 398.388 400.133 400.381 399.38 399.562 400.455 399.479 399.082 400.066 399.578 398.602 397.535 399.28 398.767 397.791 398.618 397.551 399.362 397.559 396.492 396.095 395.028 394.052 394.391 392.679 393.018 392.596 392.108 391.132 390.156 389.668 388.692 387.716 388.692 389.18 390.644 391.62 391.62 392.596 393.018 392.679 393.076 394.052 395.028 394.871 397.807 399.056 396.484 396.972 396.815 399.015 398.767 400.388 400.992 400.562 399.735 399.512 400.372 400.149 400.728 399.653 398.735 400.381 399.579 399.794 400.398 398.074 398.959 399.935 398.372 398.976 398.728 397.835 396.735 397.248 395.594 396.107 394.635 396.074 395.363 391.84 393.552 393.883 392.32 392.072 389.864 390.336 391.362 392.388 392.19 394.341 393.109 393.672 394.88 395.352 395.336 394.865 395.701 395.693 396.347 395.595 397.936 397.176 395.762 398.194 397.442 397.616 398.179 395.078 395.914 397.122 397.594 398.24 396.644 397.48 395.694 395.124 395.96 394.364 395.2 394.721 394.44 393.87 394.44 393.414 395.2 395.77 396.522 395.124 395.694 396.074 396.644 395.808 396.461 396.659 396.948 397.609 396.674 398.088 398.848 396.879 397.449 397.457 396.803 396.24 395.123 396.355 395.982 396.18 395.154 393.739 392.92 395.169 393.109 392.174 392.554 392.57 392.768 390.336 391.361 391.518 392.229 393.883 392.634 395.024 394.139 394.875 395.768 394.883 396.909 397.248 396.735 398.207 396.586 398.976 398.372 398.711 398.959 400.059 400.398 399.794 399.372 399.066 400.538 399.835 399.81 400.149 399.727 398.751 399.396 399.338 399.495 398.519 398.767 397.7 397.485 397.642 396.666 396.914 397.807 394.78 395.119 396.591 395.615 393.324 393.018 393.266 390.975 390.396 390.735 388.692 388.692 387.716
389.668 390.735 391.132 392.108 391.951 393.572 394.548 392.522 394.052 395.21 394.871 394.532 395.508 398.626 397.642 397.485 398.279 398.122 398.428 399.495 401.389 399.851 400.554 399.082 399.388 398.586 399.38 400.356 399.066 400.133 400.158 400.216 399.207 398.959 398.827 399.687 398.976 400.043 396.404 397.405 397.248 395.503 396.57 397.728 395.338 395.181 393.8 392.816 392.659 392.229 390.575 391.179 390.336 391.916 392.388 393.687 392.637 393.109 394.044 394.88 395.443 395.336 394.683 395.428 396.355 396.438 397.183 396.34 397.457 398.665 395.746 396.59 397.062 396.955 397.791 396.948 397.122 396.37 398.24 396.644 397.48 395.694 396.811 395.96 395.58 395.2 394.82 394.44 395.276 394.25 393.414 395.2 395.58 394.934 396.811 395.694 397.48 396.644 395.899 397.404 396.568 399.76 397.89 396.492 397.335 396.59 398.194 398.665 396.423 396.803 397.001 396.347 396.545 395.61 394.774 394.302 394.128 394.88 394.044 393.961 392.844 393.505 392.388 391.453 391.171 389.955 391.336 391.857 393.122 394.594 393.064 396.124 395.52 396.231 396.107 397.091 397.157 397.587 397.835 398.728 398.794 399.133 399.009 398.959 400.431 399.364 399.794 400.133 399.066 400.447 399.835 398.495 400.885 400.488 399.421 399.735 398.602 397.626 397.874 398.767 397.791 398.13 397.642 396.484 396.914 397.716 396.095 395.028 394.143 395.524 392.1 393.572 392.596 392.108 391.132 390.156 389.18 388.692 387.716 388.692 389.668 390.644 390.487 391.372 391.215 393.018 392.679 392.522 394.052 394.54 393.556 395.847 397.468 397.956 397.799 397.303 397.791 398.767 400.388 400.231 399.338 399.396 400.554 399.264 399.388 398.495 400.207 400.538 398.975 399.372 399.794 400.398 398.074 398.496 399.563 398.67 398.885 397.322 397.074 397.38 397.157 397.554 397.422 395.95 394.759 394.42 393.618 392.816 391.344 392.32 390.848 390.046 390.799 391.064 392.851 393.687 392.174 393.961 395.169 394.789 395.443 395.336 394.584 397.016 396.264 395.123 396.24 396.803 397.92 397.077 397.822 396.218 397.153 396.492 398.072 396.948 397.122 397.404 398.24 396.454 397.48 395.694 396.72 396.241 395.58 395.2 394.82 395.656 393.68 392.844 394.63 395.2 395.58 395.116 396.72 396.72 397.48 396.644 397.206 396.279 396.568 396.948 397.89 396.492 398.088 396.59 397.822 397.168 397.738 396.803 397.001 396.347 396.264 395.982 395.99 396.378 395.162 394.508 393.854 393.961 391.992 391.52 392.388 390.419 392.205 389.955 390.848 392.229 392.477 392.907 394.379 394.139 395.148 397.546 396.107 396.818 397.157 397.38 398.48 397.322 398.976 399.315 398.711 398.496 400.059 399.546 399.794 400.224 399.711 400.05 399.653 399.81 399.479 399.082 399.975 399.578 398.602 401.364 399.743 398.767 397.791 398.13 397.46 397.311 395.508 397.253 396.186 395.028 395.367 395.524 392.77 391.612 392.596 390.975 390.644 389.668 389.18 388.692 387.716
389.668 390.156 390.487 392.108 392.596 393.018 392.679 394.3 394.052 395.119 396.74 394.532 397.468 396.666 397.799 398.527 399.685 398.122 400.016 398.271 399.247 399.578 399.421 399.082 401.348 399.901 399.835 400.538 399.711 398.727 398.388 399.083 398.744 398.959 399.1 399.224 399.067 398.728 397.653 396.735 397.157 395.503 396.479 396.322 394.85 394.139 393.709 392.907 393.883 390.914 390.385 389.955 391.262 391.064 392.479 392.554 394.341 394.424 394.706 394.88 395.352 395.245 394.865 395.701 396.264 397.29 397.001 397.746 397.457 396.986 398.194 397.533 397.062 398.27 397.609 396.948 396.932 397.404 395.808 396.644 395.594 397.001 395.314 396.241 395.861 395.2 394.82 392.844 395.276 392.844 394.82 395.2 395.77 393.528 395.124 397.1 397.48 395.42 397.206 396.461 397.122 398.354 395.078 398.27 397.335 397.252 397.822 398.665 397.457 396.803 396.91 396.438 396.264 395.982 396.081 395.154 394.682 394.326 393.482 393.018 394.531 392.19 395.2 390.51 390.708 388.549 390.575 391.857 392.659 392.907 395.024 393.866 395.148 395.28 396.843 397 397.248 396.735 397.471 398.728 399.067 399.894 398.711 401.68 400.522 399.546 400.456 400.224 400.381 400.538 399.38 401.489 400.149 399.727 399.421 399.09 398.602 400.992 399.834 398.122 397.791 398.13 397.551 396.484 397.559 397.807 396.095 395.119 394.143 394.3 393.324 393.572 391.951 390.975 391.132 389.511 389.668 388.692 387.716 388.783 389.668 390.644 390.396 391.62 391.397 393.572 393.324 393.076 394.143 395.028 396.74 394.532 395.508 396.575 397.799 398.039 398.552 398.122 398.519 397.535 398.602 398.999 400.554 399.727 400.703 398.495 400.298 399.405 399.711 398.727 398.388 400.216 397.429 400.183 398.711 398.372 398.976 398.728 397.835 396.735 397.248 395.594 395.346 397.546 395.057 394.42 395.024 393.552 391.807 392.32 390.848 390.418 390.799 391.825 391.809 392.554 392.174 394.242 393.763 394.88 396.568 395.336 394.683 396.925 396.264 398.696 397.464 395.951 396.423 396.986 398.103 396.59 397.062 397.137 397.791 396.948 396.659 397.404 398.24 396.644 396.074 395.694 395.405 396.15 396.051 395.2 393.414 394.25 393.87 393.034 393.414 395.2 394.546 393.528 395.124 395.694 397.48 396.454 398.24 396.37 398.346 398.354 395.26 397.898 397.335 396.59 397.822 398.202 397.176 395.397 397.092 397.29 394.287 396.925 396.18 395.336 393.739 394.88 395.169 393.018 394.531 392.372 392.57 391.916 391.171 388.549 391.89 392.411 391.807 394.776 394.561 394.048 395.057 395.098 394.767 396.909 396.487 396.735 397.835 398.728 398.976 399.315 400.026 401.68 398.074 400.398 399.794 400.042 399.248 400.629 399.562 399.901 399.479 399.173 398.751 398.999 398.42 401.364 400.388 399.412 397.146 397.485 397.46 397.402 397.65 396.492 395.516 395.028 394.143 393.076 394.548 391.612 393.266 392.108 390.644 390.735 388.692 388.204 387.716
389.668 390.247 389.354 390.884 391.86 391.612 392.679 394.3 395.367 395.119 396.095 397.162 398.874 396.484 397.708 397.948 398.436 398.213 400.388 397.626 399.338 399.851 400.554 400.372 398.834 398.495 399.562 399.405 399.157 400.133 399.794 399.364 397.429 398.496 399.29 399.224 398.976 397.504 398.298 398.811 396.669 396.818 397.604 394.453 394.875 394.139 395.024 392.816 391.807 392.229 391.89 390.137 391.353 392.859 391.809 392.463 392.455 393.961 393.862 394.607 393.739 395.336 394.865 395.701 396.264 398.696 395.868 398.027 396.332 395.762 396.416 396.218 398.088 397.898 395.078 397.411 396.932 397.404 395.808 396.917 396.074 395.694 395.124 397.556 395.58 395.291 394.82 394.804 393.87 394.25 393.414 395.2 394.364 395.96 396.53 395.876 397.48 396.735 397.206 396.37 397.974 396.096 399.106 397.898 397.616 398.848 396.416 398.665 397.176 396.34 395.504 396.628 396.545 397.107 396.081 395.154 393.921 395.732 393.672 393.109 393.398 393.505 392.388 390.138 391.072 391.179 391.03 391.559 392.196 394.776 395.024 394.42 394.85 397.728 396.57 396.818 397.248 396.735 398.48 400.043 399.348 399.133 398.802 401.68 400.431 398.504 400.712 398.818 400.356 399.405 399.38 398.495 399.479 400.397 398.751 399.851 399.338 399.586 397.874 398.304 398.37 397.303 397.063 396.575 397.559 395.847 394.871 395.028 395.276 393.655 393.324 389.652 391.951 391.372 391.132 390.156 389.668 388.692 387.716 388.692 389.668 390.735 391.223 390.884 392.596 391.794 394.548 395.615 394.052 395.028 396.186 397.716 396.914 396.575 397.799 398.527 397.055 398.767 397.874 399.586 399.247 398.999 399.884 399.727 398.925 400.546 399.653 400.05 399.711 400.133 399.794 399.364 398.926 401.68 398.711 398.852 397.57 396.677 398.48 396.272 396.487 396.909 394.883 394.635 396.074 394.42 393.709 392.725 393.792 391.005 390.666 391.179 391.262 391.453 391.718 393.687 391.992 393.018 393.672 394.88 393.739 395.154 395.047 395.428 396.636 398.696 397.464 396.34 398.011 397.259 396.416 397.252 397.335 397.898 397.328 397.229 396.568 396.37 395.899 396.826 397.48 395.884 395.314 396.15 398.392 394.166 394.721 395.838 391.248 393.034 394.82 395.2 394.364 396.15 395.124 397.001 395.048 396.826 398.24 396.37 396.568 397.411 396.666 397.989 397.062 396.218 396.416 397.168 397.738 397.746 397.183 395.975 397.099 396.925 394.683 395.154 395.443 394.789 395.169 393.018 394.341 393.505 392.57 391.453 391.353 389.194 391.518 394.768 392.105 394.594 394.288 393.957 394.966 395.007 396.843 397.554 397.157 396.735 397.835 398.728 397.661 398.579 398.066 401.68 400.522 399.364 399.794 400.133 398.975 398.735 400.48 400.728 400.24 399.727 398.751 399.851 400.744 397.535 397.874 398.767 398.924 397.303 397.799 396.575 397.559 394.532 395.516 395.764 394.052 395.524 394.548 391.794 392.596 390.884 389.908 390.644 389.668 387.716 387.716
389.18 390.644 391.132 391.62 391.215 393.572 394.548 394.3 394.052 395.21 394.78 396.492 395.508 397.493 397.063 396.815 397.7 398.767 396.559 398.271 399.429 399.578 399.884 399.082 399.388 400.546 400.48 399.405 400.381 398.818 398.388 399.083 400.431 398.496 398.711 399.133 399.348 397.413 398.298 396.735 396.024 395.412 395.346 395.28 395.33 394.139 395.115 392.907 392.452 391.857 390.666 391.179 391.171 392.859 392.479 393.687 392.637 394.424 395.169 392.92 395.443 395.154 395.047 394.758 396.264 396.347 395.504 396.414 397.457 397.077 395.746 397.533 397.616 396.492 397.609 396.948 396.94 396.37 397.305 396.644 395.048 397.001 395.124 395.116 398.392 396.606 394.82 395.656 393.87 394.25 393.414 394.075 395.861 396.15 395.777 394.288 396.074 396.917 397.206 399 396.75 397.411 397.518 397.989 397.335 397.252 396.78 397.449 397.176 396.803 395.504 395.032 396.727 395.428 396.362 395.336 395.443 394.88 393.953 393.018 394.25 392.19 391.718 390.51 390.708 391.179 390.666 391.559 392.659 394.776 393.064 394.9 395.148 395.098 396.479 397.554 397.248 398.811 397.835 400.043 398.976 398.372 399.472 401.68 400.522 399.364 399.794 400.224 399.62 399.405 399.744 400.546 399.388 399.727 399.396 399.09 399.247 399.495 398.519 398.676 398.552 396.815 396.972 397.311 397.65 397.162 394.871 395.764 394.143 394.391 392.1 391.703 393.266 392.108 391.223 390.644 389.759 388.692 387.716 388.692 389.668 390.156 390.644 391.62 391.86 393.572 393.415 394.391 395.367 395.21 396.095 397.344 395.599 396.575 397.46 397.485 398.436 398.676 399.743 397.535 398.42 399.735 400.554 399.727 400.149 399.81 399.835 400.72 399.248 399.372 398.479 399.819 398.744 398.959 399.009 398.372 398.976 398.728 398.298 397.496 397.248 395.503 396.107 394.544 394.85 394.048 393.709 392.907 393.883 390.914 391.791 391.179 390.708 390.419 392.57 392.463 394.622 393.109 393.763 394.88 395.162 394.972 397.024 395.701 396.264 398.696 397.464 396.803 397.068 396.986 397.822 396.218 397.335 396.955 399.015 396.096 396.568 397.404 395.808 396.826 395.321 395.884 396.72 396.15 394.364 395.2 394.82 395.656 393.87 394.44 394.82 395.2 394.364 397.556 395.124 397.1 395.048 395.511 395.808 396.279 396.75 395.914 394.896 396.492 397.062 396.499 398.103 397.077 397.176 398.027 397.183 395.975 396.355 395.61 397.024 395.154 395.443 394.88 393.763 394.242 394.531 393.687 392.388 391.064 390.708 391.179 390.575 391.576 391.807 392.725 395.115 393.866 394.759 396.322 396.107 397 397.248 398.811 397.719 398.728 398.24 399.224 398.066 398.405 400.431 399.819 399.794 399.372 399.066 399.405 399.562 398.495 399.388 399.727 399.884 398.999 398.602 397.626 397.874 398.122 399.015 398.13 397.915 397.311 396.914 395.847 396.74 395.119 394.052 393.076 394.548 391.703 393.175 391.62 391.132 389.511 389.18 388.692 387.716
389.668 390.644 391.223 391.463 392.596 393.572 392.861 393.746 396.5 395.21 396.186 397.807 395.508 396.484 397.063 398.13 397.791 398.767 398.519 399.586 398.42 399.851 400.066 399.173 400.794 400.455 399.562 399.405 400.29 399.372 400.456 399.364 400.522 398.959 400.026 399.042 398.885 398.728 397.562 398.72 395.933 396.909 395.346 395.28 395.057 393.957 393.064 394.594 391.344 392.229 391.89 389.955 390.336 392.768 392.479 393.687 394.622 392.927 394.044 394.599 395.443 394.873 396.18 395.701 396.264 395.884 397.001 396.34 397.176 399.608 398.103 397.624 397.335 396.955 397.328 397.32 397.974 396.279 397.206 396.454 397.48 395.876 396.53 393.528 395.77 395.2 394.82 394.44 393.68 394.44 394.721 395.2 398.392 395.116 396.53 396.72 395.048 396.826 395.808 396.279 396.659 398.354 399.106 396.492 397.616 398.848 396.788 395.762 396.332 398.027 395.504 396.347 394.378 397.297 395.047 394.972 396.849 394.698 393.763 393.961 393.307 392.372 392.388 391.825 390.336 391.088 391.609 390.914 393.792 391.476 394.933 394.42 394.114 395.768 394.767 397 396.396 397.587 396.983 396.677 395.792 397.909 398.066 398.496 398.074 400.216 398.388 400.224 398.975 399.38 399.653 400.546 397.428 399.727 399.396 399.851 399.247 400.992 399.743 400.082 398.552 398.039 397.642 400.677 395.508 395.847 395.516 395.028 395.367 395.615 393.415 393.572 391.86 391.62 391.132 390.644 389.668 388.692 387.716 389.031 389.668 389.511 391.132 390.33 392.596 393.572 394.548 395.615 395.276 395.119 394.78 395.938 397.559 397.402 397.063 398.13 398.37 398.213 398.519 400.992 398.602 399.578 399.421 399.173 397.519 400.728 400.207 400.538 399.62 398.727 399.794 399.364 398.074 398.496 399.29 398.372 399.067 398.728 397.835 398.811 397.248 395.594 395.346 394.544 395.52 394.627 395.115 392.725 391.807 392.411 391.791 389.955 391.353 391.916 392.57 392.099 392.174 393.68 393.763 394.326 395.352 395.336 394.683 395.61 396.355 395.884 395.595 396.803 397.92 398.665 396.879 397.624 397.335 397.898 397.791 397.411 397.974 397.404 395.808 396.644 396.074 395.694 396.53 393.528 394.364 395.2 394.63 394.25 393.68 395.656 393.596 395.2 395.58 395.96 395.124 397.001 396.074 396.826 395.808 397.685 396.75 396.948 397.609 397.989 397.335 396.59 396.78 397.168 397.176 396.803 395.504 398.696 396.264 395.891 394.956 394.972 395.443 394.88 395.169 393.018 391.992 393.505 392.388 391.916 392.205 391.179 391.89 391.857 393.883 394.594 395.024 393.775 395.52 395.28 396.843 396.909 397.157 397.587 397.835 396.586 399.348 398.091 398.802 398.496 398.074 399.364 399.794 400.042 400.472 399.405 399.562 400.637 400.149 399.173 400.554 399.851 398.42 399.586 399.925 398.767 397.146 398.775 397.642 396.484 396.914 397.807 394.871 395.028 394.052 393.076 392.861 393.018 391.215 391.62 390.644 390.735 388.692 388.692 387.716
389.668 390.156 391.223 392.108 392.596 393.572 391.455 394.3 394.904 395.119 394.871 394.532 399.056 396.484 397.063 397.303 397.146 398.767 398.519 397.535 399.247 398.908 398.66 399.727 400.149 399.901 399.835 400.538 398.975 399.372 399.794 399.546 400.522 398.496 398.711 397.818 398.976 398.728 397.562 398.811 396.396 396.909 396.57 397.728 394.759 394.718 394.288 392.816 391.344 391.741 390.203 391.361 390.336 391.246 392.57 392.554 392.637 394.515 396.112 394.88 395.352 395.245 396.362 396.925 396.545 398.696 396.24 397.746 397.176 397.449 397.061 396.59 397.062 396.674 397.328 397.32 396.568 396.37 398.24 396.644 395.321 396.72 395.124 393.528 394.364 395.2 394.82 394.25 393.68 394.25 394.82 395.291 394.546 396.241 395.124 395.694 395.321 396.644 397.297 397.404 397.974 396.948 397.609 396.674 398.088 398.848 396.879 399.608 397.176 396.803 395.504 396.628 396.355 395.428 394.683 395.245 393.739 394.789 393.672 394.333 394.531 393.505 392.479 390.51 391.171 390.418 391.609 391.468 392.659 394.776 393.709 394.42 395.512 397.637 394.122 395.503 397.339 398.72 397.835 400.043 399.348 398.852 398.802 398.496 399.298 399.364 399.794 399.951 400.29 400.447 400.298 400.728 399.479 400.372 400.554 399.578 398.42 399.495 399.743 396.807 397.791 396.815 397.799 397.402 397.468 395.938 396.095 395.028 394.143 393.167 392.1 391.612 392.596 392.108 391.132 390.644 389.18 388.692 387.716 388.692 389.18 390.644 391.223 392.687 392.596 391.703 392.679 395.615 394.052 396.525 396.095 395.938 395.599 397.402 397.799 397.948 397.055 398.767 398.428 397.535 398.511 399.735 398.751 399.173 398.834 398.495 399.38 400.05 399.066 398.727 399.885 399.083 398.926 398.405 400.026 399.687 398.885 396.768 397.835 398.72 397.248 396.818 394.767 396.322 394.85 394.139 393.064 392.907 391.807 392.32 391.609 391.179 390.89 392.768 392.57 392.281 391.992 393.109 394.044 394.88 395.443 395.336 394.683 395.982 396.264 395.884 397.183 396.803 397.068 397.449 396.416 396.59 397.335 397.989 395.26 397.32 396.568 397.685 397.305 396.735 397.48 395.694 395.405 397.556 398.392 395.2 393.414 393.216 391.248 395.656 394.82 395.2 394.364 393.528 395.314 395.694 395.321 396.735 398.24 396.37 396.568 397.229 397.609 396.748 397.616 397.252 397.822 397.358 397.176 395.397 396.24 396.438 394.378 396.925 395.047 397.784 395.443 394.88 393.763 393.68 393.398 393.505 392.57 391.916 390.799 389.864 390.848 391.857 392.196 394.594 393.064 394.42 396.074 397.546 396.107 397.091 397.248 398.05 396.983 396.677 398.976 398.372 398.711 401.68 399.207 399.546 399.794 400.224 399.711 400.538 400.207 398.495 401.348 399.727 399.421 399.851 399.338 397.535 397.874 398.122 397.146 396.815 397.642 397.311 397.559 395.847 394.78 395.301 394.234 394.3 394.548 393.018 392.596 390.884 391.132 390.644 389.668 388.204 387.716
389.18 390.156 391.132 390.975 391.951 393.663 393.415 395.524 394.143 395.119 396.831 394.532 395.508 396.666 397.551 397.46 398.436 399.412 397.874 399.495 399.429 399.578 400.554 399.727 399.479 398.586 400.298 400.447 399.066 399.372 399.794 399.546 398.744 398.496 398.802 399.894 398.976 398.728 397.835 396.735 396.396 396.909 396.479 395.95 395.148 394.42 393.618 392.907 391.344 392.32 391.609 390.418 390.708 392.859 391.809 391.611 392.844 394.515 393.672 392.92 395.443 397.784 396.18 394.295 396.264 398.696 397.001 396.596 397.176 397.168 398.194 396.218 397.616 398.179 397.609 397.32 396.75 397.685 395.899 396.735 397.48 395.876 396.53 397.556 395.77 395.2 394.82 394.25 395.276 393.034 393.414 395.2 394.364 393.528 395.124 395.694 395.321 396.644 395.808 396.37 397.122 397.692 398.072 396.492 397.335 397.252 397.822 397.077 397.92 396.34 395.504 396.066 396.545 396.925 396.081 397.784 394.219 394.326 393.953 394.424 392.844 393.687 392.479 390.138 390.799 389.955 391.981 391.468 393.883 394.776 393.618 394.139 394.85 394.544 396.479 396.719 397.248 396.735 399.034 398.728 399.067 399.894 398.802 397.76 398.074 399.364 399.794 400.042 399.066 399.405 399.562 400.546 397.428 401.042 399.239 399.735 398.511 399.495 399.743 398.213 397.7 397.948 397.063 396.484 395.599 395.847 396.095 395.21 395.276 393.076 392.588 393.572 392.596 392.108 389.908 390.156 389.18 388.692 387.716 388.692 389.18 390.156 391.132 391.62 391.86 393.572 393.415 395.524 394.143 395.119 394.871 397.716 395.508 396.484 396.972 397.46 398.461 398.767 398.519 399.495 399.983 399.735 399.396 399.727 399.388 401.489 400.207 400.447 400.29 399.372 399.794 399.546 398.744 398.959 398.066 399.042 398.976 397.322 397.835 396.272 397.43 395.503 396.57 394.635 395.512 394.42 394.933 392.907 391.344 391.468 390.848 388.549 392.114 391.246 391.718 393.687 392.174 393.961 393.672 394.88 395.443 397.784 394.865 395.701 396.264 396.438 397.183 398.027 396.423 397.168 397.822 397.252 397.616 397.989 397.328 397.411 396.568 396.279 398.24 396.644 397.29 397.191 396.72 395.96 394.364 395.2 394.82 394.44 395.276 393.034 394.82 395.2 394.364 395.96 396.53 397.1 395.412 396.917 397.206 396.461 396.568 397.411 399.106 398.179 398.088 396.59 396.879 397.449 396.605 398.027 396.902 398.696 396.264 395.891 394.584 395.336 394.012 394.88 393.763 394.143 392.174 392.099 392.388 391.916 390.708 391.179 392.072 391.857 393.883 394.594 393.709 394.9 395.52 395.28 394.767 395.594 396.396 396.735 397.719 398.728 398.885 397.727 398.711 399.72 400.522 399.819 399.794 399.372 401.605 399.38 399.562 399.81 399.57 399.727 398.751 398.999 400.562 400.992 398.519 398.122 399.015 397.576 398.287 397.493 397.559 394.532 395.516 395.301 395.367 394.3 394.639 389.834 391.86 391.62 391.62 389.668 389.668 387.716 387.716
389.668 390.644 391.223 392.108 392.596 393.572 394.548 394.3 395.367 395.119 396.186 396.492 395.508 396.484 397.551 398.039 399.015 398.122 396.559 400.992 399.429 399.735 399.396 400.372 397.428 398.495 399.562 400.629 400.472 400.224 399.885 399.364 398.074 398.959 398.802 399.224 398.976 398.546 397.562 396.735 397.248 395.776 395.528 395.28 394.759 393.957 391.84 392.816 391.807 390.914 391.89 390.327 390.708 392.768 392.479 392.19 393.307 393.68 393.672 394.88 395.443 395.336 396.081 395.61 396.636 396.347 396.058 396.803 397.176 397.168 395.746 396.218 397.335 396.955 397.609 397.32 396.568 397.404 395.899 396.454 397.48 395.694 396.811 396.241 396.986 395.2 394.82 394.25 393.87 392.844 394.82 393.984 395.58 395.96 396.53 395.694 395.321 396.454 398.24 397.404 398.065 399.76 397.328 396.492 395.656 397.252 397.822 395.944 397.457 396.712 396.902 396.347 396.264 395.428 394.865 395.336 395.443 394.88 393.672 393.68 393.307 392.099 391.718 391.453 391.171 391.361 390.575 392.229 391.807 394.594 393.8 393.957 394.875 395.098 396.57 397.182 397.157 397.587 397.835 398.728 395.792 398 400.026 398.959 398.744 399.546 398.388 400.133 400.381 398.735 399.471 399.81 400.703 399.264 399.421 398.908 399.247 399.586 398.428 398.122 398.461 398.775 397.46 398.047 398.874 394.532 394.871 395.028 394.052 393.167 394.548 393.572 392.596 391.372 391.711 389.023 389.668 388.692 387.716 388.692 389.668 390.156 391.132 391.62 393.266 393.572 393.324 394.3 394.052 395.764 396.831 395.847 395.599 397.311 396.972 396.815 398.552 398.122 398.428 399.495 399.247 399.578 399.421 399.173 398.834 398.495 399.562 400.629 400.472 400.133 399.794 399.819 399.207 398.959 398.711 399.133 397.57 398.728 399.034 396.735 397.43 396.909 397.604 395.098 395.338 394.139 391.84 394.594 393.701 392.32 392.072 390.137 391.262 391.362 391.627 393.505 392.174 393.961 394.044 394.607 394.219 396.56 396.18 397.206 395.693 396.347 396.91 396.803 397.92 397.259 398.194 397.533 397.335 398.08 397.89 396.948 396.659 396.37 397.206 396.735 396.074 397.1 396.53 394.934 395.77 395.2 394.82 395.656 395.276 392.844 394.63 395.291 395.58 395.96 395.124 397.1 396.074 396.826 398.24 396.279 396.568 396.948 397.328 397.898 397.335 396.59 396.416 395.762 397.457 396.34 396.902 397.29 396.264 396.925 394.865 395.154 395.443 394.789 395.169 393.109 394.341 392.19 391.718 392.768 390.799 391.179 390.848 392.229 393.883 392.907 394.933 393.866 395.983 396.231 394.122 396.719 397.248 397.587 397.744 396.677 399.348 399.315 398.918 398.496 400.522 400.216 399.794 398.727 399.066 400.538 399.835 400.637 400.794 399.264 400.066 399.735 398.602 397.444 398.519 398.767 399.015 398.527 396.972 396.666 396.914 396.492 396.095 395.855 395.367 394.391 392.1 393.572 392.596 390.148 391.132 390.156 389.668 388.692 387.716
389.18 390.156 390.644 392.108 392.596 393.572 394.548 395.615 394.052 395.028 397.476 394.532 395.599 398.626 397.642 398.13 398.461 398.676 400.388 397.535 400.562 398.999 399.396 400.372 398.834 400.728 399.835 399.223 399.711 400.133 398.479 399.546 398.926 398.959 398.827 399.133 398.976 398.728 398.298 398.811 397.248 396.818 394.883 397.728 396.074 395.272 393.8 392.907 391.344 392.32 390.666 391.551 391.171 391.246 392.388 392.554 392.174 394.424 394.044 394.88 395.443 395.154 396.362 395.701 396.545 396.347 397.183 397.746 397.176 397.358 397.822 396.218 397.616 396.674 397.609 396.948 396.659 396.37 398.24 396.644 396.165 396.066 395.314 396.15 394.364 395.2 393.786 392.844 391.248 393.034 394.82 395.2 394.364 396.15 396.53 395.975 397.48 396.644 395.808 396.37 396.94 396.948 397.791 398.179 398.088 396.218 397.822 397.077 397.068 395.951 397.001 398.696 396.264 396.925 394.956 395.154 395.352 394.789 393.763 393.961 394.531 393.505 392.479 391.362 390.336 388.549 391.791 392.32 391.344 392.816 393.8 393.957 394.114 395.28 395.528 395.594 397.248 397.38 397.719 396.677 397.57 398.372 400.026 398.959 398.074 400.398 398.388 400.224 401.696 399.405 399.38 400.546 398.834 400.372 398.751 399.396 399.338 397.444 400.016 398.031 399.015 397.948 396.972 396.575 395.508 394.532 396.004 395.119 395.367 393.167 391.455 393.572 391.215 390.975 391.132 390.156 389.668 388.692 387.716 388.692 389.18 389.42 391.132 392.199 392.596 391.612 394.548 395.524 394.052 395.028 396.277 394.532 398.32 396.575 397.642 398.13 398.37 398.213 396.559 399.586 398.42 398.263 398.751 399.727 399.388 398.586 399.835 400.05 399.711 400.133 398.388 399.546 398.744 398.496 398.711 398.372 398.976 398.546 397.835 397.587 397.248 395.503 396.57 395.007 394.759 393.957 393.064 392.725 393.883 391.468 391.981 391.179 391.262 392.768 392.57 393.505 394.25 393.018 393.672 394.88 395.443 395.336 394.865 394.295 396.727 396.438 395.595 398.027 397.176 395.762 395.746 397.624 397.062 397.989 399.015 396.948 397.974 396.37 398.24 396.735 397.571 397.001 396.811 395.96 395.58 393.984 394.63 394.25 393.68 395.656 394.82 395.2 395.58 393.528 396.72 397.001 396.074 396.644 395.899 396.279 396.659 397.411 397.328 396.674 398.088 396.218 397.822 397.077 396.514 398.027 397.183 396.438 396.264 395.61 395.808 394.873 393.921 395.732 396.112 393.961 391.992 393.505 391.627 390.51 391.262 390.327 390.385 391.559 392.105 394.594 395.024 394.139 396.074 396.322 396.661 397 397.248 396.735 397.653 400.043 397.661 399.224 398.711 399.141 400.522 399.364 398.388 400.133 399.248 400.629 400.48 399.81 398.834 400.372 400.645 399.578 398.511 399.495 400.016 398.767 397.791 398.13 396.972 396.484 395.69 397.253 396.095 395.119 394.143 393.167 393.415 393.572 392.596 392.199 390.644 390.156 389.668 388.783 387.716
389.759 390.156 391.62 390.975 392.596 393.572 391.546 395.615 395.276 395.028 396.095 396.492 397.559 397.311 397.46 398.775 398.461 398.122 398.428 401.364 398.693 398.42 399.396 399.173 399.479 398.404 399.562 400.05 399.157 398.727 399.794 400.398 397.429 398.405 399.563 398.091 398.885 396.677 396.404 397.587 397.248 396.818 396.107 397.546 394.85 395.735 393.709 394.776 393.883 390.914 390.848 391.361 391.262 391.064 391.627 393.687 392.935 393.572 393.854 394.789 395.443 395.336 394.774 395.701 396.264 397.29 397.282 397.746 397.457 397.259 397.822 397.533 397.335 398.179 397.609 396.948 396.568 397.685 397.206 396.644 395.321 395.694 395.124 395.96 395.58 393.984 394.911 392.844 393.68 394.25 394.82 392.768 395.77 395.116 395.496 397.1 397.48 396.644 396.263 396.37 396.932 397.411 394.896 398.08 395.656 396.59 396.97 396.986 397.176 398.027 397.183 398.696 396.264 397.297 396.089 396.56 394.219 394.789 395.169 394.424 391.992 392.099 391.718 391.362 392.114 390.327 390.575 391.468 393.883 394.776 393.8 393.957 396.074 395.768 396.107 396.818 397.248 396.735 397.562 398.546 397.57 398.67 398.827 398.496 398.074 399.364 400.53 399.579 399.066 399.405 400.48 400.455 400.703 399.727 400.554 399.578 402.704 397.535 400.388 399.412 398.436 398.618 397.915 396.575 397.468 397.162 396.095 395.855 394.052 392.522 392.679 393.572 391.306 390.975 389.908 390.735 389.668 388.692 387.716 388.204 389.668 390.644 391.802 392.199 392.596 393.572 394.639 393.076 394.052 395.119 396.095 394.532 395.508 396.484 397.642 397.46 397.146 398.676 398.428 399.495 398.602 399.851 399.421 399.727 400.149 398.586 399.744 398.735 400.381 400.133 399.794 399.083 398.744 398.405 399.472 397.909 398.422 396.586 399.034 397.587 397.157 397.554 395.528 397.637 394.966 394.42 393.709 394.594 393.883 391.468 390.385 388.549 390.336 392.768 392.388 393.505 393.307 394.424 393.482 394.88 395.162 397.784 395.047 395.701 397.951 398.696 397.183 396.34 396.423 397.168 398.194 397.624 395.656 398.08 397.328 396.948 396.659 396.461 398.24 396.644 396.256 397.1 395.496 396.15 394.546 395.2 393.414 394.25 393.68 394.44 394.82 395.2 394.364 396.613 396.811 397.001 397.48 396.735 397.206 397.404 396.932 399.76 397.7 398.27 395.656 398.848 396.879 397.077 397.176 396.34 396.902 396.347 396.264 395.61 396.089 396.56 394.128 394.88 393.672 394.515 394.622 392.372 392.388 391.916 390.336 391.179 390.484 390.914 391.162 392.907 394.288 394.42 394.85 396.231 395.528 395.594 397.248 397.38 397.835 396.677 398.976 397.909 398.711 400.274 398.074 399.546 399.794 400.133 399.066 400.447 399.744 400.546 399.479 399.727 399.421 398.999 398.42 397.626 396.65 398.767 398.924 397.46 397.642 396.666 397.65 394.532 394.871 395.21 395.367 394.3 394.639 393.572 392.596 391.645 389.999 390.156 389.668 388.692 387.716
389.18 389.668 389.999 392.199 392.712 393.018 394.548 394.391 395.367 395.21 395.516 396.492 399.056 400.586 396.972 397.46 397.791 396.807 399.371 399.586 399.983 398.999 399.421 399.727 398.834 400.455 399.835 400.72 399.711 400.224 399.794 398.504 398.074 398.959 399.009 399.224 399.067 398.728 397.653 396.735 397.248 395.958 396.843 393.808 394.759 394.42 393.8 392.237 392.196 392.32 391.609 391.179 392.114 391.825 391.718 392.372 394.341 393.68 394.135 394.789 393.739 395.336 394.584 396.925 396.264 396.066 395.868 396.34 397.829 397.077 396.788 396.218 397.062 396.955 397.328 397.411 396.75 397.404 395.808 396.826 397.48 397.001 395.124 395.96 394.364 394.166 394.82 394.25 393.87 394.25 393.786 395.2 395.861 395.96 395.405 395.694 397.48 396.644 395.899 396.37 396.94 396.948 397.328 397.898 397.335 397.533 397.822 396.986 397.457 398.027 397.282 398.696 394.378 395.428 397.024 395.154 394.012 394.326 393.763 394.333 393.398 393.505 391.718 391.916 391.353 391.642 392.552 392.411 392.452 393.552 395.024 393.866 394.875 395.098 396.479 397.091 396.487 397.496 397.653 399.191 398.976 399.133 400.026 398.496 400.34 398.504 400.456 400.042 398.975 400.538 399.719 398.495 399.479 399.727 399.421 399.735 398.511 400.992 399.743 398.676 398.461 397.485 397.642 396.484 395.508 396.492 394.871 395.028 394.143 394.391 394.548 393.018 392.596 391.62 391.132 390.156 389.18 388.692 387.716 387.559 389.18 390.644 391.132 391.62 391.124 393.018 394.548 394.391 394.052 395.028 396.095 395.847 395.599 397.311 397.063 398.618 397.146 398.304 399.189 401.083 399.247 399.396 398.751 399.727 400.703 400.728 400.298 399.405 400.29 400.224 400.53 399.364 398.926 401.68 398.827 398 399.067 397.231 397.835 396.735 397.339 395.594 396.479 395.95 394.85 395.735 391.84 392.907 392.105 392.229 391.89 389.773 392.296 390.692 392.57 392.372 392.637 393.109 393.763 394.88 393.739 394.302 394.865 395.982 395.693 395.032 396.91 398.027 396.423 397.168 398.194 396.499 397.616 396.955 397.791 397.32 396.568 397.594 395.899 396.644 397.48 397.1 395.314 397.556 394.364 393.984 394.82 394.44 391.248 394.25 394.911 395.2 395.58 395.96 396.53 395.694 396.256 396.644 397.305 397.594 396.568 397.32 397.328 397.898 397.335 396.218 398.103 398.665 396.423 396.803 396.24 397.29 396.355 396.925 396.081 396.378 393.466 392.92 393.854 393.68 392.844 392.099 392.388 390.51 390.708 391.179 390.666 391.857 393.883 392.237 393.618 394.9 394.759 394.635 394.122 395.776 397.339 396.735 397.719 398.546 397.016 398.372 398.802 398.959 400.522 399.364 399.794 400.224 401.605 400.811 399.471 398.495 400.794 399.082 398.751 398.263 398.602 399.495 398.428 398.767 397.055 397.485 397.799 396.575 395.508 397.253 396.095 395.028 394.904 395.615 394.548 391.703 391.86 391.62 391.62 390.644 389.18 388.692 387.716
389.18 390.156 390.644 391.554 391.951 393.018 394.639 394.3 394.143 395.119 396.095 396.492 395.599 400.677 396.972 397.485 397.791 398.676 396.65 399.495 399.247 399.76 399.396 399.264 398.834 401.952 399.835 398.735 399.157 398.727 399.794 398.504 398.926 398.868 399.935 398 398.976 398.728 397.835 397.587 396.396 396.818 396.388 395.098 394.759 394.42 393.982 394.594 393.792 392.32 390.666 391.179 392.114 391.362 392.479 393.505 393.026 394.515 394.044 394.88 394.012 395.336 394.592 395.61 396.264 395.975 395.959 396.34 397.457 397.077 396.879 398.848 397.062 398.179 395.078 395.914 396.932 396.37 397.305 396.454 397.48 396.72 395.124 393.528 394.364 392.95 394.82 394.44 393.87 393.034 394.82 395.2 394.364 395.116 396.53 397.1 395.048 396.735 398.24 397.685 397.974 396.948 397.328 397.898 397.062 396.59 397.822 397.077 396.423 398.027 397.464 396.628 395.693 395.701 396.362 397.784 394.219 394.789 393.953 394.052 392.174 392.554 391.809 391.825 392.296 391.642 391.609 390.914 393.883 393.552 394.288 394.9 394.759 394.544 396.107 396.818 397.157 398.05 398.943 398.728 398.976 398.579 398.802 401.589 396.784 399.364 398.388 399.372 399.248 399.314 399.38 398.586 400.703 399.264 400.554 398.908 401.298 399.495 399.925 398.767 397.7 398.436 396.972 396.484 395.508 397.716 394.871 395.301 394.143 394.3 391.546 391.612 391.951 392.199 390.644 388.287 389.759 388.204 387.716 388.204 389.18 390.156 390.644 391.62 391.306 393.572 394.548 395.615 394.052 395.028 395.516 394.532 395.599 396.575 397.642 397.948 398.436 398.767 400.388 399.495 400.744 399.578 399.421 399.636 400.24 399.81 400.298 400.538 398.975 400.042 399.794 399.819 398.074 401.68 398.918 399.224 395.792 396.586 398.298 398.72 397.157 395.958 395.528 395.95 395.611 394.139 393.618 392.816 393.883 392.32 390.848 391.642 391.262 392.859 392.57 392.19 393.307 393.961 396.112 394.789 395.352 395.336 396.362 396.925 395.693 398.696 395.959 397.936 397.068 397.54 394.712 397.252 398.088 398.179 396.666 397.32 396.932 396.279 398.24 396.917 397.48 396.066 396.53 395.96 394.546 393.984 394.63 394.44 393.87 392.844 394.721 395.2 394.546 396.15 395.124 396.066 397.48 395.693 398.24 396.279 398.065 397.32 397.609 396.955 398.088 397.624 398.194 397.449 397.457 396.803 396.902 396.066 395.693 395.428 397.024 395.336 395.443 394.88 393.672 393.68 393.117 393.505 391.718 392.768 390.038 390.137 390.575 391.559 393.883 393.552 394.379 393.775 394.875 397.083 397.422 396.421 397.157 396.735 397.835 397.322 399.348 398.372 398.918 401.68 400.522 399.364 399.794 398.818 398.975 400.538 400.207 400.455 399.388 399.727 398.751 399.735 399.338 401.364 398.428 398.213 397.791 398.13 397.915 398.047 398.874 397.162 396.277 395.119 394.234 394.3 394.548 393.572 392.596 391.372 390.644 389.511 389.668 388.692 387.716
389.668 390.644 391.132 391.62 392.596 393.018 392.861 395.615 394.052 395.301 396.186 395.847 395.599 396.575 396.972 397.485 397.791 399.412 397.874 399.495 399.429 399.669 399.396 399.082 399.479 398.495 399.653 399.405 399.066 400.133 399.794 399.546 400.431 398.496 400.026 399.224 398.331 399.191 397.653 397.587 397.248 395.594 394.883 395.28 396.074 394.718 393.618 392.816 391.344 392.32 391.981 391.179 392.205 392.768 392.479 392.099 394.622 393.68 393.763 394.88 395.443 395.336 397.024 395.701 396.545 396.066 396.91 396.803 396.514 395.762 396.78 397.252 398.088 397.989 399.106 396.948 397.974 396.37 395.899 396.735 396.074 397.001 395.124 396.15 394.364 395.2 394.82 393.034 393.87 394.44 394.82 393.984 395.77 395.96 394.652 397.001 395.048 396.644 395.899 399 398.065 397.229 398.072 397.898 397.062 397.624 396.78 398.665 397.176 396.803 395.504 396.256 396.727 396.925 394.774 395.336 395.443 394.698 395.169 394.515 394.25 392.554 392.57 391.064 390.336 390.046 391.89 392.32 393.792 392.907 393.618 394.139 395.52 397.728 396.388 396.909 397.157 396.735 397.835 398.728 397.661 399.687 399.009 398.405 400.522 399.546 399.794 400.224 399.157 399.405 400.48 400.637 400.24 399.264 399.421 399.851 399.429 399.495 399.743 398.767 398.279 398.527 397.642 397.311 397.559 397.807 394.78 395.119 394.143 393.076 394.639 393.572 392.596 390.975 390.644 390.644 389.18 388.692 387.716 388.692 389.18 390.156 391.62 392.108 392.596 393.572 392.679 394.391 394.052 395.21 396.095 396.492 397.559 396.484 398.287 398.13 397.791 399.412 398.519 397.626 398.511 399.396 400.066 399.264 399.388 398.404 400.207 400.538 400.29 399.372 400.53 399.819 400.431 398.496 398.711 398.372 398.976 396.677 397.835 397.587 397.43 395.594 396.388 393.808 396.074 394.42 391.84 394.594 393.883 391.857 392.072 390.327 390.981 391.362 392.57 393.687 392.174 394.515 393.672 394.88 394.682 395.336 394.865 395.701 396.636 396.438 397.464 396.34 397.829 395.762 396.416 396.59 397.335 397.898 397.791 397.411 396.932 396.37 395.899 396.735 397.48 395.975 395.124 395.116 394.364 395.2 393.414 392.844 391.248 394.44 394.82 394.166 398.392 395.96 396.53 397.282 397.48 396.826 395.899 397.404 396.659 397.229 399.106 397.898 397.335 398.848 396.879 397.449 397.176 398.027 396.91 395.123 396.727 396.925 394.865 397.784 395.352 394.789 393.763 393.961 392.935 393.687 392.479 391.064 390.336 391.179 390.484 393.544 393.883 391.476 393.8 394.42 394.85 395.189 396.107 395.412 397.248 397.587 396.983 397.504 399.348 399.133 398.711 398.959 400.522 399.546 399.794 400.224 398.975 400.629 399.562 400.728 399.388 399.082 399.421 398.536 399.429 398.271 398.428 398.122 399.594 397.948 397.063 396.575 395.599 395.847 396.277 395.028 394.052 392.522 392.679 393.572 392.596 391.372 391.132 390.644 389.18 387.716 387.716
389.18 390.644 391.132 391.62 392.596 393.018 393.324 393.076 394.052 395.028 394.871 394.532 395.69 396.484 397.915 397.948 397.7 398.767 399.743 397.535 399.247 399.578 398.751 399.264 399.388 398.495 400.389 400.05 399.157 400.133 398.479 399.364 400.522 398.496 398.827 397.818 399.348 397.231 397.562 396.735 397.157 396.818 396.107 395.28 396.074 394.139 395.396 392.907 393.883 392.502 391.791 391.642 391.171 391.453 392.388 393.505 393.307 393.68 394.044 394.789 395.443 395.336 396.271 396.925 396.545 398.696 397.183 396.803 397.738 397.077 398.103 397.252 397.616 398.179 395.26 397.411 398.346 396.461 397.396 396.826 397.571 395.876 396.53 397.556 394.364 395.2 394.82 394.25 393.87 394.25 394.82 394.075 394.364 395.96 395.496 396.72 397.48 396.644 395.8 397.404 396.568 396.096 394.896 398.179 398.088 397.442 398.103 397.077 396.514 397.746 396.24 396.066 396.727 395.701 397.024 393.748 393.648 395.732 393.763 394.424 394.531 392.554 392.479 391.064 392.114 390.418 392.072 392.32 391.807 393.552 395.024 394.718 394.759 395.098 396.752 396.421 396.396 396.735 396.983 396.677 399.348 398.372 399.563 398.959 400.431 400.216 399.794 400.042 399.711 399.496 401.795 400.455 400.149 399.727 398.751 399.851 400.835 400.992 398.61 398.767 398.461 397.948 397.46 396.484 398.32 395.847 396.095 395.119 394.052 394.391 394.548 391.612 392.596 391.62 390.644 390.735 389.18 388.692 387.716 388.204 389.668 390.735 391.711 391.62 391.86 393.572 394.548 393.076 394.052 395.119 396.095 395.938 395.69 397.493 397.642 398.527 399.685 399.412 398.428 397.535 399.52 399.851 399.421 399.173 398.834 400.455 399.562 400.72 399.066 400.042 399.794 399.546 400.431 399.902 398.711 398.372 398.976 398.728 397.744 396.272 397.43 396.818 396.843 395.95 394.85 394.42 393.8 392.907 393.883 392.229 390.666 390.327 390.89 391.064 392.388 392.281 392.174 393.109 396.112 394.88 395.352 395.245 396.081 395.891 396.818 396.438 395.595 398.027 396.514 397.168 397.822 398.848 397.062 396.492 397.609 396.948 397.974 396.37 397.206 396.644 397.48 395.694 395.405 395.116 395.58 395.2 394.721 393.034 395.276 392.844 394.82 394.075 395.58 395.96 396.72 397.1 397.48 396.735 395.899 397.776 397.122 397.32 397.518 397.898 397.062 397.624 396.97 395.762 397.457 398.027 397.464 396.347 396.264 395.701 397.024 397.784 395.443 394.88 394.044 393.109 393.398 392.744 392.479 391.064 391.171 391.642 390.666 392.32 393.883 392.725 393.8 393.957 395.33 395.768 396.57 396.818 396.578 396.735 397.719 400.043 398.976 399.687 398.711 398.496 398.074 399.546 399.794 400.224 399.711 400.05 399.562 400.455 400.149 399.173 399.421 399.735 398.511 397.626 398.428 398.122 397.7 398.436 397.915 396.575 395.508 397.807 396.095 395.028 395.367 394.391 391.546 393.663 391.86 390.239 391.62 390.644 389.18 388.692 387.716
389.668 390.735 391.62 391.62 391.951 393.572 394.639 394.3 395.367 395.028 396.095 397.253 395.599 396.575 396.972 397.948 398.552 398.122 398.519 399.677 398.602 399.578 399.396 399.264 398.925 398.495 399.653 400.356 398.975 400.224 399.794 399.819 398.744 398.959 398.918 398.372 397.661 398.728 397.835 397.587 397.43 395.776 396.57 397.637 394.875 395.272 395.024 392.907 391.807 392.229 391.336 391.46 390.427 390.973 392.388 392.099 394.622 394.515 393.763 394.789 394.037 395.336 394.865 395.428 398.042 396.066 397.183 396.803 397.176 397.259 398.376 397.533 397.062 396.955 397.328 397.32 396.932 396.37 398.24 396.644 397.48 395.876 395.124 396.15 394.364 394.166 393.414 393.034 391.248 394.25 394.63 394.075 394.546 394.934 395.686 395.694 395.048 396.644 395.899 397.404 396.94 396.948 397.328 396.955 397.335 397.252 398.103 399.608 397.176 396.34 396.24 398.696 396.355 396.925 394.865 397.784 395.352 394.88 394.044 393.68 392.935 393.687 392.388 391.064 390.336 391.361 391.89 391.468 393.883 392.725 394.379 395.09 395.983 396.322 396.198 396.818 397.157 397.587 396.404 396.677 398.794 398.372 398.066 400.183 398.074 398.504 400.158 400.133 400.29 399.405 399.562 400.455 400.885 399.727 398.751 398.999 398.602 400.992 398.428 398.767 397.146 398.527 397.063 397.22 395.508 396.492 396.095 395.119 395.367 393.167 394.548 393.572 392.596 391.62 390.644 389.511 389.668 388.692 387.716 388.692 388.047 390.156 391.711 390.239 391.951 393.572 393.415 394.391 394.052 395.21 396.095 397.162 397.559 397.311 397.46 398.618 397.146 398.213 399.28 397.626 399.247 399.09 399.421 399.727 399.479 400.455 399.38 398.735 400.472 400.133 399.794 399.546 400.522 399.141 400.026 398.372 398.422 398.728 397.719 396.735 397.43 397 395.528 397.637 394.85 396.124 395.024 392.907 393.883 390.914 391.981 391.179 390.799 390.51 391.809 393.505 391.992 393.68 396.112 394.789 395.352 395.154 394.865 395.891 396.264 396.347 397.464 397.746 396.332 397.077 396.788 397.533 397.244 396.492 397.609 396.096 396.568 396.37 398.24 396.644 397.48 395.876 395.124 396.15 395.77 394.166 393.414 394.531 393.87 394.44 394.82 395.2 395.77 394.934 396.72 397.001 397.48 396.735 397.024 399 397.974 399.76 399.015 397.898 397.335 397.533 397.061 395.762 396.423 396.803 395.504 396.347 396.545 397.206 396.362 394.302 395.443 394.88 396.112 393.68 391.992 392.463 391.809 390.692 390.336 389.194 391.336 391.857 391.344 394.776 393.618 394.139 395.148 394.453 396.107 397 397.339 397.496 397.835 398.546 397.57 399.042 398.711 398.405 398.074 400.398 399.794 400.042 400.29 399.314 399.562 398.495 399.57 399.727 398.751 399.735 398.42 397.626 399.834 398.767 398.279 397.46 397.642 396.575 396.914 394.532 394.871 395.119 394.052 394.3 392.679 393.572 392.596 391.62 389.354 390.156 388.692 388.692 387.716
389.18 390.644 391.132 390.975 392.596 393.572 394.548 393.837 395.367 395.028 396.74 394.532 397.559 397.22 397.642 396.815 398.924 398.767 398.519 397.626 399.983 398.999 400.554 400.951 400.24 400.546 399.562 399.405 399.711 398.727 398.57 399.546 400.522 398.496 398.711 399.042 398.794 398.728 397.835 397.587 397.157 395.776 396.479 393.808 394.114 394.139 393.709 391.476 393.701 391.857 392.552 390.418 390.708 391.172 391.809 393.505 391.992 394.143 393.862 394.599 394.037 394.972 396.081 395.891 396.727 395.884 396.24 396.34 394.926 397.259 395.746 397.624 397.062 397.898 397.791 396.948 396.568 397.404 395.808 396.644 397.48 395.694 395.124 393.528 395.58 395.2 394.82 392.844 393.68 394.25 394.82 394.075 395.58 393.528 396.72 396.72 396.074 396.826 395.99 397.594 396.932 396.096 396.666 397.228 397.335 396.598 396.416 397.077 397.457 398.027 396.058 396.628 396.264 396.925 397.024 395.336 394.012 395.352 393.763 393.961 392.935 392.463 391.809 392.859 390.799 391.179 391.981 392.411 391.344 394.594 394.933 394.42 395.52 397.728 396.479 395.594 396.396 397.587 397.719 396.768 399.067 399.133 398.802 401.589 398.074 399.364 398.388 398.727 400.29 400.538 399.562 400.455 400.331 399.727 400.066 399.396 399.338 399.495 399.743 398.767 398.461 397.485 396.972 396.484 397.559 397.807 394.871 395.028 395.367 394.3 392.679 393.572 391.86 391.372 391.132 390.156 388.535 387.559 387.716 388.692 389.759 389.023 391.132 392.108 391.86 393.572 394.73 395.706 394.052 396.525 395.516 394.532 397.559 398.626 396.972 398.527 398.436 398.767 398.428 397.535 400.562 398.908 398.751 399.727 399.388 400.455 399.38 399.405 401.696 400.042 399.794 399.819 398.744 398.959 398.711 397.909 398.976 397.322 398.943 397.38 397.43 397.091 396.57 395.95 395.148 394.718 393.8 392.725 392.452 390.914 390.666 391.361 390.799 392.859 391.809 392.19 392.174 393.68 394.706 394.88 395.443 395.154 397.024 395.982 396.264 396.347 396.91 396.803 397.738 395.944 398.194 397.533 397.062 397.898 399.015 395.914 396.568 397.404 397.297 396.917 397.48 396.157 396.72 395.96 395.58 395.2 394.82 394.25 393.87 394.25 393.786 395.2 394.364 396.241 396.72 395.694 395.048 396.644 395.808 397.404 397.974 396.948 397.609 397.989 398.088 396.689 396.879 397.54 396.423 395.397 396.902 396.628 396.727 397.016 394.584 394.873 395.352 394.88 393.854 393.018 392.637 392.372 391.809 391.916 390.336 389.955 391.791 392.32 391.807 394.776 394.379 395.363 394.85 395.098 396.388 397.736 397.43 398.72 397.38 398.728 398.976 398 400.026 398.959 400.522 399.546 399.794 398.727 398.975 400.05 400.207 398.495 400.794 400.372 399.421 399.396 400.562 399.495 396.559 398.213 397.791 398.618 398.56 396.484 397.559 397.807 396.186 395.119 395.367 395.706 394.548 391.794 392.596 390.148 389.999 390.735 388.535 388.692 387.716
389.18 390.735 390.644 391.62 391.951 393.572 392.1 393.837 395.276 395.119 396.74 395.847 399.056 396.575 397.46 398.13 398.279 398.122 399.743 398.271 398.602 399.735 400.554 399.727 397.428 398.586 399.562 398.735 398.975 400.042 398.479 399.083 398.744 398.496 398.802 398.372 397.661 398.728 397.074 396.735 396.669 396.818 396.479 393.808 395.33 395.272 394.288 394.594 393.701 392.229 390.575 391.088 390.336 391.453 392.388 392.554 391.992 393.018 394.706 394.88 395.443 395.336 397.024 395.61 396.264 398.696 396.902 396.803 397.457 395.944 396.97 398.848 397.062 396.492 397.518 397.411 396.75 396.37 395.808 396.644 397.48 396.157 396.53 395.96 395.77 395.2 394.82 396.872 395.276 394.44 393.414 395.2 394.364 396.431 395.496 395.694 396.074 396.454 395.899 397.404 397.974 399.76 399.106 398.179 397.616 397.252 398.194 397.259 396.332 397.746 395.868 396.438 394.469 397.206 396.362 395.336 395.352 392.92 394.706 394.143 392.637 392.099 392.388 391.916 392.114 390.327 391.89 392.411 392.196 392.907 391.84 393.866 394.85 394.635 396.107 396.909 397.157 397.587 397.835 398.728 397.661 399.042 398.711 398.496 398.926 399.819 399.794 400.133 399.066 400.538 399.38 398.495 398.834 399.727 400.554 399.735 399.338 397.444 397.965 398.304 397.146 398.13 397.46 397.311 396.914 394.532 397.476 395.119 395.367 393.076 392.679 393.572 391.951 391.62 391.711 390.644 389.668 388.692 387.716 388.692 389.668 390.156 391.132 391.62 392.596 393.572 393.324 394.391 394.052 395.119 396.095 395.938 395.69 397.493 397.642 397.46 398.279 398.767 398.428 397.444 398.511 398.42 398.751 399.082 399.388 399.81 399.562 399.405 399.066 399.372 399.794 399.546 398.744 398.496 398.711 399.224 398.976 398.728 397.835 397.38 396.487 396.818 394.122 397.728 395.148 395.181 394.561 392.816 391.344 391.559 390.666 388.549 392.114 391.916 392.479 393.687 393.398 394.424 393.763 394.88 396.849 395.336 396.18 397.016 396.636 396.066 396.91 397.746 397.457 397.259 395.746 396.78 397.062 397.898 396.484 397.32 396.932 396.37 396.263 396.735 396.074 395.694 395.124 393.528 394.364 395.2 394.82 394.25 393.68 394.25 394.82 395.2 395.77 396.241 395.496 396.72 395.594 396.727 395.808 396.37 396.75 395.914 399.015 397.898 397.335 396.218 396.879 397.077 394.744 395.951 397.001 398.696 396.264 397.297 397.024 395.154 395.443 392.92 393.854 394.242 394.531 393.505 391.627 391.362 390.336 389.194 392.072 391.468 393.883 394.776 395.024 395.181 394.114 394.453 394.767 395.776 397.248 398.72 397.653 398.728 398.976 399.224 399.009 399.141 398.835 399.083 398.388 398.727 399.066 400.447 399.38 400.455 398.925 399.264 400.554 398.999 398.511 399.495 398.519 400.082 398.436 398.709 397.46 396.575 397.559 394.532 396.74 396.616 394.052 393.076 394.548 393.572 392.596 391.62 391.132 390.644 389.668 388.692 387.716
389.759 390.644 391.62 391.62 392.596 393.2 392.679 394.3 395.367 395.21 396.095 395.847 395.599 396.484 397.642 397.948 397.791 398.122 400.388 397.535 398.511 398.908 399.421 399.727 398.834 398.586 399.744 400.538 400.29 400.224 398.479 399.546 398.926 398.959 398.711 398.372 395.792 398.728 397.562 396.735 397.43 396.909 397.422 397.728 394.85 394.42 393.618 394.594 391.807 392.039 390.575 391.179 390.038 391.453 392.479 393.505 394.341 392.927 393.672 394.789 395.443 395.154 396.089 395.701 396.636 396.256 395.504 396.803 397.068 397.259 396.788 397.252 397.335 398.171 399.015 399.76 396.841 396.37 398.24 396.644 396.074 395.876 395.124 396.241 394.364 395.2 393.414 393.034 393.68 394.25 394.82 394.166 394.364 396.15 396.53 397.001 397.48 395.048 395.808 397.685 396.659 396.948 397.609 396.674 397.335 398.848 398.103 398.665 396.332 396.803 395.595 395.975 396.636 395.982 396.271 395.336 395.443 394.789 393.763 393.018 394.531 393.505 391.718 392.768 390.799 389.955 391.89 391.857 391.344 392.816 394.47 394.9 395.52 395.28 396.57 397.182 397.248 398.72 398.298 400.043 398.976 397.909 398.711 397.76 398.074 399.546 399.794 400.133 398.975 399.405 399.653 398.404 399.388 399.082 400.554 399.396 400.562 397.626 397.874 398.767 398.552 398.436 397.063 397.311 395.508 396.492 396.186 395.028 394.052 393.655 392.679 393.572 392.596 391.62 390.644 389.668 388.692 388.692 387.716 388.204 389.668 389.42 391.132 390.884 392.596 393.018 392.679 394.3 395.367 395.764 396.74 394.532 397.559 397.311 397.915 397.303 398.279 399.412 399.834 399.586 399.247 398.999 398.751 399.082 399.479 398.586 399.562 399.405 398.975 400.133 399.885 399.546 397.429 398.959 398.711 399.224 398.976 398.728 397.835 396.735 396.396 396.818 396.107 396.231 395.52 394.42 395.024 392.907 391.807 391.857 391.609 390.137 390.336 391.453 392.388 392.281 393.307 394.424 396.112 394.88 394.219 396.56 396.081 395.982 394.378 396.066 396.24 398.027 396.423 397.54 397.822 396.78 397.335 397.898 397.791 397.32 397.974 396.37 398.24 396.644 397.48 395.694 396.53 395.96 395.58 395.2 394.82 394.44 393.87 393.034 394.82 395.2 394.364 396.15 396.811 395.694 395.321 396.644 397.206 397.404 396.568 396.096 397.609 396.492 397.616 396.218 398.103 397.54 396.423 396.803 395.504 396.066 396.636 395.61 395.99 397.784 394.128 394.789 393.763 393.572 394.531 393.505 391.809 392.768 390.708 391.088 391.981 392.229 393.792 392.907 393.064 393.957 394.85 397.728 396.843 396.719 397.157 396.272 399.034 398.728 399.348 398.372 398.066 398.959 398.744 399.364 399.794 400.224 399.711 400.538 399.471 400.455 397.428 399.727 399.396 399.578 398.693 399.495 398.519 398.767 398.279 397.485 397.063 396.575 397.559 394.532 396.186 395.764 395.367 393.167 392.679 391.612 391.951 391.463 390.487 390.644 389.668 388.692 387.716
389.668 390.156 391.223 392.108 391.951 393.572 394.548 394.3 394.143 395.764 396.004 396.492 395.508 397.311 397.063 397.485 398.436 398.767 398.428 399.586 398.511 398.42 398.751 399.264 398.834 398.586 399.653 400.72 399.62 398.818 398.388 399.364 400.522 397.76 398.802 399.133 397.57 396.677 397.835 397.587 396.487 397.091 396.289 397.728 394.114 394.048 394.379 394.776 391.344 391.468 390.848 391.179 392.114 390.692 392.57 392.554 394.531 394.333 395.169 394.789 393.739 395.154 396.18 395.519 396.545 396.347 397.183 397.746 396.423 398.665 398.285 397.533 397.335 398.179 395.26 398.354 397.974 397.685 395.808 396.644 397.48 397.001 395.496 395.116 394.546 395.2 394.82 394.44 393.68 394.44 393.414 395.2 396.142 396.15 396.72 396.72 396.074 396.735 395.808 397.685 397.974 399.76 397.609 396.492 397.616 397.533 396.879 397.259 397.457 396.803 397.092 398.696 397.951 396.925 396.18 395.154 395.443 394.88 395.169 394.515 394.25 392.099 391.627 391.916 390.427 390.418 391.89 392.32 393.883 392.725 395.024 394.42 394.85 396.231 396.843 395.503 396.396 397.587 397.719 396.677 399.348 399.687 398.711 398.496 398.744 399.364 398.388 400.133 401.696 400.72 399.719 398.586 400.149 399.264 400.066 398.908 400.562 399.586 396.559 398.676 398.37 397.46 398.287 396.575 395.599 395.938 394.871 395.119 395.367 395.524 394.548 393.018 391.86 392.108 391.132 390.338 389.668 388.204 387.716 388.692 389.18 390.338 390.644 392.108 391.306 391.612 394.548 393.076 394.879 395.119 396.831 395.847 395.599 396.575 397.46 397.485 397.146 398.122 398.428 397.444 398.42 399.735 399.421 399.264 398.834 400.455 399.562 400.538 399.066 400.042 399.794 399.546 400.522 399.141 398.802 399.224 397.57 398.728 397.835 396.735 397.248 395.958 395.346 394.453 395.148 393.957 393.064 394.313 391.344 392.32 391.981 389.194 391.353 392.859 392.57 392.099 393.398 393.68 393.763 394.599 395.443 395.245 396.18 396.925 396.264 396.347 395.504 396.803 397.176 397.259 396.879 397.533 397.062 397.898 399.106 397.411 396.75 396.37 395.899 396.644 395.048 397.001 395.124 396.15 395.58 395.2 394.82 396.872 393.68 393.034 394.82 394.257 396.986 396.241 395.124 395.884 396.074 396.826 395.899 397.404 396.568 398.354 397.609 397.989 397.062 398.848 396.416 395.762 397.176 396.712 397.183 395.884 396.264 395.701 395.047 395.154 393.466 394.88 394.135 393.68 391.992 393.505 391.718 391.916 390.799 389.955 390.575 392.411 392.452 392.907 393.8 393.957 394.85 395.768 396.57 396.909 397.248 396.735 396.983 397.231 399.067 398.372 398.827 398.496 398.744 399.364 399.794 399.488 399.157 400.447 399.471 399.901 400.24 399.264 400.554 399.396 402.704 399.495 399.743 398.031 399.015 397.303 397.551 398.047 399.056 396.492 396.186 395.028 395.549 394.3 394.548 393.572 392.596 392.108 391.132 389.511 389.668 388.692 387.716
389.18 389.511 391.132 391.62 392.596 391.612 394.639 392.522 395.276 396.434 394.871 396.492 396.914 396.484 397.642 397.394 397.791 398.122 398.428 400.992 398.42 399.396 399.421 399.727 400.24 400.455 398.404 400.05 399.066 400.224 399.794 399.819 400.522 401.68 399.1 398.579 398.885 399.191 397.562 396.09 397.43 396.719 396.479 397.546 395.148 395.363 394.561 392.816 393.883 391.857 391.609 391.361 392.296 391.362 392.479 392.19 393.117 393.68 393.672 394.789 395.443 395.154 396.362 395.428 396.264 396.157 395.504 395.397 396.332 397.168 396.416 398.848 397.062 396.492 397.791 397.411 397.974 397.404 397.206 396.644 397.48 397.1 396.53 396.15 394.546 395.2 394.82 394.531 395.276 394.44 394.82 396.697 395.861 395.96 396.53 396.72 397.571 396.727 397.206 396.37 396.75 395.914 397.791 396.492 397.335 397.533 397.822 397.168 397.176 395.86 397.464 395.975 397.008 395.701 396.18 395.336 395.443 394.789 394.044 394.333 391.992 392.554 391.718 390.882 391.171 389.773 390.575 391.576 393.792 392.907 393.8 393.957 394.85 397.546 396.107 395.412 395.842 398.72 397.471 396.677 398.976 399.224 398.802 401.68 400.431 399.364 398.57 399.579 399.62 400.72 401.522 399.901 399.57 399.727 400.066 398.999 399.429 398.18 396.65 398.213 398.924 397.948 397.063 400.586 397.65 394.532 396.74 395.028 394.052 394.3 393.324 393.572 391.86 391.62 391.62 390.156 389.18 388.204 387.716 388.204 389.18 390.156 390.644 390.975 393.266 393.572 392.679 392.522 395.367 395.764 393.556 395.847 399.056 396.575 397.915 398.618 397.055 400.082 399.371 399.495 398.511 398.999 398.66 399.636 400.24 398.404 399.562 400.811 399.157 400.224 399.976 399.364 398.744 398.959 398.711 398.372 397.57 396.586 397.835 398.629 397.248 395.503 396.57 395.098 395.611 395.181 393.618 393.552 391.807 392.229 390.666 391.46 390.427 391.916 392.851 393.505 394.531 393.961 393.953 394.88 395.352 396.56 396.081 396.925 396.264 395.032 396.91 396.803 397.829 397.077 396.416 396.218 397.335 396.955 397.328 396.096 397.974 397.594 395.808 396.644 397.48 397.1 396.72 395.96 395.861 394.166 393.786 394.25 391.248 394.44 394.82 393.984 395.58 395.96 395.314 395.694 395.321 396.644 398.24 397.404 397.974 397.32 399.015 396.492 395.656 396.218 396.879 397.077 397.92 397.936 397.001 398.696 396.264 395.61 396.362 395.154 395.443 394.599 393.672 394.242 391.992 392.281 392.479 392.768 392.114 390.137 390.385 390.914 391.344 392.725 394.933 394.42 395.148 395.28 396.752 396.909 397.157 398.72 397.719 399.191 398.976 398.372 398.711 398.959 400.522 399.546 398.388 400.224 400.29 399.314 399.38 398.495 400.24 399.727 399.884 398.999 398.42 400.231 399.834 398.767 398.552 397.948 397.642 396.575 397.65 394.532 396.095 395.119 394.052 394.3 393.324 393.572 391.86 391.372 391.132 389.668 389.668 388.692 387.716
389.668 389.511 391.132 392.108 391.951 393.572 393.324 393.655 394.052 395.119 394.871 396.492 396.914 396.484 396.972 396.815 397.055 398.031 398.519 400.992 399.247 399.735 398.106 399.173 399.479 398.586 400.48 399.496 400.381 400.224 399.794 399.364 398.744 399.141 398.066 397.818 397.57 398.728 397.835 397.587 397.248 395.594 396.57 395.768 395.148 394.718 393.618 392.634 391.807 392.229 390.666 390.418 392.205 391.064 392.57 392.554 391.992 393.68 394.706 394.789 395.443 395.336 396.271 395.982 397.099 396.347 397.183 396.803 396.332 397.449 397.822 397.533 397.335 396.955 397.609 396.096 398.346 396.279 395.808 396.644 395.048 395.884 396.72 393.528 394.364 395.2 393.414 396.872 395.276 394.622 394.44 394.166 394.364 396.15 395.314 394.288 396.165 396.826 397.206 396.37 397.974 397.411 397.791 397.228 397.062 396.59 398.194 397.077 397.738 396.596 396.91 396.066 394.56 397.206 395.808 394.873 394.219 394.789 393.763 394.333 394.531 392.463 391.718 392.768 391.353 389.194 391.609 391.468 391.344 392.907 393.982 393.866 394.759 395.098 394.767 396.818 397.248 397.587 397.562 398.728 398.976 398.372 400.026 398.959 399.207 399.364 399.794 400.224 399.711 400.447 401.704 400.637 397.519 399.727 399.421 398.999 399.247 397.626 396.559 398.767 397.791 398.775 398.378 397.402 395.599 395.847 394.78 395.119 394.143 393.746 394.639 391.612 391.951 392.199 391.132 390.156 389.18 388.692 387.716 388.692 389.668 390.156 389.999 392.108 392.596 393.018 394.639 394.391 394.052 395.119 396.831 394.532 395.508 396.484 397.642 397.303 398.436 398.031 398.428 397.626 399.338 398.999 399.421 400.372 400.703 400.455 400.48 399.405 399.711 399.372 399.794 399.364 400.431 398.959 399.472 399.224 398.976 396.586 397.719 397.587 396.024 396.818 394.767 395.28 394.114 393.957 393.8 393.461 391.807 391.559 391.89 391.46 390.708 392.768 391.718 392.554 394.531 393.68 394.044 394.88 395.352 395.154 394.584 397.107 396.727 396.438 395.959 397.746 397.176 397.077 396.416 396.59 398.088 398.08 397.609 396.096 396.568 397.594 397.206 396.454 395.048 395.975 396.72 395.96 398.392 393.984 393.414 394.25 391.248 396.872 394.721 395.2 395.861 396.241 396.53 397.1 397.48 396.826 397.206 397.404 397.122 395.914 397.791 396.492 397.335 396.499 396.97 395.944 397.176 395.397 397.464 398.696 396.818 395.61 397.024 395.245 395.443 394.789 393.672 393.109 393.398 393.505 392.479 392.859 390.336 391.179 391.89 393.544 393.883 394.594 393.064 394.048 395.057 395.768 396.843 395.594 397.248 396.735 397.653 399.282 397.661 399.224 398.827 398.405 398.074 398.504 398.388 400.133 400.29 400.538 399.471 399.81 398.925 399.264 399.603 399.578 399.247 399.495 397.874 398.767 398.436 397.485 397.799 398.626 395.508 396.492 396.004 395.21 395.367 392.522 391.455 393.572 391.951 391.62 391.132 390.156 389.668 388.692 387.716
389.759 390.156 391.132 391.62 392.596 393.572 394.548 395.524 394.052 395.028 394.871 397.807 399.056 396.575 397.46 397.303 398.552 398.767 398.428 397.626 399.983 399.735 399.421 399.082 400.24 400.546 399.835 399.496 401.696 400.224 400.53 399.364 400.522 398.959 398.918 398.372 398.976 398.546 397.628 396.735 396.487 396.909 396.289 395.768 395.611 394.42 394.933 392.725 393.883 392.32 390.666 391.179 391.262 390.51 392.479 392.099 394.341 394.333 395.169 394.88 395.443 395.154 395.047 395.61 396.545 398.696 396.91 398.027 397.457 397.077 398.194 397.252 397.335 397.989 394.896 397.32 398.346 396.37 397.206 396.917 395.048 396.157 396.72 395.96 395.58 396.606 394.82 392.844 393.87 392.844 394.82 395.2 398.392 393.528 396.72 395.694 397.29 396.644 395.899 397.404 397.974 395.914 397.328 397.898 397.335 396.59 396.78 398.202 396.423 396.803 395.868 398.696 396.727 395.701 396.362 395.245 395.443 394.88 395.169 393.961 394.341 393.968 392.388 391.246 390.427 388.549 390.848 391.096 393.883 392.634 393.8 395.272 396.074 396.322 396.752 397.182 397.339 396.735 397.835 398.728 398.976 399.133 399.1 401.68 400.522 399.546 399.885 400.224 399.157 400.72 399.562 398.495 399.388 399.264 400.066 399.578 399.338 399.586 397.874 400.082 399.594 397.485 397.915 397.311 398.874 397.807 394.871 395.119 394.904 394.3 394.548 390.388 391.86 391.62 389.908 390.156 389.668 388.692 387.716 388.692 389.18 390.644 391.132 391.372 391.215 393.572 393.324 395.524 394.143 395.028 396.186 397.071 395.508 396.575 396.972 397.485 399.015 398.122 398.519 399.586 399.247 399.735 399.884 400.372 400.976 400.637 400.943 399.223 400.29 399.579 399.794 399.083 398.744 398.496 399.472 398.372 399.067 397.876 397.719 396.735 397.248 396.909 396.843 394.453 394.85 394.627 393.8 394.594 391.344 391.468 391.89 391.179 392.296 391.064 391.627 393.505 391.992 393.68 394.044 394.88 393.739 394.972 394.592 397.016 395.602 396.256 397.183 398.027 397.176 397.077 396.97 397.533 397.335 397.898 397.328 396.096 396.659 397.404 398.24 396.644 397.48 397.282 396.72 395.96 394.546 393.984 394.82 394.44 393.87 392.844 394.82 394.166 395.77 395.116 395.496 397.1 395.594 396.826 398.24 396.37 396.568 396.948 397.328 396.492 397.616 397.252 396.416 397.449 397.176 396.803 395.504 395.884 397.099 397.206 396.081 395.154 395.443 394.88 394.044 393.961 392.935 393.505 392.479 390.51 391.171 389.955 391.89 394.768 392.568 394.131 393.8 393.957 394.85 397.728 396.388 395.594 397.43 396.735 397.562 397.231 398.976 398.852 398.711 398.496 400.522 398.504 399.794 400.133 399.248 400.05 399.562 401.952 399.388 399.173 398.751 399.735 398.42 397.535 399.189 398.676 398.924 397.303 398.378 396.575 395.508 395.847 396.831 395.028 394.143 393.076 394.548 391.612 391.951 392.108 391.132 390.644 389.18 388.692 387.716
389.668 390.156 391.223 391.62 391.86 391.612 393.324 395.615 394.052 395.028 396.277 395.847 395.508 398.047 396.972 397.46 399.015 398.304 397.874 399.586 398.602 398.999 399.421 399.264 399.388 398.495 399.744 400.447 398.975 399.579 398.479 398.504 400.522 398.959 398.066 398.372 398.331 398.728 397.471 396.272 397.248 397.554 396.57 397.728 395.148 394.718 391.84 394.594 393.792 392.32 391.89 390.418 390.89 391.453 392.479 393.968 394.531 393.68 395.169 394.88 395.443 395.154 394.592 394.758 397.008 397.753 397.183 397.746 394.744 395.762 398.194 397.533 397.335 397.228 397.328 396.948 396.659 397.685 395.808 396.644 395.594 395.975 395.314 396.241 395.861 395.2 394.82 394.44 391.248 394.25 394.82 395.291 394.364 395.96 395.124 395.694 396.074 396.644 395.808 396.279 396.94 396.948 395.078 396.955 395.656 396.218 398.103 397.077 396.423 396.803 395.959 396.347 394.378 394.758 394.584 394.972 395.443 394.88 394.044 393.961 394.341 392.372 392.57 391.064 391.353 389.194 391.609 392.32 391.807 392.907 393.709 394.42 395.52 395.95 396.57 397.736 396.396 398.72 398.48 398.728 398.976 398.372 398.711 398.496 400.431 399.546 398.57 400.133 399.248 400.538 399.835 398.495 400.331 399.173 398.751 399.851 398.42 397.626 396.468 399.412 397.791 397.948 397.642 396.666 395.508 396.492 394.871 395.028 394.143 395.524 392.679 393.572 391.951 391.62 390.644 390.156 388.535 388.692 387.716 388.692 389.18 390.156 390.487 391.62 392.596 393.572 392.679 393.746 395.367 395.028 396.095 395.847 397.559 396.575 396.972 397.948 397.146 398.767 399.834 397.535 399.247 399.735 399.396 400.306 400.149 398.495 399.562 400.447 398.975 399.372 399.794 399.546 400.522 398.959 398.066 399.042 399.348 396.677 398.298 397.496 397.43 396.909 396.107 396.231 395.52 394.42 394.933 394.131 391.344 390.914 390.385 391.642 390.336 392.859 391.718 393.687 393.117 393.018 395.169 394.326 395.443 394.873 395.047 396.925 396.727 396.347 397.183 395.951 396.423 397.077 398.103 398.848 398.088 398.179 397.609 397.411 396.932 397.685 395.8 396.454 395.048 397.1 395.405 396.241 395.861 396.606 393.414 394.25 393.87 392.844 394.82 395.2 395.77 396.15 395.496 395.975 397.571 396.735 397.206 397.685 396.932 395.914 397.328 396.955 397.062 396.78 396.416 399.608 396.332 396.803 397.282 397.753 396.545 395.61 394.683 395.154 395.352 394.789 393.763 393.68 394.622 392.19 391.809 390.51 390.708 391.179 391.89 391.468 393.792 391.476 395.024 395.272 394.759 395.768 396.388 395.776 397.43 397.587 397.835 398.728 398.976 400.076 398.827 398.959 400.522 400.398 399.794 399.372 399.248 400.538 399.719 400.546 399.388 400.372 400.554 398.999 398.511 399.495 398.428 398.304 398.436 397.46 397.063 398.047 397.559 395.847 396.095 395.119 395.367 395.706 394.73 393.572 391.86 391.62 390.396 390.644 389.18 388.204 387.716
389.18 390.644 391.132 391.62 392.596 393.572 392.1 394.3 394.143 395.028 395.516 397.071 396.914 397.311 397.915 396.815 397.146 398.676 399.743 399.495 399.338 399.396 400.066 399.727 398.834 400.637 401.034 400.356 399.711 400.224 398.388 399.364 398.074 398.496 398.711 399.687 399.348 398.728 397.562 397.587 397.157 396.909 396.843 395.95 395.33 394.048 393.8 394.594 393.883 392.411 392.072 391.088 390.799 391.916 391.718 393.505 392.935 393.572 393.672 394.88 395.443 395.336 395.047 395.428 397.099 397.753 397.183 395.488 394.744 397.259 398.194 398.848 397.335 397.228 397.609 397.692 398.065 397.685 397.305 396.454 397.48 397.001 396.72 396.15 394.364 395.2 394.63 393.034 395.276 394.25 393.414 395.2 395.58 396.15 396.53 395.694 395.048 396.644 397.206 397.594 396.932 395.914 397.791 397.989 397.616 397.533 398.194 397.077 397.457 398.027 397.001 398.696 396.264 395.982 396.271 394.873 395.443 394.88 394.044 393.018 393.307 392.463 392.57 392.768 390.336 391.179 390.203 392.229 393.883 394.313 393.709 394.718 395.33 394.544 396.752 395.594 397.157 398.72 397.562 396.677 399.348 398.372 398.711 398.496 398.744 399.364 399.794 399.372 400.29 400.538 399.562 398.495 397.61 399.727 399.421 399.09 398.602 399.495 397.874 398.767 397.791 396.815 397.915 396.575 397.559 397.162 396.004 395.028 394.143 395.524 394.548 391.703 392.596 391.62 390.487 390.735 389.759 388.692 387.716 388.692 389.668 389.668 390.487 392.199 392.596 393.572 393.324 394.3 396.682 395.028 394.78 394.532 395.599 396.575 396.972 397.485 398.37 398.767 397.874 399.586 398.511 399.735 399.421 400.397 399.479 398.586 399.471 400.05 399.066 400.224 399.794 400.398 400.522 401.68 400.026 399.224 397.661 398.728 397.562 397.587 396.487 397.554 396.57 395.768 394.759 394.627 393.618 392.907 392.196 392.32 392.072 389.194 390.799 391.453 391.809 392.554 393.398 394.333 393.953 394.789 395.443 394.873 397.024 396.925 394.469 396.438 396.91 395.951 397.457 397.449 396.416 397.442 397.062 398.08 397.791 395.914 397.974 397.685 395.99 396.826 396.074 396.72 395.314 396.241 394.546 395.2 394.82 394.44 395.276 393.125 394.82 395.2 395.58 396.522 395.405 396.157 397.29 396.826 397.396 397.404 396.568 397.32 397.328 396.748 397.616 396.59 396.788 397.449 397.738 397.746 397.001 395.123 396.727 394.295 395.047 395.154 395.443 394.88 393.763 393.018 391.992 393.505 392.57 391.064 392.205 391.46 391.89 391.576 392.659 392.907 395.024 394.42 394.759 395.768 395.346 395.503 396.487 397.496 397.471 398.728 400.2 398.372 398.711 398.959 398.074 399.364 400.456 399.372 400.199 399.405 399.562 400.455 400.149 399.264 398.66 399.735 398.602 400.992 398.428 398.767 398.37 397.46 397.642 396.575 395.599 395.938 394.871 395.119 394.052 395.524 394.73 393.663 391.951 392.108 389.263 390.156 389.668 388.692 387.716
389.759 390.156 391.62 390.884 392.596 393.018 394.548 393.076 394.143 395.028 396.095 394.532 395.69 397.311 397.642 398.13 398.461 398.767 399.925 397.535 399.338 399.76 398.751 399.264 399.57 401.952 399.38 399.314 400.29 400.042 399.794 399.546 398.744 398.496 398.066 399.224 398.976 399.191 397.835 397.587 397.157 396.909 396.107 396.231 394.85 393.775 393.618 393.552 391.807 392.229 391.609 389.955 392.205 392.768 392.388 393.687 394.341 394.424 393.854 394.88 395.443 393.748 394.683 397.206 396.264 396.347 395.595 396.803 396.332 396.986 396.416 396.59 397.335 396.955 397.609 397.32 396.568 397.404 395.899 396.735 395.321 394.288 396.53 396.15 394.546 395.2 394.82 394.25 393.68 394.44 394.82 395.481 395.861 395.96 395.124 397.1 395.321 396.826 395.899 396.37 396.568 399.76 395.26 396.955 398.088 397.624 396.416 398.665 396.332 396.803 396.902 398.696 396.264 395.428 394.683 397.784 395.443 394.88 393.672 394.333 393.398 393.687 391.809 391.064 390.336 391.179 392.072 391.468 391.344 392.907 393.8 394.048 394.966 394.635 396.661 396.818 397.157 397.496 397.744 397.322 399.348 398.852 398.802 398.405 400.522 398.388 399.794 399.372 400.29 399.405 399.471 398.404 400.794 400.372 400.066 398.999 398.511 401.364 398.519 398.304 397.055 398.13 397.063 396.484 397.559 395.847 396.095 395.119 394.904 394.391 393.324 393.018 392.596 391.62 391.132 390.156 389.668 388.692 387.716 388.692 389.18 390.735 391.132 392.108 392.596 393.572 394.639 393.076 395.367 395.301 393.556 397.716 395.508 396.666 397.642 397.948 397.791 398.122 399.28 400.992 399.338 398.999 399.33 399.173 400.885 398.495 399.471 399.405 398.975 398.727 400.53 400.398 398.074 398.959 400.026 398.579 397.57 398.728 397.835 396.735 397.248 397.091 396.38 395.768 394.759 394.42 393.8 392.907 393.883 391.576 390.575 391.361 392.114 391.064 392.57 392.19 392.174 393.018 393.763 392.92 395.352 395.154 394.774 395.891 396.545 396.256 397.936 398.027 397.738 397.358 396.879 397.624 398.088 396.492 397.328 399.76 397.974 397.404 397.206 396.644 397.48 395.694 396.811 393.528 394.364 393.984 394.82 394.25 395.276 392.844 393.786 395.2 398.392 395.96 395.124 397.1 397.48 396.917 397.206 396.279 396.568 395.914 397.791 396.492 397.335 398.848 398.194 397.168 397.176 396.34 396.91 396.066 396.264 395.428 395.047 395.336 394.128 394.607 394.706 394.424 394.531 393.687 392.479 391.246 390.336 389.194 391.981 391.576 392.568 392.725 393.618 394.42 394.759 395.768 396.661 395.594 396.396 396.735 397.835 399.191 397.57 398.372 398.711 398.959 398.744 399.546 399.794 400.133 400.563 400.538 399.38 398.586 399.388 399.727 398.751 398.908 398.602 400.231 398.519 398.122 399.106 397.46 397.46 397.22 397.559 395.847 396.095 395.21 396.591 394.3 394.548 393.572 392.596 391.62 391.132 390.247 389.18 388.204 387.716
389.18 390.156 391.132 391.463 392.596 393.018 394.548 394.3 394.052 395.028 394.871 396.492 395.599 398.626 397.642 397.485 397.146 398.122 396.559 399.586 399.338 399.735 399.884 399.082 400.24 398.586 401.034 400.447 399.711 400.224 399.794 399.364 398.744 399.72 400.026 399.224 399.348 397.322 397.835 397.38 396.487 396.818 397.422 395.098 394.85 393.957 394.933 393.552 391.162 392.411 390.575 390.418 390.799 391.916 392.57 392.099 394.531 394.424 395.169 392.92 395.443 395.154 396.362 395.701 395.784 396.438 397.282 396.803 397.176 398.202 397.822 396.59 397.062 397.898 397.7 399.76 396.568 396.37 395.899 396.644 396.074 395.694 396.53 395.96 395.77 395.2 394.82 394.531 393.68 396.872 394.63 393.984 395.77 396.15 395.405 397.1 396.074 396.644 395.8 396.279 396.568 395.914 397.791 398.179 397.335 397.533 396.97 398.202 396.423 396.596 396.902 395.884 394.56 395.701 395.99 395.336 395.352 394.326 393.482 394.143 393.117 393.505 391.718 392.768 390.336 391.361 390.666 391.468 391.807 393.552 393.8 394.048 394.875 395.189 396.57 397.736 397.157 397.587 397.835 397.413 398.703 399.133 398.711 399.902 400.431 399.364 399.794 400.133 399.711 400.811 399.562 398.586 400.149 400.488 399.421 398.999 398.511 397.626 396.468 398.304 397.791 397.46 397.642 396.575 397.65 396.492 396.831 395.028 395.367 394.3 394.548 393.572 392.596 391.62 390.644 390.156 389.668 388.692 387.716 388.692 389.18 389.42 391.62 392.108 392.596 391.612 394.548 394.3 394.052 395.119 396.004 395.847 399.428 400.123 398.287 398.527 397.791 398.676 396.65 397.535 398.42 399.578 399.396 399.082 400.149 398.495 399.562 398.735 399.248 399.951 399.794 398.504 400.431 398.959 398.711 398.67 398.976 397.231 397.653 397.38 396.396 396.818 396.843 395.189 395.338 394.048 391.84 393.552 393.883 391.857 391.609 389.864 391.353 391.064 392.57 393.505 393.398 393.68 393.763 394.88 393.466 395.336 396.362 394.295 395.602 396.066 397.001 396.803 397.176 397.168 397.822 396.218 398.088 396.955 397.328 397.229 397.974 396.279 395.899 396.644 397.48 396.066 395.124 395.96 394.364 393.984 394.721 393.034 393.68 394.25 394.82 395.2 395.952 393.528 395.496 395.694 397.48 396.735 395.808 396.37 396.568 396.948 396.484 397.898 398.088 396.59 398.194 395.762 396.332 396.803 397.001 395.123 396.264 394.758 396.362 397.784 395.443 394.789 393.763 394.052 393.398 392.099 392.388 390.51 390.038 391.46 391.89 390.914 393.883 392.907 394.561 394.139 395.338 395.098 396.57 396.719 397.157 396.272 397.835 396.586 398.976 398.67 398.802 399.902 398.562 399.546 399.794 400.133 400.472 399.405 399.38 400.546 399.388 399.173 399.421 399.735 398.511 397.626 397.874 398.767 399.106 398.527 397.063 397.311 397.559 395.938 396.095 395.119 394.052 393.167 394.548 393.572 392.596 390.884 391.132 390.156 389.18 388.692 387.716
388.535 390.644 390.396 391.62 392.596 393.018 394.548 394.3 395.367 395.028 396.831 395.938 395.599 396.575 398.287 397.948 397.791 398.767 397.874 397.626 399.338 399.851 400.645 399.173 400.703 399.81 399.562 398.735 400.29 399.951 400.456 399.546 400.522 401.68 399.29 398.091 397.57 400.043 397.744 396.272 396.785 396.719 396.388 395.007 395.611 394.139 393.8 392.907 391.344 391.857 390.666 391.088 391.262 391.453 392.57 392.19 394.25 393.109 393.763 394.88 396.568 396.378 396.362 394.295 396.727 396.066 396.91 396.803 397.176 395.762 396.416 397.533 398.088 396.955 397.791 397.32 397.974 396.461 397.396 396.644 397.48 395.694 396.72 397.556 395.58 395.2 394.82 394.531 395.276 394.44 394.82 395.2 394.364 396.241 395.405 395.694 395.884 396.644 395.8 397.594 396.568 396.948 397.328 397.989 397.062 397.442 396.879 397.077 397.457 397.746 395.504 395.975 396.264 395.519 396.081 395.336 395.352 394.326 393.854 394.424 393.398 392.099 392.479 392.768 390.336 390.418 391.89 391.857 391.344 393.552 394.379 395.272 394.85 395.768 397.422 396.719 397.248 397.587 397.653 398.728 398.885 399.133 398.802 398.405 398.744 399.819 400.158 400.133 400.472 398.735 399.38 401.952 400.794 399.727 399.421 398.445 399.429 399.495 398.61 398.767 397.7 397.948 396.972 400.677 395.69 397.344 396.095 395.028 394.143 394.391 394.548 393.663 392.596 392.108 390.396 389.668 389.668 388.204 387.716 388.692 388.047 390.644 391.132 391.372 391.215 393.663 394.548 395.706 395.367 395.028 396.095 396.492 395.599 397.493 398.287 398.13 398.436 397.452 399.743 397.535 398.511 398.908 399.421 399.727 400.149 398.586 399.38 399.405 399.248 400.042 400.53 399.546 400.522 399.72 399.009 399.133 398.331 398.728 397.471 397.38 395.842 395.776 395.346 396.322 395.148 394.9 395.115 392.907 391.807 392.32 391.89 389.194 391.171 391.916 391.718 393.505 393.307 393.68 394.706 394.326 395.352 394.873 396.18 395.519 396.355 397.753 397.282 397.746 394.926 398.665 398.194 397.624 397.335 396.492 399.015 396.948 396.568 396.37 397.305 396.735 397.48 395.694 396.53 397.556 395.77 396.606 394.82 392.844 393.87 394.44 394.82 395.2 394.364 396.15 395.314 396.72 396.074 396.735 395.808 397.404 397.974 396.948 397.328 396.955 397.335 396.59 398.194 396.986 397.176 396.34 396.902 396.066 396.636 397.206 397.024 395.154 394.5 394.599 393.763 394.515 391.992 393.505 392.57 390.51 392.205 391.179 391.89 390.914 391.807 394.594 393.709 395.363 394.114 395.95 396.289 395.594 397.248 396.272 397.653 398.728 398.885 397.727 398.802 398.959 400.522 400.398 400.53 400.224 399.157 399.405 399.719 398.586 400.24 400.306 400.645 399.851 398.693 399.495 398.428 398.213 398.37 398.527 397.46 397.493 395.599 394.532 394.871 395.028 394.904 395.615 392.679 393.572 391.951 392.108 389.908 390.156 389.668 388.204 387.716
389.18 389.42 390.487 392.108 392.596 393.572 394.548 393.076 394.052 395.119 393.556 394.532 397.468 396.575 397.915 398.527 397.791 398.767 396.468 398.18 399.429 398.908 399.396 400.397 399.479 400.546 400.48 399.38 398.975 398.727 398.479 399.546 397.429 398.959 398.827 399.224 397.57 398.728 397.744 398.72 397.248 397.554 396.107 396.231 394.759 394.42 395.024 392.907 392.659 392.32 390.666 391.46 392.296 392.859 392.479 392.19 394.622 393.109 393.854 394.789 395.352 395.154 394.592 395.428 394.378 396.157 397.092 396.803 397.457 397.259 396.78 396.218 397.335 397.989 397.328 396.948 396.568 397.685 395.8 396.644 397.48 395.694 395.124 393.528 394.364 395.2 394.82 392.844 393.87 394.25 394.82 395.2 394.364 395.116 396.53 395.884 395.321 395.048 395.808 396.37 396.568 396.096 397.328 396.674 398.088 397.624 397.822 397.449 396.423 397.746 397.464 396.157 396.727 397.297 396.081 395.336 395.443 394.88 393.763 393.109 392.935 393.505 392.57 392.768 392.114 390.418 390.666 392.229 393.792 394.776 395.024 395.363 395.148 393.808 396.107 396.818 397.248 397.38 397.835 398.728 397.57 397.818 398.802 401.589 400.522 399.819 399.794 398.818 399.711 399.223 398.404 399.81 398.834 399.082 399.421 398.908 399.247 401.364 399.834 398.767 398.37 398.709 397.642 396.575 395.599 397.807 396.186 395.855 394.788 393.746 393.324 389.743 391.215 392.108 391.223 390.156 389.668 388.204 387.716 388.692 389.668 390.735 391.62 391.62 392.596 393.2 393.324 394.3 394.143 395.028 395.516 398.452 395.508 396.484 396.972 398.13 397.791 398.767 397.874 399.495 398.511 399.851 400.554 399.082 400.149 400.728 400.943 399.38 399.711 400.224 398.388 399.364 400.431 398.959 398.711 398.372 398.976 399.191 397.835 397.587 397.157 397.273 396.752 394.453 394.966 393.957 394.561 392.907 391.162 392.229 390.666 391.46 392.205 391.916 391.718 392.19 392.935 394.424 393.672 394.789 395.443 395.154 396.089 395.891 396.636 395.884 396.24 395.951 397.176 397.358 396.416 396.218 397.062 398.08 397.328 396.948 397.974 396.37 397.206 396.644 397.48 396.066 395.405 396.241 395.58 395.2 394.82 396.872 393.87 394.44 394.82 394.166 395.58 396.15 395.496 397.001 397.48 396.826 397.206 396.37 396.568 397.229 397.518 397.989 397.062 397.533 397.822 397.449 397.176 395.488 397.001 396.347 396.727 395.61 394.683 395.336 394.219 392.92 393.672 393.572 394.531 392.554 391.718 392.768 390.336 389.194 390.203 392.32 391.807 394.776 394.561 395.363 394.875 395.28 395.528 397 397.43 396.735 397.653 398.728 397.57 397.909 399.1 400.274 400.34 399.546 399.794 400.042 399.157 400.356 399.562 400.546 399.479 399.082 399.421 399.735 399.52 397.626 399.925 398.767 398.552 398.527 397.063 396.575 395.508 395.847 396.095 395.119 394.904 394.3 394.548 393.018 392.596 391.62 391.132 389.511 389.668 388.692 387.716
389.18 390.156 390.487 391.62 391.86 391.612 393.324 394.3 394.143 395.028 396.095 394.532 397.559 398.626 396.972 398.527 397.791 398.213 399.834 400.992 400.562 399.735 400.554 399.727 400.149 398.404 400.207 400.538 398.975 398.727 400.158 399.546 400.059 401.68 398.827 399.687 399.067 396.586 397.835 397.38 395.933 396.818 396.57 396.231 394.759 394.139 391.84 391.476 391.807 392.32 390.666 391.361 390.89 392.768 392.57 393.505 392.935 394.143 395.169 394.88 395.443 394.873 396.362 395.982 396.264 396.347 397.001 396.34 397.176 398.202 396.879 397.252 398.088 396.955 396.484 396.948 398.346 396.37 398.24 396.454 396.256 395.884 396.53 396.34 395.58 395.2 394.63 394.44 395.276 393.034 394.82 395.2 394.364 396.15 396.72 396.72 397.48 396.826 398.24 397.685 397.122 395.914 398.072 398.179 397.062 397.624 398.103 396.796 397.176 398.027 396.24 395.032 396.264 395.519 395.808 394.873 395.443 394.88 393.672 393.109 392.844 392.463 392.479 391.453 390.708 391.179 392.072 394.768 393.792 392.907 394.933 395.735 394.759 395.098 396.843 395.412 397.248 396.735 397.562 397.231 398.976 399.687 398.066 398.959 400.431 399.083 400.158 400.042 400.472 400.538 400.48 398.586 397.519 399.727 399.396 399.735 398.511 397.535 399.743 398.767 399.594 397.46 397.46 396.575 395.508 395.847 394.871 395.028 394.234 394.3 392.861 393.018 391.124 390.975 391.132 390.156 389.668 388.204 387.716 387.559 389.668 389.023 391.223 391.372 392.596 393.572 394.548 394.3 395.367 395.764 394.78 396.492 396.914 398.626 397.46 398.039 398.552 398.122 398.428 397.626 399.429 398.908 400.554 399.082 399.479 400.546 399.471 400.447 399.711 400.224 398.388 400.216 398.074 398.496 398.711 400.076 398.976 398.728 396.404 398.629 397.157 396.818 397.604 397.637 394.85 394.42 393.064 392.907 391.344 391.857 391.609 391.179 391.171 392.768 392.57 393.505 394.341 393.961 395.169 394.88 394.128 393.748 396.18 394.758 396.355 396.066 397.936 396.803 397.457 397.077 398.194 397.252 397.335 397.898 399.106 397.32 397.974 397.404 397.206 396.826 397.48 397.1 396.811 397.556 395.58 395.291 394.82 394.25 391.248 394.25 394.82 395.2 395.58 395.96 395.405 397.001 396.074 396.644 398.24 396.37 398.065 396.948 397.609 396.955 397.335 398.848 395.746 395.762 397.176 396.803 397.183 398.696 396.818 395.701 396.081 395.154 395.443 394.88 394.706 394.242 392.935 393.687 391.627 391.453 390.799 391.46 391.336 392.32 393.122 392.816 393.064 393.866 394.85 395.28 395.346 396.818 397.157 397.033 398.207 398.728 398.794 400.076 398.711 398.496 398.744 400.216 399.794 400.224 400.472 400.538 399.471 401.77 399.388 399.082 399.421 399.76 399.338 397.535 400.016 398.122 397.791 397.948 398.287 396.575 395.508 395.847 394.871 395.028 394.052 394.3 392.77 393.018 392.596 390.884 391.711 390.644 389.18 388.692 387.716
389.18 390.156 391.223 390.975 391.951 393.572 392.679 394.3 394.052 395.119 394.78 394.532 395.599 398.626 396.972 398.436 397.7 399.412 396.559 399.495 398.602 398.999 398.751 399.636 400.149 400.728 400.207 400.72 398.975 400.224 398.388 399.364 400.522 401.68 399.1 399.315 398.976 398.546 397.835 396.272 396.396 396.909 394.883 395.28 395.33 394.139 393.618 392.907 391.344 392.32 391.981 391.642 391.353 391.916 391.809 392.19 393.307 393.961 395.169 394.88 395.443 394.302 396.081 395.519 394.378 396.438 397.183 395.488 397.92 398.202 396.78 396.218 398.088 396.492 397.328 396.948 398.065 396.37 395.808 396.644 396.074 395.694 396.811 396.241 394.364 394.166 394.82 394.25 395.276 394.25 394.82 395.2 395.58 395.96 396.53 395.694 395.321 396.735 395.899 397.404 397.974 397.411 399.015 397.691 397.335 397.624 397.822 397.449 396.332 398.027 396.91 396.157 396.264 397.297 396.081 395.154 395.352 394.789 394.044 393.018 393.398 392.835 391.718 391.064 391.353 390.137 390.385 390.914 393.701 392.907 393.709 393.957 395.057 396.322 396.289 395.503 397.157 396.735 397.562 398.728 398.976 398 399.1 398.496 398.744 398.388 399.794 400.133 399.157 400.05 399.471 398.586 400.794 399.082 399.421 399.396 398.602 399.586 397.874 399.412 398.279 397.303 397.642 397.22 397.559 396.492 393.556 395.119 394.788 393.655 392.1 391.703 391.215 391.62 391.223 390.156 389.668 388.692 387.716 387.716 389.18 390.156 389.999 392.778 393.175 393.572 394.548 394.3 394.143 395.119 394.871 397.344 397.559 396.575 397.46 398.527 397.146 398.767 398.428 399.495 398.511 399.851 400.554 399.264 397.519 398.495 400.48 400.629 399.066 400.224 398.388 399.546 398.744 398.959 398.066 398.372 397.57 397.413 397.835 397.587 396.578 396.818 394.122 394.635 395.983 394.048 393.8 392.907 393.883 392.229 391.89 389.955 390.89 390.51 391.718 392.099 393.026 393.961 395.169 394.789 393.739 394.302 396.362 396.925 396.727 396.066 395.595 397.746 397.457 397.168 396.97 397.624 397.062 397.989 397.518 398.354 396.568 397.404 395.899 396.826 395.321 397.1 395.405 396.241 394.546 395.291 394.82 394.25 393.87 394.622 394.44 393.984 394.364 396.15 395.124 395.884 396.256 396.917 395.808 396.37 397.784 396.948 395.078 396.748 397.062 397.252 396.97 396.796 397.176 396.803 397.001 396.157 397.951 395.61 396.271 395.336 394.682 394.789 394.706 394.424 394.341 393.505 391.718 392.768 390.336 390.418 390.848 391.857 393.701 394.776 394.933 394.139 394.759 397.546 396.752 396.818 397.43 397.496 398.298 398.546 398.976 399.224 398.802 398.496 400.431 399.546 398.388 400.224 401.696 399.38 400.298 400.546 399.479 399.264 399.421 398.999 398.602 399.586 396.65 398.767 398.924 398.13 397.799 396.575 396.914 396.492 394.78 395.028 394.143 395.524 391.455 389.743 393.266 391.62 391.132 390.735 388.535 388.692 387.716
389.18 389.668 391.223 392.199 392.596 393.572 392.679 395.524 394.052 395.028 396.74 397.071 395.69 396.575 397.063 397.485 398.924 398.122 398.519 399.586 398.42 398.999 399.396 399.727 400.149 400.637 399.562 400.811 400.29 400.224 398.479 400.216 398.926 398.959 398.711 398.372 398.794 396.677 397.074 396.735 397.157 396.909 394.883 395.098 394.966 394.139 393.8 393.552 393.883 392.32 390.575 391.179 391.353 391.064 392.479 393.505 393.398 393.2 396.112 394.88 393.466 395.336 396.081 394.758 395.693 398.696 397.001 398.027 396.423 397.449 396.879 396.689 397.335 396.492 397.328 399.76 396.659 397.404 395.808 396.826 395.048 397.1 395.314 395.96 394.364 395.2 392.008 394.25 393.68 393.034 394.82 395.2 396.142 395.116 395.314 395.694 396.165 396.644 395.808 397.404 396.932 397.32 397.328 397.898 397.616 397.624 396.879 398.665 397.457 395.951 397.001 396.157 397.099 396.164 395.047 395.245 395.443 394.698 393.854 394.333 393.398 392.372 392.479 392.768 390.799 391.179 392.163 392.32 391.807 393.461 394.47 396.124 394.759 395.28 396.388 396.909 397.248 397.587 397.835 397.231 395.792 398.372 398.802 398.959 400.34 399.364 398.388 398.727 398.975 400.447 399.653 398.495 400.976 400.397 400.554 399.578 398.602 397.626 397.965 398.213 397.146 398.618 397.642 397.311 395.508 394.532 396.095 395.119 395.276 394.3 394.548 389.834 392.596 392.108 390.644 390.644 389.759 388.692 387.716 388.692 389.18 390.247 390.396 391.62 392.596 391.612 393.324 393.928 394.234 395.21 394.871 395.938 396.914 397.311 397.642 397.948 398.924 399.412 400.388 400.992 399.247 398.999 399.421 399.727 399.479 398.586 399.38 399.405 401.605 400.042 399.794 399.546 398.074 400.274 398.802 398.372 397.57 396.768 397.835 398.05 397.157 396.818 395.346 395.95 395.611 393.957 394.379 392.907 393.792 391.857 391.89 389.773 390.708 391.362 392.57 393.505 393.307 394.424 394.044 394.88 395.443 396.56 395.047 396.164 396.636 395.123 395.595 397.746 397.92 397.077 396.879 398.848 397.426 397.898 397.981 396.096 396.568 397.404 397.206 396.644 397.48 395.694 395.496 396.15 395.77 396.606 393.414 394.44 395.276 394.44 394.911 395.2 394.364 395.96 395.405 395.694 397.48 396.644 395.899 396.37 396.568 396.948 397.328 397.989 397.335 396.59 396.416 398.665 397.457 396.34 397.183 398.696 397.951 397.297 396.18 395.154 395.443 395.823 393.763 393.68 394.531 392.099 392.479 391.064 392.205 391.179 390.848 390.914 393.883 391.476 394.933 393.957 395.52 393.808 396.57 395.412 397.43 396.272 397.835 397.967 398.976 399.133 398.711 400.274 398.926 399.364 400.53 399.579 398.975 399.405 399.562 400.455 400.149 399.727 399.421 399.735 398.42 397.535 396.65 398.767 398.436 398.527 397.46 396.484 395.599 395.847 394.871 395.21 395.367 393.076 393.324 393.572 392.596 391.62 390.644 389.42 389.18 388.692 387.716
389.668 390.156 390.644 391.62 391.86 393.572 392.679 395.524 394.143 395.21 394.871 397.807 397.559 398.626 397.799 398.527 399.685 398.767 398.519 399.586 398.602 398.999 399.421 399.173 399.388 400.728 399.471 398.735 399.066 399.579 399.885 399.546 398.074 398.959 398.711 399.687 399.348 400.043 397.719 397.587 396.396 397.48 396.57 395.768 394.85 395.272 393.618 393.552 392.659 390.914 390.575 390.418 392.114 392.768 391.718 393.505 394.622 393.109 393.763 392.92 396.568 395.336 396.362 396.925 396.818 396.347 397.001 396.803 397.92 397.077 398.194 396.218 398.088 398.27 399.106 396.096 397.974 397.404 395.899 396.826 395.321 395.884 395.314 395.96 395.58 395.2 394.82 394.44 395.276 393.034 394.82 394.166 395.77 395.116 396.53 395.694 396.256 396.454 395.808 396.37 398.346 396.096 397.791 396.955 398.088 396.59 397.822 397.168 397.457 397.746 396.24 398.696 398.042 395.701 397.024 395.245 394.037 394.599 393.763 394.143 394.341 393.505 392.57 391.064 390.708 389.955 391.981 393.544 393.883 394.776 394.379 394.139 395.33 396.231 396.57 397.48 397.157 396.735 398.48 396.586 397.57 397.909 400.026 399.141 398.926 399.546 399.794 398.818 399.157 399.405 399.835 400.728 398.834 399.173 399.396 399.735 398.511 399.586 397.965 398.676 399.015 397.303 396.972 396.575 395.599 397.253 396.095 395.028 394.052 393.746 392.1 393.572 392.596 392.199 390.644 390.735 389.18 388.692 387.716 388.204 389.668 390.156 391.132 391.62 393.266 393.572 394.548 393.076 394.052 395.119 396.831 396.492 397.559 397.493 397.642 398.618 398.436 398.676 398.428 397.535 399.338 399.578 398.751 399.727 398.834 398.495 400.207 398.735 399.066 400.133 399.794 399.364 398.744 397.76 398.802 399.224 398.976 396.586 399.034 397.587 397.339 396.909 396.479 397.637 395.33 394.42 395.024 393.949 392.659 391.559 391.609 390.327 391.171 391.362 392.388 393.687 394.531 393.018 394.706 394.88 395.443 394.873 396.362 396.925 395.693 396.347 397.092 396.803 397.457 397.449 398.194 397.624 398.088 397.989 397.609 399.76 396.568 397.404 397.206 396.644 395.048 395.694 396.53 393.528 394.364 395.2 393.414 394.25 393.87 394.44 393.414 395.2 394.546 395.96 395.124 395.694 396.074 396.735 395.808 396.279 396.568 397.32 397.791 396.674 398.088 397.252 398.103 396.796 397.92 396.803 396.91 396.438 396.264 396.925 394.584 394.302 395.443 394.789 393.672 394.515 393.026 392.463 393.794 391.916 390.89 390.418 391.89 391.468 393.792 392.725 393.618 395.735 394.85 393.808 395.346 395.594 397.248 397.587 398.48 397.231 398.885 399.687 398.066 398.496 398.835 400.216 399.794 400.042 400.472 399.314 399.562 399.81 397.428 399.727 399.421 398.999 398.511 399.495 400.388 400.082 397.791 397.485 398.56 397.311 397.468 394.532 396.831 395.028 395.367 394.391 391.546 393.018 391.86 392.199 391.132 390.644 389.668 388.692 387.716
389.18 390.644 391.132 392.108 391.86 391.703 394.639 394.391 394.052 395.119 396.095 395.847 399.056 397.22 396.972 397.46 397.055 398.676 396.65 400.992 398.511 398.354 400.554 400.488 401.348 398.586 400.48 400.05 399.62 400.042 399.794 398.504 398.074 397.76 398.711 398.372 398.976 398.546 397.653 397.405 397.248 396.909 396.57 397.083 394.85 393.957 393.8 394.594 391.807 392.502 390.666 390.046 392.114 390.692 392.57 392.099 394.341 393.961 396.112 394.789 395.443 395.063 396.18 395.891 396.264 396.347 396.91 396.34 397.176 396.986 396.879 396.499 397.335 396.492 397.609 396.096 397.122 397.404 397.305 396.644 397.48 396.72 396.811 396.15 395.58 393.984 394.82 396.872 391.248 395.656 394.721 395.2 394.364 395.116 396.811 396.066 396.074 396.735 398.24 396.37 396.568 395.914 399.106 396.492 397.062 397.533 396.78 397.259 396.332 396.596 397.936 395.032 396.264 394.758 395.99 394.302 395.443 394.789 393.953 393.572 394.25 392.372 392.388 391.064 390.708 390.137 391.89 392.32 392.659 392.816 393.8 395.363 396.074 395.28 396.198 396.421 396.487 398.72 397.744 396.677 398.976 398.372 398.066 399.141 400.522 399.546 400.158 400.042 399.066 398.735 400.48 398.586 398.925 399.264 399.396 399.851 398.511 397.535 400.388 398.767 398.37 398.618 397.063 396.666 397.559 397.716 396.095 395.119 394.052 393.076 394.548 393.572 392.596 391.62 391.132 390.156 389.668 388.204 387.716 388.204 388.692 389.668 391.132 392.199 392.596 393.572 394.548 393.076 394.052 395.119 394.78 395.847 397.559 396.666 397.642 397.485 398.461 398.213 396.468 400.231 399.983 398.263 399.421 399.082 398.834 400.546 399.562 400.538 398.975 399.488 399.794 399.546 398.074 398.496 398.827 398.372 395.792 398.728 397.719 397.38 395.933 397.182 396.479 395.768 395.611 394.139 393.618 392.816 393.883 392.229 390.575 390.418 390.708 391.064 392.388 392.554 392.935 393.109 393.763 394.789 396.568 395.336 396.271 395.428 397.099 396.066 395.595 397.746 397.176 395.944 398.285 396.59 397.335 398.08 397.328 396.948 396.75 396.37 397.396 396.917 396.074 395.694 396.53 393.528 395.58 393.984 394.82 393.034 395.276 394.44 394.82 396.697 394.364 393.528 396.53 395.694 396.074 396.454 397.297 396.37 396.75 396.096 395.078 398.27 398.088 397.533 396.879 399.608 397.457 396.803 395.868 396.347 396.264 395.891 395.808 395.154 395.443 394.789 394.706 393.018 393.398 392.554 391.718 391.453 391.353 391.551 391.89 390.914 393.883 392.725 391.84 394.42 395.33 396.322 396.388 397.091 397.157 398.05 397.835 396.768 398.885 399.687 398.711 399.72 398.744 399.546 399.794 398.727 399.248 398.735 399.835 400.546 398.925 399.082 399.421 399.735 398.511 401.546 398.428 398.304 398.279 398.527 397.642 396.484 395.508 397.162 396.831 395.21 395.276 394.391 392.77 393.572 391.86 392.778 391.132 390.644 389.668 388.204 387.716
389.668 390.156 389.999 390.975 392.596 391.612 393.324 393.076 394.143 395.119 396.095 397.162 397.559 397.402 397.063 397.948 397.791 398.767 396.468 398.916 399.429 399.735 398.751 399.173 399.388 398.495 399.562 399.38 401.696 400.133 399.885 399.546 399.207 398.959 398.711 399.133 397.57 398.728 397.835 396.735 396.396 397.091 395.528 395.098 394.85 393.957 393.8 393.552 393.883 393.544 391.89 390.046 392.114 391.362 392.388 392.554 392.935 394.515 394.044 394.88 394.012 397.784 396.271 396.925 396.264 396.438 397.464 396.803 397.176 398.665 396.78 398.848 397.062 397.898 397.328 396.948 396.659 396.37 398.24 396.644 395.594 396.72 395.124 393.528 395.861 396.606 394.82 396.872 393.87 393.125 394.911 395.2 395.58 396.241 396.72 396.157 395.321 396.644 397.206 397.685 396.568 396.096 397.609 396.492 397.062 397.533 395.746 398.665 396.423 398.027 395.504 396.438 395.511 395.701 396.18 394.873 395.443 394.326 393.482 394.424 392.844 392.554 391.718 391.916 392.205 389.955 391.89 391.857 392.105 392.907 393.064 394.9 394.85 394.453 395.346 396.909 397.339 396.735 397.835 396.677 398.976 398.372 398.827 398.496 400.059 399.546 398.479 398.818 400.29 400.811 399.835 400.546 398.834 399.727 399.421 399.578 399.338 399.495 396.559 398.767 398.279 398.13 397.915 398.626 396.914 394.532 396.095 395.21 394.052 395.524 392.1 391.703 392.596 390.884 391.132 390.644 389.668 388.692 387.716 388.692 388.444 390.156 390.644 390.148 391.951 393.572 394.639 394.3 394.052 395.119 396.186 397.071 395.599 397.22 397.46 397.46 399.015 398.767 396.468 397.626 398.42 399.578 399.421 399.082 399.388 398.404 399.562 399.405 400.199 400.042 398.479 399.546 398.926 398.959 398.827 398.372 399.067 397.322 397.835 397.587 397.157 395.503 396.57 394.635 395.33 395.181 393.618 392.725 391.807 392.32 391.609 391.179 392.114 391.453 392.57 393.505 393.398 393.961 395.169 392.92 393.466 395.336 396.271 396.925 398.042 396.347 395.504 396.803 396.332 396.796 396.416 396.218 397.062 397.898 396.666 396.948 398.065 396.37 397.206 396.917 395.048 396.157 395.496 396.15 395.58 394.166 394.82 393.125 393.68 394.25 394.82 395.2 394.364 396.15 395.124 395.876 395.884 396.644 398.24 396.461 396.568 395.914 397.791 397.898 397.335 397.624 396.416 398.665 397.457 395.488 397.001 396.347 396.636 396.925 396.362 395.154 394.012 394.789 393.672 394.515 391.992 393.505 392.479 392.768 390.708 391.179 390.484 392.411 391.807 393.552 393.064 394.42 395.148 395.189 396.479 396.818 396.396 396.735 397.835 397.322 397.57 399.687 398.711 398.959 398.074 399.364 399.794 398.727 399.066 400.538 399.562 398.495 397.519 400.372 399.396 399.735 400.562 397.626 397.874 397.452 397.791 397.948 397.642 397.493 395.508 396.492 394.871 395.119 395.367 392.522 393.324 393.572 393.175 391.463 391.132 390.644 389.668 388.692 387.716
389.668 389.023 390.644 392.108 392.596 393.572 393.324 395.524 395.367 395.119 393.556 397.716 395.508 396.575 398.287 398.13 398.436 399.412 399.743 399.586 400.562 398.999 400.066 399.082 400.24 400.546 399.562 399.405 399.711 399.372 398.479 399.546 400.522 398.959 398.802 399.224 398.976 397.322 397.719 397.587 396.487 396.909 396.479 395.189 394.85 395.363 395.024 393.552 391.162 391.468 391.981 391.551 390.89 391.916 392.388 393.687 393.307 394.424 393.763 394.789 395.352 395.336 396.081 393.832 396.264 396.347 396.24 396.803 397.457 396.986 398.103 398.848 397.062 397.898 397.328 396.948 397.974 397.685 397.305 396.644 395.884 396.91 396.53 395.96 394.364 395.2 394.82 393.034 393.87 392.844 394.82 395.2 394.546 395.96 396.53 394.288 395.321 396.644 397.206 396.461 396.75 399.76 397.328 398.08 397.062 398.848 396.879 397.259 396.514 395.951 397.464 396.256 396.545 396.925 396.18 395.336 395.443 394.88 394.706 393.961 393.398 393.505 392.57 391.916 392.114 390.418 390.666 392.229 393.883 392.907 393.8 394.627 394.114 394.544 396.57 396.909 397.157 397.587 397.653 398.728 395.792 398.372 398.918 398.405 400.522 398.504 400.158 399.488 399.711 398.735 399.471 400.637 400.331 400.372 398.751 398.908 398.511 397.626 396.468 398.767 399.015 397.485 397.46 400.123 395.599 395.847 396.095 395.21 394.052 395.524 391.546 391.703 391.951 391.62 390.396 390.156 389.18 388.692 387.716 388.692 389.18 390.247 391.132 390.975 391.951 393.572 394.548 393.076 394.143 395.119 394.871 396.492 395.508 397.311 398.287 398.527 398.461 398.767 398.428 397.535 399.338 398.908 398.751 399.727 400.24 398.404 399.471 400.538 400.472 400.224 400.53 399.546 398.926 401.68 399.472 398.372 399.348 398.728 396.404 398.05 396.785 396.909 396.479 395.95 395.148 394.048 393.618 394.776 393.792 391.857 390.203 389.955 390.799 391.916 391.809 392.554 391.992 393.961 393.672 392.92 395.443 395.154 394.584 394.295 396.545 395.032 397.001 397.746 397.457 397.168 398.194 397.624 397.062 396.674 397.609 396.948 398.346 396.37 397.206 396.735 397.48 396.72 395.124 396.241 395.77 395.2 393.414 394.25 391.248 394.25 394.911 395.2 395.58 393.528 396.72 396.066 396.074 396.917 398.24 397.685 398.346 395.914 397.609 396.492 395.656 396.218 395.746 397.259 397.176 395.951 397.464 395.884 396.355 395.701 396.18 395.336 393.466 394.789 395.169 393.018 394.622 392.19 391.809 391.246 391.171 389.955 392.163 394.768 391.344 394.776 393.8 394.139 396.074 395.768 396.289 395.958 397.43 397.587 397.562 398.728 395.792 399.224 398.711 399.141 399.207 399.546 400.53 399.372 400.472 399.405 399.562 400.728 399.388 399.727 399.421 399.735 398.511 400.992 398.428 398.767 398.436 398.527 397.642 396.484 397.559 396.492 394.78 395.119 394.143 393.655 394.639 391.612 393.175 392.596 391.223 389.511 389.18 388.692 387.716
389.18 389.668 390.487 390.975 393.175 393.018 392.1 394.391 394.143 395.764 394.871 394.532 397.468 397.311 397.063 397.485 398.461 398.122 399.834 397.626 399.247 399.578 399.421 400.372 400.24 400.728 399.835 398.735 399.066 400.224 399.794 399.819 400.431 398.405 400.026 398.852 399.348 398.728 397.835 397.587 397.248 395.594 396.843 395.28 396.074 394.139 395.024 392.816 392.452 392.229 390.575 391.088 390.336 390.973 392.479 393.505 394.25 393.109 395.169 394.599 394.012 395.336 395.047 396.925 394.469 398.696 395.959 396.803 397.176 396.796 398.194 396.59 395.656 396.492 397.791 396.948 398.346 396.37 395.8 396.644 396.165 395.876 396.811 396.241 395.58 395.2 393.414 394.25 393.68 394.25 394.82 395.2 395.58 397.556 396.53 395.876 397.48 396.826 396.263 397.404 397.974 396.948 399.015 398.171 397.062 398.848 396.416 397.168 397.457 397.746 397.183 396.157 397.008 396.925 396.081 395.154 395.352 394.88 394.706 393.109 394.25 392.099 392.57 391.916 392.296 390.137 391.336 392.32 391.344 394.594 393.709 394.718 394.85 395.28 396.752 395.594 397.157 397.587 396.983 398.546 397.57 398.579 400.026 397.76 400.431 399.546 399.976 400.224 399.711 399.496 399.719 398.586 400.794 401.712 400.066 399.578 398.602 397.535 399.189 398.767 397.146 397.948 397.46 396.484 395.508 397.162 393.556 395.028 394.143 395.615 394.548 391.612 393.266 391.645 390.644 390.644 389.18 388.692 387.716 388.692 389.18 390.247 391.132 391.463 392.596 393.572 394.548 393.167 395.367 395.764 396.004 396.492 397.559 396.575 396.972 397.46 397.791 398.767 398.519 400.992 399.247 399.578 398.751 399.727 400.794 401.952 400.48 400.356 399.066 400.133 399.794 399.364 400.522 401.68 398.711 398.372 397.479 398.546 397.719 396.735 396.487 395.594 396.843 397.728 394.759 393.866 393.618 394.776 393.883 390.914 391.336 390.137 392.114 392.768 391.718 393.505 392.844 393.68 393.672 395.732 395.352 394.211 396.081 395.701 396.264 396.347 395.868 398.027 397.457 397.259 395.746 396.218 397.335 396.492 399.015 396.948 397.974 397.594 398.24 396.735 395.321 395.694 395.496 396.15 395.77 395.2 393.414 394.25 393.87 394.44 394.82 396.606 394.546 397.556 396.72 395.876 397.48 396.644 398.24 397.685 397.974 395.914 395.078 397.898 397.616 396.218 396.879 397.168 394.744 397.746 395.504 397.753 396.818 395.701 394.865 395.336 393.739 394.88 392.448 393.68 393.398 392.19 391.718 391.916 390.336 391.642 391.89 390.914 392.452 392.725 394.933 393.866 395.52 394.635 396.843 395.594 397.339 397.587 397.719 398.728 398.976 398.372 398.066 399.72 400.522 398.504 399.885 398.818 400.29 400.811 399.653 398.404 397.519 399.173 399.396 399.578 398.693 399.495 399.834 398.122 397.791 397.948 397.799 396.575 395.599 397.162 396.186 395.119 394.143 394.391 394.548 393.572 391.215 392.199 390.396 390.735 389.668 388.692 387.716
389.759 390.644 391.132 391.62 391.86 391.612 392.679 394.3 395.367 395.119 393.556 396.492 397.468 396.484 397.708 397.948 397.055 398.767 396.65 399.495 399.983 399.76 398.751 399.264 400.794 400.455 399.38 400.05 399.066 398.727 399.794 399.364 398.926 398.959 398.711 399.224 399.348 400.043 397.835 396.735 395.842 396.818 394.767 396.322 394.114 394.718 395.024 393.552 393.883 392.32 390.848 391.179 391.171 392.768 392.479 392.19 394.341 392.927 395.169 394.326 396.568 395.245 395.047 395.701 396.636 396.066 397.183 396.621 397.176 397.259 396.97 397.624 397.335 396.955 399.106 397.32 397.974 396.461 395.899 396.644 397.571 397.1 395.868 396.241 394.364 395.2 394.82 394.25 393.87 394.25 394.82 393.984 395.861 396.34 396.72 396.066 396.074 396.735 395.899 397.404 397.974 397.229 397.791 397.898 398.088 397.533 398.194 397.168 397.176 398.027 397.001 396.438 396.264 395.982 395.047 395.336 396.568 394.789 393.672 394.333 393.307 392.554 392.479 392.768 391.072 391.361 392.552 391.857 391.807 393.552 394.561 393.957 396.074 394.635 396.57 397 397.248 397.38 397.835 400.043 398.976 399.224 398.711 401.68 398.074 399.546 399.794 400.133 401.696 398.735 399.562 400.546 399.388 399.264 399.396 398.999 398.693 400.992 399.834 398.676 398.279 396.815 397.46 396.666 395.508 397.253 396.186 395.119 394.143 393.076 394.548 389.743 391.86 392.199 391.711 390.156 389.668 388.692 387.716 388.692 389.668 390.156 391.132 391.62 391.86 393.572 393.324 393.076 394.052 395.119 394.78 395.847 397.559 396.666 397.46 397.46 397.7 398.213 400.016 400.992 400.562 399.851 400.554 399.173 397.428 400.455 399.719 400.447 400.29 400.042 400.456 399.546 398.074 399.141 399.563 399.133 398.976 399.191 398.48 396.735 397.248 395.503 395.528 395.768 394.85 393.957 393.8 394.776 393.701 391.559 390.666 390.418 390.427 391.362 391.809 393.968 393.026 393.109 394.706 394.88 395.443 394.302 396.081 396.925 395.693 396.066 396.91 396.803 397.176 397.077 396.416 396.59 397.616 396.955 397.328 396.948 396.932 396.37 395.808 396.735 396.256 397.001 395.496 395.96 394.364 395.2 394.63 393.034 391.248 394.25 394.82 395.2 394.364 396.241 396.53 395.884 397.48 396.917 397.206 396.742 397.122 399.76 397.609 398.179 397.062 397.252 398.285 395.944 397.176 396.34 396.91 398.696 396.355 395.982 396.081 395.336 394.409 394.88 393.763 393.018 393.398 393.505 391.718 391.453 390.89 391.361 391.981 391.857 391.344 394.776 394.561 394.718 395.512 395.768 395.346 396.909 397.248 397.587 397.562 400.043 397.57 398.67 398.711 398.405 400.34 398.504 400.158 400.133 399.711 399.496 399.562 398.495 399.388 400.951 400.066 398.999 399.247 397.626 398.519 396.898 399.685 397.948 397.799 398.626 397.559 397.162 394.871 395.028 394.788 394.391 393.324 392.439 392.596 392.108 390.396 390.644 389.18 388.204 387.716
389.759 390.156 390.487 392.199 392.596 393.572 394.548 393.167 394.143 395.028 395.516 396.492 397.559 398.626 397.46 397.948 397.791 398.304 399.925 397.626 398.42 399.578 400.554 399.173 400.149 400.455 399.835 399.496 399.248 400.133 399.794 398.504 398.744 399.72 398.711 399.224 397.57 398.728 397.835 397.587 397.157 396.818 396.388 397.637 395.983 395.363 393.8 393.552 391.807 392.229 391.89 390.327 391.262 392.768 392.57 392.19 394.25 393.961 394.044 394.88 395.443 395.063 394.774 397.206 394.378 396.066 397.001 396.803 396.423 397.168 398.194 398.848 397.616 396.955 399.106 396.948 396.94 397.685 397.297 396.454 396.165 396.066 395.496 396.241 394.364 396.697 394.82 392.844 391.248 394.44 394.44 395.2 395.58 395.96 396.53 395.975 396.074 396.826 395.899 396.37 396.75 397.32 395.26 397.898 397.335 398.848 397.822 396.986 396.423 395.951 397.464 396.347 396.264 395.61 395.808 394.873 395.352 394.789 396.112 393.109 393.398 393.505 392.479 391.825 390.89 389.955 390.484 393.544 392.452 394.594 394.933 394.139 394.759 395.007 396.107 395.503 397.339 396.735 397.719 397.504 397.57 399.224 398.711 398.959 399.207 399.083 399.794 398.818 399.711 400.05 401.522 400.546 398.834 399.082 399.421 398.999 398.511 401.083 396.468 398.031 398.37 397.948 397.46 396.666 395.508 395.938 396.186 395.21 394.143 394.391 394.548 393.572 392.596 391.62 391.62 390.644 389.18 388.204 387.716 388.692 389.18 389.668 390.644 392.108 391.951 393.572 394.548 394.391 394.143 395.119 394.871 394.532 395.599 396.666 397.063 398.618 397.7 398.767 396.559 397.535 398.511 399.396 398.66 399.727 399.388 400.455 399.835 399.496 399.62 399.372 398.479 400.398 399.968 398.959 398.918 397.909 399.348 397.413 398.298 396.735 397.248 396.818 396.388 397.083 395.611 393.957 393.8 392.816 392.452 391.576 391.89 391.179 391.171 392.768 392.57 393.505 394.531 393.109 393.763 394.88 395.443 395.336 396.081 394.295 396.264 395.123 397.001 398.027 397.92 398.202 396.416 398.848 397.335 397.898 397.609 396.948 396.841 397.404 395.808 396.644 397.48 397.001 396.53 393.528 394.546 395.2 393.414 394.25 393.87 395.656 394.82 395.2 395.77 396.15 394.834 397.1 396.256 396.917 397.305 396.37 396.568 395.914 394.896 398.171 397.062 398.848 396.879 395.762 394.744 396.34 396.91 398.696 396.264 395.701 394.683 394.972 395.443 392.92 393.763 394.052 394.25 392.099 391.718 391.916 390.336 391.088 391.981 392.32 393.883 394.594 394.379 394.139 395.611 394.453 396.479 395.594 397.157 396.735 397.835 398.728 398.885 398.091 398.711 398.496 400.522 399.819 399.794 400.133 399.248 399.405 399.835 398.495 400.794 399.727 399.396 399.578 399.983 398.271 398.61 398.767 398.461 397.485 397.642 396.484 395.599 394.532 396.186 395.028 394.788 393.076 393.324 393.572 392.596 392.108 391.62 390.644 389.668 388.692 387.716
389.18 390.156 391.132 390.239 391.86 391.612 394.548 394.3 396.591 395.119 396.095 394.532 397.559 398.626 397.063 397.303 398.461 398.767 399.834 397.626 399.338 399.851 398.751 399.727 399.388 400.728 399.562 400.447 399.066 399.579 400.456 399.546 399.968 399.141 398.711 398.372 397.57 398.728 397.719 397.587 397.157 396.909 396.57 396.322 394.85 394.42 393.618 392.816 393.792 391.005 391.336 390.418 391.262 392.768 391.627 393.968 393.398 394.424 393.763 394.88 395.443 395.245 395.047 396.925 395.784 397.753 397.464 397.746 397.176 397.358 397.822 397.624 397.062 396.955 397.609 396.096 398.065 396.37 395.8 396.735 397.48 395.694 395.124 396.15 395.58 395.2 393.414 394.44 391.248 394.25 394.82 394.166 394.364 396.15 395.496 397.001 395.048 396.644 397.206 397.404 396.568 396.948 397.609 397.898 397.335 396.59 398.194 397.449 396.514 397.936 396.91 396.066 394.469 395.519 394.683 396.56 395.352 394.789 393.763 394.242 393.307 393.505 391.718 392.768 390.336 391.361 391.89 392.229 391.344 392.816 393.064 395.942 394.85 395.007 396.57 397.182 397.43 396.735 397.719 396.586 398.976 398.372 399.282 399.05 398.744 400.216 399.794 400.133 399.157 400.811 400.207 398.586 400.24 400.397 399.421 399.735 398.511 397.444 398.428 400.082 399.015 397.303 397.642 397.22 395.599 396.492 394.871 396.616 395.367 395.615 394.548 391.794 392.596 391.62 389.354 390.644 389.18 387.716 387.716 388.204 389.668 390.156 390.644 392.108 391.951 393.572 394.548 394.3 395.367 395.028 394.871 397.162 395.508 396.575 396.972 398.527 398.436 398.767 399.834 400.992 399.429 399.578 400.645 399.173 399.479 400.455 400.48 399.314 400.381 399.372 398.479 399.364 398.074 401.68 398.711 399.224 399.348 398.728 397.38 397.587 397.248 396.909 395.412 394.635 394.759 393.957 393.064 392.907 391.344 391.857 390.385 390.046 390.336 392.768 391.627 393.505 394.531 393.68 393.763 394.789 395.443 395.154 396.362 396.925 396.264 398.696 396.91 397.746 397.457 397.077 396.879 396.59 398.088 396.492 397.328 398.354 396.75 396.461 396.263 396.826 396.074 397.1 395.496 396.241 394.546 393.984 394.63 394.44 393.87 393.216 394.82 395.291 395.861 396.241 395.314 395.884 395.594 396.917 398.24 397.404 397.974 396.948 395.26 396.955 397.153 398.848 397.822 395.762 397.457 396.803 397.183 396.347 397.099 395.891 396.081 396.378 395.443 394.789 392.448 393.018 394.622 392.281 392.57 390.51 390.89 389.194 391.981 394.768 393.883 394.594 395.024 393.957 395.338 394.453 396.479 396.719 397.157 397.587 398.298 398.728 398.976 399.687 398.711 397.76 400.522 399.364 399.794 400.042 400.563 400.72 399.653 398.495 399.388 399.727 399.421 399.851 402.704 397.444 397.874 397.452 397.791 398.775 397.551 396.484 395.508 394.532 396.004 395.119 395.367 394.3 394.639 391.703 391.86 392.108 391.132 390.156 389.668 388.204 387.716
389.668 389.511 389.999 390.884 392.596 393.572 392.1 394.391 394.052 396.525 396.095 395.847 395.508 397.493 399.114 398.527 398.461 398.122 396.468 399.495 398.511 399.76 399.421 399.727 400.703 400.546 399.562 399.496 399.918 398.818 398.388 399.546 398.074 398.496 398.802 399.133 398.976 398.546 397.835 398.72 397.248 397.554 396.479 395.189 395.983 394.718 394.379 392.907 391.162 390.914 391.89 390.137 390.708 391.155 392.388 393.505 392.174 393.68 393.763 394.789 394.219 395.245 396.362 396.925 396.727 396.438 397.464 396.803 397.639 398.665 396.97 397.252 397.616 396.492 397.328 396.948 396.659 396.37 395.808 396.644 395.321 395.694 396.811 395.116 394.364 396.606 394.82 394.25 393.87 394.25 394.911 395.2 394.364 395.116 395.124 397.1 396.165 396.826 398.24 397.776 396.568 397.32 396.666 396.492 397.062 396.78 397.822 397.168 397.176 396.34 397.464 397.753 396.355 395.428 396.089 395.245 395.443 394.789 396.112 393.018 392.935 392.554 392.388 391.064 392.114 388.549 390.666 390.914 391.344 392.634 391.84 394.139 394.759 397.637 396.57 396.818 397.248 398.72 397.835 398.728 398.976 398.372 399.472 398.959 400.522 399.819 399.794 399.372 401.696 400.538 399.835 400.455 400.24 399.727 399.421 398.999 398.42 399.495 398.428 398.767 397.055 398.527 396.972 396.575 395.508 398.452 394.78 395.119 394.052 394.3 393.415 391.612 392.596 391.62 391.132 389.42 389.668 388.692 387.716 388.692 389.18 389.668 390.487 391.62 391.86 393.663 393.324 393.076 394.879 395.028 394.871 394.532 395.508 396.575 397.799 398.618 397.791 399.412 400.388 399.495 400.744 399.76 399.396 399.082 397.519 400.728 399.835 400.629 399.62 398.818 398.479 399.364 399.298 398.959 399.29 399.133 399.348 398.728 397.074 397.587 396.487 396.909 396.388 395.95 394.759 394.42 393.618 393.552 393.883 391.857 390.575 389.194 392.296 392.768 391.809 392.554 394.531 393.961 394.044 392.92 393.739 393.748 396.271 395.982 396.264 397.29 397.183 397.746 397.176 395.762 398.376 396.78 397.335 396.492 399.015 396.948 396.568 397.404 395.8 396.826 395.048 396.72 395.124 395.116 395.77 393.984 394.63 394.25 393.87 394.25 394.82 394.075 396.142 395.96 396.53 396.157 396.074 396.826 397.206 397.594 397.974 399.76 397.791 397.898 395.656 397.533 397.822 397.449 397.176 395.951 395.959 396.256 396.545 397.297 395.047 395.336 395.443 394.88 395.26 394.052 392.844 392.19 392.57 392.859 391.171 391.179 390.666 392.229 393.883 392.816 394.933 394.42 394.85 397.728 395.346 396.909 397.339 396.735 397.562 398.728 398.976 400.076 398.918 400.274 400.522 398.504 398.388 400.133 399.248 399.38 399.562 401.398 400.149 399.727 399.396 399.578 398.784 397.626 396.559 398.304 398.37 397.303 397.063 396.666 398.874 396.492 396.74 396.434 396.682 392.522 394.639 393.572 393.266 391.62 390.644 390.156 388.535 388.692 387.716
389.668 390.644 390.644 391.62 391.86 393.572 394.548 395.615 395.276 395.764 393.556 395.938 395.599 400.677 397.063 398.527 397.146 398.767 398.519 397.626 398.784 399.735 399.421 399.727 399.57 400.728 399.719 399.405 398.975 400.133 398.388 399.364 398.074 398.959 398.827 397.909 397.479 398.728 398.48 396.735 396.487 396.719 396.107 395.189 395.52 394.139 393.8 392.907 392.196 392.32 391.336 389.194 390.89 390.51 392.388 393.505 391.992 393.018 396.112 394.698 395.443 395.063 396.081 395.701 394.378 396.347 395.959 395.488 397.457 398.665 398.103 396.218 398.088 396.955 397.609 397.229 397.974 397.404 397.206 396.735 396.074 397.1 396.53 395.96 394.364 395.2 393.414 394.44 393.68 394.44 394.82 395.2 394.364 395.116 395.496 395.694 397.48 396.735 398.24 397.404 396.841 396.948 399.106 396.955 397.335 397.533 397.822 396.796 396.332 398.027 396.91 395.884 396.545 397.297 396.362 395.154 395.443 394.88 393.854 393.68 391.992 392.372 392.479 391.825 392.114 390.327 391.609 391.468 393.883 394.776 393.618 393.957 394.759 393.808 396.479 395.594 395.842 396.735 397.562 396.768 398.885 398.091 398.711 399.72 400.522 400.216 399.794 399.488 400.356 400.629 399.562 398.495 399.388 399.264 399.396 399.578 398.42 397.535 399.743 398.767 398.436 396.815 397.642 396.575 398.874 395.938 396.004 395.119 394.052 393.167 392.861 393.572 391.124 390.884 390.644 390.247 389.668 388.692 387.716 387.559 389.668 389.668 391.132 391.463 393.266 391.612 392.679 395.524 394.052 395.028 394.871 394.532 395.508 396.484 397.063 397.485 397.791 398.031 398.428 398.271 398.511 398.354 399.421 399.727 397.428 399.901 400.298 400.72 399.157 400.042 399.794 399.364 398.744 398.959 399.1 398.372 397.661 396.768 397.562 396.735 397.248 396.818 395.528 396.322 394.759 394.718 393.8 392.816 391.344 392.229 391.336 391.179 390.708 392.859 392.57 393.505 392.935 394.052 396.112 394.88 395.443 395.336 394.956 395.982 396.727 395.123 396.24 397.746 397.068 397.259 397.822 396.499 397.616 396.492 395.26 395.914 398.346 397.404 395.899 396.644 397.571 395.876 395.686 396.241 395.77 395.2 393.786 394.44 393.87 393.034 394.63 395.2 395.58 395.116 395.496 395.694 395.048 396.826 398.24 396.37 396.568 398.354 397.609 396.492 397.616 396.499 397.822 397.449 397.176 396.34 397.183 396.347 396.355 397.206 396.081 394.302 395.443 394.326 394.044 393.68 392.844 393.505 391.809 391.064 390.799 391.179 391.609 392.229 392.568 393.552 395.024 393.775 394.759 395.95 395.528 396.909 397.248 397.587 397.835 396.586 397.016 398.372 398.711 398.496 400.059 399.546 399.794 399.372 399.066 400.811 399.719 398.586 400.149 399.173 400.066 398.908 399.983 397.535 399.743 398.767 397.791 397.303 397.915 399.362 397.559 395.938 396.74 395.119 395.276 394.3 392.679 393.572 392.596 391.62 391.132 390.247 389.759 388.692 387.716
389.668 390.156 391.132 391.62 392.596 393.018 391.546 395.615 394.143 395.119 395.516 396.492 398.411 396.484 396.972 397.303 399.015 399.412 400.388 400.992 399.338 398.999 398.751 401.042 399.388 399.901 400.207 399.38 400.29 400.133 398.479 399.546 400.522 401.68 398.802 398.372 398.24 396.768 397.744 397.587 397.248 397.182 394.122 397.728 395.611 394.42 393.709 393.552 393.122 392.229 390.575 390.137 390.336 391.064 392.388 392.19 393.307 393.018 394.044 394.88 395.443 394.211 394.956 395.428 396.727 396.347 396.902 397.746 397.457 398.665 396.78 396.218 397.335 396.955 395.078 397.32 397.974 397.404 398.24 396.454 395.594 396.066 396.811 393.528 394.546 395.2 393.414 394.44 393.68 393.034 394.82 395.2 394.546 395.116 395.314 395.694 397.48 396.917 397.297 397.404 397.974 396.948 397.609 398.179 397.616 398.848 397.822 396.986 397.829 396.596 396.91 398.696 395.511 395.891 394.683 394.972 395.443 394.789 393.672 392.927 393.398 392.19 392.479 391.064 392.114 390.137 391.791 392.32 391.807 393.552 393.709 394.139 396.074 395.189 395.528 397.182 397.248 396.272 397.074 398.728 395.792 399.687 398.711 398.405 398.926 398.504 399.885 398.727 400.381 399.405 400.298 401.489 400.703 399.636 400.554 399.735 399.247 399.495 399.743 398.767 398.279 397.46 397.733 397.311 396.914 397.807 396.095 395.21 394.052 394.3 394.639 393.572 392.596 390.975 391.132 390.156 389.18 388.204 387.716 388.692 389.668 390.156 390.644 391.62 391.951 393.572 392.679 395.615 395.276 395.119 396.186 396.492 395.599 396.484 397.063 398.13 398.924 397.452 398.519 399.495 399.983 398.999 399.421 401.042 400.331 400.546 399.562 399.38 400.29 400.133 399.794 399.546 398.074 401.589 398.066 398 397.57 398.728 397.471 396.735 396.396 397 396.752 395.007 394.85 394.139 394.933 392.907 392.196 392.229 391.89 391.179 390.89 392.768 392.479 393.687 392.935 393.68 393.763 394.88 394.219 394.873 396.18 396.925 396.545 395.884 396.902 395.488 397.457 397.358 398.285 397.624 397.616 396.955 399.015 397.229 396.568 396.37 397.297 396.644 396.074 396.066 395.405 395.96 396.986 395.2 394.63 394.25 393.87 394.25 394.82 395.2 398.392 397.556 396.72 396.157 395.321 396.644 398.24 396.37 396.568 397.229 398.072 397.898 397.062 396.499 397.822 395.944 397.829 396.34 396.91 396.347 396.264 397.107 395.047 395.245 395.443 394.326 393.763 394.424 391.992 392.463 391.809 391.453 390.799 391.361 391.609 391.576 391.344 394.594 395.024 395.272 395.33 393.808 396.107 396.909 397.248 397.496 397.835 397.322 398.976 398.372 398.711 398.496 400.522 400.398 400.53 400.042 401.696 398.735 399.471 400.455 400.331 399.082 399.396 399.578 398.511 397.535 396.468 398.767 398.37 397.485 396.972 396.484 395.599 396.492 396.095 395.028 394.904 394.3 392.679 393.572 393.266 391.463 391.132 389.023 389.18 388.692 387.716
389.668 389.511 391.132 391.62 392.596 389.743 394.639 393.076 394.143 395.119 396.095 397.807 397.559 397.311 397.642 398.13 397.791 398.767 398.428 399.495 398.42 398.999 399.884 398.991 398.925 398.586 399.38 398.735 398.975 399.579 399.794 399.819 398.926 398.959 398.711 398.67 399.348 400.043 397.744 396.735 397.157 396.909 396.57 394.544 394.966 394.9 393.8 394.776 392.196 391.857 390.575 391.179 391.171 392.768 391.718 392.19 392.935 393.68 394.706 394.789 395.443 395.336 394.584 395.61 397.099 396.066 396.91 396.34 397.457 397.259 396.416 396.689 398.088 397.898 397.328 399.76 397.974 396.461 398.24 396.644 395.048 395.876 395.124 395.96 395.77 395.2 394.82 394.25 393.87 394.44 394.82 393.984 394.364 395.96 396.53 395.694 397.48 396.644 395.808 396.37 397.974 396.948 399.015 396.492 397.335 398.848 396.416 397.449 396.423 396.621 395.595 396.438 397.951 395.891 396.362 394.873 395.352 394.88 396.112 393.572 394.531 393.505 391.627 392.859 390.336 389.864 391.981 393.544 392.452 392.907 393.8 394.718 394.85 394.635 396.388 396.818 396.487 398.72 397.471 399.282 399.348 399.133 400.026 398.496 400.522 399.364 398.479 399.372 400.381 400.72 401.522 400.455 400.149 399.727 399.512 399.851 398.511 400.992 399.189 398.767 398.279 397.485 396.972 397.493 397.559 397.344 395.516 395.119 394.879 394.3 394.639 393.572 391.86 391.62 391.132 390.156 389.18 388.692 387.716 388.692 389.668 390.156 391.132 391.62 391.86 393.018 391.546 395.524 395.458 395.119 396.095 394.532 397.559 397.311 397.46 397.485 397.7 398.031 398.428 397.626 401.298 399.735 399.421 399.173 400.794 398.495 399.835 400.72 400.29 400.133 398.388 399.364 399.207 398.868 398.827 399.687 398.976 396.586 397.744 396.735 397.43 396.719 394.122 395.098 394.85 395.363 393.709 392.816 391.807 391.468 390.575 391.361 390.336 392.768 391.809 392.281 394.341 393.109 394.706 394.789 395.443 397.784 396.089 395.701 394.378 397.29 397.464 395.397 396.423 397.077 397.822 398.848 397.616 396.955 397.791 396.096 397.122 397.685 395.899 396.644 396.074 396.066 396.53 395.116 396.986 392.95 393.596 394.44 393.68 392.844 394.82 395.2 395.861 395.116 395.314 395.694 397.48 396.735 398.24 397.404 396.659 397.32 397.328 396.492 397.062 397.624 395.746 397.168 396.332 396.803 396.24 398.696 396.727 395.428 396.081 394.873 395.443 394.789 393.672 393.961 394.622 392.463 391.718 391.453 392.205 391.551 391.89 391.096 393.883 394.776 393.618 394.42 394.85 395.007 394.883 397.736 397.157 396.735 398.48 396.586 397.661 398.091 400.026 400.274 399.877 399.364 399.794 399.579 399.157 399.223 399.835 398.586 398.834 401.042 400.554 399.851 398.511 400.992 400.388 397.452 398.461 397.948 397.46 396.484 397.559 396.492 394.871 395.119 394.143 394.3 394.639 393.572 392.596 392.108 391.132 390.644 389.668 388.204 387.716
389.18 390.644 390.644 391.62 391.215 391.612 391.546 393.655 394.143 395.028 396.74 394.532 399.056 396.484 397.46 398.436 399.015 399.412 399.189 397.444 399.338 397.775 400.066 400.397 400.976 400.455 399.835 400.05 399.62 400.133 399.794 399.546 400.522 398.496 398.918 398.372 397.016 399.282 399.034 398.72 397.43 396.818 396.107 395.768 394.875 396.124 393.618 393.552 391.344 391.857 390.848 390.418 392.205 391.064 392.388 392.099 394.44 394.143 394.706 395.732 395.443 395.154 396.081 395.891 396.264 395.032 397.001 396.34 396.332 397.449 396.97 396.59 397.062 396.492 397.609 397.32 396.94 399 397.206 396.735 397.48 397.1 395.124 395.96 395.77 395.291 395.002 393.034 393.87 394.44 393.414 395.2 394.364 393.528 395.496 396.72 397.48 396.735 395.808 397.594 396.932 396.948 396.484 397.898 397.616 396.499 397.822 395.944 396.514 397.936 397.464 395.032 396.636 395.519 396.362 394.211 395.443 394.789 393.953 393.018 393.398 393.968 391.718 391.064 390.336 391.179 392.072 391.576 392.196 392.816 394.561 393.957 395.148 395.95 396.57 397.48 396.396 397.587 397.744 398.728 395.792 398.091 399.472 399.902 399.207 400.398 400.456 400.133 399.711 400.05 399.562 401.125 399.388 399.727 399.884 399.851 398.42 399.495 397.874 397.452 397.7 398.527 397.46 397.311 395.599 397.344 394.78 395.028 396.591 394.3 393.415 391.703 392.596 391.62 391.711 389.511 389.18 388.386 387.716 388.692 389.18 390.644 390.487 390.884 392.596 391.612 394.548 393.167 394.143 395.028 395.516 397.071 395.599 398.626 397.46 398.13 398.37 396.898 398.519 399.768 398.602 399.851 399.396 399.727 399.479 398.495 399.562 399.223 399.157 400.133 399.794 399.364 399.207 398.959 398.827 398.372 397.57 398.546 397.562 398.811 396.487 395.594 396.57 394.453 395.057 394.139 395.024 392.237 393.701 393.544 391.609 391.361 390.708 390.51 391.809 392.099 394.531 393.68 395.169 392.92 395.443 395.154 394.683 394.758 398.042 396.628 396.91 396.34 398.011 397.259 398.103 396.218 398.088 396.492 399.015 396.948 398.346 396.37 397.206 396.644 396.074 397.282 396.53 394.934 394.546 395.2 394.721 396.872 393.87 393.216 394.82 395.2 395.77 396.241 395.124 396.066 395.884 396.644 395.808 397.404 397.974 398.354 397.328 396.492 397.335 398.848 395.746 397.077 396.332 395.951 397.936 395.975 396.636 395.61 396.271 395.154 395.443 394.789 395.169 394.424 392.637 392.281 391.718 391.362 391.171 389.955 391.518 392.32 393.792 392.725 393.618 394.9 395.52 395.28 396.752 395.503 397.248 397.587 398.298 398.546 397.57 398.091 399.472 399.141 398.074 400.216 399.794 399.372 399.918 399.496 399.38 400.455 400.885 399.082 398.66 398.42 398.511 399.586 399.371 398.767 398.461 398.527 397.46 396.484 397.468 396.492 394.871 395.119 395.276 394.3 394.639 393.572 391.397 392.199 389.999 390.644 389.18 388.783 387.716
389.668 389.42 391.62 390.884 392.596 393.572 394.548 395.524 394.143 395.119 396.831 395.938 397.65 396.575 398.287 398.13 397.7 398.767 399.743 400.992 398.42 399.735 398.751 399.727 400.703 400.455 400.389 398.735 398.975 400.224 398.479 399.546 400.522 401.589 398.711 398.372 397.016 398.728 398.207 397.38 397.248 396.421 396.661 395.768 394.759 395.272 393.8 392.725 392.452 391.468 391.981 389.773 392.114 391.362 391.718 392.372 394.341 393.018 394.706 394.88 394.012 395.154 394.865 394.758 397.099 398.696 396.902 395.951 397.92 397.168 398.103 396.689 397.335 396.955 396.484 397.32 396.659 396.742 398.24 396.735 395.884 397.1 396.811 395.96 395.58 395.2 393.786 394.44 393.87 394.44 394.63 395.2 394.546 396.15 395.124 397.1 396.074 396.826 397.206 399 396.75 396.948 397.328 396.492 397.616 397.252 397.822 399.608 397.457 398.027 397.464 398.696 396.636 396.925 395.808 395.245 395.443 394.698 393.763 393.018 393.026 392.463 392.388 392.768 390.336 391.088 391.518 392.32 392.568 392.816 393.064 394.42 396.074 395.95 396.388 395.594 395.842 396.735 397.628 397.876 398.976 399.687 400.026 398.959 398.744 399.819 398.388 398.727 399.066 400.05 399.562 398.586 400.885 399.173 399.421 399.578 399.247 398.271 398.428 398.213 397.791 397.948 397.642 396.575 395.599 395.938 393.556 395.855 395.367 393.076 392.679 393.663 392.596 392.199 389.908 390.644 388.444 388.204 387.716 388.204 389.18 389.668 389.999 392.108 392.596 393.572 391.455 393.076 395.367 395.028 394.78 395.847 396.914 397.311 398.287 397.394 398.436 398.767 397.874 399.495 399.429 399.578 400.066 399.727 399.479 398.586 399.562 399.314 399.066 400.042 399.794 399.546 398.074 398.959 398.711 398.372 398.976 398.728 396.404 398.05 396.396 395.503 394.767 394.544 396.074 394.42 391.84 392.816 391.162 392.411 390.575 389.194 391.353 391.825 392.479 393.687 392.174 393.961 393.672 394.88 395.443 395.154 394.956 395.701 395.602 396.347 396.902 396.34 397.068 397.168 398.103 397.252 397.062 396.955 399.106 397.32 396.568 397.404 395.808 396.644 396.165 396.066 396.53 393.528 395.861 395.2 393.414 392.844 393.87 395.656 394.82 395.2 395.77 396.241 396.53 397.1 395.321 396.735 398.24 397.685 396.659 396.948 397.328 396.955 398.088 397.533 396.788 396.796 396.332 395.397 397.001 395.884 397.099 396.925 396.18 395.154 395.443 394.88 393.763 394.424 392.844 392.281 392.388 391.246 392.114 391.642 391.89 393.544 393.883 393.552 393.8 395.272 394.875 395.768 396.198 395.594 397.248 397.587 397.562 398.728 397.57 398.091 400.026 398.959 398.074 400.216 399.794 399.951 400.29 400.811 399.835 400.546 399.388 399.727 398.751 398.536 399.429 401.455 396.559 398.213 399.015 397.948 397.642 396.666 395.508 395.938 394.78 395.028 394.143 393.746 394.548 391.124 392.596 392.687 391.132 389.511 389.668 388.692 387.716
389.668 390.644 391.132 392.108 391.951 393.572 393.324 394.3 394.052 395.301 394.871 394.532 395.599 397.311 397.642 397.948 399.015 397.452 398.61 400.992 398.511 399.735 398.751 400.372 398.834 399.81 399.38 400.447 399.157 398.727 399.794 399.546 400.522 398.405 399.472 398.372 397.661 398.728 397.835 396.735 396.785 397.554 396.57 397.637 395.057 394.42 395.024 392.816 391.807 391.559 390.575 391.179 392.205 391.916 392.388 392.554 393.398 393.68 394.706 394.88 394.012 395.336 395.047 395.428 397.099 396.628 397.464 397.936 397.829 397.168 398.194 397.252 397.335 396.492 399.015 397.411 396.75 397.594 397.206 396.735 396.256 397.1 395.124 395.116 394.364 395.2 393.414 394.44 393.87 395.656 393.414 395.2 395.861 395.96 395.124 395.694 397.48 396.917 397.305 396.37 397.974 395.914 395.26 396.955 397.616 396.59 398.194 397.449 396.332 395.488 397.183 395.032 396.636 395.61 396.362 394.302 395.443 394.789 393.854 394.333 392.935 392.19 391.627 392.859 390.336 391.361 390.203 391.857 393.883 392.725 393.618 394.42 395.148 397.546 396.388 397.091 395.933 396.735 397.074 398.728 399.067 398.372 398.802 398.496 398.835 399.546 399.794 399.372 399.157 400.538 399.562 400.728 400.794 399.173 399.421 398.999 398.602 399.677 399.28 398.767 397.055 398.13 397.799 396.575 395.508 394.532 394.78 395.119 394.052 393.076 393.324 393.572 392.596 391.62 391.711 390.644 389.18 388.204 387.716 388.692 388.535 390.156 391.62 390.884 391.215 393.018 393.324 395.615 395.367 395.028 396.095 395.938 397.468 397.311 397.915 398.618 399.015 399.412 398.428 399.495 398.511 398.999 399.884 399.727 400.794 398.404 399.835 398.735 399.066 399.372 399.794 398.504 398.074 398.959 398.711 398.852 397.57 400.043 397.835 397.587 396.396 396.818 394.883 396.231 395.33 394.627 393.618 393.461 393.883 392.229 390.575 390.327 391.171 391.916 391.627 392.19 391.992 394.515 393.862 394.88 395.443 395.336 395.99 395.61 396.355 395.884 396.902 396.34 396.332 397.077 396.879 397.252 397.335 397.989 397.7 399.76 396.568 397.404 395.899 396.644 397.48 395.975 395.405 395.96 395.58 395.2 394.82 393.034 393.87 393.034 394.82 395.2 394.364 396.241 395.124 395.694 397.48 396.735 397.396 396.37 397.974 396.948 398.072 397.989 397.062 398.848 397.822 398.665 397.457 397.746 395.595 395.884 396.264 395.891 397.024 395.336 395.443 394.789 393.763 394.424 394.531 393.687 391.718 391.064 391.171 389.773 391.89 390.914 393.883 393.552 393.8 394.42 395.33 395.098 396.57 397.554 397.339 397.587 397.719 398.728 398.331 399.224 398.711 398.496 398.744 399.546 399.885 398.818 399.248 399.405 399.471 398.586 398.834 399.082 398.751 399.578 398.602 401.083 399.834 398.213 399.685 398.039 397.642 396.484 397.468 395.847 396.831 395.119 396.682 394.3 393.415 391.612 391.951 392.687 390.644 390.644 389.18 388.692 387.716
389.668 390.644 390.644 390.33 393.266 393.572 394.548 395.524 394.052 395.028 396.095 394.532 397.559 397.311 396.972 397.485 397.791 398.676 398.428 399.495 399.247 398.999 400.066 400.306 397.519 401.307 399.38 400.356 399.157 400.224 400.456 399.364 398.074 399.141 398.066 398.852 397.57 396.586 397.835 397.587 397.339 397.091 397.422 395.95 394.85 394.139 393.618 392.907 393.883 390.914 390.575 391.361 390.799 392.768 391.809 393.505 394.25 393.018 393.763 394.88 395.443 395.154 396.271 397.206 394.378 396.066 395.959 396.803 397.176 397.077 398.004 396.59 398.088 396.955 395.078 396.948 396.659 397.685 397.206 396.545 396.074 395.694 396.53 396.15 395.77 392.95 394.63 394.25 393.87 394.44 394.82 395.2 394.546 395.96 395.405 397.1 396.074 396.454 398.24 397.685 398.346 396.948 397.328 397.898 397.616 397.533 396.879 395.762 396.332 398.027 395.504 396.066 396.636 397.206 396.18 395.336 393.739 394.698 393.672 394.333 392.844 392.099 391.627 391.916 392.114 390.418 390.666 391.576 391.344 394.594 395.024 394.718 395.338 395.28 396.57 397.48 397.248 396.735 397.719 398.546 395.792 397.818 398.711 398.496 400.522 399.364 399.794 400.224 399.066 400.72 399.38 398.586 401.348 399.082 399.603 399.396 398.602 399.495 398.428 398.122 397.791 397.485 397.799 398.047 397.468 397.071 394.871 396.434 394.143 393.167 394.639 393.572 392.596 390.975 391.132 390.644 389.668 388.874 387.716 388.204 389.759 390.735 390.487 392.199 392.596 393.018 394.548 393.076 394.052 395.764 396.186 395.938 395.508 397.311 398.287 397.46 397.791 398.031 398.428 397.626 398.511 398.999 398.751 399.173 400.885 398.586 400.48 400.538 399.248 399.372 399.794 399.364 400.522 399.141 398.802 398.67 397.479 399.191 397.562 396.735 397.339 395.594 396.57 397.546 394.759 395.272 393.618 392.907 391.807 390.914 391.609 389.955 390.89 391.916 392.479 392.19 393.398 394.515 394.044 394.326 393.739 394.873 396.362 395.61 395.693 395.975 397.464 398.027 397.457 395.762 397.822 397.252 397.335 397.989 397.609 396.948 397.122 396.279 397.206 396.735 396.074 397.001 396.53 395.96 394.364 395.2 394.63 395.656 393.68 393.034 394.911 395.2 395.58 395.96 396.811 397.1 396.165 396.644 398.24 397.404 396.568 397.411 399.106 397.898 397.335 396.218 398.194 397.259 396.423 396.34 397.183 396.157 396.636 395.701 394.865 395.154 394.037 394.326 394.044 394.333 391.992 392.554 392.479 391.362 390.336 389.773 390.848 390.914 393.883 391.476 393.8 393.775 395.52 395.007 395.346 396.818 396.785 397.587 397.835 397.231 397.57 398.372 398.711 401.68 400.431 400.398 399.794 399.372 401.514 400.05 399.38 398.495 398.925 399.082 399.421 399.669 399.247 399.495 396.468 398.767 397.146 398.13 397.642 396.484 397.468 396.492 396.74 395.119 396.591 393.746 394.639 393.572 392.596 391.62 389.908 389.668 389.668 388.204 387.716
389.668 389.668 390.396 391.463 393.266 393.018 394.548 394.391 395.367 395.21 394.871 395.847 398.32 396.575 396.972 397.46 398.436 398.122 398.61 399.495 398.511 398.999 399.421 399.727 399.388 398.495 400.207 400.538 400.29 400.042 399.794 399.364 396.784 399.141 398.711 398.372 397.57 397.413 397.835 396.735 396.487 395.594 395.528 396.231 395.148 395.942 394.933 392.907 391.807 391.857 391.03 389.955 390.89 392.768 392.388 392.19 393.117 393.018 395.169 394.789 396.849 395.336 396.081 395.891 394.378 397.753 397.464 396.803 397.738 397.358 396.788 397.252 397.335 397.989 397.328 397.229 396.932 397.404 396.081 396.735 396.256 395.694 395.496 394.934 394.364 395.2 394.82 394.25 395.276 394.44 394.82 395.291 395.58 393.528 396.72 397.1 395.321 396.644 395.808 396.37 396.932 396.948 396.666 397.898 397.335 396.78 396.416 397.077 396.332 396.34 396.91 396.347 397.008 397.107 397.024 395.154 395.352 394.789 394.044 393.018 391.992 392.372 392.388 392.768 391.171 389.955 390.484 391.005 391.344 394.776 393.618 394.048 394.85 397.728 396.479 396.818 397.339 398.05 397.628 396.586 398.976 398.372 398.066 401.589 400.431 399.546 399.794 400.133 400.29 400.811 399.38 401.307 400.149 399.727 398.751 398.999 399.52 399.495 396.559 398.767 397.146 397.394 398.287 396.575 397.559 396.492 396.095 395.119 394.052 395.615 394.548 393.572 391.86 391.463 390.644 388.378 389.18 388.692 387.716 388.692 389.668 390.644 391.132 392.108 391.306 393.572 392.679 393.076 395.367 395.028 396.095 395.938 397.559 396.484 397.46 398.13 397.055 398.767 398.428 398.271 399.983 398.999 398.751 399.727 400.331 399.81 399.562 400.538 400.381 399.372 399.885 399.546 400.431 399.141 399.472 399.224 397.661 399.282 397.744 396.272 397.248 396.909 396.57 395.007 394.759 394.42 395.024 394.594 393.883 392.32 390.848 390.046 392.296 391.453 392.57 393.505 391.992 393.018 393.763 394.789 394.682 396.56 394.683 395.701 398.042 398.696 396.24 396.803 397.457 395.762 398.103 397.533 397.153 396.955 397.791 398.354 396.75 397.776 397.206 396.644 395.884 396.066 396.72 395.116 394.546 394.257 394.82 393.034 395.276 394.44 394.82 395.2 396.986 395.96 395.314 395.694 396.074 396.826 397.206 396.37 396.841 398.354 394.896 396.492 397.335 398.848 398.103 397.168 397.457 395.488 397.001 395.975 395.693 396.925 394.774 394.211 393.739 394.789 396.112 394.333 393.398 392.099 391.627 391.064 390.427 391.179 392.072 393.544 393.792 392.725 395.024 394.42 396.074 395.28 396.107 397.554 395.933 397.587 397.562 397.413 397.57 397.818 399.472 398.496 400.522 400.398 399.794 400.133 401.605 400.447 400.207 398.495 400.885 400.397 399.975 399.396 398.42 397.535 399.743 398.767 397.791 397.303 397.551 397.311 396.914 395.847 394.871 395.119 394.143 395.615 393.324 393.018 393.266 391.62 391.132 390.735 388.692 388.692 387.716
389.18 390.644 390.644 391.463 391.951 389.834 392.1 393.167 394.052 395.028 396.186 395.938 395.599 396.666 396.972 397.948 398.436 398.767 399.28 399.495 398.511 399.76 400.645 400.488 398.834 398.586 399.562 400.538 398.975 400.133 400.53 399.364 400.431 401.68 398.802 399.042 397.016 397.231 397.835 398.72 397.157 395.503 396.479 395.95 394.759 393.775 393.709 392.907 393.792 392.229 390.666 391.46 391.353 391.916 392.57 392.099 394.531 393.68 396.112 394.88 393.739 395.154 396.362 395.519 396.264 396.438 397.001 396.803 396.514 395.762 398.194 396.59 397.616 396.492 397.328 396.948 397.974 396.37 395.808 396.917 397.48 397.001 395.496 396.431 395.861 395.2 394.82 394.44 393.68 393.034 392.008 395.2 395.861 395.116 395.314 395.975 395.594 396.644 398.24 396.37 396.568 396.948 395.078 396.674 397.335 396.78 398.103 398.665 396.514 397.936 397.001 395.975 396.264 396.925 396.081 397.784 395.443 394.326 393.862 393.68 393.398 392.19 391.809 391.246 391.171 390.046 391.89 390.914 391.807 393.552 394.379 393.957 394.875 393.808 396.107 396.818 397.43 396.735 397.719 396.677 398.976 399.133 399.009 398.959 400.522 399.364 400.158 400.042 399.157 398.735 399.471 398.404 399.388 399.727 399.884 399.735 398.511 399.586 398.61 398.213 397.791 396.815 397.915 397.311 396.914 397.162 396.186 395.764 394.052 394.3 392.1 390.479 391.951 390.884 389.999 390.644 389.18 388.692 387.716 388.692 389.668 390.156 391.132 391.463 391.951 393.572 394.548 392.522 394.052 395.764 396.095 396.492 397.65 398.047 397.46 397.303 397.7 398.122 398.428 397.626 398.602 399.396 400.066 399.727 399.57 400.546 399.653 400.629 399.066 398.727 399.794 400.398 398.074 398.496 399.29 398.372 397.57 397.322 397.835 397.587 397.248 396.818 396.38 396.231 394.759 394.42 394.288 392.907 391.344 393.544 390.848 390.418 390.708 391.362 392.388 392.554 391.992 393.961 393.672 394.789 395.443 395.245 394.774 396.925 397.951 395.032 396.058 396.803 397.457 397.077 395.746 397.252 398.088 396.674 399.106 396.948 396.568 396.37 397.206 396.644 396.074 395.876 396.811 396.704 396.986 395.2 394.82 394.25 393.68 394.44 394.82 392.768 394.546 395.96 395.959 395.884 397.48 396.735 398.24 397.404 396.932 397.411 397.328 396.674 397.335 396.689 396.78 395.944 396.332 395.769 396.24 395.032 396.727 396.925 396.089 395.336 395.443 394.789 395.169 393.961 391.992 392.372 392.479 390.51 391.353 389.773 392.072 391.857 393.883 392.725 395.024 394.42 394.759 397.728 394.767 396.818 397.157 398.72 397.719 398.546 399.348 397.909 398.066 398.496 400.522 399.364 398.388 400.133 399.62 400.72 401.522 400.455 400.885 399.264 399.396 399.578 400.562 397.535 398.428 398.676 399.015 397.485 397.46 396.484 397.559 394.532 396.186 395.028 394.052 394.3 393.324 393.572 392.596 391.62 390.644 390.156 388.692 388.692 387.716
389.668 390.156 391.132 391.62 391.951 393.572 394.548 394.3 395.367 395.119 395.516 395.847 395.69 397.22 397.642 397.46 398.924 398.304 399.743 399.495 398.42 399.578 399.421 400.372 400.149 398.586 399.562 400.538 401.696 398.727 399.794 399.364 398.835 401.68 398.711 399.042 398.976 398.728 397.719 396.735 397.248 396.818 396.661 395.768 394.759 394.718 393.8 392.725 392.452 391.857 391.791 389.864 390.336 392.768 392.388 392.554 393.398 394.333 393.672 394.88 394.5 394.972 396.271 396.925 394.378 396.438 397.183 398.027 396.332 397.077 396.879 396.59 398.088 397.898 395.078 396.948 396.94 397.685 398.24 396.644 397.48 395.876 395.314 396.522 394.364 395.2 394.82 394.44 393.87 394.44 394.82 394.075 394.364 395.116 395.496 396.066 397.48 396.644 395.808 396.37 398.346 397.411 397.328 396.955 397.616 398.848 396.879 396.796 397.92 396.34 395.504 397.753 396.264 395.701 396.362 394.972 395.443 394.88 395.169 393.68 393.398 392.463 391.718 390.51 392.114 388.549 390.575 394.768 392.105 392.634 393.618 394.627 395.611 395.95 396.107 397.554 397.248 397.587 397.835 399.191 397.479 398.372 398.802 398.959 400.522 399.364 399.794 398.727 399.066 399.496 399.835 400.546 400.703 399.636 400.554 398.999 398.42 397.535 398.428 398.304 397.7 398.618 397.063 397.311 397.559 395.847 396.004 395.764 394.052 394.3 393.415 393.572 392.596 390.884 391.132 390.156 388.535 388.204 387.716 388.204 389.668 390.156 390.669 391.62 392.596 393.572 392.861 394.3 394.052 395.119 396.186 395.847 395.508 397.956 397.642 397.303 398.436 399.412 396.65 399.586 398.511 398.908 399.884 400.372 399.479 401.307 399.471 399.496 401.696 400.133 400.456 400.398 400.059 399.141 399.009 398.67 399.348 398.546 397.719 397.496 396.487 396.909 396.479 395.768 395.611 394.139 395.024 393.552 393.883 391.857 391.981 391.551 390.336 391.453 393.794 392.554 392.935 393.572 394.044 394.326 395.443 394.211 396.081 395.61 396.264 395.123 396.91 397.746 396.332 397.259 396.416 396.78 397.335 397.228 397.328 396.096 397.974 397.404 395.808 396.454 397.48 396.157 396.72 395.96 395.861 395.2 394.82 394.44 391.248 394.44 394.82 395.2 398.392 395.116 395.124 395.694 396.074 396.644 395.899 396.461 397.974 396.948 397.328 397.989 397.062 398.848 398.194 395.944 397.176 395.951 397.183 396.157 396.545 395.701 396.271 395.154 395.443 394.607 393.953 393.961 393.117 392.099 391.627 391.362 391.262 389.864 390.385 391.857 391.344 392.907 394.933 393.866 395.057 397.083 395.346 396.909 397.339 396.735 396.404 400.043 399.348 398.372 398.827 398.496 400.522 399.364 399.794 400.224 400.29 400.538 399.562 400.637 399.388 399.727 398.751 399.735 398.511 400.992 399.743 398.676 397.146 398.527 397.642 396.575 395.508 397.716 396.095 396.525 394.234 395.524 391.546 393.018 392.596 392.199 391.132 390.735 389.18 388.692 387.716
389.668 390.156 391.223 391.62 391.215 393.572 394.548 394.3 396.682 395.028 396.186 394.532 397.559 396.666 398.56 398.436 399.015 398.031 399.371 397.444 398.511 399.09 399.396 399.636 400.24 398.495 399.471 399.405 400.472 398.727 400.456 399.083 399.968 398.959 398.711 397.909 397.57 400.506 396.983 396.735 397.157 396.909 396.752 395.28 395.148 394.42 394.379 392.816 392.477 392.32 390.203 389.955 390.336 391.246 391.809 392.099 393.026 393.961 393.953 394.789 393.648 395.154 394.584 395.519 395.693 396.256 397.282 398.027 394.926 397.259 395.746 398.848 398.088 397.898 399.106 396.948 396.568 397.404 397.396 396.735 395.048 395.884 396.72 396.15 395.58 393.984 394.721 393.216 393.87 394.44 394.059 395.2 395.58 395.96 396.53 394.288 397.48 396.735 397.305 397.404 397.974 396.948 395.078 397.898 398.088 396.78 396.788 397.259 397.068 395.769 397.092 395.032 396.818 396.925 394.584 395.154 395.443 394.88 394.044 393.109 393.307 393.505 392.388 391.246 390.799 389.955 391.89 393.544 393.122 392.907 394.933 394.9 395.611 394.544 396.388 397 397.248 397.587 397.653 398.546 397.57 398.372 399.472 398.496 398.744 399.364 399.794 400.133 400.472 399.38 399.744 399.81 400.149 399.264 398.751 399.735 399.983 399.495 398.519 398.767 397.055 398.13 397.063 400.768 395.508 394.532 396.095 395.028 394.052 394.3 394.548 393.572 392.596 392.687 391.132 390.156 389.668 388.204 387.716 388.204 389.18 389.668 390.644 392.596 392.596 389.834 391.546 394.391 396.682 395.764 396.186 397.807 395.599 396.484 397.063 397.485 397.791 398.767 398.428 399.586 399.338 399.396 398.106 399.082 400.149 399.901 399.562 400.629 400.381 399.372 399.794 399.364 398.074 398.959 398.802 399.042 398.885 398.728 396.404 396.735 397.248 396.909 394.122 395.189 394.875 395.363 395.024 392.907 393.792 392.229 390.575 389.773 390.89 392.768 391.718 393.687 392.174 393.68 393.862 394.88 394.219 396.56 396.18 395.982 396.727 395.032 397.183 395.488 397.92 396.986 398.004 397.624 397.335 398.171 397.609 399.76 396.568 397.404 396.263 396.735 397.571 395.884 396.811 396.15 394.546 395.2 394.911 394.25 393.87 393.034 394.82 395.2 395.58 396.704 395.496 396.066 397.48 396.644 398.24 397.685 396.568 396.948 397.328 398.179 397.335 397.624 398.103 397.168 397.829 396.803 396.91 396.066 396.264 396.925 396.18 395.063 395.443 394.789 393.763 393.961 391.992 392.099 391.718 392.859 390.799 391.361 391.89 391.559 391.344 394.594 393.709 393.866 394.85 396.322 395.346 397.554 396.487 397.587 397.653 398.728 398.976 398.372 398.066 400.274 399.968 400.398 399.794 400.042 399.066 399.405 399.562 398.495 400.149 400.372 399.33 399.851 398.511 399.495 396.559 398.767 398.461 396.815 397.799 396.575 395.508 397.071 394.871 395.119 394.052 393.076 391.546 393.572 392.596 390.975 391.711 390.644 389.18 388.692 387.716
388.444 390.644 391.132 390.975 391.951 393.018 391.455 392.613 395.276 395.21 396.186 395.847 397.559 396.575 397.063 397.394 398.436 398.031 400.388 397.444 399.247 398.908 398.751 399.727 398.834 398.495 399.38 400.05 399.711 400.133 399.794 398.504 400.431 399.72 398.711 399.894 398.885 398.546 397.562 396.735 397.43 395.594 394.767 395.28 394.85 393.957 393.618 392.725 391.162 392.411 390.848 389.955 391.171 392.859 391.718 392.744 394.531 393.68 393.953 394.88 395.443 395.336 396.271 395.428 395.784 396.347 397.464 396.34 397.457 395.762 398.194 396.499 397.335 396.955 395.26 399.76 396.841 397.404 397.206 396.454 396.074 395.694 395.496 393.528 394.364 395.2 394.82 392.844 395.276 393.034 394.82 395.2 395.58 396.241 396.811 395.694 395.884 396.917 395.808 396.461 398.346 396.096 397.791 398.179 398.088 396.218 398.103 397.077 397.457 396.34 396.902 398.696 396.636 397.206 395.047 393.748 394.219 394.88 394.135 394.333 394.341 391.611 392.388 392.768 392.205 389.773 391.89 394.768 391.807 392.907 394.288 394.42 395.611 394.453 396.661 397.273 396.396 398.72 397.835 396.586 399.067 398.372 399.563 399.141 400.522 400.398 399.794 400.042 401.696 399.405 399.38 398.586 398.834 399.173 400.554 399.396 398.602 399.495 398.519 398.304 398.552 398.709 397.642 396.484 395.508 397.162 396.74 396.434 395.367 395.524 394.548 393.572 392.596 392.108 390.644 390.644 389.668 388.692 387.716 388.692 389.668 389.668 391.711 390.884 391.951 393.572 393.324 394.3 394.052 395.764 395.516 397.716 395.508 396.575 397.642 398.527 398.37 398.031 396.559 401.083 398.602 399.578 399.603 399.264 399.479 398.495 401.522 400.356 400.29 399.579 399.794 399.364 400.34 398.405 398.711 398.372 397.57 398.546 397.835 396.272 397.339 396.909 394.883 394.635 396.074 394.139 393.8 393.552 393.883 391.559 391.89 389.955 390.708 390.51 392.388 393.505 393.117 394.424 395.169 394.88 395.443 394.972 396.362 396.925 398.042 397.29 396.91 396.803 397.176 398.665 397.822 397.533 397.616 397.989 397.609 397.411 397.974 396.37 397.206 396.735 395.139 395.975 396.72 395.116 395.58 395.2 394.82 394.25 393.87 393.125 395.002 395.2 396.043 395.116 396.72 397.282 397.48 396.454 397.206 396.279 397.122 395.914 397.328 397.898 397.335 398.848 397.822 395.762 397.457 397.746 397.183 396.438 395.602 395.982 396.081 395.154 395.443 394.88 393.953 393.961 391.992 393.687 392.479 391.362 391.262 390.137 390.575 392.229 391.162 392.725 395.024 395.272 395.983 394.635 396.38 397.182 396.396 396.272 397.835 396.677 397.57 398.091 399.282 399.141 400.059 400.398 400.53 400.133 400.381 399.223 399.835 400.546 399.57 399.264 399.421 399.851 398.42 399.495 398.428 398.767 397.7 397.46 397.551 396.484 398.965 397.162 394.871 395.028 394.052 395.524 393.324 393.572 391.951 391.645 391.132 390.644 389.18 388.692 387.716
389.18 389.511 391.223 390.239 392.596 393.018 392.679 394.3 395.549 395.301 396.095 394.532 397.559 397.311 396.972 397.485 397.055 398.767 397.874 399.495 398.511 399.09 398.751 399.173 398.834 398.586 399.562 400.811 399.157 400.042 399.794 399.364 398.744 401.68 399.472 398.372 397.57 396.586 398.298 396.272 397.248 395.958 396.289 393.808 394.759 394.9 393.8 391.476 392.105 392.229 390.575 390.418 392.205 390.138 391.718 392.19 394.531 393.68 393.953 394.789 395.443 395.245 394.865 395.428 396.264 398.696 396.902 396.34 397.176 398.665 396.879 396.59 398.088 397.898 395.26 396.948 396.568 396.37 398.24 396.735 396.074 396.066 395.124 395.96 395.861 395.2 394.82 394.44 395.276 392.844 394.82 395.2 394.364 393.528 396.53 397.1 397.48 396.454 397.206 397.594 396.568 397.692 397.328 397.898 398.088 396.218 396.416 397.168 397.068 398.027 395.504 396.066 396.636 395.701 396.362 394.873 395.443 392.92 393.763 393.109 393.307 392.463 392.479 391.453 390.89 390.418 391.89 392.32 391.344 392.634 395.115 394.048 394.85 395.189 396.57 397.091 396.396 397.38 397.835 398.546 397.016 400.076 398.711 398.959 400.431 399.546 399.794 400.224 399.157 398.735 399.562 399.81 399.388 399.082 398.751 399.396 400.562 397.626 399.834 399.412 397.146 398.13 397.46 396.484 395.508 397.162 394.871 395.028 394.234 394.391 392.77 393.018 392.596 392.687 391.132 390.644 389.18 388.204 387.716 388.295 389.18 390.156 389.908 391.463 391.86 393.572 392.1 393.167 394.052 395.119 396.74 395.938 397.468 396.666 397.46 397.394 398.436 398.767 399.743 397.535 399.983 399.578 398.751 399.082 400.24 400.728 399.471 400.538 399.066 400.224 399.794 399.364 398.074 401.68 400.026 398 399.067 396.586 396.404 396.272 395.842 395.594 397.422 396.322 396.074 394.048 395.024 394.594 392.452 392.229 390.484 389.955 392.296 391.916 392.57 393.505 392.844 393.68 394.044 394.88 395.352 394.592 395.047 395.428 396.545 396.438 397.183 398.027 396.514 397.358 396.879 397.624 397.062 396.955 397.609 397.229 396.568 397.404 397.396 396.644 395.884 397.1 396.72 397.556 395.58 395.2 394.82 395.838 393.87 394.25 394.82 395.2 395.861 396.241 396.53 395.694 396.256 396.826 397.305 396.37 396.568 396.948 397.791 396.492 397.062 397.533 398.194 397.077 397.457 396.34 397.001 395.032 394.287 395.982 395.047 395.154 395.443 392.92 395.169 394.424 394.531 392.281 392.479 391.916 390.336 391.642 392.552 392.32 392.196 394.776 393.709 394.048 395.338 394.635 396.479 397.091 397.339 396.735 397.562 396.768 399.348 398.372 398.802 398.959 398.074 399.819 399.794 400.042 399.157 399.405 400.298 398.495 399.479 399.727 398.751 399.396 399.338 397.535 398.428 398.122 399.594 397.948 397.642 396.484 395.599 397.253 395.516 395.119 394.052 394.391 394.548 391.612 391.215 391.62 390.644 389.511 389.668 388.204 387.716
389.668 390.156 391.132 390.975 391.951 393.572 392.679 393.167 395.367 395.119 396.277 397.162 398.874 397.22 397.46 397.948 399.015 398.213 398.519 398.271 398.602 399.735 399.421 399.173 399.388 399.81 399.562 400.811 399.066 399.579 399.885 399.546 400.431 399.05 399.935 397.909 399.067 398.728 397.835 396.735 396.396 396.909 396.388 395.28 394.85 393.957 393.618 393.552 393.883 391.559 391.89 391.361 392.114 392.859 392.57 392.281 391.992 393.109 393.763 394.789 395.352 394.211 396.081 395.61 396.727 395.032 396.902 396.803 397.457 397.259 396.78 396.59 397.335 396.492 399.106 396.948 397.974 397.404 395.808 396.826 396.256 397.1 396.72 396.522 394.364 394.257 394.82 392.844 393.87 394.25 394.82 393.984 395.861 396.15 396.72 397.282 397.48 396.644 398.24 397.404 396.568 399.76 396.666 396.492 398.088 397.624 397.822 397.077 397.176 396.803 397.001 396.347 396.264 395.428 396.081 395.336 394.037 394.789 393.854 394.333 391.992 392.099 392.479 391.916 390.708 391.179 390.385 392.229 393.701 392.907 393.618 395.272 394.966 395.189 396.289 395.503 397.43 398.05 397.074 398.728 397.57 399.687 398.827 398.496 398.744 399.083 399.794 400.133 401.696 400.538 400.298 400.728 400.149 400.306 398.751 398.999 398.511 401.364 399.28 398.767 399.685 397.46 397.46 399.362 397.559 394.532 395.516 394.54 394.052 393.076 392.1 393.2 391.86 391.372 389.999 390.156 389.18 388.204 387.716 388.204 389.668 390.644 389.908 390.975 392.596 393.572 394.548 394.391 395.276 395.764 395.516 395.847 395.508 396.484 398.287 398.527 397.791 398.767 398.428 397.626 399.338 399.851 400.554 400.372 397.519 400.546 399.562 400.72 400.29 400.042 399.794 399.819 398.562 401.589 398.711 399.315 398.794 396.677 397.653 397.587 397.248 396.909 396.107 395.95 395.33 395.181 394.561 393.552 391.344 391.468 390.575 389.955 392.205 392.859 392.851 391.611 392.844 393.68 393.482 395.914 394.012 395.154 395.99 397.107 397.008 396.347 396.24 398.027 397.457 397.077 398.194 398.848 398.088 397.898 397.609 397.601 396.75 396.37 397.206 396.644 395.321 395.694 395.405 396.241 396.043 393.984 394.82 394.25 393.68 394.44 394.82 395.2 394.364 396.15 395.496 397.001 396.074 396.644 397.206 397.685 396.568 398.354 397.609 397.228 397.062 396.499 398.103 397.168 396.423 396.712 397.464 398.696 396.727 395.982 394.865 397.784 395.352 394.789 393.672 394.424 392.174 392.463 391.809 392.768 390.799 389.955 391.518 391.559 392.452 394.594 395.024 393.957 394.85 395.95 396.843 397.273 397.248 396.272 397.835 398.728 399.348 398.372 398.711 398.496 400.522 399.083 398.479 400.133 399.066 400.538 399.471 401.952 398.834 399.082 400.066 399.396 399.983 397.535 399.925 398.767 398.461 397.948 397.46 398.047 397.559 397.162 394.78 395.21 395.367 393.655 392.679 393.572 392.596 390.975 391.132 389.511 389.18 388.204 387.716
389.18 390.156 391.62 392.108 392.596 393.572 394.639 393.655 394.143 395.028 394.871 395.847 397.559 396.484 397.46 398.13 397.791 398.676 398.428 398.271 398.602 398.908 398.751 399.082 400.149 400.455 399.562 399.405 401.696 400.133 400.456 399.364 398.074 398.959 398.711 397.909 398.885 398.728 397.719 398.72 397.248 397.554 395.528 397.637 395.512 394.42 393.064 392.816 393.701 392.039 391.791 391.642 392.205 391.362 391.809 393.505 394.44 394.424 393.763 394.789 395.352 395.336 394.865 396.925 396.355 395.884 396.24 396.34 397.176 397.168 396.879 398.848 397.062 397.989 396.666 396.948 396.568 397.404 397.206 396.454 397.48 395.694 396.53 396.241 395.58 394.166 394.63 392.844 395.276 394.44 394.82 395.291 395.58 396.241 396.53 397.1 397.48 396.735 395.899 396.37 396.75 397.32 398.072 398.179 397.335 396.218 396.879 397.168 397.176 397.746 397.282 395.975 397.008 394.758 396.362 396.56 393.921 394.789 393.763 394.424 391.992 392.099 391.536 391.246 391.353 389.194 391.336 392.32 393.792 392.907 391.84 394.139 394.85 395.098 396.661 395.594 397.157 397.587 397.562 398.546 398.976 399.224 398.711 399.141 397.429 399.083 399.794 398.818 399.066 399.314 399.471 400.455 399.388 399.636 399.421 399.578 398.602 401.364 400.388 398.122 397.055 397.948 396.972 398.626 396.914 396.492 396.186 395.21 395.276 393.076 394.548 393.572 392.596 392.199 391.62 390.156 389.18 388.692 387.716 388.692 389.668 389.602 391.132 391.62 392.596 393.572 393.324 394.3 394.052 395.028 394.871 395.847 395.508 396.575 397.642 396.815 397.055 398.767 399.371 400.992 398.602 399.396 400.066 399.264 399.388 399.901 400.48 398.735 400.29 398.727 399.794 399.364 398.744 398.496 399.009 399.315 398.885 398.728 396.983 396.735 397.157 396.421 396.479 395.189 395.148 394.139 395.024 392.907 393.701 394.768 391.518 391.179 390.799 392.859 391.627 393.505 391.992 393.961 393.953 392.92 395.443 394.302 396.362 397.206 396.264 396.438 396.91 397.746 397.457 397.077 396.879 397.624 397.062 398.08 397.328 396.948 397.974 397.404 397.206 396.644 396.074 396.066 396.53 396.15 395.77 393.984 394.911 395.656 395.276 393.034 393.414 395.2 395.58 395.96 396.53 397.1 396.165 396.644 397.305 396.37 396.932 397.32 399.106 396.748 398.088 397.252 395.746 397.077 396.423 396.34 397.282 396.157 396.264 396.925 396.089 394.302 395.443 394.88 395.169 393.109 393.026 393.505 391.718 391.064 390.336 391.361 391.89 391.468 392.659 394.776 393.064 394.048 395.611 394.635 395.346 396.909 397.157 396.272 398.48 396.677 397.661 398.372 399.472 398.314 398.074 400.216 400.53 398.727 399.711 400.05 401.034 398.586 399.479 399.264 398.751 398.999 398.602 399.586 398.428 398.767 399.015 398.13 397.063 397.493 395.599 394.532 394.871 395.119 394.052 395.615 393.324 393.572 393.266 391.62 391.223 389.668 389.18 388.204 387.716
389.18 390.644 389.999 391.372 391.215 393.572 391.546 393.076 394.904 395.21 396.095 395.847 395.599 396.575 397.642 397.303 397.791 398.213 399.743 398.271 398.511 399.735 399.603 399.727 399.479 400.546 399.38 400.629 401.696 398.727 398.479 399.546 400.431 398.959 398.066 400.076 398.976 397.231 397.653 396.735 397.248 395.594 396.107 393.808 394.759 393.957 393.8 392.725 393.883 392.32 391.609 391.179 390.89 391.453 392.388 393.505 394.622 393.961 394.706 394.789 395.352 393.748 396.081 395.982 398.042 395.884 395.504 397.746 397.457 397.168 396.879 396.499 398.088 397.989 397.328 396.948 396.932 396.461 397.396 396.917 396.074 395.694 395.777 395.96 395.58 395.2 394.82 394.44 391.248 394.531 394.63 395.2 394.364 395.96 396.811 395.694 396.165 396.735 397.305 396.37 396.568 397.229 399.015 398.08 397.062 396.218 396.97 397.077 396.332 396.803 397.282 398.696 397.099 394.758 396.362 395.336 395.352 394.326 393.482 393.018 393.117 392.554 392.57 392.768 390.336 391.179 391.89 392.229 391.807 394.131 393.8 394.42 394.85 397.637 396.843 396.909 396.967 398.811 397.835 400.043 399.348 398.852 398.066 398.405 400.431 399.546 399.794 400.133 400.472 400.447 399.562 400.546 399.479 399.727 399.603 399.851 398.511 401.364 400.016 398.767 398.924 398.527 397.642 396.575 395.508 397.807 394.871 395.119 394.052 395.615 394.548 393.572 392.596 390.884 391.711 390.644 389.668 388.692 387.716 388.204 389.18 390.156 390.644 392.108 392.596 391.612 394.548 394.3 395.367 395.119 396.277 397.807 395.508 398.808 397.063 398.13 398.37 398.304 398.428 399.586 399.52 399.851 399.421 399.727 400.331 398.495 401.522 398.735 399.066 399.579 399.794 399.364 398.926 399.72 398.711 397.909 399.348 400.043 397.835 398.811 397.339 397.273 394.883 396.322 394.875 394.048 395.115 394.776 393.883 391.468 391.518 391.46 392.205 392.768 392.388 393.687 394.531 394.424 394.706 394.789 395.352 395.154 396.362 396.925 396.264 397.29 395.504 396.34 397.176 399.608 396.416 397.252 398.088 396.955 397.328 396.948 396.932 396.37 396.263 396.644 396.165 397.001 396.53 393.528 394.364 394.166 394.63 394.44 393.87 394.44 394.82 395.2 394.364 395.96 396.53 397.1 396.256 396.826 395.899 396.37 396.568 396.948 397.518 396.492 397.062 397.624 397.822 396.796 397.457 396.621 397.183 395.884 396.264 396.164 396.18 395.336 395.443 394.698 393.763 394.515 393.307 393.687 391.718 391.916 391.262 390.046 390.666 392.32 392.568 394.594 394.288 393.957 394.759 395.95 396.57 395.503 397.157 397.587 397.471 399.191 397.57 399.224 398.827 398.496 398.744 399.819 400.158 400.133 398.975 400.538 400.298 400.455 398.834 399.636 399.421 398.908 398.875 397.535 398.519 398.304 397.791 396.815 399.114 396.484 398.874 395.938 396.831 395.119 394.143 394.391 393.324 393.018 392.596 391.62 390.396 389.511 389.668 388.692 387.716
389.18 390.156 390.644 391.463 392.596 390.479 391.455 393.076 394.143 395.764 396.095 398.452 397.559 396.575 397.799 398.527 397.055 398.213 398.519 399.677 398.42 399.396 399.421 399.082 400.794 398.495 401.034 400.05 399.066 398.818 399.794 400.216 400.431 398.959 400.026 398.372 398.976 398.728 397.074 397.587 397.248 397.091 396.107 395.098 394.966 393.957 393.709 392.725 391.807 394.768 390.575 391.179 390.799 392.768 391.627 392.744 392.637 393.109 394.706 394.88 394.219 395.336 396.089 395.428 398.042 395.032 396.91 395.86 396.423 395.944 397.822 396.78 397.062 396.955 397.328 397.229 396.568 397.404 398.24 396.644 395.048 395.694 396.53 396.15 395.58 395.2 394.82 394.25 393.87 394.25 394.82 393.984 394.546 396.241 395.496 395.876 396.074 396.735 397.206 397.404 397.974 395.914 397.791 396.492 397.335 398.848 398.103 398.202 397.457 397.746 395.504 395.884 396.636 395.982 394.584 393.748 393.648 394.789 396.112 394.333 393.398 393.505 391.718 390.973 392.296 391.361 391.89 391.576 393.883 394.594 393.8 394.139 395.148 393.808 396.479 396.909 397.248 398.629 397.719 398.728 398.976 399.224 398.827 399.141 400.431 398.504 398.388 400.133 398.975 398.735 399.38 400.728 399.479 399.727 399.421 399.578 398.511 397.535 399.834 398.304 397.146 398.13 397.46 398.626 398.411 394.532 396.095 395.119 394.143 392.522 392.679 393.572 391.306 391.62 389.263 390.644 389.668 388.204 387.716 388.692 389.668 390.156 391.62 391.62 392.596 393.572 393.324 394.3 394.143 395.855 394.871 397.162 395.508 397.493 397.46 397.485 397.791 397.452 398.61 397.535 399.429 398.999 399.421 399.173 398.834 400.455 399.471 400.447 400.29 400.133 399.794 399.364 398.744 398.496 398.066 397.909 397.57 397.231 397.562 396.735 397.248 397.273 396.198 395.95 395.057 396.124 393.064 391.476 393.883 391.559 391.609 391.179 392.114 392.768 391.809 392.281 391.992 393.109 396.112 394.607 395.352 394.873 396.362 395.61 396.264 396.066 395.868 396.803 397.738 397.259 394.712 397.624 397.062 396.955 395.26 397.32 397.974 396.279 395.808 396.735 397.571 396.066 396.53 395.96 394.546 395.2 394.82 392.844 393.68 394.25 393.414 395.2 394.364 396.15 396.53 395.694 397.48 396.735 395.899 396.37 396.568 397.411 395.078 396.492 397.335 396.689 396.416 397.077 397.068 397.746 397.001 396.066 396.264 395.428 397.024 395.245 393.739 394.789 394.706 393.572 392.935 393.505 392.479 392.768 391.171 389.955 391.609 390.914 392.196 392.907 393.618 394.42 394.85 397.546 395.528 395.594 396.487 398.811 397.653 398.728 399.348 400.076 398.711 398.959 398.926 399.546 399.794 400.133 399.066 398.735 399.38 398.404 400.24 399.727 399.421 399.578 398.602 397.626 396.468 398.122 398.37 397.948 397.642 396.666 397.559 397.071 396.095 395.119 396.591 392.522 392.1 391.703 392.596 391.62 391.802 390.644 389.668 388.204 387.716
389.668 390.644 389.999 391.62 392.596 393.572 393.324 395.615 395.367 395.764 394.871 396.492 396.914 397.22 397.063 398.527 398.436 398.767 399.743 397.444 399.338 399.851 399.421 400.372 400.24 398.404 399.562 399.405 400.29 400.042 399.794 400.216 400.522 399.141 399.1 397.727 398.976 398.728 397.835 396.735 397.157 396.909 396.38 395.189 394.759 393.957 394.288 394.594 391.807 392.229 391.89 391.361 392.205 390.51 392.388 392.554 394.531 393.68 393.763 394.789 395.443 397.784 396.18 395.61 396.727 398.696 395.504 396.803 397.176 396.986 398.103 396.59 397.062 396.955 397.609 395.914 397.974 396.37 395.808 396.727 395.321 397.1 395.124 396.522 394.364 392.95 394.82 394.44 393.87 394.25 394.82 395.2 395.58 395.96 395.124 395.694 397.48 396.826 397.396 396.37 396.932 396.948 399.106 397.898 397.062 397.533 398.194 397.54 397.176 396.34 396.24 396.347 396.264 397.297 396.362 395.154 395.443 394.789 394.135 393.68 394.622 393.687 393.794 391.064 390.799 391.46 391.89 392.32 392.659 392.816 394.47 394.627 394.759 394.544 395.528 395.776 397.157 396.735 397.835 398.728 397.57 399.133 398.711 399.05 399.207 399.364 399.794 400.224 399.711 399.405 398.404 399.81 398.834 399.173 399.396 399.396 400.562 401.083 399.743 396.898 397.791 397.948 397.642 398.047 395.69 394.532 393.556 396.434 394.904 394.3 392.679 393.572 392.596 390.33 391.132 389.511 389.668 388.783 387.716 388.692 389.18 390.156 390.644 390.239 392.596 393.572 392.679 394.391 395.276 395.21 396.004 395.847 397.559 396.484 397.642 397.948 398.552 398.767 396.559 399.495 398.511 399.851 400.066 400.372 399.479 398.495 399.562 400.447 398.975 400.224 400.53 400.398 400.522 398.405 398.918 398.67 399.348 398.728 397.835 398.811 397.248 397.182 396.388 395.28 394.759 394.42 394.47 394.594 393.883 394.768 390.666 389.955 391.262 392.768 391.718 392.281 393.026 394.515 395.169 394.88 396.849 395.154 397.024 395.428 398.042 396.347 395.504 396.803 396.332 396.796 397.822 397.624 397.616 396.955 399.015 397.32 397.122 397.594 397.305 396.735 395.048 397.1 395.124 396.241 395.861 395.2 394.44 395.656 393.87 393.034 394.82 395.2 396.986 395.96 396.53 395.975 396.165 396.644 397.396 397.404 396.659 396.948 397.328 397.898 397.616 396.218 397.822 397.077 397.176 396.34 395.868 396.347 396.264 396.925 396.18 395.154 395.443 392.92 393.862 392.927 393.307 390.668 392.388 391.916 390.89 389.955 392.072 392.32 393.883 392.907 393.064 395.272 394.875 395.768 395.528 395.776 396.487 397.587 398.48 398.728 397.57 397.909 399.563 399.141 398.562 400.398 398.388 399.372 400.381 399.314 399.835 401.952 399.479 400.397 398.751 399.396 399.338 400.992 399.925 398.122 399.015 398.527 397.063 396.484 397.559 395.847 396.74 395.028 395.276 395.615 391.455 389.743 391.86 391.62 390.644 390.644 389.668 388.692 387.716
389.18 390.644 390.644 391.62 392.596 391.703 392.861 395.524 394.052 395.764 396.095 397.253 399.056 396.575 397.799 397.485 399.685 398.213 399.371 399.586 398.511 399.735 398.751 399.264 399.479 400.455 399.38 399.405 399.066 398.727 400.158 399.364 398.744 398.959 399.472 398 399.348 396.586 397.719 398.811 396.396 397.554 396.107 395.189 394.759 394.139 394.47 392.816 391.807 391.857 392.072 391.551 390.799 391.064 392.479 392.19 392.844 394.424 393.953 394.698 395.443 395.154 396.362 395.891 394.378 395.975 397.464 395.488 396.332 396.796 397.822 397.624 398.088 396.492 397.328 399.76 396.932 396.37 398.24 396.917 396.074 395.694 396.53 393.528 394.364 395.2 393.414 394.25 393.87 393.216 394.82 394.166 394.364 396.241 396.53 397.1 396.256 396.735 395.808 396.37 396.568 397.229 399.106 397.898 397.062 398.658 397.061 397.449 397.457 396.803 397.464 395.123 396.355 396.925 396.089 394.873 395.443 394.789 395.169 393.68 394.622 392.19 391.809 391.362 390.89 388.549 391.791 391.857 391.807 392.907 393.064 394.42 394.759 396.322 396.107 396.719 397.157 397.033 397.744 398.728 397.016 399.042 399.472 398.405 398.744 398.504 399.794 400.133 400.29 400.447 400.48 400.546 400.149 399.173 400.645 398.354 399.338 398.271 399.743 396.807 397.791 398.618 397.799 396.575 397.559 395.847 396.095 395.301 394.143 394.391 393.324 391.612 392.596 390.975 391.223 389.668 388.692 387.559 387.716 388.204 389.668 390.156 391.132 392.199 392.596 391.703 394.73 395.524 394.052 395.028 396.095 394.532 395.508 396.575 397.46 397.485 397.146 398.767 400.388 397.626 400.562 399.851 398.66 399.636 398.925 398.586 399.471 399.405 398.975 398.818 400.456 399.819 398.744 397.76 400.026 398.67 397.57 398.546 397.835 396.735 397.339 395.958 396.479 395.95 395.338 395.272 393.982 392.816 393.701 391.005 390.575 391.46 392.205 391.916 391.627 392.099 393.307 393.68 393.763 394.789 394.219 395.154 396.18 396.925 396.264 396.628 397.936 396.803 397.176 397.077 397.822 397.624 398.088 396.955 399.106 397.32 398.346 396.37 397.305 396.826 395.884 395.694 396.811 396.15 394.364 392.768 394.82 393.034 393.87 394.25 394.82 395.2 395.58 396.15 395.124 395.694 397.48 396.826 397.305 397.776 396.568 397.229 397.791 397.898 397.062 397.252 396.416 398.665 396.423 395.488 397.001 396.066 397.008 395.519 397.024 395.154 395.443 394.789 393.854 393.68 393.307 392.19 391.718 391.064 392.296 389.773 391.03 390.914 393.883 392.907 393.618 395.181 395.611 397.728 395.528 397.182 396.487 396.272 397.719 398.728 398.976 398.091 398.066 398.959 398.074 399.546 399.885 400.042 400.381 398.735 400.48 400.546 400.885 400.488 400.066 399.578 399.247 399.586 396.559 399.412 397.7 398.618 397.063 396.484 395.508 397.807 396.277 395.028 395.367 394.3 392.679 393.663 391.86 391.62 390.396 390.644 389.18 388.692 387.716
389.668 389.511 390.644 391.463 392.596 393.663 393.324 393.076 394.143 395.119 394.78 394.532 397.468 397.311 397.46 398.618 397.7 399.412 398.519 397.626 398.511 399.76 399.884 399.264 398.834 398.586 399.471 398.735 399.157 399.372 399.794 400.398 399.207 398.959 398.711 400.076 398.703 398.728 398.48 398.72 397.248 395.503 396.198 396.322 395.611 394.42 393.8 392.725 393.883 392.32 390.385 389.955 390.799 392.859 392.57 392.835 394.341 393.961 393.953 394.698 393.739 395.154 395.047 395.519 396.264 397.29 397.464 395.488 397.92 396.986 396.78 397.624 397.062 396.492 397.328 396.948 396.932 397.404 398.24 396.644 397.48 395.694 395.314 395.116 396.142 395.2 394.82 394.44 393.87 394.25 394.82 395.2 394.364 393.528 396.53 396.157 396.074 396.644 395.8 396.461 396.568 396.948 395.26 396.955 397.062 396.218 396.97 395.762 396.423 395.397 397.464 396.347 396.264 395.891 396.081 397.784 395.443 394.88 393.763 394.333 394.531 392.099 391.809 392.859 390.708 391.361 391.89 392.32 393.883 394.131 393.064 394.42 395.338 395.768 395.346 395.776 397.339 398.72 397.835 398.728 398.976 398.67 398.827 398.405 400.522 399.546 399.794 400.042 400.29 400.72 400.207 398.495 400.331 399.173 398.106 398.354 399.247 397.626 396.468 399.412 398.552 397.46 396.972 396.666 397.559 394.532 396.095 395.028 394.052 395.706 394.548 393.572 391.86 391.62 390.644 390.156 389.18 388.692 387.716 388.692 389.668 390.156 390.396 391.62 392.596 389.743 392.679 393.746 396.591 395.028 396.095 396.492 397.559 397.402 397.063 398.527 399.015 398.767 398.428 397.535 399.247 398.908 400.066 400.372 398.834 400.455 399.719 398.735 400.472 398.727 399.794 399.364 398.926 398.959 398.711 400.076 398.976 396.677 397.719 398.811 396.487 396.719 396.57 395.768 394.85 395.272 394.933 394.594 391.344 392.502 390.575 390.418 392.205 391.916 391.718 392.099 394.531 394.333 393.763 394.88 395.352 397.784 396.362 394.758 396.264 396.438 397.282 398.027 397.92 398.665 396.416 398.848 397.616 397.989 397.609 397.229 396.568 397.685 395.899 396.735 397.48 395.694 396.811 395.96 394.364 395.2 394.82 394.44 391.248 394.25 394.82 395.2 395.77 393.528 396.53 395.884 396.256 396.454 398.24 399 396.75 399.76 396.484 398.08 397.335 396.218 397.822 399.608 397.457 398.027 397.183 396.256 394.287 395.701 396.18 394.873 395.352 394.789 395.169 393.68 392.174 392.372 392.388 392.859 391.171 391.088 391.609 392.32 393.122 392.907 393.8 394.42 397.389 395.189 396.57 396.818 396.396 397.587 397.719 397.876 397.661 399.687 400.026 398.496 398.744 399.546 399.794 400.133 398.975 399.405 399.653 401.307 398.834 399.264 399.239 399.735 399.983 399.495 397.874 398.767 398.924 398.13 397.46 396.666 397.559 396.492 395.516 396.5 394.143 394.3 392.679 393.572 391.215 391.372 389.999 390.644 389.18 388.692 387.716
389.668 390.156 390.644 391.62 391.124 393.572 394.548 393.167 394.788 395.119 396.186 397.807 395.508 396.484 397.642 397.303 398.436 398.767 398.519 397.444 400.744 399.396 399.421 399.082 400.794 398.404 400.298 400.538 399.248 400.042 399.794 399.364 398.744 401.589 398.827 397.818 397.57 398.728 397.562 397.587 397.157 397.182 397.604 395.28 395.148 395.735 394.379 392.816 393.701 392.32 391.03 391.361 390.336 391.064 392.479 392.099 391.992 393.109 393.763 394.698 394.128 393.748 396.18 396.925 397.008 396.347 397.282 395.951 397.457 397.449 397.822 398.848 397.062 398.27 397.609 396.948 397.974 397.594 395.808 396.454 396.256 396.72 395.314 395.116 395.861 393.984 394.82 394.44 393.68 394.25 393.414 395.2 394.546 395.116 395.496 397.1 397.48 396.826 398.24 397.404 397.122 396.948 397.791 396.674 397.062 396.218 398.194 398.202 396.332 398.027 396.91 395.975 396.636 395.701 396.18 395.154 395.443 394.789 393.763 393.018 391.992 392.099 392.388 391.362 390.336 389.955 392.163 393.544 391.344 392.907 393.8 393.957 394.759 395.28 394.767 396.818 396.785 397.587 398.207 398.728 397.57 399.687 399.1 398.959 398.074 399.083 400.53 400.224 399.62 400.538 400.389 399.81 398.925 399.727 399.421 398.908 398.42 398.271 398.519 398.122 399.015 397.948 397.824 396.666 395.508 394.532 396.095 395.028 396.682 392.522 394.548 391.794 392.596 392.108 391.62 390.156 389.668 388.692 387.716 388.692 389.18 390.156 390.644 392.108 391.306 393.018 394.548 394.3 394.052 395.028 394.871 397.807 395.508 396.484 397.799 398.527 398.279 399.412 399.925 399.586 399.338 399.735 399.421 399.727 398.834 400.455 400.207 399.314 400.29 398.727 399.794 400.398 400.522 398.959 398.802 399.133 397.57 396.586 397.074 396.272 397.157 395.594 394.883 397.637 394.759 394.718 395.024 394.594 393.883 391.857 392.072 391.179 391.353 391.246 392.479 392.372 394.531 393.018 393.482 394.789 395.352 395.245 396.081 396.925 397.951 396.438 396.91 396.803 397.176 397.358 398.194 396.218 398.088 396.492 397.328 397.411 397.974 397.594 396.263 396.826 395.048 396.066 396.53 393.528 395.58 392.95 394.721 394.44 393.87 394.44 394.63 393.984 395.58 396.241 395.405 396.91 397.48 396.454 395.808 397.404 396.568 395.914 397.328 398.08 398.088 396.218 396.416 395.944 397.457 396.621 395.959 396.438 396.545 395.519 394.592 395.245 395.443 394.789 393.763 394.143 392.935 392.281 392.388 391.916 390.336 391.46 390.666 391.468 393.883 394.594 393.8 393.957 396.074 395.28 397.422 397.091 396.396 396.735 397.562 400.043 398.976 398.091 399.009 399.05 400.431 399.819 399.794 400.133 400.563 399.496 399.562 399.81 397.519 399.173 399.396 399.851 399.429 400.992 399.743 399.412 399.015 397.948 397.799 398.626 395.599 397.807 396.095 395.028 395.276 393.076 394.639 391.703 392.596 390.975 390.644 389.668 389.668 388.692 387.716
388.692 390.735 391.132 392.199 392.596 393.572 393.415 393.167 395.367 395.028 396.74 396.492 397.559 396.484 397.46 397.576 397.055 398.122 398.519 397.626 398.602 398.908 399.421 399.636 400.149 400.455 399.562 399.405 399.066 399.488 398.57 400.398 398.074 398.496 398.711 399.224 397.57 398.728 397.744 397.587 395.933 395.958 394.767 395.189 395.52 394.048 393.064 392.725 391.344 392.32 391.89 390.418 391.353 392.859 392.57 393.505 393.398 393.018 394.706 394.789 393.921 394.873 396.362 397.206 396.636 396.438 396.24 397.936 397.068 398.665 396.879 397.252 397.335 397.898 397.791 399.76 398.065 397.685 395.899 396.735 397.48 397.282 395.496 395.116 394.364 395.291 394.911 394.25 395.276 394.25 393.786 395.2 394.364 396.241 395.124 397.001 397.29 396.644 395.899 396.279 397.974 397.692 398.072 397.898 397.616 397.624 398.194 397.259 396.514 396.34 396.91 396.066 395.511 395.428 396.081 395.154 395.443 394.789 394.135 394.052 393.398 393.505 392.57 390.973 390.336 390.327 390.666 392.229 393.122 392.907 393.618 394.718 396.074 394.635 396.479 395.503 397.157 397.587 397.835 398.728 399.348 399.687 398.711 399.141 400.522 399.546 399.794 400.133 398.975 399.405 399.719 400.728 400.885 399.727 399.396 399.735 400.562 400.992 399.743 398.676 397.146 397.46 396.972 398.047 399.056 394.532 396.186 395.764 394.143 394.3 390.901 391.703 392.596 391.463 391.802 389.511 388.692 388.692 387.716 387.716 388.692 390.644 391.132 392.199 391.951 393.572 393.324 395.524 394.052 395.119 396.831 395.847 395.599 396.666 397.642 398.618 399.015 398.213 398.519 399.495 398.602 399.578 400.554 400.951 398.925 398.586 399.562 400.447 400.29 399.579 399.794 399.819 400.431 398.959 398.711 398.091 397.57 397.231 396.983 398.05 397.157 397.736 395.346 395.768 394.85 394.42 391.84 392.907 391.807 392.32 391.89 391.361 390.336 390.51 392.388 393.687 394.44 392.927 394.044 394.88 395.352 396.56 394.683 395.428 396.264 395.032 397.001 396.34 396.423 397.077 396.879 397.252 395.656 396.492 398.072 396.096 396.841 396.279 395.808 396.644 395.594 396.72 396.811 395.96 396.043 395.2 394.63 394.44 393.68 394.25 394.82 395.2 394.546 394.934 396.53 397.282 397.48 396.644 398.24 396.37 397.974 396.948 397.609 396.955 398.088 397.624 396.97 395.762 397.457 396.803 397.282 395.975 397.099 395.61 396.089 395.336 395.352 395.823 393.854 393.018 394.25 392.19 392.388 391.916 392.296 389.955 390.203 392.32 391.807 393.552 393.8 394.42 395.338 395.189 396.57 395.503 397.157 398.72 397.562 396.677 398.976 397.909 398.802 398.959 398.744 399.364 399.794 400.133 399.066 399.314 399.562 400.728 399.479 400.372 399.421 399.578 399.983 399.586 397.874 398.122 397.791 398.527 397.46 396.666 397.559 394.532 396.095 395.119 394.143 394.3 394.639 393.572 393.266 391.62 391.132 389.511 389.668 388.692 387.716
389.18 389.511 390.644 391.372 391.86 391.612 394.548 393.076 395.367 395.028 396.277 395.847 396.914 396.484 397.642 398.13 398.924 399.412 398.428 401.083 398.602 399.578 399.396 399.727 400.794 400.728 399.835 400.05 399.066 399.579 399.794 399.364 398.074 399.141 398.711 398.372 395.792 398.728 396.404 397.587 396.396 395.594 394.883 395.768 394.85 394.718 393.8 393.552 392.452 394.768 392.072 389.955 390.038 391.064 393.794 393.687 392.174 393.68 393.953 394.88 395.443 395.154 396.18 397.206 396.264 396.438 396.24 396.34 394.744 395.762 396.879 397.624 397.335 397.898 397.328 396.948 396.568 396.461 398.24 395.048 395.321 397.1 396.811 395.96 395.861 395.2 394.63 394.25 395.276 394.25 394.63 393.984 394.364 395.96 395.405 395.876 396.074 396.644 395.808 397.685 396.932 397.138 397.328 396.955 397.335 396.681 396.416 397.077 397.176 396.803 397.001 396.628 396.727 394.758 396.362 395.336 395.443 394.326 393.953 393.018 394.341 392.463 391.718 391.453 392.114 389.773 392.072 391.576 393.701 394.776 393.8 394.048 394.85 395.098 396.107 397.091 397.248 397.38 397.719 400.043 398.885 399.687 398.711 398.405 400.431 399.364 400.158 400.133 399.711 399.223 399.653 400.546 399.388 399.727 400.066 399.487 399.247 397.535 399.743 398.122 398.37 397.485 398.287 397.311 398.783 395.847 396.095 395.764 394.143 395.615 393.324 393.572 392.596 392.108 391.132 390.156 389.668 388.692 387.716 388.204 389.18 390.644 390.487 391.62 392.596 393.572 394.548 393.076 395.367 395.119 394.871 395.938 395.599 397.311 396.972 398.436 399.015 398.767 397.874 397.444 398.602 398.263 399.396 399.727 399.388 398.495 399.562 400.72 400.381 400.133 399.794 399.546 399.877 397.76 399.29 397.909 398.976 398.728 397.719 396.735 397.157 395.594 396.107 395.007 394.85 393.957 393.8 392.907 393.883 393.544 390.385 391.179 390.427 392.859 391.809 392.554 394.341 393.018 392.448 395.823 393.739 394.873 396.089 395.891 396.264 396.347 396.24 396.803 397.176 397.077 398.194 397.252 398.088 396.955 397.328 396.948 396.568 396.279 395.808 396.735 397.48 395.694 396.53 396.15 394.364 395.2 394.82 394.44 395.276 394.25 394.82 395.2 395.77 393.528 395.124 395.694 396.256 396.826 395.8 397.685 396.841 396.948 397.609 398.27 397.335 397.533 397.822 397.077 396.332 395.488 395.504 395.032 396.264 396.925 396.362 394.302 393.921 394.599 393.763 393.68 394.531 392.372 392.57 392.768 391.353 391.551 390.666 391.559 393.883 392.907 393.8 395.363 394.114 395.189 396.107 397.091 396.487 398.72 398.943 399.191 398.976 399.687 400.026 398.959 398.074 399.083 400.53 398.727 400.563 399.405 399.38 398.495 399.388 400.488 398.751 399.735 400.562 399.586 398.428 399.412 399.015 397.46 397.063 396.666 396.914 398.452 393.556 395.119 394.143 393.655 391.455 393.018 391.951 390.884 389.908 390.644 389.668 388.204 387.716
388.692 389.668 390.644 392.108 392.596 393.018 394.639 394.3 394.234 395.028 396.004 397.344 395.599 396.575 398.287 398.775 398.436 398.767 399.834 399.495 399.429 399.487 399.396 399.082 400.149 400.546 399.719 400.72 399.157 400.224 398.388 399.819 400.059 398.959 399.563 397.727 395.792 396.677 397.719 396.735 397.248 396.818 396.57 395.768 394.759 395.181 393.8 392.816 393.701 392.32 390.484 390.418 390.336 391.064 391.809 392.19 394.622 393.961 396.112 394.88 395.443 395.154 396.089 395.701 396.727 395.975 397.183 397.936 396.514 397.259 396.97 398.848 397.062 396.955 397.328 397.411 396.568 397.685 395.808 396.826 396.074 395.694 395.314 396.15 394.546 392.768 394.82 394.25 391.248 394.44 393.414 395.291 395.58 396.241 395.124 395.975 396.074 396.644 398.24 396.461 396.568 396.948 397.328 397.228 397.335 396.218 397.822 397.449 397.457 396.803 397.282 398.696 396.727 395.519 396.089 394.211 395.443 392.92 393.482 393.68 394.44 393.505 392.479 392.768 391.262 391.551 391.981 391.468 391.807 392.907 393.8 393.775 394.85 395.768 395.346 395.594 397.248 396.272 397.074 398.728 395.792 399.133 398.711 399.141 400.431 399.546 399.794 397.412 399.62 399.405 399.835 398.404 400.703 399.727 400.554 399.735 398.602 397.535 400.016 398.213 397.791 397.576 398.287 398.626 398.874 397.162 396.095 395.028 394.052 393.076 394.548 393.572 391.951 391.62 391.62 390.644 388.692 388.692 387.716 388.204 389.668 389.023 391.132 392.108 393.266 393.572 392.679 394.3 394.052 395.028 396.74 397.253 395.508 397.311 396.972 397.46 397.791 398.767 397.874 399.495 398.511 399.578 399.884 399.264 401.348 398.586 400.207 400.538 398.975 399.951 399.794 399.364 400.522 398.496 398.918 398.372 398.976 399.191 398.48 397.38 397.248 395.776 396.107 395.007 396.074 395.363 393.8 392.907 391.344 391.468 390.666 390.137 390.799 390.51 392.388 392.008 394.25 393.68 395.169 394.789 395.443 396.56 394.865 395.701 396.545 396.066 397.001 396.34 396.332 397.168 397.822 397.624 397.335 397.898 395.26 398.354 397.974 397.594 397.206 396.917 397.48 397.1 396.53 396.241 395.861 395.2 393.414 394.44 393.87 395.656 394.82 393.984 394.364 396.241 396.72 395.694 396.074 396.644 398.24 396.37 396.94 397.411 396.666 397.989 398.088 396.59 398.103 395.762 396.423 396.803 397.464 396.066 395.693 395.891 396.271 395.336 396.849 394.789 393.763 393.68 393.398 393.687 391.718 392.768 391.353 391.179 390.575 392.229 392.659 392.907 393.8 394.718 395.52 397.637 395.528 396.818 396.487 396.735 397.719 398.728 399.348 398.372 400.026 398.496 398.074 399.546 399.794 400.133 400.381 400.538 400.207 400.728 400.149 399.636 399.421 399.578 401.298 399.586 396.559 398.767 398.436 397.948 397.063 396.484 397.468 396.492 396.186 395.028 394.143 394.3 392.679 389.834 392.596 391.62 391.223 390.156 389.18 388.204 387.716
388.535 390.156 389.999 391.62 392.596 391.703 394.548 393.076 395.367 395.119 396.004 397.162 395.508 397.311 397.915 398.527 397.7 398.122 398.519 399.495 398.602 399.578 398.66 400.951 400.885 401.307 399.38 400.629 399.066 398.727 399.794 399.546 400.431 399.141 398.711 398.372 398.976 396.586 396.983 397.124 397.157 396.909 396.107 395.189 395.148 394.42 393.8 392.907 391.807 390.914 391.609 391.179 392.114 392.768 392.479 392.19 394.25 393.961 395.169 394.88 395.352 396.56 396.089 395.891 396.264 398.696 395.595 396.34 397.457 397.449 398.194 397.252 397.335 396.674 397.791 397.411 396.568 396.279 397.305 396.454 396.256 397.001 396.811 395.96 394.364 395.2 394.63 394.25 393.87 392.844 394.82 395.2 395.58 396.613 395.405 397.1 395.321 396.826 395.899 397.404 398.346 397.411 395.26 396.955 397.062 396.218 398.103 397.077 397.457 398.027 395.504 396.347 395.602 395.519 397.024 395.154 395.443 394.88 394.044 394.052 391.992 392.099 392.479 392.768 390.336 391.551 391.89 393.544 393.792 393.552 393.064 393.957 394.85 395.28 396.198 396.909 397.157 397.587 397.074 396.586 397.57 399.042 398.802 398.496 400.522 399.364 398.388 400.224 399.711 398.735 399.653 400.455 397.519 399.636 399.884 399.396 399.983 397.535 399.189 398.213 398.461 397.46 397.799 397.311 395.508 395.847 394.871 395.119 395.276 394.3 394.548 393.572 391.951 391.62 391.711 390.644 389.668 388.692 387.716 388.692 389.668 389.668 390.644 392.778 391.951 393.572 394.548 394.3 394.143 395.028 396.186 394.532 395.508 396.575 397.799 397.46 397.055 398.767 398.428 397.535 398.511 399.396 399.421 399.264 398.925 398.586 399.562 400.447 398.975 400.133 400.53 399.083 399.207 400.274 398.802 398.67 398.885 399.191 397.835 397.587 397.248 397.554 394.883 394.453 394.759 393.957 391.84 392.907 391.344 391.576 390.575 391.088 388.814 390.973 392.479 393.505 392.935 393.018 393.672 394.88 395.352 396.56 396.271 396.164 397.951 398.696 396.902 396.803 396.332 397.077 397.822 397.252 398.088 397.898 397.518 397.229 398.346 397.404 396.263 396.644 397.48 396.066 395.777 393.528 394.546 395.2 393.414 394.25 393.68 394.25 392.008 393.984 394.364 395.96 395.496 397.1 396.256 396.644 397.206 397.404 396.568 396.948 397.791 396.492 397.062 398.848 397.822 395.762 397.92 397.746 397.183 395.123 396.818 394.758 396.362 394.873 395.443 392.92 393.763 393.572 392.935 392.372 391.718 391.064 392.205 390.418 390.575 392.32 393.883 391.476 393.709 395.363 396.074 395.189 396.388 395.503 397.248 396.735 397.835 398.728 398.976 398.091 398.827 400.274 398.744 399.819 399.794 399.372 399.62 400.72 399.38 398.495 400.794 400.372 400.645 398.999 398.511 399.495 399.743 397.452 398.279 397.576 397.063 396.575 397.468 395.938 394.871 395.119 394.052 393.076 394.548 391.612 391.86 392.108 390.644 389.42 389.18 388.692 387.716
389.668 389.511 390.644 391.372 392.53 393.572 393.324 395.524 394.143 395.028 395.516 394.532 395.599 397.311 397.063 397.948 398.436 399.412 400.388 399.495 399.247 399.578 399.396 400.372 400.149 400.455 399.38 399.405 400.381 398.727 400.456 399.546 398.074 398.959 398.711 397.818 399.348 396.677 397.835 397.587 395.842 396.818 394.767 395.189 394.966 394.42 395.024 392.725 392.659 392.32 390.666 391.361 390.336 391.362 392.479 392.19 394.531 393.961 395.169 392.92 395.443 395.154 397.024 395.701 396.264 396.438 397.001 398.027 397.829 397.259 397.822 398.848 397.062 396.492 397.609 396.948 396.932 396.279 398.24 396.454 396.256 396.066 395.496 393.528 396.986 395.2 393.786 394.25 391.248 394.25 394.82 395.2 395.58 397.556 396.53 397.1 396.256 396.644 397.024 396.279 396.932 399.76 398.072 396.955 397.062 396.59 396.97 395.944 394.744 397.746 396.91 396.628 397.951 395.61 394.865 394.972 395.443 392.92 393.672 393.961 393.398 393.505 392.57 392.768 390.336 390.418 391.981 391.468 393.883 392.816 394.933 393.957 395.611 395.28 395.528 396.818 396.487 396.735 397.471 399.191 397.57 399.224 398.066 399.141 398.074 399.083 398.388 399.488 400.381 400.538 399.562 400.455 400.703 400.951 399.603 399.735 398.42 397.626 396.559 398.767 398.37 396.815 399.114 398.626 397.559 396.492 396.004 395.119 395.276 393.167 394.548 393.572 392.596 392.199 390.644 390.826 389.18 388.692 387.716 388.692 389.668 390.156 391.132 391.62 391.86 393.018 392.679 393.258 395.276 395.028 396.831 398.452 395.69 396.575 397.063 396.815 398.37 398.767 398.519 397.626 399.247 399.578 398.66 399.082 400.794 401.489 399.38 400.538 400.29 398.727 399.794 399.819 398.074 398.959 398.711 398.372 395.792 398.728 397.744 396.735 396.487 395.776 396.107 395.098 394.85 394.139 393.709 393.552 391.344 390.914 391.981 390.046 392.114 391.064 392.388 392.19 394.531 393.68 393.953 394.789 395.443 394.972 394.683 395.891 396.545 395.884 397.183 397.746 396.423 398.665 398.194 396.59 397.616 396.955 397.328 399.76 396.75 397.404 397.206 395.511 397.571 395.876 396.53 393.528 394.364 392.768 394.82 394.44 391.248 394.25 394.63 395.2 395.77 396.613 395.124 397.1 395.139 396.644 398.24 397.404 396.568 395.914 397.609 396.492 397.062 396.218 397.822 397.259 397.457 396.712 396.24 396.347 395.784 397.016 396.081 394.211 395.352 392.92 395.169 393.018 391.992 392.19 392.57 391.453 391.353 389.955 391.89 392.229 391.807 394.776 394.933 394.42 395.611 395.768 397.422 396.818 397.248 396.272 398.48 397.231 397.57 398.372 400.026 399.141 398.744 399.546 399.794 400.224 400.199 400.538 399.653 399.81 400.149 399.264 398.751 399.578 398.511 398.271 399.371 398.213 397.055 397.948 397.642 397.956 395.599 397.162 396.095 395.119 394.052 394.3 393.324 393.572 391.86 391.62 389.999 389.668 389.668 388.204 387.716
389.18 390.156 391.62 392.199 392.596 391.703 393.324 394.391 395.367 395.119 397.476 397.807 396.914 396.484 397.46 397.485 398.279 398.767 398.519 399.495 399.247 398.908 399.421 399.727 400.24 400.546 399.562 399.496 399.066 400.042 398.479 400.216 398.074 398.959 399.472 397.909 397.57 398.546 397.653 396.735 397.248 396.909 395.412 395.28 395.611 395.363 394.933 394.594 393.883 390.914 391.89 389.955 391.353 392.768 392.388 392.281 393.307 394.143 393.953 394.599 394.219 394.873 396.362 396.164 395.784 396.438 396.91 397.746 396.423 397.168 398.103 396.218 395.656 396.955 397.328 399.76 396.568 396.37 398.24 396.644 397.29 395.884 395.124 396.15 395.77 396.606 394.63 394.44 395.276 394.25 394.82 395.2 394.364 393.528 396.72 395.694 397.48 396.644 397.206 397.404 397.974 395.914 397.791 396.674 397.616 396.218 398.194 397.259 396.332 396.803 397.001 396.066 397.099 395.61 396.271 396.56 395.443 394.789 393.763 393.68 391.992 392.099 393.794 391.916 390.799 389.194 391.609 392.411 391.344 392.907 393.709 394.139 395.611 395.189 394.767 396.818 397.339 398.72 396.404 398.546 398.976 399.133 399.472 398.405 398.074 399.546 399.885 400.224 399.066 399.314 399.38 398.495 399.388 399.264 400.066 398.908 398.602 399.495 399.743 396.807 398.436 397.303 396.972 399.362 397.559 395.847 396.74 395.028 394.143 394.3 394.548 393.572 391.951 391.62 390.644 390.644 389.668 388.204 387.716 387.071 389.18 390.156 391.62 390.975 392.596 391.612 392.588 395.615 396.591 395.21 396.095 395.938 399.056 396.575 397.642 398.436 398.37 398.213 398.428 400.992 399.247 399.851 399.421 399.264 399.388 401.952 400.298 399.405 399.62 398.818 399.794 399.083 398.074 398.496 398.802 399.133 398.794 398.546 397.835 396.735 397.157 395.503 396.57 395.768 395.52 396.124 393.064 394.594 392.452 392.32 391.336 391.179 390.336 391.362 392.388 392.554 392.174 393.68 393.854 394.88 395.443 395.154 394.592 395.701 396.727 396.066 397.001 396.712 397.738 397.077 395.746 398.848 397.335 397.898 395.078 396.948 396.659 396.37 395.899 396.644 397.48 395.694 396.53 396.15 395.58 394.166 394.82 394.25 391.248 394.25 393.414 395.2 395.58 396.15 395.496 396.91 397.48 396.917 397.206 397.685 398.065 396.948 395.078 396.492 398.088 397.252 396.879 397.259 397.176 398.027 397.464 398.696 397.951 396.925 396.18 395.154 395.443 394.88 395.169 394.143 392.455 392.463 392.388 391.916 390.336 391.179 390.575 392.229 393.883 391.476 393.8 395.363 394.85 395.007 394.122 395.594 397.339 397.033 397.835 398.728 399.067 399.687 398.711 398.496 400.522 399.364 399.794 398.727 399.248 400.05 399.562 400.637 400.794 400.488 399.603 399.396 399.338 399.586 398.61 398.304 399.685 398.527 397.799 398.808 396.914 397.344 396.831 395.119 395.367 393.076 394.639 393.572 391.951 390.975 391.62 390.735 389.668 387.716 387.716
389.18 389.023 389.908 390.884 393.266 393.572 394.639 393.076 396.591 395.028 396.004 397.162 397.468 397.311 397.063 397.948 398.436 396.898 399.189 398.271 398.511 399.735 399.421 399.173 399.388 400.546 399.471 399.405 401.696 399.372 399.794 400.398 399.207 398.496 398.827 398.67 399.067 396.677 397.562 397.38 397.248 396.909 396.57 395.098 395.338 394.42 391.84 393.552 393.883 392.229 391.609 389.194 391.353 390.51 392.388 392.19 393.307 393.961 393.672 394.789 395.443 395.336 395.047 396.925 396.355 396.066 397.183 396.803 397.176 397.077 398.103 396.59 397.062 398.361 397.328 396.948 396.568 397.404 398.24 396.826 396.165 397.001 395.777 395.96 395.58 395.2 394.911 394.44 391.248 395.838 394.63 395.2 395.58 397.556 395.314 395.975 397.48 396.735 395.899 396.37 396.659 397.32 396.666 396.674 397.335 397.252 396.879 398.665 397.176 398.027 395.959 398.696 396.264 395.982 397.024 395.336 395.352 394.326 393.763 393.68 391.992 393.505 393.794 391.453 390.89 390.418 390.203 392.32 393.883 392.907 393.8 396.124 394.875 395.95 396.388 396.818 396.396 398.05 397.835 398.546 399.067 399.224 399.009 398.405 400.431 400.398 399.794 400.224 400.563 399.496 399.835 400.546 399.388 399.173 400.554 399.851 398.42 399.586 398.519 398.767 398.279 397.948 397.46 396.484 396.914 397.162 396.831 395.119 396.591 394.391 392.1 391.612 392.596 392.108 390.644 390.156 389.18 388.692 387.716 388.692 389.18 389.42 389.999 392.108 392.596 393.572 394.639 394.391 394.143 395.119 395.516 397.807 397.559 396.484 396.972 398.436 398.461 398.767 398.519 399.495 399.338 399.578 399.33 399.173 398.925 398.495 399.562 400.72 399.066 400.133 398.479 400.216 398.074 398.959 399.009 399.315 398.976 399.282 397.719 398.811 396.396 397.554 394.883 394.453 395.148 393.775 393.064 392.907 392.196 391.857 392.072 391.088 390.336 391.064 392.388 392.19 393.307 393.961 393.862 394.88 395.443 395.154 394.683 395.891 396.727 395.884 395.959 395.488 396.423 395.762 396.416 396.59 398.088 397.989 397.328 396.948 396.932 396.37 395.899 396.644 397.48 395.876 395.405 394.934 395.58 393.984 394.82 393.034 393.87 394.25 394.82 393.984 395.58 396.613 396.53 395.876 395.321 396.735 397.305 397.594 398.065 399.76 395.078 397.898 397.062 397.624 398.194 397.259 397.457 396.803 396.902 396.628 398.042 395.61 394.683 396.378 394.219 394.607 393.763 393.68 394.622 393.505 391.718 391.246 390.708 391.088 391.89 390.914 391.162 393.552 393.618 394.139 394.85 395.098 396.57 395.594 396.487 397.587 397.835 400.506 395.792 399.224 398.711 398.959 398.926 399.364 398.479 399.951 400.472 399.314 400.943 400.728 398.834 400.306 400.554 399.578 398.602 397.535 398.519 398.304 399.594 397.948 397.46 396.575 395.508 397.253 396.74 395.028 395.367 395.524 392.1 393.572 392.596 391.463 390.644 390.644 389.362 388.692 387.716
389.18 389.668 390.644 392.108 391.86 393.663 392.679 394.3 394.052 395.764 396.095 394.532 395.69 396.575 396.972 398.618 397.7 398.767 396.468 399.495 401.298 399.09 399.884 399.173 399.479 400.455 399.471 400.538 399.62 400.133 399.794 399.364 400.522 398.959 398.802 398.372 399.348 398.728 397.719 397.587 397.157 396.818 396.388 394.635 394.759 395.09 394.288 394.594 393.883 393.544 391.791 389.194 390.799 391.064 392.851 393.687 393.307 394.333 393.763 395.823 396.849 395.245 396.081 396.925 396.636 396.438 396.91 396.803 396.332 396.986 397.822 398.848 397.616 397.898 397.328 395.914 396.659 396.461 398.24 396.826 395.048 396.72 395.496 395.96 394.364 395.2 394.63 394.25 391.248 393.034 394.82 395.2 394.364 396.15 395.496 395.694 397.48 396.454 395.808 396.37 397.122 396.948 397.791 396.955 397.616 397.533 398.103 398.665 397.738 398.027 396.902 395.032 395.602 395.428 394.865 397.784 395.352 392.92 393.763 393.961 392.174 392.19 392.388 391.916 390.708 391.46 392.163 392.229 391.807 394.594 394.933 394.048 395.057 395.007 396.57 397.554 397.157 398.629 397.074 398.728 398.976 397.909 399.1 401.589 400.431 400.398 399.794 400.133 399.157 400.538 399.835 400.546 400.331 399.264 399.421 399.578 398.511 399.495 397.965 399.412 398.552 397.46 397.799 396.575 395.599 395.847 396.004 395.028 395.367 394.3 394.639 393.572 392.596 391.62 391.132 389.668 388.692 388.874 387.716 388.692 389.759 390.156 390.644 392.108 392.596 393.018 394.548 393.076 394.052 395.028 396.186 395.847 397.468 399.362 397.642 397.46 399.685 398.767 398.61 397.626 398.42 398.999 400.645 399.082 398.834 400.637 400.207 399.496 399.066 399.488 400.53 399.546 399.207 398.496 399.472 398.372 397.57 399.282 397.653 397.587 396.487 396.818 396.57 395.28 394.85 394.139 393.618 393.552 393.701 392.411 391.89 390.046 392.296 391.916 392.388 392.19 392.844 393.018 394.706 394.326 395.443 396.56 395.047 395.982 396.727 396.066 395.595 396.34 396.423 396.986 397.822 398.848 398.088 396.955 399.015 396.948 396.659 396.37 395.808 396.735 396.074 395.694 395.314 396.15 395.77 395.2 394.82 394.25 395.276 394.25 392.008 393.984 395.58 395.96 395.496 395.876 397.48 396.826 395.899 397.776 396.75 396.948 396.484 396.492 397.616 396.218 397.822 397.358 397.176 395.951 397.001 396.347 395.511 395.428 396.362 395.336 394.5 394.88 395.169 393.68 392.844 393.505 391.718 391.362 390.336 391.179 391.609 391.559 393.883 394.594 393.618 394.9 394.114 397.637 395.528 395.594 397.248 396.272 397.719 397.231 398.976 399.224 399.472 398.496 398.926 399.364 400.712 400.133 399.066 399.405 400.207 401.489 398.925 399.173 399.421 399.578 399.338 397.535 398.428 398.767 399.106 398.527 397.46 397.311 395.508 397.807 393.556 395.21 395.367 395.524 394.548 393.572 391.86 391.62 391.132 389.668 389.668 388.692 387.716
389.668 390.156 390.644 391.62 392.596 393.572 394.548 393.076 395.367 396.616 396.277 395.847 395.599 398.626 397.551 397.948 397.791 398.767 399.834 399.495 398.511 398.42 400.554 399.727 400.24 400.728 399.38 398.735 399.157 399.488 399.794 399.364 398.074 398.959 400.026 399.042 398.885 396.677 397.074 398.72 396.669 397.091 395.528 395.95 394.85 394.139 393.709 394.594 393.792 392.32 390.848 391.361 392.205 391.362 392.851 393.687 394.531 393.68 393.763 394.88 395.352 394.873 395.808 395.891 394.378 395.884 396.91 397.746 397.738 395.944 396.416 397.533 397.335 397.898 396.666 396.948 397.974 396.37 397.206 396.644 395.321 395.694 395.496 395.116 394.364 395.2 393.968 394.622 391.248 395.656 394.82 395.291 394.364 395.96 395.124 396.066 397.48 396.454 395.899 396.37 396.568 399.76 397.791 396.955 398.088 397.252 397.822 397.358 397.738 395.397 395.868 395.975 396.545 395.701 396.18 394.873 395.352 392.92 392.448 394.515 392.935 392.099 392.479 391.916 390.799 390.327 390.666 391.857 391.807 392.816 393.8 394.718 395.611 394.453 396.661 396.909 397.43 397.587 397.074 398.728 398.976 397.909 398.711 399.141 400.431 399.364 398.479 400.042 400.472 398.735 399.562 400.546 398.925 399.173 400.066 399.487 398.511 399.586 398.428 398.767 398.436 398.8 397.063 397.22 397.559 397.253 394.78 395.119 395.367 393.076 392.1 393.018 392.596 392.108 391.62 390.156 389.668 388.692 387.716 388.692 389.271 390.644 391.132 391.62 392.596 393.572 394.639 393.076 394.143 395.028 396.095 396.492 396.914 397.22 397.46 397.948 397.146 398.213 396.468 398.271 401.298 399.851 399.421 399.636 400.149 400.546 400.943 399.314 398.975 399.372 400.53 399.546 400.34 398.496 398.802 398.372 399.348 398.728 396.983 396.735 397.157 397 396.107 394.635 394.114 393.957 394.933 394.594 392.659 391.857 391.791 389.955 390.708 391.362 392.57 393.505 393.398 393.109 396.112 394.326 395.443 397.784 394.865 395.701 396.545 396.347 395.959 397.746 397.176 398.665 395.746 396.218 397.616 398.179 399.106 397.32 396.659 396.461 397.297 396.735 397.29 395.694 396.811 396.15 396.986 396.606 394.82 392.844 391.248 394.44 393.968 396.697 394.364 395.96 395.405 397.1 395.594 396.735 398.24 396.37 396.659 396.948 396.484 396.955 397.335 397.624 395.746 397.077 397.176 396.803 396.91 396.066 397.099 395.982 396.362 395.336 395.443 394.88 395.169 394.424 393.117 392.554 392.479 392.768 390.336 391.551 391.609 392.32 393.122 394.776 393.618 394.139 394.759 395.098 396.752 395.776 397.339 396.735 397.562 398.546 397.57 398.372 398.802 398.496 398.744 400.398 399.794 398.727 401.696 398.735 399.835 399.81 400.703 400.306 399.884 398.999 398.602 398.271 399.743 398.767 397.055 398.527 397.799 396.575 395.599 395.847 396.831 395.119 395.276 394.3 390.901 393.018 392.596 391.463 389.908 390.156 388.692 388.692 387.716
389.668 389.023 390.644 391.62 392.596 391.612 392.1 393.258 394.143 395.028 394.78 394.532 395.508 396.484 397.799 397.485 398.461 398.767 399.743 400.992 399.983 399.396 399.421 399.264 397.61 401.77 399.562 399.405 399.248 400.133 398.388 399.364 397.429 400.183 398.802 398.372 398.976 396.768 397.835 398.811 396.487 396.909 397.422 395.768 394.966 394.42 393.618 392.907 391.344 391.857 391.89 390.137 390.129 391.916 392.57 392.835 394.531 393.018 393.763 394.789 395.443 395.245 394.584 395.701 394.287 398.696 396.91 398.027 397.829 397.168 396.97 398.848 397.062 396.492 397.328 397.411 396.568 397.404 397.305 396.826 396.165 397.282 395.777 396.15 394.364 395.291 394.82 394.25 393.87 394.25 394.82 395.2 395.77 395.96 396.53 395.694 396.256 396.735 398.24 397.594 396.568 399.76 397.791 396.492 397.335 398.848 396.879 395.762 397.457 396.34 397.282 398.696 396.264 396.925 394.683 395.336 394.219 394.789 395.169 394.333 393.307 392.281 391.718 392.859 390.89 390.418 390.666 392.229 393.883 392.907 393.8 394.139 394.114 396.322 395.346 396.719 396.396 397.587 397.835 396.677 398.885 398.579 398.827 398.959 400.431 399.546 399.794 399.372 400.29 399.223 399.562 400.455 400.331 399.636 398.751 398.908 398.602 399.495 398.428 398.122 397.055 398.527 397.46 397.22 398.874 395.847 396.004 395.119 394.788 394.391 393.324 393.572 392.596 391.463 391.132 390.156 389.668 388.204 387.716 388.692 389.668 389.668 390.644 392.199 392.596 393.572 394.639 394.3 394.143 395.764 394.871 394.532 395.599 396.666 397.46 397.948 399.015 398.676 399.28 399.495 399.247 399.578 399.421 401.042 400.331 400.546 399.562 398.735 400.29 398.727 399.794 399.546 398.744 398.496 398.711 397.909 398.885 398.728 397.562 396.735 397.248 396.818 397.604 395.768 395.33 395.272 393.8 392.725 392.452 391.857 391.89 391.088 391.171 391.362 392.57 393.505 393.398 394.424 394.706 394.789 396.568 395.245 395.047 394.295 396.264 398.696 397.001 396.803 396.423 398.665 396.416 396.59 397.426 398.27 396.484 396.948 396.568 397.594 395.899 396.644 396.165 395.876 396.72 396.241 394.364 392.95 394.82 396.872 395.276 392.844 394.721 395.2 394.364 395.96 396.72 395.694 395.321 396.644 395.899 397.404 396.75 397.411 395.078 398.08 397.062 398.848 398.194 398.202 396.332 396.803 396.91 398.696 396.727 396.925 396.271 395.154 395.443 394.698 395.169 393.109 393.398 393.687 392.479 391.453 390.336 391.551 391.518 392.32 393.883 392.634 394.561 395.735 394.759 396.322 396.57 397.091 397.339 396.735 397.562 398.728 398.976 399.687 398.066 398.496 400.522 399.364 398.479 399.372 399.62 400.447 399.38 398.586 400.703 399.264 400.554 399.851 398.511 397.626 398.519 398.767 399.015 397.46 396.972 398.626 395.599 396.492 396.095 394.54 394.234 393.746 392.1 393.018 392.596 392.108 390.644 389.668 389.668 388.692 387.716
389.18 390.644 391.132 392.108 392.596 389.743 392.1 394.3 394.052 395.764 396.186 395.847 395.599 396.575 397.799 397.948 397.791 398.213 399.743 400.992 399.338 399.09 399.884 400.372 397.428 400.546 399.562 400.629 399.711 398.818 398.388 399.546 399.877 398.959 398.711 399.042 399.348 398.546 397.835 398.05 396.396 397.091 396.107 395.28 394.85 395.735 393.8 392.907 391.807 392.229 392.072 390.418 390.708 391.916 391.809 392.099 393.398 394.242 393.672 394.789 394.5 396.56 396.271 395.982 396.545 396.157 396.24 396.34 397.92 397.168 396.78 396.499 398.088 396.955 398.072 397.229 397.122 397.404 395.899 396.644 397.48 397.191 396.53 397.556 395.77 395.2 394.82 394.25 393.87 394.44 394.82 395.2 395.77 394.934 396.811 397.001 397.29 396.826 395.899 396.279 396.568 396.948 396.484 397.898 397.335 397.624 396.879 396.986 397.457 396.803 395.868 397.29 395.693 395.61 394.683 393.748 395.443 394.789 394.044 393.018 394.25 392.554 391.809 390.51 390.336 391.361 391.89 391.559 391.807 394.594 393.618 394.42 394.875 395.28 396.107 397.182 397.339 397.38 397.074 398.546 398.794 398.091 399.1 398.496 399.207 399.364 399.794 400.042 399.711 400.72 399.38 400.546 398.834 399.082 400.066 399.735 399.983 399.586 398.61 398.767 398.37 396.815 397.915 396.575 397.559 397.807 396.186 395.119 395.367 393.076 392.679 393.572 391.86 392.199 391.132 389.668 389.759 388.692 387.716 388.692 389.18 390.156 390.644 391.62 392.596 389.834 392.77 393.655 394.052 395.21 396.186 397.253 395.599 398.626 396.972 398.527 398.436 398.676 396.559 397.444 399.247 398.908 399.421 401.042 400.149 398.495 399.471 399.223 400.381 400.042 399.794 399.364 398.074 397.76 400.026 400.076 397.57 396.768 397.628 397.587 397.43 395.503 396.289 394.453 395.148 394.139 395.024 394.776 391.344 393.544 390.666 391.551 392.205 392.768 392.388 393.687 393.398 394.515 393.953 394.789 394.012 395.336 396.18 395.61 396.636 396.347 397.001 396.621 398.011 396.986 398.194 396.218 397.335 397.989 396.484 396.948 397.974 396.37 395.8 396.735 396.074 395.694 395.124 394.934 394.364 395.2 394.82 393.034 393.87 395.656 394.82 395.2 394.546 397.556 396.811 396.72 396.074 396.644 397.206 396.461 397.974 397.32 397.609 396.492 398.088 397.624 396.416 397.077 397.176 397.936 396.24 395.884 396.727 394.295 396.089 394.972 395.352 394.88 393.854 394.424 391.992 392.554 391.627 391.916 392.205 391.361 391.89 391.468 392.452 392.816 393.618 394.42 394.85 395.28 394.883 395.594 397.157 397.587 397.562 398.728 397.661 397.818 399.009 398.496 400.059 400.398 399.794 398.727 400.199 400.811 401.704 399.81 398.925 399.173 400.554 399.578 399.338 400.992 399.743 398.676 399.685 397.485 397.642 397.311 397.005 397.344 394.871 395.21 394.052 393.167 394.548 393.572 391.951 392.108 391.223 390.156 389.668 388.692 387.716
388.692 390.156 390.644 391.62 392.596 393.572 392.861 394.3 394.143 395.119 396.186 394.532 395.508 397.311 397.915 397.485 399.015 398.767 398.428 399.495 399.429 399.578 399.421 399.264 398.925 398.586 400.48 400.72 400.472 399.372 398.388 399.546 398.074 399.141 398.711 397.909 399.067 399.191 397.074 397.38 397.43 396.909 396.107 394.635 394.875 395.09 395.024 392.634 391.344 392.32 391.791 391.361 390.89 391.825 392.388 393.687 392.844 393.018 393.854 394.789 395.443 395.336 396.081 395.701 394.378 396.066 397.001 396.34 396.332 397.449 396.879 397.624 397.616 397.898 396.484 397.32 397.974 396.37 397.206 396.644 397.48 396.72 396.53 395.116 395.77 395.2 394.82 393.034 395.276 394.25 394.82 395.2 394.364 397.556 395.777 396.157 397.29 396.826 397.206 397.404 398.065 395.914 396.666 396.492 397.335 396.59 398.376 397.077 397.738 398.027 397.464 397.29 397.951 395.891 394.584 394.972 395.443 394.88 395.169 394.333 394.531 392.099 392.851 390.51 391.353 391.179 390.848 391.576 392.659 392.816 391.84 394.139 396.074 395.768 396.57 396.909 397.248 396.272 397.719 398.728 397.57 398.372 400.026 398.496 400.431 399.546 398.388 399.579 398.975 399.405 400.48 398.495 398.834 399.264 399.884 398.999 399.983 397.535 400.388 398.031 398.279 398.527 397.46 397.493 397.559 396.492 394.78 395.028 395.367 394.391 392.861 393.018 391.86 390.884 390.644 390.644 389.668 388.692 387.716 388.204 389.668 390.156 390.644 391.62 391.951 393.572 394.639 394.3 394.904 395.119 396.277 396.492 395.508 396.575 397.799 397.46 399.015 398.122 399.743 400.992 398.602 399.669 400.066 399.082 399.479 400.728 399.38 399.405 399.157 398.727 399.794 399.546 398.074 398.496 398.711 398.372 399.348 396.586 397.835 396.735 396.487 396.909 396.661 395.95 394.85 394.048 394.47 394.776 393.883 392.229 391.981 391.088 391.262 391.916 391.718 393.505 391.992 394.424 394.706 394.789 394.037 394.972 394.683 395.701 396.636 398.696 395.504 396.34 394.744 397.449 397.822 396.218 397.335 396.674 397.609 395.914 396.932 396.37 395.808 396.735 396.165 394.288 394.834 396.241 396.142 395.2 394.63 395.656 395.276 395.656 394.82 395.2 394.364 396.241 396.53 395.884 396.165 396.644 398.24 396.37 397.974 395.914 397.791 398.452 395.656 396.499 398.376 397.077 397.457 395.397 397.092 397.753 398.042 395.701 396.18 393.748 395.443 395.823 396.112 393.018 393.307 392.554 392.388 391.362 392.205 391.551 391.89 392.229 391.344 393.461 393.618 395.363 395.33 396.322 394.883 397.48 396.396 397.587 398.48 396.677 399.348 397.909 399.1 398.959 398.926 399.364 399.794 400.042 399.248 399.405 399.835 399.901 400.794 399.727 398.751 399.735 398.511 397.626 399.28 398.213 398.37 397.303 397.799 396.575 396.914 397.716 396.74 395.119 394.143 392.522 394.548 393.572 392.596 392.199 391.62 390.644 389.18 388.692 387.716
389.668 390.156 389.263 391.372 391.951 393.572 392.588 395.615 394.052 395.764 394.871 394.532 395.508 396.484 397.46 398.13 398.436 398.767 397.874 399.495 399.429 399.578 399.421 399.727 399.388 400.455 399.562 400.05 399.157 399.372 399.794 399.364 398.074 398.405 398.066 397.909 398.331 398.728 397.562 396.735 397.248 396.818 394.122 395.098 395.983 393.957 393.8 394.313 391.344 391.576 392.072 391.179 390.89 392.859 392.388 392.19 394.44 393.109 395.169 394.326 394.037 395.336 395.047 396.925 396.545 397.29 397.001 396.34 397.457 396.796 396.416 397.624 397.062 397.989 399.015 399.76 396.568 397.404 397.206 396.735 397.48 396.157 395.314 393.528 395.58 395.2 394.82 393.034 391.248 394.25 393.414 395.2 395.952 395.96 396.53 394.288 397.48 396.644 398.24 399 396.75 396.948 397.328 397.898 397.335 397.624 397.822 395.762 397.457 396.803 396.902 396.347 397.951 396.925 394.865 397.784 395.352 394.326 394.706 393.018 392.174 392.463 392.388 391.362 392.296 390.327 390.666 390.914 393.792 392.907 393.8 395.09 394.759 397.637 395.346 397.182 396.487 397.587 396.983 398.728 398.885 398.091 398.066 399.72 398.744 400.216 399.794 400.224 399.157 400.447 400.207 400.546 397.61 399.727 398.751 398.908 399.338 401.083 399.189 397.452 398.37 397.46 397.642 397.311 395.508 397.071 394.78 395.764 395.367 393.746 394.548 389.743 391.951 390.884 391.132 390.156 389.18 388.204 387.716 388.204 389.18 390.644 390.578 390.148 391.86 393.018 394.639 395.615 394.143 395.028 396.095 397.807 397.65 396.484 397.642 396.815 399.685 398.676 397.874 399.586 398.42 399.735 400.554 399.636 400.24 398.586 399.562 399.314 399.248 399.372 399.794 399.364 400.522 398.496 398.802 398.67 395.792 396.677 397.835 397.587 397.339 395.594 397.422 395.28 394.759 394.139 395.115 392.634 393.883 390.914 390.666 391.179 392.205 390.51 392.388 392.372 393.026 393.109 393.763 394.88 395.352 395.336 394.865 395.891 396.545 396.256 397.001 397.746 397.176 395.762 396.78 397.252 398.088 396.492 399.106 397.411 396.568 397.685 395.899 396.826 396.074 395.694 395.314 393.528 395.77 395.2 394.82 394.25 395.276 394.25 394.82 395.2 395.77 396.431 396.53 395.884 396.074 396.826 395.99 397.404 396.568 396.096 397.328 398.179 397.335 398.848 394.712 395.762 397.176 395.488 395.504 396.066 396.264 395.61 396.081 396.378 396.849 394.326 395.169 393.109 392.174 393.687 392.388 391.453 390.427 391.179 390.575 392.32 393.883 392.907 393.064 394.9 394.114 396.322 396.38 396.909 396.396 396.735 397.835 400.597 397.661 398.852 398.711 398.405 400.431 399.546 399.794 398.818 400.29 400.538 399.562 398.586 397.519 399.727 399.239 398.908 399.247 399.495 398.428 398.122 398.461 398.618 396.972 396.484 397.468 395.938 394.871 396.525 395.367 394.3 392.861 393.572 392.596 392.108 391.132 389.42 389.18 388.692 387.716
389.668 390.156 391.132 391.62 391.124 393.572 393.324 394.3 394.052 395.028 394.871 396.492 397.559 396.484 396.972 398.13 398.37 398.213 399.743 399.495 398.511 398.999 399.884 399.727 398.834 400.728 399.562 399.405 399.066 398.727 399.794 400.216 398.744 401.68 399.1 398.091 397.57 398.728 397.653 396.735 397.248 396.818 395.346 395.098 395.611 395.272 394.561 391.476 391.344 391.857 390.385 390.046 390.336 390.51 391.718 392.099 391.992 394.143 393.763 394.88 393.739 396.56 395.047 395.982 396.264 396.066 395.595 396.34 397.457 396.796 397.822 396.218 397.062 398.08 395.078 396.948 396.841 396.279 397.206 396.826 397.48 395.694 396.53 396.15 395.77 395.2 394.82 392.844 393.87 394.25 394.82 396.697 394.546 393.528 395.496 394.288 396.074 396.644 397.206 397.404 397.122 395.914 397.328 396.955 397.616 397.252 396.416 397.077 397.176 396.803 397.183 395.123 395.602 396.925 394.865 395.336 395.443 394.88 394.044 393.572 393.398 392.19 392.388 391.916 392.114 389.194 390.484 391.857 393.883 394.776 393.8 395.363 394.759 395.28 395.528 397.091 397.248 396.735 397.835 400.597 398.976 399.133 398.802 398.496 400.522 400.216 399.794 400.224 400.29 400.538 399.562 400.455 400.794 399.264 398.751 399.735 398.511 400.992 399.371 398.213 397.791 397.485 398.56 396.666 395.508 395.938 396.186 395.764 394.143 393.837 391.455 393.572 392.596 392.108 391.711 389.511 389.18 388.204 387.716 387.559 388.717 389.668 391.223 391.62 391.951 393.572 393.415 394.3 395.276 395.028 394.871 394.532 395.508 396.666 397.46 397.485 398.37 400.082 397.874 400.992 399.429 398.999 399.421 399.173 399.479 400.546 399.562 399.314 400.563 400.042 399.794 399.546 398.926 398.959 398.066 399.224 398.976 398.728 398.943 397.38 397.339 397.48 396.843 393.808 394.759 395.181 393.618 392.725 391.807 392.229 391.89 390.418 391.262 392.768 392.479 392.463 392.935 393.018 393.672 394.88 395.443 394.302 396.081 395.701 396.636 396.347 397.183 397.746 396.514 397.168 396.879 398.848 397.616 397.989 399.106 396.948 396.568 397.685 397.206 396.644 395.321 395.694 395.314 393.528 394.546 395.2 394.82 394.25 393.87 394.44 394.82 395.2 395.77 395.96 395.124 395.876 397.48 396.826 395.808 396.461 397.974 395.914 395.26 397.228 397.335 397.624 398.194 395.762 397.457 396.803 397.183 396.157 397.951 395.701 394.774 395.336 394.219 394.599 393.763 393.961 392.174 393.505 392.942 391.064 390.89 390.418 392.552 392.229 391.162 392.816 393.8 394.42 394.85 395.95 395.412 397.736 396.396 397.405 397.835 398.728 397.661 399.224 398.066 398.405 398.074 399.546 399.794 400.224 399.711 398.735 399.562 398.586 400.794 399.173 399.421 399.76 399.983 397.535 397.965 398.767 398.461 398.13 397.642 396.575 397.468 394.532 396.74 395.028 394.904 395.524 392.1 391.612 393.266 391.62 391.132 390.644 389.362 387.716 387.716
389.668 389.511 391.132 391.62 392.596 393.018 394.548 393.746 394.143 395.764 396.095 397.253 397.65 396.666 397.799 398.527 397.791 398.213 398.519 397.626 398.602 399.396 399.396 399.727 398.834 398.495 400.298 399.405 400.29 400.042 398.479 399.819 400.522 398.405 398.711 397.909 399.348 398.728 397.719 397.587 397.157 395.958 395.346 395.189 394.759 395.181 391.84 393.552 391.344 392.32 390.575 391.361 390.427 391.362 391.718 392.835 393.117 394.515 394.706 394.599 395.443 396.378 396.081 395.701 395.693 396.438 397.464 397.746 397.92 397.358 397.822 397.624 398.088 397.898 395.26 397.411 397.974 396.37 397.206 396.735 396.074 395.694 396.53 393.528 394.364 395.2 394.82 394.531 393.68 394.25 394.82 393.984 394.364 393.528 395.496 395.694 395.321 396.644 395.8 396.37 398.065 395.914 397.609 396.492 395.656 396.499 398.194 397.077 397.176 395.951 396.24 395.032 397.008 395.519 394.865 395.245 396.849 394.88 395.169 394.242 393.398 393.505 393.794 392.768 390.708 391.179 391.981 391.741 391.344 392.907 393.618 394.42 396.074 393.808 394.122 397 397.157 397.587 399.034 398.728 397.57 398.091 398.711 399.141 397.429 399.819 399.794 399.951 399.066 399.405 399.471 401.125 399.388 399.264 400.554 399.578 399.338 399.495 399.925 398.767 398.461 397.485 396.972 397.402 395.508 395.938 394.78 395.028 396.682 394.391 394.548 391.612 391.86 390.975 391.132 390.156 389.18 388.692 387.716 388.692 388.535 390.156 390.487 392.108 391.86 393.572 394.548 395.615 394.143 396.5 396.831 397.807 395.508 396.484 398.287 398.13 398.37 398.767 399.743 397.535 399.338 399.851 399.396 400.372 398.834 399.81 399.562 399.405 399.157 399.579 400.456 399.364 400.431 398.959 398.802 399.687 397.57 400.043 397.744 396.735 396.396 395.594 395.528 395.768 394.85 394.42 393.709 392.816 391.344 394.768 391.981 389.955 391.262 391.916 392.479 393.505 391.992 393.68 395.169 394.88 393.739 395.245 394.592 396.925 396.545 397.753 395.959 397.746 397.457 398.665 397.822 396.59 397.062 397.228 397.328 397.692 396.568 399 397.206 396.826 396.074 396.72 395.314 397.556 396.986 395.2 394.82 394.44 393.87 392.844 393.414 395.2 395.952 397.556 395.496 395.694 396.074 396.826 395.8 396.37 396.659 397.32 397.328 397.898 397.062 397.624 397.822 397.077 397.176 398.027 397.001 396.347 396.545 395.701 396.081 395.154 396.568 394.326 394.706 394.143 393.398 393.505 392.479 391.064 390.708 389.864 391.609 391.857 392.196 392.725 394.47 394.42 395.512 395.95 396.661 395.594 397.248 396.735 396.983 400.506 397.661 399.042 399.935 401.68 400.431 400.216 400.439 400.133 399.066 400.629 399.562 401.952 399.479 399.727 399.421 399.578 398.42 399.495 399.371 398.767 399.594 397.303 396.972 398.047 395.508 395.847 394.78 395.028 394.052 393.746 394.548 393.572 392.596 390.884 390.644 390.644 389.18 388.204 387.716
389.668 390.156 390.644 390.975 391.951 391.612 392.77 393.076 394.052 395.119 394.871 396.492 395.599 398.626 397.46 398.775 398.461 398.767 399.743 399.495 400.562 399.487 400.554 399.727 400.149 398.404 399.38 400.811 398.975 400.133 398.388 399.083 398.074 398.405 398.802 397.909 399.067 396.677 397.719 396.735 396.487 397.554 394.767 395.768 395.33 395.181 393.618 392.907 391.807 391.857 391.336 391.179 392.296 391.453 392.57 392.19 394.341 393.68 394.044 395.823 395.443 395.336 396.271 395.61 397.951 396.157 396.91 397.746 396.423 397.168 398.194 396.59 397.062 397.989 397.609 395.914 397.966 396.37 398.24 396.644 397.48 395.694 396.811 396.522 396.986 395.291 394.82 395.656 393.68 394.44 394.82 395.2 394.364 396.613 395.124 396.72 396.165 396.826 395.808 396.37 397.974 396.948 396.484 397.898 397.062 396.78 398.103 395.762 397.92 396.34 397.183 398.696 397.099 394.758 394.774 396.56 395.443 392.92 393.763 393.018 392.935 393.687 391.627 392.768 390.89 390.418 392.552 392.32 391.344 394.594 395.024 394.42 394.85 395.007 394.883 396.818 395.842 396.735 397.835 398.546 399.348 398.091 398.711 398.959 400.431 399.546 399.794 398.727 400.472 400.72 401.522 400.546 399.57 399.264 400.645 399.578 398.511 399.495 398.428 398.122 399.594 397.46 398.56 396.575 397.559 395.847 396.095 395.119 394.143 394.3 394.548 393.572 392.596 391.62 391.132 390.156 389.18 388.783 387.716 388.204 389.668 390.644 390.396 390.884 391.951 393.018 391.455 395.615 395.276 395.028 394.871 395.847 397.559 396.484 397.642 398.618 399.015 396.807 398.519 397.535 401.389 399.396 400.066 399.727 400.703 398.404 399.471 399.405 399.066 400.042 400.53 399.083 398.926 401.68 399.935 400.076 397.57 397.322 397.562 397.38 396.487 395.503 396.661 394.635 395.148 393.866 393.8 393.552 393.883 392.32 392.072 391.642 390.336 391.064 391.809 393.687 392.935 393.961 395.169 395.823 395.443 395.154 396.081 395.61 396.264 395.123 396.91 397.746 397.176 398.665 396.879 397.533 397.062 396.492 397.791 397.411 397.974 397.404 397.206 396.644 396.165 394.288 396.53 396.15 395.58 395.2 393.596 395.656 395.276 394.25 394.82 395.2 395.58 393.528 396.811 395.694 397.29 396.826 397.206 396.37 398.346 395.914 396.484 396.955 397.335 398.658 397.822 397.168 397.176 397.746 397.001 395.123 397.099 396.164 396.362 394.211 395.443 392.92 393.763 393.68 393.398 392.281 391.809 391.362 390.89 390.137 390.575 392.32 392.196 392.725 393.618 394.42 395.52 395.007 396.479 396.818 397.43 397.587 397.628 398.546 397.57 398 399.935 398.959 398.074 400.398 399.794 400.133 400.29 399.405 399.719 398.495 399.479 399.173 400.066 398.999 399.338 400.992 396.468 398.767 399.685 398.436 396.972 397.402 399.056 397.253 394.78 395.764 394.788 393.076 393.415 393.572 391.86 391.372 391.132 390.156 389.18 388.692 387.716
389.18 390.247 391.132 392.108 392.596 391.612 393.324 393.167 394.052 395.028 396.277 395.847 398.783 396.575 397.642 397.46 397.7 398.304 400.016 397.626 400.562 399.396 400.066 400.397 399.388 398.495 399.744 399.405 400.472 400.133 398.388 399.364 399.877 398.959 398.711 398.372 398.976 397.231 397.562 396.735 397.248 397 395.346 393.808 394.85 394.048 393.8 392.816 391.807 391.857 391.89 389.773 390.708 391.916 391.718 392.372 392.174 394.424 393.953 394.789 395.443 395.154 396.081 396.925 396.264 396.256 397.001 396.414 397.457 397.168 396.416 397.624 397.062 398.179 397.328 396.948 397.974 396.37 395.808 396.917 397.48 397.1 396.72 396.15 395.77 395.2 394.82 394.25 393.87 394.44 394.82 395.2 394.546 395.96 395.124 396.066 397.48 396.644 397.206 396.279 396.568 396.948 397.328 396.674 397.335 398.848 397.822 397.168 396.332 396.34 397.183 396.157 396.355 395.61 396.18 396.378 395.162 394.326 396.112 394.333 391.992 392.281 391.536 392.768 390.799 391.551 392.072 392.32 392.568 392.634 393.618 394.9 394.759 394.544 396.479 396.818 397.157 398.811 397.719 397.231 398.976 399.224 398.711 398.959 399.968 400.398 400.712 398.818 399.157 399.314 399.471 401.489 400.331 399.082 399.421 399.578 400.744 397.444 399.743 399.412 397.791 398.039 397.46 397.311 395.599 395.847 396.095 396.434 394.052 394.3 393.324 391.612 392.596 390.884 391.62 390.644 389.668 388.204 387.716 388.692 389.18 390.644 391.62 392.108 391.951 393.572 392.1 394.391 394.052 395.028 394.78 396.492 397.559 396.575 397.642 397.303 398.436 396.898 398.428 400.992 398.602 399.851 400.554 399.082 399.479 401.952 399.562 398.735 400.29 400.133 399.794 399.546 398.074 401.68 398.066 399.687 399.348 396.586 397.835 397.587 396.487 396.818 396.289 393.808 395.52 394.9 395.024 392.725 393.883 391.468 391.336 388.549 390.336 390.973 393.794 392.554 393.307 393.572 395.169 394.88 393.739 395.154 397.024 395.428 396.264 396.157 396.91 397.746 397.457 397.077 397.822 396.689 397.616 397.898 397.89 399.76 398.065 396.37 395.808 396.826 395.048 395.694 395.124 393.528 395.861 395.2 394.82 393.216 393.87 394.25 394.82 393.984 394.364 396.241 395.124 397.001 396.074 396.644 398.24 397.404 397.974 395.914 397.328 397.989 398.088 396.59 398.194 397.259 397.176 396.596 397.001 398.696 396.636 397.206 396.271 395.154 395.352 394.698 394.044 393.109 394.531 392.19 391.809 391.064 392.114 391.179 391.791 393.544 391.807 393.552 393.8 393.957 395.512 394.453 395.528 395.594 397.339 396.735 397.562 398.546 398.976 398.372 398.066 398.496 400.522 399.364 398.479 400.224 400.29 400.538 400.48 400.728 400.794 399.264 399.884 399.735 399.247 398.18 399.743 398.213 399.015 397.948 399.114 396.575 395.508 396.492 395.516 395.028 394.143 394.391 394.548 393.572 391.86 391.463 391.62 390.156 389.668 388.204 387.716
389.668 390.156 390.487 391.463 392.596 391.703 392.679 395.706 394.904 395.028 393.556 397.253 395.508 396.666 397.063 397.46 398.436 398.676 397.874 399.495 398.511 398.354 398.66 399.082 399.479 399.81 400.48 399.405 398.975 399.372 399.794 398.504 400.522 398.959 398.802 398.67 397.661 396.586 397.719 397.587 397.248 396.719 394.122 396.322 394.114 394.627 391.84 392.907 393.701 391.857 390.575 389.955 390.799 391.064 393.794 392.554 393.117 394.424 393.763 392.92 395.443 396.378 396.081 395.701 396.355 397.753 397.282 397.936 397.829 397.077 398.103 398.848 397.335 397.898 399.106 397.32 398.065 396.37 395.808 396.454 397.48 395.694 395.314 395.116 395.58 395.2 394.82 394.44 393.87 393.034 394.82 393.984 395.861 395.116 396.53 395.876 396.165 396.644 398.24 397.685 396.568 396.948 395.26 396.674 397.062 396.218 396.78 396.986 397.457 395.951 397.464 396.438 398.042 395.428 396.081 395.336 395.352 394.88 393.763 393.68 393.398 392.19 392.57 392.859 392.205 391.642 391.609 390.914 393.883 391.476 393.618 394.42 396.074 395.768 396.752 396.818 396.669 396.735 397.074 397.231 399.067 398.852 398.802 398.405 400.431 399.364 398.479 399.951 400.472 399.405 400.207 398.495 398.834 399.082 399.421 398.445 399.247 399.495 398.519 398.767 397.791 397.46 396.972 397.402 395.508 394.532 396.095 395.119 394.143 394.3 394.548 393.572 391.951 392.108 390.644 390.156 389.18 388.692 387.716 388.692 389.668 389.668 391.132 391.62 391.951 393.572 393.324 393.928 395.276 395.119 394.871 396.492 397.65 396.484 396.972 396.815 399.106 397.452 398.519 399.495 398.511 398.42 399.421 399.264 398.834 398.495 400.298 399.405 399.157 399.372 399.794 399.546 400.522 400.274 398.711 399.042 398.976 398.728 397.653 396.272 396.487 397.273 395.346 397.728 396.074 395.181 393.618 393.552 391.807 392.229 390.575 389.955 391.353 391.916 392.479 393.505 392.637 393.018 393.854 394.88 395.443 395.154 394.774 395.891 395.784 396.347 397.464 398.027 396.423 398.665 396.78 396.218 397.062 397.989 395.26 396.948 396.932 396.37 397.206 396.644 397.571 394.288 396.53 393.528 395.77 395.2 394.63 394.622 393.87 394.44 394.82 395.2 395.861 395.116 395.314 395.694 397.48 396.826 395.808 396.461 398.065 396.948 395.078 397.989 397.062 397.533 398.194 397.168 397.92 398.027 395.504 396.347 396.727 397.297 394.865 395.336 393.739 394.88 396.112 393.68 391.992 392.19 391.718 391.246 390.89 389.194 391.89 391.576 391.807 393.552 393.8 394.139 395.611 397.083 397.604 396.909 397.157 396.735 397.835 396.677 397.57 398.372 398.066 400.183 400.522 399.546 398.388 398.818 399.157 399.314 399.38 400.546 400.24 400.397 400.066 398.908 398.511 398.18 398.428 398.676 399.106 398.618 397.915 396.484 395.69 397.807 396.74 395.21 394.052 394.391 394.548 393.018 391.86 391.62 389.999 390.644 389.668 388.204 387.716
389.18 390.735 391.132 392.687 392.596 393.018 394.639 394.3 395.367 396.434 396.186 397.807 395.508 396.575 397.46 397.46 399.015 398.767 398.428 397.535 398.42 399.578 399.884 399.264 398.834 398.495 399.744 400.72 399.248 400.133 400.712 399.546 398.074 400.274 398.711 399.315 398.885 398.728 397.074 397.587 397.339 396.818 396.752 394.453 394.875 395.363 395.024 393.552 393.792 391.468 391.89 389.955 392.114 391.916 391.809 392.372 392.844 393.68 395.169 392.92 395.352 395.336 396.081 394.758 396.264 398.696 397.001 396.712 397.457 397.077 398.103 396.59 397.335 396.955 396.666 398.354 396.932 397.594 397.305 396.644 397.48 396.157 395.686 396.15 395.58 396.606 394.82 394.44 393.87 394.25 394.82 395.2 394.364 395.96 396.53 396.72 396.074 396.644 398.24 396.37 396.568 396.948 397.328 397.989 397.616 396.218 397.822 397.259 396.332 398.027 397.936 395.884 396.264 395.428 394.584 394.972 395.443 392.92 393.763 393.018 393.307 392.281 392.388 392.768 392.296 391.179 392.552 391.468 393.883 394.776 393.982 394.9 394.759 395.95 395.346 397.554 397.248 398.629 397.835 398.728 397.479 398.091 399.472 398.959 400.431 399.546 399.794 398.727 398.975 399.496 399.562 399.81 400.24 399.264 398.751 399.396 398.693 399.495 400.388 398.213 397.791 397.485 397.46 396.666 395.599 397.807 396.186 395.028 394.052 395.615 393.324 393.572 391.951 390.884 389.999 390.156 389.668 388.204 387.716 388.204 388.535 389.511 389.999 390.239 391.86 393.572 392.77 393.076 395.367 395.028 396.095 395.938 397.468 396.575 397.642 397.485 397.791 398.122 398.519 401.364 400.835 399.09 400.066 399.727 399.388 400.728 399.38 399.405 399.711 398.818 400.456 400.216 400.431 399.72 399.009 398.67 398.422 396.586 397.835 396.735 397.43 395.594 394.883 394.635 396.074 394.42 394.379 392.907 391.344 392.32 391.89 390.418 391.353 391.453 391.627 392.099 393.307 394.424 393.672 392.92 395.352 395.154 396.362 396.925 396.264 396.066 397.183 395.488 397.176 395.762 396.97 396.59 397.335 396.492 395.078 397.32 397.974 397.404 395.899 396.826 396.256 397.1 395.959 396.15 394.364 395.2 394.911 395.656 393.87 394.44 394.82 395.2 394.364 395.116 395.124 395.876 397.48 396.644 397.206 397.685 396.568 396.948 397.791 396.955 397.062 396.59 396.879 396.986 394.744 397.746 395.595 396.628 396.264 396.925 394.865 394.873 395.443 394.789 393.763 392.927 392.844 393.505 393.794 391.916 390.708 390.418 391.518 392.32 392.196 392.725 395.115 393.775 394.759 397.637 396.843 395.594 396.669 396.735 397.835 397.322 398.976 398.372 398.711 398.959 398.926 400.398 398.479 400.133 400.472 399.38 399.471 398.404 401.348 399.264 399.421 398.999 399.983 397.626 400.388 397.452 398.436 397.948 396.972 397.311 396.914 397.807 396.74 395.119 395.367 394.3 394.548 393.572 392.596 391.62 391.132 390.156 389.668 388.692 387.716
389.668 390.156 391.132 391.62 391.86 393.018 394.548 393.746 394.143 395.028 396.095 395.938 396.914 398.626 396.484 397.303 397.791 399.412 399.371 399.586 398.511 398.999 398.751 400.397 399.479 400.728 399.835 399.223 399.157 399.372 399.885 399.364 398.926 398.314 398.711 398.67 397.57 398.546 397.835 398.72 396.396 396.818 396.661 395.768 394.759 395.363 393.8 393.552 391.344 392.502 390.848 390.418 391.171 391.362 392.388 392.19 394.341 394.424 393.953 394.789 395.352 395.336 394.683 395.701 396.545 396.066 397.183 396.803 397.829 398.202 396.97 397.533 397.335 397.898 397.328 396.948 398.346 397.685 395.8 396.454 395.321 396.066 396.811 393.528 395.58 395.2 394.82 394.25 393.87 394.44 394.82 394.166 394.546 395.96 396.811 396.066 395.048 396.454 398.24 397.404 396.568 397.32 397.609 396.492 397.335 397.252 396.879 395.762 397.068 396.803 395.595 398.696 396.264 394.295 396.18 395.154 394.219 394.789 393.672 393.018 391.992 392.281 392.57 391.916 392.296 390.418 390.848 392.229 392.196 392.725 393.618 394.718 395.338 396.322 395.528 397.273 396.396 398.72 397.074 396.677 398.976 397.818 399.472 398.496 400.431 399.364 399.794 400.224 399.711 398.735 399.562 398.495 399.388 399.727 398.751 399.487 398.602 399.495 399.371 398.767 397.7 398.436 398.287 396.575 397.559 396.492 396.74 396.434 394.052 394.3 394.548 393.572 391.951 392.687 389.999 390.156 389.668 388.692 387.716 388.692 388.535 390.644 391.223 390.884 391.951 389.743 394.639 393.928 394.143 395.028 396.831 396.492 395.599 396.575 397.46 397.948 397.7 396.898 399.743 399.586 398.511 399.578 399.512 399.173 400.703 398.495 399.835 400.05 399.711 400.042 398.388 399.819 398.074 398.959 398.711 398.372 397.57 396.586 399.034 398.05 396.487 396.818 396.57 396.231 394.759 396.124 393.618 394.594 393.883 390.914 391.791 390.327 391.171 391.453 391.809 393.505 393.398 393.961 393.672 394.789 394.037 395.154 395.047 396.925 396.727 395.032 395.595 397.936 397.176 396.986 396.416 397.624 397.335 396.955 396.484 397.411 396.932 396.279 398.24 396.644 395.321 397.1 395.405 396.241 395.58 395.2 394.82 393.034 393.68 394.25 394.82 395.2 395.58 395.96 395.405 395.694 396.074 395.511 397.305 396.37 397.974 396.948 395.26 396.674 397.335 397.533 395.746 397.077 396.332 396.803 397.183 395.032 395.693 395.891 394.865 395.063 395.443 394.607 393.672 393.018 391.992 392.19 392.57 391.453 391.171 391.088 390.203 391.857 393.883 392.907 393.8 396.124 395.611 394.453 396.57 396.818 397.157 398.72 397.38 396.768 398.976 399.315 398.711 398.959 398.744 399.364 399.885 399.579 401.605 398.735 399.471 400.546 399.388 399.727 399.884 398.908 402.704 397.535 400.388 398.767 399.106 398.436 397.46 396.484 398.874 397.162 396.186 395.028 395.367 393.746 394.639 393.018 392.596 391.62 389.908 389.023 389.668 388.692 387.716
389.668 390.644 390.644 391.62 392.596 390.388 392.679 394.391 395.276 395.119 396.831 394.532 397.559 396.484 397.063 398.13 398.279 398.122 400.388 397.535 399.247 399.09 399.421 399.173 400.885 399.81 399.653 398.735 400.472 399.372 398.388 399.364 400.522 398.405 399.1 397.909 398.976 396.677 397.835 396.735 396.024 395.776 396.661 395.189 395.611 393.775 393.709 393.552 393.883 392.229 391.89 390.418 391.262 390.51 392.479 393.505 394.531 394.515 393.672 394.607 395.443 394.211 395.047 395.428 395.784 395.123 397.001 396.34 397.176 398.665 396.879 396.59 397.062 396.492 399.015 397.411 396.568 396.37 398.24 395.42 397.48 395.876 396.53 396.241 395.861 392.95 394.82 394.44 393.87 394.44 393.877 395.2 394.364 394.934 396.53 395.694 396.074 395.42 398.24 397.404 396.568 398.354 399.106 397.228 397.616 396.59 398.103 397.077 397.176 397.746 396.91 395.975 396.636 395.982 396.362 395.154 395.443 395.823 394.706 393.018 394.622 392.372 392.57 391.916 391.353 391.179 391.89 392.32 391.344 392.816 394.379 393.957 395.338 396.322 396.752 395.594 397.157 397.587 397.074 399.191 398.976 398.091 400.026 398.959 400.522 399.546 400.456 400.224 398.975 399.405 399.719 399.81 400.24 399.727 399.421 399.09 398.42 397.535 399.743 399.412 398.279 397.948 396.972 396.484 395.599 396.492 396.277 395.21 396.682 394.3 392.679 393.572 392.596 390.884 389.999 389.42 389.668 388.692 387.716 388.692 389.18 389.668 391.132 391.463 391.951 393.572 394.548 395.524 394.234 395.764 396.095 395.847 398.783 396.575 397.063 398.436 398.461 400.082 399.834 399.495 399.983 399.396 400.645 399.727 398.925 398.495 399.562 399.405 399.248 398.727 400.53 399.364 398.744 398.959 398.711 398.372 398.976 398.728 398.48 397.587 396.487 396.818 395.528 393.808 394.85 394.139 391.84 394.776 392.105 391.468 390.666 391.361 390.89 392.768 392.479 392.463 394.531 393.961 395.169 394.88 394.219 394.972 394.592 396.925 396.545 397.29 397.183 396.803 397.738 399.608 398.194 397.252 395.656 398.179 397.609 398.354 397.122 399 395.899 396.644 395.048 395.694 396.53 396.241 395.861 395.2 394.63 394.44 395.276 393.034 394.82 395.291 394.364 396.15 395.496 397.1 397.48 396.454 397.305 397.404 396.659 399.76 397.609 396.492 397.335 396.218 396.788 398.665 397.457 398.027 397.183 395.884 395.784 395.61 395.047 395.245 395.352 394.326 393.945 393.018 394.341 393.505 391.809 390.51 390.038 391.179 391.89 392.229 391.807 393.552 393.8 394.139 394.114 395.098 396.198 396.909 397.157 397.38 397.719 398.728 398.976 398.372 400.026 398.959 398.074 399.364 399.794 400.042 399.248 399.223 400.48 398.495 400.149 399.173 399.421 399.578 399.429 399.586 399.743 398.767 398.436 397.46 397.799 397.311 395.508 397.716 396.095 395.855 395.367 394.391 394.548 393.572 392.596 390.884 391.132 389.668 389.759 387.559 387.716
388.692 389.668 389.263 392.199 391.397 389.834 393.324 393.076 394.052 395.119 396.095 396.492 395.599 397.311 396.972 397.46 397.791 398.767 398.519 397.535 399.429 399.735 400.554 399.727 401.348 398.586 399.38 400.72 400.381 400.042 399.794 399.819 398.074 398.959 400.026 398.372 397.479 396.586 397.835 397.405 396.487 396.909 396.388 394.453 394.759 394.9 394.561 393.552 391.807 391.559 391.89 391.551 390.336 392.768 391.627 392.099 393.117 393.961 395.169 394.789 395.443 395.336 397.024 395.61 397.008 396.066 397.183 395.488 397.738 397.168 396.788 397.624 397.062 398.452 397.609 397.411 397.974 396.37 397.206 396.454 397.48 396.066 395.496 395.116 394.364 395.2 394.911 393.034 393.87 393.125 394.82 394.075 395.58 395.96 396.811 395.884 397.48 396.917 398.24 397.685 396.94 395.914 399.106 398.179 397.335 396.218 398.194 397.259 397.457 396.803 396.24 396.347 397.099 395.61 396.271 395.336 395.443 394.88 393.854 393.109 394.531 393.505 391.718 390.51 390.038 391.551 392.072 392.32 393.883 393.552 393.618 395.942 396.074 394.544 394.122 397.273 397.248 396.735 397.835 396.768 398.976 399.687 398.918 401.68 398.744 399.546 400.456 398.818 400.29 398.735 399.562 399.81 399.479 399.727 399.421 398.999 398.511 400.992 398.428 398.767 398.436 398.436 397.46 396.575 396.914 396.492 396.277 396.434 394.052 395.615 390.901 393.572 391.397 391.62 389.999 389.668 389.18 388.692 387.716 388.692 389.668 390.156 391.223 391.62 391.951 393.572 392.588 395.615 395.367 395.028 394.871 394.532 398.783 396.484 397.063 398.13 399.685 398.213 396.65 401.364 398.602 399.578 399.421 399.082 398.925 398.586 399.38 399.405 399.066 400.042 400.158 399.364 398.744 400.274 398.802 398.579 398.976 396.677 397.744 398.72 396.487 397.554 397.604 395.768 394.85 394.139 394.933 394.776 392.196 392.229 390.666 391.642 390.427 391.916 391.718 392.19 392.637 394.333 393.953 394.789 395.352 395.154 396.089 395.701 396.264 395.884 396.91 395.951 397.92 397.449 397.822 397.624 397.616 396.674 397.609 397.32 397.122 397.685 395.899 396.644 397.48 395.694 396.53 396.15 394.364 393.984 392.008 392.844 395.276 394.25 393.414 394.166 394.364 396.241 396.53 397.282 395.321 396.644 395.808 396.37 396.568 397.692 397.609 396.492 397.062 397.252 396.78 395.762 394.744 395.951 397.183 396.256 396.727 395.982 394.683 395.154 394.012 394.88 392.448 394.143 394.341 392.099 392.388 391.916 391.262 389.955 391.03 392.32 392.105 394.594 393.618 394.42 394.759 395.95 396.479 396.818 397.248 397.587 397.074 396.677 398.976 398 398.711 398.496 398.074 400.398 399.794 400.042 399.066 399.38 399.653 400.546 400.976 399.636 398.751 399.578 399.338 401.455 399.834 398.122 398.461 397.948 397.642 400.123 397.559 397.716 393.556 395.119 395.276 394.391 394.639 391.794 391.215 391.554 390.644 389.668 389.668 388.692 387.716
389.759 389.511 390.644 392.199 392.596 393.572 393.324 393.746 394.052 395.855 396.004 395.847 396.914 399.362 397.642 398.527 397.791 398.213 399.371 400.992 400.562 399.735 398.751 399.727 401.348 398.495 399.835 400.447 400.29 400.133 399.794 399.364 398.074 399.05 398.711 399.133 398.976 398.728 397.719 396.735 397.157 395.412 396.57 395.768 394.759 395.09 394.933 392.907 391.807 391.857 391.336 391.179 392.296 391.916 391.627 392.099 394.25 393.961 395.169 394.599 394.219 395.154 396.271 395.61 396.818 396.347 397.001 395.488 394.744 397.168 396.78 398.848 397.335 397.989 397.791 396.948 396.75 396.37 398.24 396.644 396.165 397.1 395.405 395.96 395.58 395.2 394.63 392.844 393.87 394.531 394.82 395.2 395.77 393.528 395.124 395.694 395.321 396.644 397.297 397.404 396.568 396.096 395.078 397.989 398.088 396.59 397.822 398.202 397.176 396.34 395.504 396.628 396.264 395.701 394.865 396.56 395.352 394.789 393.953 393.018 393.398 393.687 391.809 392.768 390.799 389.773 391.89 393.544 393.883 391.476 393.8 394.9 394.85 395.28 396.479 396.818 397.157 398.72 398.298 397.413 397.57 397.909 398.802 398.959 398.744 399.546 398.479 399.372 399.157 399.405 400.207 399.81 398.834 399.727 399.603 399.578 399.247 397.626 400.016 398.767 397.791 397.46 397.46 397.493 395.599 397.807 394.871 395.028 395.367 393.167 392.679 393.572 392.596 391.62 391.132 389.668 389.668 388.692 387.716 388.692 389.18 389.511 391.132 391.62 391.86 393.572 394.548 393.076 394.143 395.764 394.78 397.344 397.559 396.484 397.46 396.815 398.436 398.767 397.874 399.495 398.511 399.851 399.396 399.173 400.885 401.307 399.562 400.629 398.975 400.224 399.794 399.546 400.431 398.959 399.472 397.909 397.57 398.546 397.471 396.272 396.487 397.48 395.528 396.231 395.33 394.42 393.618 394.594 391.344 392.229 390.575 389.194 392.205 391.064 391.718 392.554 394.531 393.961 392.448 394.88 395.443 394.873 397.024 395.61 397.099 396.347 395.868 396.803 397.176 395.762 396.97 398.848 395.656 396.492 396.484 397.411 396.75 396.37 395.808 396.917 396.074 397.1 395.405 396.241 395.77 396.697 393.786 394.44 393.87 394.25 394.82 395.2 394.364 393.528 396.53 395.694 397.48 396.454 398.24 396.37 397.974 397.32 397.328 396.748 397.062 396.218 398.194 396.986 397.176 397.746 395.504 398.696 396.264 395.701 396.362 396.378 395.443 394.88 393.763 393.68 394.44 393.505 393.794 391.064 391.353 391.361 391.609 391.468 391.344 392.907 393.8 394.048 395.611 397.728 396.57 395.776 397.157 396.735 397.835 398.728 398.976 398.852 399.1 398.496 398.074 400.216 399.794 400.224 399.066 400.538 399.562 400.455 400.976 401.042 399.396 399.735 398.602 397.444 396.468 398.213 398.436 397.46 397.46 397.493 395.599 397.807 396.74 395.119 394.052 395.524 394.548 391.612 391.86 390.884 391.223 390.644 389.18 388.204 387.716
389.18 390.644 390.644 391.62 393.266 391.612 392.588 393.167 394.052 395.119 394.78 397.716 395.508 398.808 397.642 397.485 398.279 398.767 399.371 399.495 398.602 399.851 399.396 399.264 400.794 401.952 399.562 399.314 399.711 398.727 400.158 399.819 400.522 400.274 398.711 399.224 397.661 398.728 397.835 396.272 397.157 395.776 396.843 397.637 394.85 394.42 395.024 394.776 393.883 393.544 390.203 391.361 390.336 390.51 392.57 393.505 392.174 394.515 393.763 394.88 395.443 395.154 396.081 396.925 396.545 396.438 397.183 397.936 396.514 398.665 398.194 397.252 397.062 397.228 397.609 397.411 397.122 397.594 397.206 396.826 397.48 397.1 395.124 396.15 395.58 395.2 394.63 392.844 393.87 394.44 394.911 395.2 396.986 396.241 396.53 395.694 397.571 396.644 395.808 396.37 396.568 399.76 397.328 397.989 397.335 397.533 396.97 398.202 396.514 396.712 397.001 396.438 396.636 395.982 394.865 394.873 393.466 394.88 393.763 393.018 394.341 392.372 392.388 390.51 390.336 391.361 391.336 391.468 391.807 392.725 395.024 394.139 395.611 397.083 396.388 395.594 397.248 397.587 397.835 398.728 397.57 398.372 400.026 398.405 398.926 400.398 399.794 400.042 399.066 400.629 399.562 400.546 399.479 399.727 399.33 399.578 399.429 401.455 399.743 400.082 398.436 398.775 397.642 398.047 395.599 395.847 396.095 396.434 394.052 394.391 394.639 393.572 392.596 391.62 391.132 389.511 389.668 388.692 387.716 388.692 389.668 389.42 391.132 392.108 391.951 393.572 392.1 393.746 396.682 395.764 396.186 396.492 398.874 396.575 396.972 397.485 397.055 398.213 399.925 398.271 399.247 399.735 399.396 399.727 400.794 398.404 399.562 399.223 400.381 398.818 400.158 399.546 400.522 398.496 398.711 397.909 398.976 400.043 397.835 397.587 397.248 396.818 396.57 395.768 394.85 394.42 395.024 392.634 391.344 391.857 391.518 390.046 391.353 391.064 391.718 392.19 394.44 393.961 394.044 394.789 395.443 395.336 396.081 395.519 398.042 396.066 395.959 396.803 394.744 397.259 396.416 396.218 397.062 396.492 397.328 398.354 396.75 396.37 395.808 396.826 395.048 394.288 396.53 393.528 394.364 395.2 394.721 392.844 393.87 396.872 392.008 395.2 395.58 395.96 395.124 397.001 397.48 396.644 395.899 397.404 398.065 396.096 395.26 396.955 397.335 396.218 396.879 397.168 397.738 396.803 397.183 395.884 396.264 395.519 396.081 395.336 395.443 394.607 395.169 393.961 394.531 392.19 391.718 391.064 391.262 390.418 391.89 391.559 393.701 392.907 394.933 394.42 395.512 394.453 396.388 395.594 396.669 397.587 397.835 400.597 397.57 398.579 398.802 398.959 398.562 399.364 399.794 400.133 399.711 399.405 400.207 400.546 400.149 399.636 399.512 399.851 398.511 399.586 397.965 398.676 397.791 398.527 397.642 397.493 395.508 396.492 396.095 395.119 394.788 394.3 393.324 391.612 393.175 392.108 389.999 390.156 389.18 388.692 387.716
389.18 390.247 391.711 391.62 392.596 393.572 394.639 393.655 394.052 395.301 394.78 395.938 395.508 396.484 396.484 398.618 399.015 398.767 399.371 399.495 398.602 399.735 399.421 399.727 400.24 400.728 399.38 400.356 399.62 398.818 398.388 399.546 397.429 399.141 400.026 398.372 398.331 398.728 397.744 398.72 397.248 396.909 396.107 395.28 394.85 394.718 391.84 392.816 391.162 391.468 390.484 391.642 391.262 391.064 391.718 392.554 391.992 394.424 393.672 394.88 395.352 395.154 394.584 395.701 394.287 395.032 397.464 396.34 397.829 397.259 395.746 398.848 397.335 397.989 397.609 395.914 396.568 396.37 398.24 396.644 397.29 395.694 395.124 395.96 395.861 395.2 394.82 393.125 393.87 394.25 394.82 395.2 395.58 395.116 395.124 395.694 395.594 396.454 398.24 396.279 396.932 396.948 397.609 397.898 397.062 396.218 397.822 397.168 397.457 395.951 397.183 398.696 396.636 395.701 396.081 394.972 396.849 394.88 393.763 393.109 392.844 392.463 393.794 391.916 390.799 389.955 390.848 391.857 391.344 394.776 393.618 393.957 395.338 395.098 394.767 395.503 397.339 397.587 397.835 399.191 398.794 397.909 398.711 398.496 400.431 400.398 399.794 400.133 399.066 400.538 399.835 400.546 399.388 399.727 400.554 399.735 398.42 397.535 399.743 398.767 398.436 397.948 397.642 396.484 397.559 397.253 394.78 395.028 394.234 395.524 394.548 393.572 392.596 391.62 391.132 390.644 389.668 388.692 387.716 388.692 389.18 390.644 390.644 392.199 392.596 393.572 391.546 393.746 395.367 395.21 394.78 397.162 398.874 396.484 397.46 396.815 398.552 399.412 399.743 397.626 399.983 399.578 399.421 399.173 398.834 398.586 399.562 398.735 398.975 398.727 399.794 399.546 400.059 398.959 398.066 397.909 399.067 397.322 397.562 396.735 397.248 396.719 396.107 394.453 395.148 395.942 394.47 394.594 392.568 392.411 392.552 391.551 390.129 392.859 391.718 392.099 394.25 394.424 395.169 394.88 394.128 394.873 395.99 395.982 396.727 395.032 397.464 397.746 397.829 397.168 398.194 396.218 397.616 396.955 397.328 396.948 396.841 397.594 397.206 396.644 395.594 395.694 395.124 395.96 395.861 392.95 393.968 394.44 393.68 393.216 394.82 395.2 395.861 393.528 396.53 396.066 396.074 396.826 397.206 397.404 397.974 395.914 397.609 398.27 397.062 396.218 396.78 395.762 397.738 397.746 397.282 395.975 398.042 396.925 396.18 395.336 395.443 394.789 395.169 393.109 394.622 393.505 392.388 391.362 390.799 391.179 391.609 392.229 392.659 392.907 393.8 395.363 395.52 395.098 395.346 396.818 397.248 397.587 397.471 398.546 397.661 398.579 399.563 398.959 400.522 399.819 400.53 398.818 400.472 399.405 398.404 398.586 398.834 401.042 400.554 399.851 399.338 399.495 399.834 398.767 397.146 398.527 396.972 397.493 397.559 397.807 396.095 395.119 395.549 393.837 393.324 393.018 391.86 391.62 389.999 390.156 389.668 388.874 387.716
389.668 389.023 391.132 390.975 391.86 393.572 393.324 393.076 394.052 395.764 396.004 397.807 397.559 396.575 397.46 398.13 398.924 398.767 398.428 399.495 399.429 399.735 400.066 399.173 400.703 398.404 399.38 399.223 400.199 400.224 399.794 399.546 398.074 398.959 398.711 398.372 398.976 397.231 398.298 397.587 397.157 395.594 396.752 396.322 395.057 394.42 393.709 391.476 393.701 392.502 390.575 391.642 392.114 391.916 392.479 392.281 394.622 393.68 393.672 394.88 395.443 397.784 394.865 396.925 396.636 396.066 397.183 397.746 397.068 397.077 396.416 396.218 397.062 398.179 399.106 396.948 396.659 397.404 395.808 396.644 395.321 397.1 396.811 397.556 395.77 395.2 393.414 394.25 395.276 393.034 394.82 395.2 394.546 393.528 396.53 397.001 397.48 396.446 398.24 397.685 398.065 396.096 397.328 396.674 398.088 396.218 397.822 396.796 397.738 395.951 395.595 396.347 396.818 395.428 396.271 395.336 395.352 394.599 395.169 393.018 393.307 393.687 392.388 391.064 390.708 391.179 390.203 390.914 392.659 393.552 393.618 394.048 394.759 395.28 394.883 397 396.487 396.272 397.562 397.967 398.976 398.372 400.026 398.496 400.431 400.398 399.794 399.579 398.975 400.538 400.48 401.398 400.24 399.727 399.396 398.908 400.744 397.626 400.388 398.122 398.436 396.815 396.972 397.22 395.599 397.162 396.277 395.21 394.052 394.3 394.73 393.572 391.215 390.975 390.644 390.156 389.18 388.204 387.716 388.204 389.668 390.156 390.396 391.62 392.596 393.572 392.588 393.655 394.234 395.21 396.186 395.847 397.559 396.484 397.642 398.527 398.279 398.676 399.371 399.586 399.983 399.851 400.645 400.488 399.479 401.307 399.471 400.538 400.199 399.579 398.388 399.364 398.074 398.959 399.472 399.315 398.976 400.043 397.835 397.38 396.396 395.594 396.107 396.322 394.759 394.139 395.024 392.907 391.807 392.229 391.89 390.046 390.799 391.916 391.627 393.505 392.844 394.242 394.044 394.607 393.921 395.336 396.089 397.016 396.727 396.438 397.464 398.027 397.176 397.077 398.194 398.848 397.062 396.955 397.609 396.096 396.932 397.685 397.206 396.644 396.074 396.066 396.72 396.15 394.364 395.2 394.82 395.838 393.87 394.25 394.82 394.166 394.364 396.15 395.124 395.694 397.48 396.735 396.263 396.37 396.568 396.948 394.896 396.955 397.062 396.59 395.746 397.168 396.332 396.34 395.595 395.123 396.264 396.925 396.081 394.211 395.443 394.326 394.044 393.572 394.531 393.687 391.809 390.51 391.262 391.642 391.89 392.32 393.883 393.552 395.024 394.627 395.983 395.768 396.57 395.503 396.487 397.496 397.719 396.677 398.976 398.091 398.802 398.496 400.522 399.546 400.158 398.727 399.066 399.405 399.471 400.546 397.519 401.712 399.421 398.42 398.511 399.495 400.388 398.767 398.436 396.815 397.642 396.575 395.508 394.532 394.78 395.764 394.052 393.076 393.324 393.018 391.397 392.108 390.644 390.644 389.668 388.692 387.716
389.668 389.023 391.132 391.62 392.596 393.572 391.546 394.391 395.367 395.764 396.004 397.807 395.508 396.575 397.915 397.485 398.436 398.767 399.371 399.495 398.602 398.908 399.396 399.727 400.794 400.637 401.034 400.05 399.62 400.133 399.794 398.504 400.522 398.496 399.472 398.372 397.57 397.504 397.835 397.587 396.396 396.818 396.661 397.637 394.114 394.42 391.84 394.594 393.883 391.005 390.575 391.179 392.296 391.916 391.718 392.744 394.341 394.143 393.672 394.88 395.443 397.784 394.683 395.701 396.264 395.884 397.001 396.34 397.457 397.077 395.746 397.533 397.062 397.228 398.072 397.32 397.122 397.404 395.899 396.735 396.256 396.72 395.405 396.241 395.58 396.606 394.82 395.656 395.276 394.25 394.82 395.2 394.364 393.528 396.811 395.694 395.321 396.735 398.24 396.37 396.75 395.914 397.791 397.898 397.062 397.624 398.103 397.358 397.92 396.803 397.464 396.157 394.378 395.982 396.362 396.56 395.443 394.698 395.169 393.68 392.637 393.505 391.809 390.51 392.296 389.955 391.791 391.005 393.883 393.552 393.618 395.942 394.114 394.544 396.107 396.909 397.248 397.587 397.719 398.728 398.794 398.372 398.711 400.274 399.968 399.546 399.794 399.372 400.29 400.538 400.943 400.728 400.794 399.082 398.106 399.487 398.602 397.626 398.428 396.807 397.791 397.303 397.642 396.484 398.874 397.162 396.74 395.21 394.052 393.655 394.548 393.572 391.215 392.108 390.644 390.735 389.18 388.204 387.716 388.204 389.18 390.338 390.644 390.975 392.596 389.743 394.548 395.615 394.143 395.028 394.871 395.847 396.914 396.484 398.378 397.948 397.055 398.767 398.428 397.535 398.511 399.851 399.396 399.082 399.479 400.455 399.653 400.538 400.29 400.133 399.794 400.216 400.522 399.72 398.802 399.224 397.479 398.728 397.835 398.629 397.248 395.412 394.122 395.768 395.52 393.866 394.933 392.907 393.883 392.229 391.609 391.361 390.799 391.916 391.718 392.099 392.844 393.109 393.763 394.698 395.443 395.154 396.18 395.701 396.264 396.347 397.464 396.34 397.176 395.762 397.822 398.848 397.335 397.898 397.609 396.948 397.974 399 395.808 396.644 395.048 397.001 396.53 395.96 398.392 393.984 394.721 394.622 395.276 394.25 394.82 395.2 395.58 393.528 395.124 396.066 397.48 396.826 397.305 397.404 396.659 397.411 395.078 397.898 397.616 397.624 396.416 397.077 396.423 396.621 395.959 395.975 396.355 396.925 396.18 395.245 395.352 394.698 396.112 393.961 394.25 392.463 391.627 390.973 391.171 389.955 391.791 392.229 391.344 394.776 395.396 395.181 394.85 396.322 396.289 396.818 397.157 397.587 396.404 399.282 397.016 399.133 398.918 398.959 400.522 399.364 399.794 400.042 399.711 399.38 400.943 400.546 400.703 399.727 399.396 399.578 398.693 397.535 396.559 398.676 397.055 397.576 397.642 396.575 397.468 397.807 394.78 395.119 395.367 395.524 392.1 393.018 391.306 392.778 391.132 389.668 389.668 388.692 387.716
389.668 389.42 391.711 390.975 391.951 393.572 392.679 395.524 394.143 395.764 396.74 395.938 397.468 396.575 397.46 398.436 397.055 398.767 398.428 397.535 398.602 398.42 400.554 399.727 400.703 400.637 399.38 399.405 398.975 399.372 399.794 399.364 400.522 398.496 398.802 398.372 397.57 398.728 397.562 397.587 397.339 397.091 396.57 396.322 395.148 395.363 393.064 392.907 391.344 392.32 390.575 391.551 391.171 392.768 392.57 392.372 391.992 393.68 396.112 394.607 395.352 394.211 396.081 395.61 396.818 396.347 397.001 396.803 396.423 397.077 396.97 396.218 397.335 397.989 397.609 399.76 396.568 396.37 397.206 396.826 395.048 395.694 395.124 396.15 395.861 395.2 394.82 394.25 393.87 394.44 394.82 395.2 394.364 395.116 396.811 397.001 395.594 396.644 398.24 396.37 396.568 396.948 397.328 396.492 395.656 398.848 398.103 399.608 397.457 396.596 396.24 398.696 396.636 395.982 396.271 395.336 395.443 394.88 393.854 393.109 393.398 392.099 391.809 391.064 390.708 391.642 390.484 394.768 393.701 394.776 393.064 394.42 396.074 396.322 395.346 396.818 397.248 398.05 397.471 397.322 398.976 399.133 398.711 398.496 398.074 399.546 398.388 398.727 399.711 400.447 399.835 398.495 400.24 401.042 398.751 399.578 401.298 399.495 399.834 398.767 399.015 398.527 397.063 398.047 396.914 395.938 395.516 396.525 394.904 394.391 393.415 389.834 391.86 391.62 391.132 390.735 389.668 388.692 387.716 388.692 389.668 389.668 391.62 391.62 391.951 393.572 392.679 394.391 394.052 395.028 396.095 397.807 397.468 397.311 397.799 397.948 398.436 398.031 396.559 397.535 398.511 398.999 398.751 399.636 400.24 400.455 399.835 398.735 401.605 400.224 399.794 399.546 398.074 398.496 398.711 399.133 397.57 400.506 397.653 398.811 397.339 395.503 394.883 395.768 394.114 394.627 393.709 392.907 391.344 392.229 391.609 390.418 391.353 391.916 392.57 392.835 393.026 394.424 393.953 394.789 395.443 395.245 396.081 395.428 396.264 396.347 397.183 395.951 397.176 397.259 396.78 397.533 397.335 398.361 399.015 396.948 397.974 397.404 397.305 396.735 397.48 395.876 396.53 395.96 395.58 395.2 393.596 393.034 393.68 393.125 394.63 395.291 394.364 395.96 396.53 397.282 397.48 396.644 395.808 396.37 397.122 396.096 397.791 398.08 397.616 396.499 396.416 396.796 397.176 395.488 396.24 395.975 396.355 395.701 394.865 394.782 395.443 394.88 393.763 393.961 394.25 393.687 392.388 391.362 390.708 391.642 391.89 392.229 392.659 392.725 393.618 394.139 395.611 393.808 396.57 396.818 396.396 396.735 397.744 398.728 395.792 399.687 398.066 397.76 400.522 399.546 399.794 398.818 399.066 399.38 399.38 400.637 400.794 399.082 400.066 399.735 399.338 399.586 397.874 398.767 397.055 397.948 397.642 398.626 395.508 396.492 395.516 395.028 394.052 393.076 392.77 391.612 392.596 392.108 390.644 390.735 389.18 388.692 387.716
389.18 390.156 391.223 391.62 393.266 391.612 392.679 394.3 394.052 395.21 396.095 395.847 397.559 396.484 397.642 398.13 398.436 398.676 396.559 399.586 399.52 399.396 400.554 399.264 398.925 398.586 399.471 400.538 399.248 400.224 398.479 398.504 400.34 398.959 398.066 398.372 398.976 397.231 397.562 396.272 397.339 397 396.57 395.768 394.966 394.42 393.064 391.476 393.883 391.857 390.848 390.418 391.171 391.172 392.57 392.099 394.531 393.68 393.672 394.88 395.352 396.56 396.271 395.701 396.545 397.29 396.902 396.712 397.176 395.762 397.822 398.848 397.335 397.898 397.791 396.948 396.75 396.279 397.206 396.917 397.48 395.694 396.72 397.556 394.364 395.2 393.414 395.656 395.276 393.125 394.82 395.291 395.58 396.15 396.72 397.1 397.48 396.454 398.24 397.404 397.974 396.948 397.328 396.492 397.616 397.252 396.78 397.358 396.423 396.34 396.902 395.123 396.545 395.701 394.592 395.154 395.352 394.88 393.763 393.961 391.992 392.099 392.57 392.768 390.427 391.642 390.203 391.857 391.807 394.776 395.024 393.957 394.966 395.95 396.107 397.091 397.248 396.735 396.983 396.586 397.661 398.67 398.827 398.496 398.074 399.364 400.158 400.042 400.29 400.356 399.744 400.455 400.24 400.306 398.751 399.735 398.511 397.535 397.874 398.676 397.791 397.948 397.46 396.484 397.559 396.492 395.516 395.119 394.052 392.522 392.588 393.572 393.175 391.372 391.132 390.644 389.668 388.204 387.716 388.692 389.668 390.644 390.487 392.108 391.124 389.652 393.324 394.3 394.904 396.434 396.095 395.847 396.914 396.666 397.551 398.618 398.37 398.767 396.65 399.495 399.52 399.396 398.751 399.264 400.24 400.455 399.835 400.538 399.711 400.133 400.53 399.546 400.522 398.405 399.29 398.091 399.348 397.231 398.48 396.272 397.248 395.503 396.107 395.189 394.875 394.42 393.709 392.237 393.883 390.914 392.072 389.955 390.89 392.768 392.388 393.687 391.992 394.143 393.672 394.88 394.037 395.154 395.047 395.61 396.727 396.066 397.183 398.027 397.176 399.608 396.879 397.624 397.616 396.955 397.609 396.948 396.932 397.404 395.899 396.644 397.48 395.876 396.53 395.96 395.58 393.132 394.721 394.25 393.68 392.844 394.82 396.606 395.861 395.96 395.959 395.694 397.48 396.917 398.24 397.685 396.568 395.914 397.328 397.898 397.616 397.533 396.97 397.168 396.514 396.34 397.183 396.347 396.264 395.428 397.024 396.378 395.443 394.88 395.169 394.333 394.622 393.505 392.479 392.768 390.708 389.955 392.163 392.32 392.452 392.907 391.84 394.139 394.759 397.083 396.843 395.412 396.396 396.272 397.628 396.586 398.976 398.372 398.066 398.959 398.835 399.364 398.388 400.224 399.066 398.735 399.835 400.455 400.794 399.264 398.751 399.578 399.983 397.444 396.559 399.412 398.552 397.948 397.063 396.575 397.559 396.492 396.095 395.028 394.234 393.746 393.324 393.572 392.53 390.975 391.223 389.023 389.668 388.692 387.716
389.668 389.42 389.172 391.62 393.266 391.612 393.415 395.615 395.367 395.028 394.871 396.492 397.559 397.311 397.46 396.815 399.015 398.676 399.371 397.626 399.429 399.578 398.751 399.264 400.976 400.546 399.744 400.629 399.066 400.042 399.885 398.388 400.431 398.959 399.472 398.579 399.348 396.677 397.471 396.272 397.43 396.818 395.528 395.95 394.759 394.9 394.933 392.907 391.807 392.32 391.609 390.418 390.708 390.51 392.479 393.505 392.844 393.961 394.044 394.88 395.443 397.784 396.089 395.891 397.951 395.884 395.504 398.027 397.176 396.796 396.97 398.848 397.062 398.08 399.106 399.76 397.974 397.685 395.899 396.644 397.48 397.001 395.124 396.15 395.861 395.2 394.82 394.622 393.87 394.25 394.82 395.2 396.142 396.522 395.124 395.876 397.48 396.644 397.206 396.37 396.659 399.76 397.328 397.989 397.062 397.252 397.822 397.168 396.332 396.803 395.504 396.256 396.264 395.61 396.362 395.336 394.128 392.92 393.763 393.68 391.992 392.281 392.479 392.859 391.171 391.179 391.609 393.544 393.792 392.907 393.8 393.957 394.759 395.28 395.528 395.594 397.157 398.05 398.48 397.231 397.016 400.076 399.1 398.405 398.926 400.216 398.57 400.042 399.157 399.405 399.562 399.81 398.834 399.727 399.396 399.76 398.42 397.444 398.428 398.031 399.106 397.948 397.642 398.047 395.599 395.938 396.095 395.028 394.143 394.3 394.548 393.018 392.596 392.199 390.644 390.156 389.668 388.692 387.716 388.204 389.18 390.156 389.908 391.62 391.86 393.018 391.455 394.391 395.367 396.5 396.74 394.532 397.559 397.311 397.642 397.485 398.436 398.031 396.559 399.495 402.704 399.735 400.066 399.082 399.388 399.81 399.562 400.05 399.066 399.372 398.479 399.546 398.744 398.959 398.802 398 397.661 396.768 397.562 396.735 397.157 396.421 396.388 397.728 394.85 394.42 395.024 394.594 393.883 391.857 390.203 390.418 392.114 391.362 391.718 392.281 393.398 392.927 393.763 395.732 395.443 394.211 394.865 395.61 396.264 395.032 396.24 397.746 397.457 397.077 395.746 397.252 398.088 396.492 397.328 396.096 396.568 396.37 398.24 396.644 396.256 397.1 395.496 395.96 394.364 395.2 394.82 392.844 391.248 392.844 394.82 395.2 394.546 396.241 395.124 397.1 395.594 396.735 397.206 396.37 397.974 397.32 399.015 397.898 397.062 396.59 396.97 398.665 397.457 396.34 396.91 396.256 396.636 395.428 396.089 393.748 395.443 392.92 394.706 393.961 393.307 393.505 391.718 390.51 390.336 391.361 390.203 392.32 393.122 392.907 393.8 394.139 395.611 394.635 395.346 397.182 397.157 398.811 398.48 398.728 397.57 399.894 398.802 398.959 397.429 399.364 399.794 398.727 400.356 399.405 401.795 400.637 400.885 399.727 399.421 399.578 399.247 397.626 398.61 400.082 397.146 398.527 397.915 397.311 397.559 396.492 396.74 395.028 394.143 394.3 394.548 393.663 391.86 392.108 391.132 390.644 388.535 388.692 387.716
389.668 390.644 391.132 391.62 392.596 391.612 394.548 394.391 394.052 395.119 396.186 397.807 395.599 398.047 397.799 397.46 397.055 398.213 399.925 397.444 399.247 398.999 400.066 399.727 400.331 398.586 399.38 400.538 399.157 400.042 399.794 399.546 398.074 398.959 400.026 399.224 397.661 398.728 397.562 397.033 396.396 397.091 396.107 394.635 395.148 393.866 394.47 392.725 392.452 392.32 391.89 389.773 390.89 390.138 392.57 393.505 394.531 393.68 393.672 394.326 395.443 395.154 394.584 395.428 396.636 396.347 397.001 396.803 397.176 397.077 396.879 396.218 395.656 397.898 397.518 397.692 398.346 397.594 398.24 396.735 397.48 396.066 395.405 396.241 395.58 395.2 394.82 396.872 395.276 393.034 394.82 395.2 395.58 395.96 396.811 395.884 397.48 396.917 395.8 396.37 396.75 396.948 397.328 397.898 397.062 398.848 396.879 397.168 397.829 396.803 397.183 395.975 396.545 396.164 396.18 395.154 394.128 395.633 396.112 394.333 391.992 392.19 392.57 391.064 390.336 391.179 392.552 392.32 393.883 392.907 391.84 395.272 394.114 393.808 396.107 396.818 396.396 397.587 397.38 396.677 398.331 398.372 399.472 398.405 400.522 399.364 399.794 400.042 399.066 400.811 401.522 400.455 399.479 399.082 400.645 399.851 398.511 400.992 399.743 398.122 398.279 397.303 396.972 397.311 395.599 398.452 396.095 395.855 394.143 392.522 394.639 393.572 391.215 392.108 390.644 390.735 389.18 387.716 387.716 388.692 389.18 389.668 389.999 391.62 392.596 391.612 393.324 394.391 394.143 395.028 396.186 395.847 397.559 397.311 398.287 398.13 398.924 398.767 396.468 399.677 399.338 399.851 400.554 400.372 399.388 400.546 399.562 400.447 398.975 399.372 398.388 399.546 400.431 398.496 398.827 399.687 398.976 399.191 397.719 398.05 397.248 396.818 396.843 394.544 394.759 393.775 393.8 393.461 393.883 391.468 391.791 390.418 390.038 391.064 391.718 393.687 394.531 393.109 395.169 394.88 394.128 394.972 396.081 394.758 396.264 396.066 396.902 396.803 397.176 397.077 396.97 396.59 397.335 396.492 397.518 396.948 396.75 397.594 395.899 396.826 395.321 397.001 396.53 393.528 394.364 395.2 394.82 394.25 391.248 394.44 394.63 395.2 394.364 397.556 396.72 397.001 397.48 396.644 395.899 396.279 396.659 396.096 397.328 396.492 395.656 397.533 397.822 396.796 397.738 396.803 397.001 397.29 396.264 396.925 396.18 395.336 395.443 394.607 393.763 393.109 392.637 392.099 392.479 392.768 391.171 389.194 391.609 390.914 393.883 392.907 393.618 394.139 396.074 395.28 396.57 395.958 395.842 398.811 397.835 398.728 397.661 398.372 398.066 401.68 397.429 399.364 398.388 399.372 399.711 399.405 400.207 400.728 397.519 399.082 400.066 399.578 399.247 399.495 400.388 398.767 397.055 397.948 397.642 396.484 396.914 397.807 396.004 395.028 395.367 395.524 392.679 391.612 391.951 390.975 390.644 390.644 389.668 388.204 387.716
389.668 389.668 390.644 391.62 392.596 393.018 391.455 394.391 395.367 395.028 396.095 395.938 398.874 397.311 397.46 397.948 397.146 397.452 399.371 400.992 398.602 399.851 400.645 399.727 399.479 400.728 401.034 398.735 400.472 398.727 399.794 399.364 400.522 398.959 398.711 398.67 398.976 396.677 399.034 397.587 396.487 395.503 396.843 394.635 396.074 395.272 393.709 393.552 392.452 391.857 390.848 390.418 390.336 391.916 392.942 393.786 394.622 394.333 395.169 394.88 395.352 394.302 394.683 395.428 396.727 396.066 395.504 398.027 397.176 397.358 397.822 397.252 397.335 396.955 397.328 396.096 396.94 397.685 395.808 396.644 397.48 395.694 396.53 396.15 394.546 394.166 394.82 394.25 391.248 394.25 393.414 395.2 394.364 395.96 395.124 395.694 395.321 396.917 398.24 396.37 396.659 396.948 396.666 397.989 398.088 396.598 398.194 399.608 397.176 396.803 397.001 396.347 396.355 396.925 396.081 394.211 395.443 394.599 394.044 393.961 392.174 392.554 391.718 390.51 392.114 390.327 390.666 391.857 391.344 392.907 395.024 394.627 394.85 394.635 396.843 395.776 397.248 396.735 397.38 398.546 397.57 398.372 400.026 398.959 398.074 400.398 398.479 400.224 399.066 400.447 399.653 400.455 399.479 399.727 400.066 398.999 399.983 399.495 397.874 396.807 398.279 397.485 396.972 398.047 396.914 394.532 396.831 395.119 394.052 395.706 392.1 391.612 393.266 390.884 391.132 389.023 389.668 388.204 387.716 388.692 389.668 389.668 391.132 391.62 392.596 393.018 393.324 394.391 394.052 395.21 396.095 396.492 396.914 400.123 397.063 398.13 398.37 398.767 400.388 400.992 399.247 399.735 400.554 399.727 398.834 401.125 399.744 400.72 399.066 400.224 398.388 399.546 400.059 401.68 398.711 397.909 398.976 399.191 397.074 397.587 397.157 396.818 396.843 394.453 394.85 393.957 395.024 394.594 393.883 392.229 391.89 391.088 390.336 392.768 392.57 391.52 393.398 393.018 395.169 394.88 395.443 396.378 395.047 395.61 396.727 396.438 397.001 396.803 396.332 397.259 398.004 397.624 397.062 397.989 397.609 397.411 396.932 396.37 398.24 395.42 397.48 395.694 396.811 395.116 394.546 393.984 394.63 394.44 393.87 394.44 394.82 395.2 395.58 395.96 395.496 395.694 395.321 396.826 397.305 397.685 397.122 396.948 397.328 396.674 397.335 397.533 397.822 397.168 394.744 396.34 397.183 396.628 396.264 396.925 396.18 394.302 395.443 394.789 393.763 394.424 393.398 393.687 392.57 392.768 392.114 391.361 391.89 391.576 392.452 392.725 393.8 395.363 395.52 395.28 394.767 395.594 397.157 397.587 398.48 398.728 398.976 399.315 399.1 398.496 400.522 399.364 400.456 399.488 401.696 399.223 399.562 399.81 398.834 399.173 400.066 399.735 398.602 398.271 398.428 398.031 398.37 396.815 397.642 397.311 397.468 394.532 396.095 395.028 395.276 395.615 393.324 393.572 392.596 391.62 390.644 390.156 389.18 388.204 387.716
389.18 389.023 391.223 392.108 391.86 393.018 392.679 394.3 395.367 395.028 396.095 397.807 397.65 396.666 397.799 397.46 398.924 397.452 398.519 399.586 398.511 399.487 399.396 399.727 398.925 400.455 399.653 399.405 399.711 400.042 398.479 398.504 398.074 398.496 399.472 399.042 398.976 400.043 397.835 396.735 396.487 396.909 396.661 395.95 395.52 393.866 394.933 392.907 392.452 391.857 390.666 391.179 390.336 392.768 392.57 393.687 394.531 393.018 395.169 394.789 395.352 397.784 394.865 394.295 398.042 396.066 397.001 397.746 397.457 395.762 397.822 397.533 397.062 397.989 399.106 396.948 396.568 396.742 397.206 396.644 397.48 395.694 395.959 396.15 395.861 395.2 394.82 394.25 393.87 394.25 393.968 395.2 396.043 395.96 395.496 395.694 395.321 396.644 395.8 397.685 396.94 395.914 396.666 398.27 397.616 397.252 396.416 395.762 396.423 397.746 397.001 397.753 395.511 394.295 396.271 395.336 395.352 394.789 395.169 394.424 394.531 393.687 392.57 392.768 390.336 391.179 391.89 391.857 393.701 392.907 394.561 394.139 395.611 395.768 396.107 396.421 397.157 398.629 397.835 398.728 398.885 397.818 398.918 400.274 398.744 399.546 399.794 400.133 398.975 400.447 399.562 400.546 400.703 399.727 400.066 399.396 399.247 399.586 398.519 398.304 397.146 397.303 397.642 398.626 397.559 396.492 396.095 395.21 396.682 394.391 394.639 393.572 392.596 392.108 391.62 390.644 389.18 388.204 387.716 388.692 389.668 389.511 391.62 392.108 392.596 393.572 393.324 395.706 396.5 395.21 396.186 395.847 395.599 396.484 397.46 397.46 397.055 398.767 397.874 399.495 399.338 399.396 400.066 400.488 400.149 398.495 400.207 398.735 399.066 400.133 400.456 398.504 398.074 398.496 398.827 398.372 397.57 398.728 397.471 397.587 397.157 397.182 396.843 395.28 394.875 394.718 391.84 392.725 392.452 391.857 391.609 390.137 391.171 390.692 392.479 393.505 394.531 393.018 393.763 394.789 394.409 395.336 396.081 395.61 397.008 396.438 397.001 395.951 396.423 397.259 398.103 396.218 397.335 397.898 397.328 397.229 396.75 397.404 397.305 396.644 396.074 397.282 395.496 395.96 394.546 393.984 394.82 395.838 393.87 394.44 393.414 392.95 395.861 395.96 395.124 396.066 395.048 396.644 395.808 396.37 396.659 397.692 397.609 396.492 397.062 397.533 397.822 397.168 397.176 398.027 397.464 398.696 394.378 395.61 394.865 395.154 395.443 392.92 395.169 393.961 394.531 393.505 391.718 392.768 392.296 391.361 391.981 392.411 393.883 392.725 395.024 395.363 395.52 395.189 396.289 396.909 397.157 397.496 398.207 398.728 399.348 399.224 398.711 397.76 400.522 399.364 398.388 398.727 401.605 399.405 399.719 398.404 400.703 399.082 399.421 398.999 398.511 397.626 398.428 398.031 397.791 397.46 397.915 396.484 395.599 397.807 395.516 395.119 394.052 394.3 394.548 393.018 391.951 392.108 391.711 390.644 389.668 388.692 387.716
389.668 390.156 390.644 391.62 393.266 393.572 392.1 393.167 394.052 395.028 394.871 395.847 395.508 396.575 398.378 398.618 398.461 398.676 399.743 399.495 398.602 398.999 398.751 400.372 399.388 399.81 400.298 399.405 400.29 399.372 399.794 399.546 399.968 398.959 398.711 399.133 399.067 398.546 397.074 396.735 397.157 395.594 396.107 397.546 394.759 395.942 393.618 394.776 391.344 392.229 390.666 391.088 390.336 391.453 392.388 393.505 393.307 393.68 395.169 394.789 394.012 395.336 396.362 395.61 397.951 396.256 396.91 398.027 397.457 396.986 396.416 398.848 397.335 396.674 397.609 399.76 398.065 397.404 397.305 396.917 397.48 397.1 396.72 393.528 395.861 396.697 394.721 395.656 391.248 392.844 394.82 395.2 394.546 396.241 395.405 395.694 395.321 396.644 397.206 396.279 398.065 396.948 397.609 398.361 397.062 396.218 396.879 397.077 396.332 395.951 395.868 396.066 396.636 395.982 396.089 395.063 395.352 394.88 394.706 393.109 394.622 392.463 391.718 390.51 392.114 391.088 390.575 392.32 393.122 394.594 393.8 394.627 394.759 395.95 396.752 397.091 397.157 397.38 397.835 398.728 397.57 399.687 398.802 398.496 400.522 398.504 398.388 399.372 399.711 400.629 399.562 399.81 400.703 399.727 399.421 399.851 399.247 399.677 398.428 398.767 398.37 397.46 397.46 396.575 395.599 397.807 396.095 395.119 394.143 393.167 394.639 391.612 392.596 391.62 389.999 390.644 389.668 388.692 387.716 388.692 389.668 389.42 391.132 392.108 393.175 393.572 393.324 393.076 394.052 395.764 395.516 397.162 395.508 397.493 399.114 398.618 399.594 398.767 396.468 400.992 398.511 399.735 398.751 399.173 399.388 398.586 400.48 398.942 400.29 398.727 399.794 399.819 400.522 399.141 398.711 399.315 399.348 398.728 397.719 397.587 397.339 396.909 396.843 394.453 394.85 393.957 393.8 392.725 393.883 393.544 391.981 391.551 392.114 391.916 392.57 393.505 393.026 394.424 394.706 394.789 395.443 395.336 397.024 395.701 396.264 396.066 396.24 397.746 397.457 395.762 396.78 397.533 397.062 396.674 399.106 396.948 396.932 397.404 395.899 396.454 395.884 397.001 395.124 396.522 394.364 396.697 394.63 394.44 393.87 393.216 394.82 393.984 395.77 394.934 396.53 397.1 397.48 396.826 398.24 397.685 396.568 396.948 396.666 396.492 395.656 397.533 398.194 397.449 394.744 396.803 395.504 398.696 396.545 395.61 396.18 396.378 395.443 394.789 393.953 394.424 393.307 393.687 392.388 390.51 392.114 391.088 391.89 391.096 391.344 394.131 393.709 394.42 395.611 397.546 394.883 396.909 397.248 398.72 397.835 399.282 398.976 398.091 399.935 398.959 398.074 399.819 399.794 399.372 399.157 400.447 399.835 398.586 398.925 400.488 400.645 399.735 398.511 397.535 399.834 396.898 399.015 397.46 397.063 396.575 395.599 395.938 397.476 395.028 394.143 393.076 394.548 393.572 393.175 390.884 391.132 390.156 389.668 388.692 387.716
389.668 389.668 391.132 391.62 391.951 393.663 392.588 394.3 394.143 395.21 394.871 395.847 395.599 396.666 397.799 398.527 398.461 398.676 397.874 400.992 398.511 399.578 400.554 399.082 400.24 398.586 399.562 400.05 399.066 400.224 399.794 399.819 398.744 401.589 398.918 399.133 397.57 396.768 397.835 397.587 397.248 397.273 395.528 395.768 394.966 395.272 394.561 392.907 391.344 390.914 390.666 391.088 391.262 391.064 392.57 392.19 394.341 393.109 393.763 394.789 395.352 396.56 396.362 395.701 396.264 397.753 397.001 396.803 397.738 397.449 397.822 397.533 397.335 396.492 395.078 396.948 398.065 396.279 395.808 396.735 397.48 395.694 396.811 396.15 395.861 393.984 394.82 396.872 393.87 394.44 394.82 395.2 395.861 395.96 395.777 397.001 395.048 396.644 395.808 396.37 396.659 399.76 399.015 396.748 397.335 397.533 396.416 397.259 397.738 395.397 397.936 395.032 395.693 396.925 394.865 395.154 395.352 394.88 392.448 393.018 392.174 392.19 391.809 392.859 391.353 391.361 391.89 391.857 393.883 392.907 394.561 394.9 394.85 397.637 396.57 397.091 397.157 396.735 397.744 398.728 398.976 398.372 400.026 398.959 400.522 399.364 399.794 399.372 400.381 399.405 399.835 400.728 397.61 399.727 400.554 399.76 399.247 399.586 397.874 400.082 399.015 397.485 397.46 397.402 399.056 395.938 396.095 396.434 394.143 395.615 394.548 393.572 391.86 390.975 391.132 390.644 389.759 388.692 387.716 388.204 389.668 390.644 390.396 391.62 393.266 391.612 392.679 393.076 395.276 395.028 396.831 394.532 397.468 397.493 397.551 397.485 397.791 398.122 399.743 398.271 399.429 399.851 399.421 399.264 400.24 398.495 399.38 400.538 399.248 400.133 399.794 398.504 400.241 398.496 398.711 398.091 397.57 396.677 397.744 396.272 397.157 397.736 395.346 395.007 395.338 393.957 395.024 392.725 393.792 392.32 390.666 391.179 391.171 392.768 392.388 392.099 393.307 394.424 393.672 394.88 395.443 395.154 396.081 395.428 397.008 396.066 397.936 396.803 397.738 396.986 397.822 398.658 398.088 396.492 397.328 397.32 396.568 397.404 395.808 396.826 397.48 395.694 396.811 396.241 394.364 395.2 394.82 394.44 393.87 392.844 394.82 395.2 395.58 395.116 396.53 397.001 397.48 396.735 397.297 397.404 396.568 396.096 397.328 396.955 397.335 396.59 398.103 398.665 396.514 396.803 397.282 396.438 395.784 395.61 394.865 395.154 393.921 394.326 393.763 394.515 392.174 392.372 392.479 390.973 390.89 391.179 391.981 392.32 391.807 393.552 391.84 394.42 394.85 395.007 396.289 396.909 396.396 396.735 397.835 396.586 399.348 399.224 398.711 398.496 398.074 399.546 400.456 400.224 399.066 398.735 399.38 401.489 400.703 399.727 399.884 398.354 398.602 397.535 399.834 398.031 398.279 397.303 398.287 396.484 395.599 395.938 396.095 395.855 395.367 393.076 394.548 393.018 392.596 390.975 390.644 389.668 389.668 388.204 387.716
389.18 390.156 390.396 392.108 392.596 393.572 394.548 394.391 394.052 395.028 396.74 396.492 396.914 396.575 396.972 398.13 397.791 398.767 398.428 400.992 400.744 398.999 400.554 399.173 400.24 400.546 399.562 399.405 399.248 398.727 399.794 400.216 398.074 399.72 397.396 398.372 398.976 396.768 397.719 397.587 397.248 397.182 394.122 395.768 394.85 393.957 394.47 393.552 393.883 391.857 391.609 391.179 391.353 392.768 392.57 392.554 393.398 393.961 393.763 394.789 395.443 396.378 394.865 395.61 397.099 396.066 395.959 397.746 397.738 399.608 396.788 398.848 397.062 397.898 397.791 398.354 397.974 397.404 395.808 396.826 397.48 397.282 396.811 396.15 395.861 395.2 394.82 395.656 395.276 393.034 394.82 395.2 394.364 396.241 396.811 396.066 396.165 396.644 395.808 397.404 396.568 397.32 397.328 396.955 395.656 398.848 396.97 397.168 397.92 396.34 397.183 395.884 396.818 395.982 397.024 393.748 395.443 394.88 395.169 394.515 393.307 392.463 392.479 391.916 390.336 391.551 390.848 391.468 391.344 394.594 393.709 393.957 395.338 396.322 396.107 396.909 397.43 396.272 397.719 398.728 398.976 399.224 398.711 401.68 399.207 398.504 399.794 400.133 399.711 398.735 399.744 398.586 399.479 399.264 399.421 398.42 398.511 397.535 399.925 398.213 398.461 397.948 397.46 397.402 395.599 395.938 396.095 395.119 395.276 394.391 392.1 393.572 391.951 391.62 391.132 390.644 389.668 388.204 387.716 388.692 389.759 390.644 389.999 390.975 392.596 393.572 393.324 394.391 395.458 395.119 396.095 397.162 397.468 396.484 396.972 397.303 398.552 398.122 397.874 401.364 399.983 399.851 398.751 399.727 400.149 398.495 400.48 399.496 399.248 398.818 399.794 399.819 398.074 397.76 399.009 399.133 397.57 398.728 397.628 396.272 396.578 395.594 397.604 395.95 394.85 394.42 395.024 394.776 391.807 391.468 390.848 391.551 392.114 391.362 392.57 392.099 392.844 394.424 394.135 394.88 395.162 395.336 396.089 395.701 396.545 395.123 397.282 397.746 397.457 395.762 398.194 397.533 398.088 397.898 396.484 396.948 396.659 396.461 398.24 396.454 397.48 394.288 396.53 395.96 398.392 395.2 394.82 394.44 393.68 394.44 394.82 395.2 394.364 395.96 395.314 395.884 395.048 396.454 398.24 396.279 397.974 397.411 397.328 396.492 397.062 398.848 397.822 397.077 397.92 397.936 396.902 396.347 394.378 396.925 396.362 395.336 396.849 394.789 393.763 393.018 392.637 392.281 392.57 392.768 390.336 390.137 390.666 391.468 393.883 394.776 395.024 394.42 395.983 395.098 394.122 396.909 397.157 397.38 397.835 398.728 399.348 398.579 398.918 398.959 400.522 399.364 400.158 400.224 398.975 400.447 399.835 400.455 399.388 399.727 399.396 399.09 399.983 400.992 397.874 398.767 397.7 396.815 397.46 396.484 397.559 394.532 396.74 395.119 395.367 394.3 390.992 393.572 392.596 390.884 391.62 389.511 389.18 388.692 387.716
389.18 389.668 391.132 391.62 392.596 393.572 392.679 393.655 395.276 395.028 396.095 394.532 397.559 398.808 397.46 397.46 398.436 398.767 397.874 399.586 399.429 399.851 398.751 399.082 399.388 398.586 399.562 399.405 399.248 400.042 399.794 399.083 400.522 398.959 400.026 398.852 395.792 398.728 397.562 396.272 397.157 396.818 396.388 394.635 394.759 393.866 393.8 394.776 391.807 391.857 391.03 390.137 391.171 391.064 391.718 392.099 391.992 393.961 393.953 394.789 395.443 393.748 394.865 395.891 395.693 396.066 397.183 398.027 397.176 398.202 398.194 396.218 397.335 397.989 397.328 397.32 397.974 397.685 395.899 396.735 397.48 395.694 396.53 397.556 394.546 395.2 394.63 393.034 391.248 393.034 394.82 395.2 394.364 395.96 395.777 397.282 397.571 396.644 397.206 396.37 396.841 396.948 397.328 397.989 397.062 397.252 398.103 397.077 397.829 396.803 395.595 396.628 396.355 395.519 396.362 395.154 393.466 394.88 393.763 393.018 392.174 392.554 392.57 391.453 392.296 391.179 390.203 393.544 391.807 393.552 393.709 394.42 395.512 395.95 394.767 395.594 396.669 396.735 397.719 398.728 398.976 398.372 400.026 401.68 400.059 400.398 400.456 400.224 400.472 398.735 399.835 399.81 400.149 399.173 399.975 398.908 398.602 397.626 399.834 398.676 399.106 397.948 396.972 397.311 395.508 395.847 393.556 395.764 394.143 395.524 392.861 389.743 392.596 391.62 391.132 390.644 389.18 388.204 387.716 388.692 389.18 389.668 391.132 392.108 392.596 393.572 394.548 395.615 395.367 395.119 396.831 395.847 395.599 396.484 396.972 397.46 397.7 398.304 398.428 400.992 400.744 398.999 399.421 399.727 398.834 398.495 399.562 399.223 400.563 400.133 399.794 399.083 400.431 399.141 398.711 398.372 397.57 398.546 397.835 397.587 397.157 395.503 396.57 394.635 395.338 393.775 393.618 394.776 393.883 391.096 391.609 390.418 390.336 390.973 392.479 392.554 393.307 394.424 396.112 394.88 396.568 395.336 396.081 395.61 396.727 395.975 397.001 398.027 394.744 397.449 395.746 398.848 398.088 396.955 395.078 396.948 396.659 396.37 397.305 396.454 396.074 397.1 395.496 396.15 395.58 395.2 394.82 392.844 391.248 392.844 394.63 395.2 394.364 396.241 396.811 395.694 396.165 396.644 398.24 397.685 397.974 397.32 397.328 397.989 398.088 396.218 397.822 397.077 396.514 397.746 395.504 398.696 396.636 395.519 394.584 395.154 394.219 394.88 393.953 394.143 393.026 392.554 391.809 392.768 390.336 391.179 391.609 392.229 393.883 392.907 393.8 396.124 394.85 394.544 396.107 395.594 397.248 397.587 397.562 398.728 398.976 398.852 398.711 398.496 398.744 399.364 399.794 400.133 400.472 400.447 399.562 398.495 399.57 399.727 400.554 399.851 398.602 399.495 399.834 396.807 397.146 397.948 397.063 396.575 397.559 395.847 394.78 395.119 394.052 393.167 394.548 393.018 391.306 391.463 391.711 390.644 389.668 387.716 387.716
389.18 389.511 391.132 391.62 391.86 393.018 394.548 393.167 394.052 396.616 394.871 397.716 397.559 397.311 398.56 397.485 398.552 398.767 399.743 400.992 401.298 399.578 399.421 399.727 398.834 398.404 399.744 399.496 400.472 399.372 399.794 398.504 400.522 399.141 398.711 399.687 398.976 398.728 397.628 396.735 396.396 397 397.422 395.007 394.114 395.942 391.84 394.776 393.883 392.32 391.609 390.137 391.171 392.768 391.718 392.281 392.637 393.018 395.169 394.88 395.443 395.245 394.683 395.61 396.636 396.628 395.595 396.34 396.514 395.762 396.78 397.252 397.335 396.955 397.328 396.948 398.065 397.404 395.899 396.454 397.571 396.066 395.124 396.15 395.58 395.2 394.63 395.656 393.87 394.25 394.82 395.2 394.546 396.15 396.72 397.282 397.29 396.644 398.24 397.404 396.568 395.914 397.7 398.08 398.088 397.624 398.103 395.762 397.829 396.803 397.001 396.066 396.355 396.925 394.592 395.336 395.443 394.789 393.953 393.961 394.44 393.505 392.57 392.859 390.799 391.361 390.666 392.229 391.162 391.476 394.47 394.139 395.983 395.189 396.107 395.594 396.396 397.38 397.835 396.768 398.976 398.852 399.563 399.141 398.074 399.364 399.794 399.372 400.29 399.223 401.034 399.81 398.834 399.264 400.554 399.735 398.511 399.495 398.428 398.122 399.015 397.485 397.642 398.808 397.468 396.492 396.831 395.028 394.052 393.928 394.548 393.572 391.951 392.108 391.132 389.668 389.362 388.692 387.716 388.204 389.668 390.644 389.999 392.108 392.596 391.703 392.679 393.167 395.367 395.119 396.74 397.253 395.508 398.626 397.063 397.303 397.055 396.807 396.468 397.535 398.602 399.735 399.884 400.372 400.149 399.901 399.562 399.314 398.975 400.224 398.388 399.546 400.522 398.496 399.935 398 399.348 398.728 398.48 398.811 397.157 396.909 395.346 395.28 394.875 393.775 393.618 392.816 391.344 390.914 392.072 390.137 391.353 391.362 391.718 393.505 391.992 393.109 393.862 394.88 393.466 395.154 394.774 395.891 396.264 396.347 397.001 396.803 397.068 397.358 396.416 398.848 397.335 398.179 395.078 397.32 397.974 397.404 397.297 396.826 397.48 396.72 395.124 395.116 395.58 395.291 394.82 395.656 393.68 394.44 394.82 395.2 395.861 396.613 396.53 397.001 396.074 396.644 395.899 396.37 398.346 396.948 397.328 396.492 397.616 397.252 396.416 397.077 397.176 395.769 397.936 395.123 395.693 395.891 396.081 395.336 395.443 394.599 393.672 393.109 394.341 392.463 391.718 391.064 390.336 391.179 391.518 392.229 392.659 393.552 393.709 393.957 394.114 397.728 396.843 395.776 397.157 397.587 397.835 397.322 399.067 398.372 398.711 398.405 400.431 399.546 399.794 400.042 399.066 399.405 400.48 400.637 400.703 399.173 399.421 399.735 398.511 399.495 397.874 398.676 397.791 397.948 396.972 398.626 397.559 396.492 396.186 395.119 394.052 392.522 394.639 393.572 392.596 391.62 391.62 390.156 389.18 388.692 387.716
389.668 390.735 390.644 391.463 391.215 393.572 394.548 393.076 395.367 395.119 396.186 397.253 395.508 396.575 397.642 397.948 397.055 398.767 400.388 401.455 399.983 399.578 399.421 399.082 399.388 398.586 399.471 400.629 399.711 400.133 398.479 399.364 400.522 399.141 398.802 399.224 395.792 398.546 396.404 396.735 397.157 397.736 396.289 397.728 394.759 394.42 393.064 393.552 392.196 391.857 390.575 391.179 390.708 390.138 392.479 392.099 393.117 394.424 393.672 392.92 393.739 394.972 395.99 394.758 396.264 396.438 396.91 397.746 397.457 397.168 398.194 397.533 397.335 397.898 397.328 396.096 396.659 397.594 397.396 395.048 396.165 397.1 396.72 395.96 395.861 393.984 394.911 392.844 393.68 394.25 394.63 395.291 394.364 396.241 396.811 395.694 396.074 396.735 395.899 397.685 396.75 397.229 395.078 398.179 397.062 398.848 397.822 395.762 397.176 398.027 395.595 397.753 396.264 395.982 394.683 395.245 393.466 394.789 395.169 393.68 392.455 393.687 392.388 392.768 392.114 390.418 390.848 392.229 393.883 392.907 393.8 394.139 395.148 395.189 396.57 396.719 396.487 396.272 397.744 398.728 399.348 398 398.802 400.274 400.522 399.083 399.794 399.951 399.066 399.405 400.207 400.455 399.388 400.488 399.421 399.578 399.429 399.495 399.743 398.676 399.015 398.436 397.799 397.311 399.056 395.938 394.78 395.119 394.143 394.3 394.548 393.572 391.951 390.975 391.62 390.644 389.18 388.874 387.716 388.692 389.668 390.644 391.132 391.62 391.86 393.572 394.548 394.391 394.052 395.119 394.871 394.532 395.508 397.311 397.642 397.485 398.436 398.304 398.428 399.495 398.42 399.396 399.421 399.727 400.794 401.952 401.522 398.735 400.381 399.372 399.885 399.546 398.744 398.959 398.711 398 399.067 396.586 397.719 396.735 397.248 395.594 396.107 393.808 396.074 395.363 393.8 394.594 391.807 392.32 391.791 391.642 391.262 391.916 392.57 391.611 394.531 394.515 393.672 394.88 395.443 394.302 396.271 395.61 396.545 395.884 397.183 396.34 397.068 396.796 397.822 396.218 397.062 396.674 399.015 396.096 396.568 396.279 395.8 396.644 397.48 395.884 395.124 396.15 394.364 395.2 394.63 394.25 393.87 393.034 394.82 395.2 394.364 395.116 395.959 397.1 397.48 396.917 398.24 396.37 396.568 398.354 396.484 396.492 397.335 397.624 397.822 397.168 396.423 396.803 395.504 396.347 396.264 397.206 396.362 394.302 395.443 394.88 393.763 394.515 392.844 392.19 391.718 391.362 390.799 388.549 390.484 390.914 393.883 392.725 395.024 394.42 394.114 395.768 396.198 397.554 397.157 396.735 397.719 396.586 397.57 399.224 398.066 398.959 400.522 399.546 400.53 399.372 399.711 400.538 399.471 401.861 399.388 399.727 399.421 399.735 398.511 399.586 398.428 398.676 398.37 397.303 397.642 398.626 397.559 397.807 394.78 395.119 395.367 394.3 394.548 393.572 392.596 392.199 391.62 390.156 389.18 388.692 387.716
389.668 390.156 389.999 390.975 392.596 393.572 394.548 393.928 396.591 395.119 396.186 396.492 397.468 397.311 396.972 396.815 397.055 398.767 399.834 399.495 398.511 399.396 398.66 399.264 400.24 400.546 399.471 400.447 399.066 398.818 399.794 399.546 400.522 398.496 398.711 399.042 397.016 398.728 397.835 398.811 397.157 397.554 396.57 394.544 394.85 394.42 393.8 394.776 391.807 392.32 390.575 390.418 391.262 391.362 391.718 393.505 392.637 394.515 393.854 392.92 393.921 396.56 396.271 396.925 394.469 396.157 396.91 395.488 397.457 397.259 398.194 397.533 397.335 397.898 397.791 396.948 396.75 397.404 395.808 396.644 395.048 395.694 395.124 397.556 395.58 393.984 394.82 394.25 395.276 394.44 393.414 395.2 394.364 396.15 395.124 395.694 395.04 396.826 395.808 396.37 396.568 396.948 397.791 396.955 397.062 398.848 396.879 397.077 397.457 397.746 396.24 397.753 396.727 394.295 396.271 394.211 395.162 394.88 395.169 391.976 393.307 393.687 392.388 391.362 390.799 390.046 391.89 390.914 392.659 394.313 393.709 394.42 395.611 395.95 396.479 397.091 397.248 396.735 397.562 398.728 397.016 399.042 399.29 398.959 398.744 399.819 399.794 397.412 400.472 400.538 400.48 398.495 398.925 399.727 399.396 399.09 398.784 399.495 399.743 398.304 398.436 397.46 397.799 396.666 397.468 394.532 396.74 395.301 395.367 394.391 394.639 393.572 392.596 391.62 391.132 389.668 389.668 387.716 387.716 388.692 389.668 389.668 391.223 392.199 391.951 393.2 391.455 393.167 394.788 395.21 396.831 396.492 395.508 396.484 397.46 398.436 397.791 398.767 399.743 397.535 398.42 398.908 400.066 400.397 398.834 398.586 399.38 398.735 400.199 399.579 398.388 399.083 398.744 401.589 398.066 398.579 397.479 398.546 397.835 398.811 397.157 397 396.57 395.768 395.057 394.139 393.064 392.907 393.883 391.857 391.89 391.361 391.262 390.973 391.809 392.835 392.174 394.333 393.763 395.823 395.443 394.972 395.047 395.891 396.636 395.123 396.91 395.951 397.457 397.259 396.97 397.533 398.088 396.955 397.328 396.948 396.568 397.776 397.024 396.454 397.48 397.1 396.72 396.522 394.364 393.984 394.82 394.44 393.68 394.44 394.63 395.2 395.77 393.528 396.53 395.694 395.048 396.644 397.206 396.279 396.659 396.948 397.609 396.955 397.616 397.252 397.822 398.665 397.738 396.803 396.24 395.975 396.264 394.758 394.774 395.336 393.466 394.789 394.044 394.424 392.844 392.099 391.627 391.064 390.708 391.088 391.89 391.857 393.883 394.776 395.024 393.957 396.074 395.768 396.661 395.594 397.157 397.587 397.562 398.728 399.348 398.67 400.026 398.959 400.431 399.546 399.794 398.818 400.381 399.314 398.404 398.586 397.428 399.264 399.239 399.851 398.511 399.495 399.743 398.304 398.552 398.13 397.46 396.575 395.599 394.532 397.476 395.855 395.276 394.3 394.639 391.612 391.306 391.62 390.396 390.156 389.668 388.204 387.716
389.668 390.735 391.132 392.108 392.596 391.612 392.1 395.615 396.682 395.119 395.516 397.807 395.599 397.311 397.642 397.948 398.436 398.213 396.468 397.626 399.338 399.396 399.884 400.372 400.24 398.495 399.835 398.735 399.066 400.042 399.794 399.364 400.34 400.274 398.711 399.687 397.661 398.728 397.719 396.272 396.487 396.719 394.883 395.95 394.966 393.775 395.024 392.725 393.883 394.768 390.484 391.179 391.353 390.51 391.809 393.687 391.992 393.68 393.763 394.599 393.739 395.154 395.808 396.925 395.602 395.975 396.91 396.34 396.332 397.358 398.194 396.59 397.335 397.898 397.328 396.096 397.974 397.404 395.808 396.826 397.48 397.001 395.314 393.528 394.364 395.2 394.44 394.44 393.87 392.844 394.63 395.2 398.392 395.96 396.53 397.001 397.48 396.644 395.808 396.37 396.94 398.354 397.609 396.492 397.335 397.252 396.78 396.796 397.92 398.027 396.902 396.347 396.355 395.701 396.18 395.336 395.443 394.789 396.112 394.515 393.398 392.372 392.57 391.064 390.038 391.642 391.89 392.32 392.452 394.776 395.024 394.718 395.33 395.098 396.107 395.594 396.487 397.38 397.562 398.728 399.348 397.818 398.711 398.959 400.431 398.504 398.479 398.818 401.696 399.405 399.38 401.489 400.24 399.727 400.554 398.999 398.602 397.535 400.388 398.304 399.685 398.527 397.063 397.22 395.69 396.492 396.74 395.119 395.276 395.524 393.324 391.703 391.951 391.62 390.644 389.023 388.535 388.692 387.716 388.692 388.692 390.735 389.999 392.108 391.951 393.018 393.324 393.746 394.143 395.119 396.186 394.532 397.559 397.311 397.46 397.394 398.37 398.767 398.519 399.586 398.511 399.396 400.554 399.173 400.149 398.586 399.744 400.72 399.711 400.042 400.456 399.364 398.744 401.68 398.066 399.224 398.976 398.728 397.744 398.811 396.487 396.719 397.422 393.808 395.52 394.42 395.024 394.594 392.196 393.544 390.203 391.361 390.427 391.362 392.479 393.687 394.341 393.109 395.169 395.823 395.443 395.336 396.089 395.701 396.264 397.29 395.595 397.936 396.332 397.077 397.822 398.848 397.616 396.955 397.328 397.229 396.568 397.685 395.808 396.644 397.48 395.876 395.405 396.15 394.364 395.2 394.82 392.844 393.68 394.25 394.82 395.2 398.392 396.241 395.124 395.876 395.048 396.644 397.305 397.685 396.568 396.948 396.484 396.955 397.062 396.59 397.822 398.202 396.423 398.027 396.91 396.347 396.727 394.295 395.808 395.245 395.443 394.88 394.706 393.68 392.844 393.505 392.57 390.973 392.205 389.955 391.791 392.411 392.105 392.725 393.618 394.048 394.114 395.189 394.883 395.594 397.248 397.587 397.074 398.728 397.57 399.687 399.1 397.76 398.926 399.819 399.794 400.133 399.711 400.629 400.298 398.586 397.519 399.264 399.421 398.908 399.247 399.495 399.743 398.122 398.436 397.303 397.915 396.575 397.65 395.847 396.277 395.301 394.143 393.076 394.639 393.572 391.86 390.975 391.132 390.156 389.18 388.692 387.716
389.18 390.156 389.908 391.62 392.596 391.612 394.548 394.3 396.591 395.119 396.004 397.807 395.69 396.666 397.063 397.303 398.436 398.676 399.743 399.495 398.511 399.76 399.421 399.082 399.388 399.81 399.653 399.405 398.975 397.412 399.794 399.546 398.926 398.959 399.472 399.133 398.976 398.546 398.298 396.272 397.157 395.594 395.528 395.28 394.85 394.139 393.709 394.776 392.196 390.914 390.848 391.179 390.799 392.859 392.57 393.505 394.25 393.961 395.169 394.789 395.443 397.784 395.047 395.701 396.264 396.066 397.464 396.803 397.068 397.077 396.416 396.59 395.656 398.27 397.328 397.32 396.75 396.37 397.297 396.644 395.594 395.694 396.811 397.556 394.364 393.984 394.82 394.531 393.87 394.531 394.82 395.2 395.861 395.116 395.314 395.975 397.48 395.42 396.263 397.594 396.94 396.948 398.072 396.955 397.062 398.848 396.416 397.259 396.423 396.803 395.504 395.123 398.042 397.016 395.99 395.336 395.443 394.88 394.706 393.109 391.992 392.281 392.388 392.768 390.336 390.137 390.575 392.32 393.792 392.634 393.8 394.42 395.611 395.098 395.346 395.503 397.157 396.735 397.835 398.546 397.57 397.727 399.009 398.959 400.059 399.546 399.794 398.727 401.605 398.735 399.562 398.495 400.149 399.082 398.106 399.851 398.602 397.626 398.428 398.767 397.791 398.618 397.46 397.493 397.559 397.162 396.74 396.434 394.143 393.076 394.639 393.572 391.951 391.62 391.132 390.644 388.692 388.692 387.716 388.692 388.692 390.644 390.644 392.108 392.596 391.612 393.415 393.076 395.367 395.028 397.476 397.071 398.874 397.493 396.972 397.485 398.436 399.412 398.519 399.768 399.429 398.999 398.751 399.727 400.24 400.637 399.835 399.405 401.696 399.372 399.794 399.364 400.431 398.496 398.711 397.909 399.348 397.967 398.298 396.272 397.157 396.909 396.57 397.637 395.611 394.42 393.709 392.907 393.883 393.544 390.666 391.179 391.171 391.246 392.388 392.372 393.307 394.143 393.854 394.88 395.443 394.873 396.081 395.701 397.099 396.066 396.902 397.936 397.457 397.077 396.416 396.59 397.335 396.492 397.609 395.914 396.568 397.404 395.899 396.644 397.48 397.001 396.811 396.15 394.546 395.2 394.911 394.25 393.87 394.44 394.82 395.2 396.043 395.116 395.496 395.694 396.074 396.644 398.24 396.37 396.568 396.096 397.609 398.27 398.088 398.848 397.822 397.077 397.457 395.951 396.24 395.123 396.727 396.925 396.081 396.56 395.443 394.88 395.169 393.961 394.44 392.463 392.388 392.768 390.427 389.955 391.609 390.914 393.883 394.776 393.8 394.048 394.85 395.007 396.388 395.594 396.487 398.811 397.835 396.586 398.885 398.852 398.066 398.405 399.207 399.546 399.794 400.133 400.563 399.405 400.298 400.546 400.24 399.264 399.396 398.908 398.511 397.535 397.965 398.122 397.791 398.13 397.063 397.311 395.599 395.847 394.871 395.028 396.5 394.3 394.548 393.018 391.215 391.62 390.644 390.644 389.18 388.692 387.716
389.668 390.735 390.644 391.62 392.596 393.572 394.548 395.524 395.367 395.028 394.78 395.938 395.69 396.484 397.46 397.948 398.37 398.767 400.388 399.495 398.511 398.999 399.396 400.488 400.331 400.546 399.38 399.496 400.472 400.224 399.794 398.504 398.074 398.496 399.009 398.579 398.976 396.768 397.835 396.735 397.157 395.776 396.107 396.322 395.611 394.048 393.8 392.907 391.807 394.768 391.609 390.418 390.336 390.138 391.627 392.554 393.398 392.927 393.763 394.789 393.648 394.873 396.081 395.701 396.355 396.256 397.183 396.34 397.068 397.077 396.879 396.598 397.062 397.989 397.609 396.948 397.974 396.37 395.808 396.735 395.321 397.282 396.72 395.96 395.58 396.606 394.82 394.44 393.87 395.838 394.82 395.2 394.364 395.116 395.405 397.001 396.074 396.644 395.899 397.404 397.784 397.411 397.328 396.955 397.062 398.848 396.879 398.665 396.332 396.34 397.464 396.628 394.469 396.925 396.089 395.154 395.443 394.508 393.763 393.961 394.341 393.505 392.479 390.51 391.262 389.955 390.666 391.576 393.701 394.594 394.561 394.42 395.148 395.28 396.57 396.818 396.785 398.811 398.298 396.768 398.976 399.133 398.711 401.589 400.431 399.546 399.794 400.133 400.381 399.405 399.835 399.81 399.479 399.264 399.884 399.578 398.602 399.495 400.388 398.767 397.7 397.303 397.46 397.311 395.508 396.492 396.004 395.028 394.052 394.3 390.901 393.663 391.951 392.108 390.644 390.156 389.18 388.874 387.716 388.692 389.668 390.644 391.132 391.372 391.951 393.018 391.546 394.3 394.052 395.119 396.095 396.492 398.411 396.666 397.642 397.948 399.015 398.767 399.28 398.18 398.511 398.908 398.66 400.488 399.479 400.546 399.471 399.223 399.066 400.224 399.794 399.364 400.522 398.405 398.066 399.133 399.067 398.728 397.471 396.735 397.248 395.594 394.767 395.28 394.85 394.42 393.8 394.313 393.792 393.544 390.575 389.194 390.89 392.768 392.479 392.19 392.935 394.333 393.763 394.88 394.219 395.336 396.271 396.925 395.602 395.032 397.936 396.34 396.332 397.168 396.879 398.848 397.062 397.989 399.015 396.948 398.346 397.685 398.24 396.644 395.048 395.694 396.53 397.556 394.364 395.2 394.82 394.25 393.68 394.622 394.82 393.984 394.364 395.116 395.405 395.694 396.256 396.454 397.206 397.685 396.932 396.948 397.328 396.955 397.616 396.218 396.416 397.077 397.176 396.34 397.282 397.29 396.264 396.925 394.774 395.154 394.5 394.698 395.169 393.018 392.935 392.099 391.809 391.916 391.262 388.549 390.203 392.32 393.883 394.776 393.618 395.363 395.148 396.322 397.604 397 396.396 396.735 397.074 396.677 397.57 398.372 398.918 397.76 400.522 398.504 399.794 399.579 399.066 400.447 401.522 400.546 398.834 399.727 399.421 398.908 399.338 398.271 399.834 398.767 397.791 397.485 397.799 397.311 398.783 397.807 396.095 395.301 394.234 394.3 394.548 393.2 392.596 392.108 391.132 389.023 389.668 388.692 387.716
389.18 390.156 389.354 392.199 392.596 393.663 394.548 394.3 394.052 395.028 395.516 397.807 396.914 398.047 396.972 398.618 397.146 398.767 400.388 399.586 399.983 399.735 400.554 400.372 399.388 398.495 399.653 398.735 399.711 400.133 399.794 399.364 400.522 398.959 398.066 398.372 398.976 397.322 397.835 396.735 396.487 397.091 396.479 395.768 394.85 393.957 393.982 393.552 392.105 392.229 391.03 391.642 392.114 391.362 391.718 393.687 393.398 393.572 395.169 394.88 395.443 395.154 396.18 396.925 396.264 396.438 397.183 398.027 397.457 398.665 396.879 397.624 395.656 396.492 397.328 395.914 396.932 396.279 395.899 396.644 397.48 396.066 396.53 396.613 395.77 393.984 394.82 394.25 391.248 395.656 393.414 395.2 396.142 396.241 396.72 395.694 395.594 396.735 398.24 396.279 396.568 396.948 397.328 397.898 398.088 397.533 394.712 397.259 396.332 396.803 396.24 396.347 396.264 394.295 396.362 394.972 395.352 394.88 393.953 394.052 394.531 392.554 391.809 391.916 390.336 391.46 391.609 392.32 393.883 392.907 394.933 394.718 396.074 395.95 396.198 397.554 397.157 396.735 397.835 396.677 398.976 399.042 400.026 397.76 398.744 399.083 398.388 398.818 400.472 399.405 399.653 398.586 401.348 399.173 398.751 399.396 400.562 397.626 396.559 396.807 397.791 397.46 397.46 398.808 397.559 396.492 396.095 395.028 394.052 395.706 392.1 393.572 392.596 390.148 391.223 390.644 389.668 388.692 387.716 388.692 389.18 389.668 390.644 390.975 392.596 393.572 394.548 393.076 394.052 395.119 397.476 397.253 398.411 398.626 397.799 398.618 398.436 398.767 399.28 398.18 398.42 399.735 400.554 399.727 400.331 401.952 399.562 400.447 399.711 399.579 399.794 400.398 400.241 399.05 398.918 399.224 398.976 396.586 396.983 396.735 396.396 396.909 396.388 394.635 394.759 394.139 393.618 392.725 393.883 392.32 391.791 391.088 390.708 391.362 392.388 393.687 392.174 393.018 392.448 394.88 395.352 395.336 394.683 395.701 396.545 398.696 397.001 396.34 397.457 397.259 396.416 396.59 397.335 398.179 395.078 397.32 396.75 397.594 395.808 396.644 397.48 394.288 395.124 395.96 396.986 395.2 394.82 394.44 393.87 394.25 394.82 394.075 394.364 396.522 396.72 395.694 395.594 396.644 395.899 396.279 397.122 397.32 397.328 396.748 397.616 396.689 397.822 395.762 397.176 395.488 396.24 396.347 396.636 395.891 394.683 395.336 395.352 394.789 395.169 394.424 393.307 393.505 392.479 391.453 391.262 391.179 390.666 391.559 392.452 394.776 394.561 394.627 395.33 396.231 396.107 395.776 397.43 396.735 399.034 398.728 397.57 398.372 398.802 398.959 400.431 399.364 398.57 399.579 399.711 398.09 400.298 400.546 400.24 399.727 399.421 399.578 400.562 397.535 399.834 398.304 398.37 397.303 397.915 396.575 397.559 395.847 394.78 395.028 395.367 394.3 393.324 393.018 392.596 392.108 391.132 390.156 389.18 388.692 387.716
389.668 390.644 390.644 390.884 392.596 391.612 393.324 393.837 395.367 395.028 396.095 395.938 397.468 398.626 397.799 397.485 398.436 398.304 399.28 400.992 399.338 398.999 399.239 399.082 397.61 399.81 401.034 399.405 399.62 398.818 399.794 399.819 398.926 399.141 398.066 398.852 395.792 398.728 397.835 398.05 397.157 395.776 394.883 396.322 394.114 394.42 393.618 394.594 393.883 392.229 390.575 388.549 392.114 390.51 392.57 392.19 393.398 393.961 395.169 394.789 395.352 395.154 396.18 395.519 396.818 397.29 395.504 396.803 397.829 397.168 397.822 397.624 397.335 398.179 397.518 396.948 397.974 397.404 398.24 396.644 397.48 397.1 396.53 396.241 395.58 393.984 394.63 394.25 395.276 394.25 394.82 395.2 394.364 397.556 396.72 397.282 395.048 396.454 398.24 396.279 396.932 396.948 395.26 398.08 398.088 396.59 397.822 396.986 397.92 395.488 395.595 395.123 395.693 396.925 394.683 395.154 395.352 394.607 395.169 394.424 394.341 392.372 392.388 391.246 391.171 390.418 391.609 391.559 392.196 391.476 393.618 394.139 394.759 393.808 396.57 396.909 397.157 396.735 397.074 399.191 399.348 398.372 398.711 398.405 400.34 399.546 399.794 399.372 398.975 399.314 399.562 398.586 398.925 399.727 398.751 399.851 399.429 399.495 399.834 398.122 398.436 398.13 396.972 396.484 397.005 396.492 396.186 395.028 395.276 395.524 394.548 393.572 392.596 391.62 389.999 390.644 388.692 388.692 387.716 388.204 389.18 390.644 390.644 391.372 392.596 391.612 394.639 393.076 394.904 395.119 396.74 396.492 395.508 396.666 397.063 398.436 397.791 398.767 396.559 399.586 398.602 398.354 400.066 400.488 400.149 400.546 400.207 399.405 399.248 400.224 399.794 399.546 398.074 398.959 398.066 397.909 398.885 398.728 397.653 397.587 397.248 396.818 396.57 396.322 394.85 394.42 395.024 394.594 393.883 391.468 391.791 390.418 391.171 391.362 392.388 393.968 394.341 393.018 393.672 394.88 395.352 395.336 396.081 395.428 396.727 397.29 396.902 398.027 396.514 397.358 398.103 397.624 398.088 397.898 397.328 398.354 397.974 397.404 395.808 396.644 397.48 395.694 395.124 395.96 395.58 394.257 394.63 394.44 395.276 394.44 394.44 394.166 396.142 396.241 395.314 395.694 395.594 396.735 395.808 396.279 396.568 396.948 396.666 396.955 397.153 396.59 397.822 395.762 397.829 398.027 396.91 397.29 396.636 397.206 396.081 395.154 395.443 392.92 393.672 393.109 394.622 393.687 392.57 390.51 392.296 391.179 391.981 392.229 393.701 392.907 393.8 393.957 394.85 395.007 396.57 395.503 397.43 397.587 397.835 398.728 397.661 399.687 398.711 398.496 398.926 400.398 399.794 400.224 399.157 398.735 399.562 401.307 400.149 399.173 399.396 398.908 399.247 397.535 397.874 398.122 399.015 397.485 397.642 396.575 395.599 395.938 396.095 395.028 394.143 395.615 394.548 391.703 392.596 390.975 391.62 389.511 389.668 388.692 387.716
389.668 389.668 391.223 391.62 392.596 393.572 393.324 393.076 395.276 395.028 394.871 395.847 395.508 396.575 397.642 397.46 397.791 398.213 399.28 399.586 401.298 399.735 400.066 399.082 399.388 399.81 401.522 399.314 399.157 400.224 399.794 399.083 400.522 398.496 398.827 398.372 397.57 397.413 397.628 397.033 397.157 395.594 396.843 395.189 394.759 394.42 395.396 394.776 391.807 390.914 390.848 389.864 390.038 391.064 391.718 393.505 392.174 393.68 393.953 394.698 395.352 394.873 397.024 394.758 396.636 396.347 397.001 396.803 396.332 398.665 396.879 397.252 397.335 396.955 399.015 396.948 396.659 397.776 397.206 396.644 397.48 395.876 395.777 396.704 394.364 395.2 394.63 392.844 393.68 394.25 394.82 393.984 395.77 396.613 396.53 397.282 397.48 396.644 398.24 396.461 397.974 395.914 398.072 396.492 397.426 396.218 398.194 397.077 397.639 396.803 395.504 396.628 394.469 396.925 396.081 395.154 394.128 394.88 395.169 394.424 394.25 392.554 391.627 391.916 392.114 391.361 391.609 392.32 391.807 392.907 391.84 394.627 395.33 393.808 394.883 396.909 396.487 396.735 397.835 398.546 398.885 399.133 398.066 400.274 400.431 399.819 399.794 398.818 399.066 399.496 399.562 400.455 398.834 399.264 399.421 399.09 398.602 397.535 398.428 398.767 397.791 398.527 397.642 396.666 397.559 394.532 394.871 395.028 395.276 395.524 394.548 393.572 392.596 391.62 391.62 389.668 389.18 388.692 387.716 388.692 389.18 390.156 391.62 392.108 392.596 393.572 393.324 393.837 394.143 395.028 395.516 397.807 397.559 397.311 398.287 398.527 398.436 398.767 396.65 399.495 398.602 399.09 398.751 399.082 399.479 398.404 400.943 399.405 400.381 400.133 400.53 398.388 398.074 398.959 400.026 397.909 399.348 396.586 397.835 398.811 397.248 395.594 397.422 395.189 394.759 395.272 394.379 393.552 393.883 392.32 391.89 391.551 390.89 392.768 391.809 393.505 392.935 393.109 393.672 394.789 395.443 395.336 394.774 397.107 396.727 396.066 397.183 396.34 397.639 399.608 397.822 398.848 397.335 398.27 397.328 399.76 396.568 396.279 398.24 396.735 395.594 396.066 395.016 395.116 395.58 395.2 394.911 394.44 395.276 393.034 394.82 395.2 394.546 396.241 396.53 396.066 397.48 396.454 397.206 396.279 396.932 397.229 396.484 396.955 397.616 398.848 397.822 397.168 397.457 396.34 397.092 396.438 394.56 394.758 395.047 395.336 395.443 394.698 393.854 393.018 392.174 393.505 392.942 391.064 392.114 391.46 391.609 390.914 393.883 394.594 395.024 394.9 395.148 395.098 396.843 397.273 397.248 397.496 397.719 399.191 398.422 399.224 398.711 398.496 398.074 400.398 399.794 400.224 399.157 399.314 399.562 400.455 398.925 399.727 399.396 399.578 398.42 397.626 398.519 398.676 398.37 397.485 397.46 398.808 395.599 396.492 396.004 396.434 394.143 393.076 394.639 393.572 391.86 391.62 389.999 390.644 388.692 388.692 387.716
389.668 390.644 391.132 391.62 392.596 389.743 393.324 392.522 394.052 395.764 396.095 395.847 395.508 396.484 397.46 398.709 397.146 398.676 399.371 398.18 398.602 399.09 399.421 399.636 398.925 400.546 399.562 399.314 399.157 398.727 398.388 399.364 398.074 398.959 399.009 398 397.57 396.677 397.628 398.811 396.669 395.594 396.107 394.453 394.759 394.42 393.8 394.776 393.883 392.32 391.609 391.551 390.427 391.064 392.851 391.52 391.992 394.052 394.706 394.789 395.443 395.336 396.18 395.61 396.264 398.696 396.91 396.803 396.423 397.168 398.194 396.59 397.062 396.955 395.078 395.914 397.974 396.37 398.24 396.917 396.074 395.694 395.124 395.96 395.58 395.2 394.82 393.034 391.248 394.44 394.82 395.2 394.364 394.934 395.124 396.72 397.48 396.644 395.808 396.279 398.065 396.948 397.791 396.492 397.616 398.848 396.416 398.665 397.176 396.34 396.91 396.628 396.545 395.61 394.592 395.063 394.219 394.789 393.672 393.68 392.935 392.19 392.479 390.419 392.205 391.361 390.848 392.229 393.883 392.907 393.8 395.735 395.983 395.95 396.198 395.594 396.396 396.735 397.653 396.586 398.885 398.852 398.802 398.959 400.431 398.504 399.794 400.133 399.066 399.405 400.48 400.546 400.331 399.082 399.396 398.908 399.429 400.992 397.874 398.767 397.791 398.13 397.799 396.575 395.508 397.344 396.74 395.119 394.143 394.391 392.679 393.572 392.596 392.108 391.223 390.644 389.668 388.204 387.716 388.692 389.668 390.644 391.132 390.239 391.86 393.572 394.639 393.167 394.052 395.21 396.095 397.807 395.599 396.484 397.46 397.46 397.791 399.412 400.388 397.626 398.602 398.999 399.421 399.727 399.57 398.495 399.471 399.38 401.605 400.224 400.53 399.546 398.074 398.496 399.1 397.909 397.57 396.586 397.835 397.587 396.487 396.818 396.388 393.808 395.148 394.42 393.618 392.907 393.61 392.32 391.89 391.642 392.114 391.362 391.718 392.463 391.992 393.68 393.862 394.88 395.443 395.336 396.081 395.701 396.636 398.696 397.282 396.34 397.176 397.077 396.788 397.252 397.062 396.955 396.484 397.229 396.568 396.37 398.24 396.644 396.256 396.91 395.496 396.15 395.58 395.2 394.63 393.216 395.276 394.25 394.82 395.2 396.986 393.528 396.811 397.1 397.48 396.644 395.899 396.37 396.75 396.948 397.328 396.674 397.062 397.252 398.103 395.762 397.457 397.746 397.936 396.438 396.545 395.519 396.081 395.154 396.568 394.88 394.135 393.961 394.531 393.505 392.57 392.768 392.205 389.955 391.89 391.576 391.344 392.816 393.064 394.627 395.512 395.95 394.883 396.818 397.248 397.38 397.744 396.677 398.976 399.224 400.026 398.959 398.744 399.546 399.794 400.224 400.29 399.405 399.38 398.495 400.24 398.991 399.396 399.578 399.52 400.992 398.428 398.122 397.791 397.46 397.46 398.626 397.559 394.532 396.277 395.119 394.143 394.3 394.639 393.018 391.86 392.199 390.644 390.156 389.668 388.783 387.716
389.18 389.668 391.132 391.645 393.266 393.572 391.455 393.076 395.367 395.301 394.871 395.847 395.599 398.626 397.642 397.485 398.552 398.767 398.519 399.495 399.338 398.908 400.554 400.372 400.703 401.77 401.034 399.496 399.711 400.042 399.794 399.364 400.241 398.496 398.066 398.372 399.348 396.677 398.298 396.735 397.157 397.091 394.883 395.098 394.85 394.42 395.024 393.552 392.452 391.096 391.791 390.418 390.89 390.51 392.57 393.687 394.25 393.961 393.854 394.599 394.012 395.336 396.271 395.982 396.545 395.123 396.91 396.803 397.639 397.077 396.97 397.533 397.335 397.898 395.26 399.76 396.568 397.404 397.297 396.826 397.571 395.694 395.124 396.241 395.77 393.984 394.82 392.844 393.68 394.25 394.82 395.2 394.364 395.96 396.53 395.884 396.165 396.917 397.206 397.404 396.568 397.32 397.328 397.898 397.335 396.499 396.416 395.762 397.457 395.769 396.058 396.066 396.264 395.61 396.362 395.154 395.443 394.789 393.763 393.018 394.622 392.463 391.809 391.064 390.336 391.088 391.336 392.229 393.883 392.725 393.064 394.42 394.85 395.28 394.767 395.594 396.396 396.735 397.562 398.728 397.57 399.042 399.472 397.76 397.429 398.504 399.794 399.372 399.066 400.447 399.744 399.81 400.24 400.488 400.066 399.578 399.983 397.626 399.743 398.122 399.015 398.618 397.46 397.311 397.559 395.847 396.277 396.434 395.367 395.706 394.639 393.572 393.266 391.62 391.62 389.668 389.18 388.692 387.716 388.204 389.18 390.644 390.644 392.199 391.86 393.2 394.548 394.391 395.367 395.119 395.516 397.807 397.468 396.575 396.972 398.527 397.791 398.304 399.925 399.495 398.511 399.578 399.512 399.082 400.331 398.495 399.835 400.447 399.157 399.579 400.158 398.504 398.074 398.496 398.802 397.818 399.348 396.586 397.562 398.811 397.248 397.091 396.479 397.546 394.875 394.9 393.8 392.634 392.196 390.914 391.336 391.179 390.336 391.916 392.388 393.505 394.25 393.961 394.044 394.698 395.443 394.211 396.362 395.701 396.264 395.123 397.282 397.746 397.457 397.449 395.746 398.848 397.335 398.171 396.484 397.32 396.568 396.37 395.808 396.917 397.48 396.157 396.53 395.116 396.986 395.2 393.414 392.844 393.87 392.844 394.82 396.606 395.861 396.241 396.53 395.694 395.321 396.644 395.808 397.685 398.065 396.096 397.609 397.989 397.153 398.848 398.103 397.168 397.92 395.488 396.24 398.696 395.693 395.61 396.081 395.154 395.443 392.92 393.672 393.961 394.44 393.687 391.627 392.768 391.353 391.551 391.89 391.857 393.883 394.776 393.8 395.272 397.389 395.007 396.107 396.818 397.248 397.38 397.719 400.043 397.661 399.224 398.711 401.589 397.429 400.398 399.885 400.042 399.62 400.72 399.471 400.455 398.834 399.082 398.751 399.851 398.602 397.626 398.428 400.082 397.055 398.618 397.799 397.493 396.914 394.532 394.871 395.119 395.367 394.391 391.546 393.572 393.175 390.239 389.999 389.668 389.668 388.204 387.716
389.668 390.156 390.644 391.463 392.596 393.572 394.548 395.706 394.052 395.764 394.871 394.532 395.508 396.575 398.56 398.527 398.279 398.676 399.925 399.495 399.983 399.396 398.751 399.727 400.794 400.455 399.38 400.629 400.29 399.372 399.794 399.546 400.522 398.496 399.009 399.224 398.976 396.586 397.744 396.735 396.487 396.818 395.528 395.768 394.759 394.627 393.064 392.725 392.105 392.229 391.89 389.955 390.89 391.362 392.388 392.19 393.307 393.109 394.135 394.789 393.466 395.336 396.271 395.701 396.545 396.438 397.183 396.34 397.176 397.168 397.061 398.848 397.335 397.989 397.328 399.76 396.568 396.37 396.263 396.917 395.594 397.1 395.496 395.96 395.58 395.2 394.82 394.25 393.87 394.25 394.82 395.2 394.364 396.15 395.496 395.975 396.165 396.454 398.24 397.776 396.568 397.411 397.609 396.955 397.062 397.252 396.97 395.762 397.176 398.027 396.24 395.032 396.818 397.206 396.081 395.336 395.443 395.823 393.763 391.976 391.992 393.687 393.794 392.768 390.336 391.179 391.981 391.576 393.883 393.552 393.8 393.957 394.85 394.635 394.883 396.818 397.248 398.05 397.719 398.728 398.976 398.372 399.29 398.959 398.074 399.364 399.885 398.727 400.563 399.405 400.48 401.307 399.479 399.082 399.603 399.735 398.602 397.535 399.743 398.767 398.436 397.46 397.733 396.484 395.599 398.452 394.871 395.028 394.143 394.391 394.639 391.612 391.215 392.199 389.908 390.156 389.362 388.692 387.716 388.692 389.668 389.511 391.132 391.62 392.596 391.703 391.455 393.076 395.276 395.119 396.831 397.716 395.599 396.666 397.46 397.46 398.436 398.213 398.428 399.586 399.338 399.851 400.554 399.264 399.479 399.81 399.38 400.629 401.696 399.579 400.456 399.819 398.744 398.496 400.026 398.091 398.976 397.967 397.653 397.587 396.396 397.091 396.198 395.28 395.148 394.139 393.8 392.725 393.883 391.096 391.791 391.179 392.114 391.916 392.388 393.687 392.935 393.961 395.169 394.88 395.352 394.211 396.081 394.758 396.264 395.123 396.91 397.746 396.423 397.259 397.822 397.533 397.062 396.955 397.328 397.229 397.974 396.37 397.206 396.735 395.594 394.288 395.777 396.15 395.77 395.2 394.82 394.44 393.87 394.25 394.82 395.2 394.364 396.241 395.314 397.001 395.594 396.735 397.206 396.461 396.659 396.948 397.609 397.989 397.062 397.624 396.78 397.54 397.457 397.746 397.001 398.696 396.545 396.925 396.18 395.154 395.443 394.326 394.135 392.927 392.455 392.281 391.718 390.419 390.336 391.642 391.336 392.411 392.196 392.907 393.8 394.718 395.52 397.083 394.883 396.909 396.487 397.405 397.835 398.728 399.348 399.224 398.802 398.959 400.522 399.364 398.388 400.133 400.29 400.447 399.653 400.546 400.703 399.082 398.106 399.851 398.602 399.768 398.428 398.676 399.015 398.527 397.642 397.311 399.056 394.532 394.871 395.764 394.143 395.524 392.679 393.572 392.596 390.239 390.578 390.156 389.668 388.204 387.716
389.18 390.156 389.999 391.62 392.596 393.572 394.639 394.391 394.052 395.119 396.004 397.807 397.468 396.575 397.46 398.039 397.055 399.412 398.519 399.495 398.511 399.735 399.396 399.082 400.149 399.901 399.835 399.405 399.066 400.224 398.388 399.364 398.074 398.959 398.711 399.687 398.794 396.677 397.835 396.735 397.157 396.909 394.883 395.28 395.057 394.139 391.84 392.907 392.196 394.768 391.981 391.551 390.336 390.692 392.479 393.687 394.341 394.515 396.112 394.789 395.443 395.154 396.362 397.206 396.264 398.696 397.183 397.746 397.068 395.762 398.194 397.624 397.335 396.955 397.518 396.948 396.75 397.685 395.8 396.644 397.48 395.694 396.53 395.116 395.861 395.291 393.596 394.25 393.87 394.25 394.82 395.2 395.861 394.934 395.496 397.001 397.571 396.735 397.206 397.594 397.974 399.76 396.666 396.955 397.335 397.624 398.285 398.665 397.176 396.34 397.183 395.975 395.693 397.206 394.774 395.154 393.466 394.88 394.706 394.424 391.992 393.505 391.718 392.768 390.336 391.179 390.666 392.229 393.122 392.725 394.561 395.942 395.611 396.322 394.883 396.818 396.578 398.72 397.653 399.191 398.976 397.909 397.396 398.405 398.744 399.546 398.388 400.133 399.711 399.405 400.389 400.455 399.479 399.264 400.554 399.735 398.42 397.535 400.388 398.122 398.279 398.436 397.46 400.677 396.914 397.807 396.095 395.119 394.143 395.615 393.324 391.612 392.596 392.108 391.132 390.644 389.18 388.692 387.716 388.692 389.668 389.668 390.644 391.62 391.951 393.572 394.548 395.615 394.052 395.119 394.871 395.938 399.056 398.626 397.642 398.13 397.055 398.031 398.519 399.495 398.602 398.999 399.421 399.082 397.519 400.455 399.562 399.314 398.975 398.818 399.794 398.504 400.522 398.496 399.1 399.687 397.661 398.728 397.835 397.587 397.248 396.818 396.752 397.637 394.759 395.735 393.618 394.594 391.807 392.32 390.848 391.179 390.336 391.064 392.479 392.281 393.117 393.109 394.706 394.88 396.849 395.336 396.081 396.925 396.264 395.884 395.868 397.746 397.176 395.762 397.822 397.442 397.062 396.748 395.078 398.354 397.966 396.37 395.808 396.826 396.256 397.282 395.496 395.96 398.392 393.984 394.82 394.44 395.276 393.034 394.82 392.95 395.952 395.96 396.53 397.1 395.048 396.644 398.24 397.404 398.346 397.32 398.072 398.27 397.335 397.533 398.194 396.796 397.457 396.803 396.24 398.696 394.378 396.925 396.18 395.245 395.352 394.789 393.854 393.572 394.622 393.505 391.809 390.51 390.336 391.642 390.575 391.857 393.701 392.725 394.933 394.048 394.85 395.28 396.752 396.719 397.157 396.735 397.719 398.728 398.976 399.224 398.827 398.496 398.744 399.546 400.53 400.133 400.472 399.405 399.835 398.586 400.331 399.082 399.421 398.999 398.42 399.495 399.834 398.767 397.791 397.46 397.642 396.666 395.599 397.807 394.871 395.028 394.143 394.3 392.679 393.572 391.215 392.687 391.132 390.156 389.668 388.692 387.716
389.759 390.644 391.62 392.108 392.596 393.572 393.324 394.3 394.052 396.5 396.186 395.847 399.056 396.666 397.642 397.948 398.461 398.676 396.559 399.586 399.429 398.908 400.554 399.636 400.24 401.952 399.562 398.735 400.29 399.579 399.794 400.216 400.059 398.959 400.026 399.224 398.976 398.728 397.835 396.735 397.157 395.503 394.767 395.95 394.85 394.9 395.024 392.907 393.883 392.32 391.336 390.418 390.89 391.064 391.809 392.281 394.531 393.018 393.953 394.789 394.012 395.336 396.089 397.206 397.099 395.123 397.183 398.027 396.332 397.449 397.822 396.218 397.062 397.989 395.26 397.692 396.75 397.594 397.206 396.735 396.074 397.1 395.124 396.704 395.952 395.2 393.414 395.838 393.68 394.44 394.721 395.2 395.861 396.15 396.53 395.876 395.884 396.826 397.206 397.685 396.568 395.914 395.078 398.179 397.062 397.533 398.194 397.449 397.176 396.803 395.595 396.438 396.264 396.925 395.047 395.336 395.443 392.92 393.672 393.018 394.531 392.19 392.388 392.768 392.205 390.046 391.518 392.229 393.883 392.907 391.84 394.9 394.875 396.322 396.388 396.719 396.396 398.811 397.835 398.546 395.792 398.67 398.711 398.959 398.926 399.546 398.388 400.133 401.696 399.405 399.38 398.495 400.703 399.173 400.645 399.735 399.429 398.271 399.189 398.767 397.146 396.815 396.972 397.402 397.65 396.492 396.74 395.028 394.788 395.524 394.639 393.572 392.596 391.463 391.62 390.247 389.668 387.559 387.716 388.692 389.668 389.668 389.999 391.62 391.306 393.572 393.324 395.615 395.276 395.028 394.871 396.492 395.508 398.626 396.972 398.709 398.436 398.767 398.519 399.495 399.983 398.42 398.106 399.727 400.24 400.728 399.562 398.735 399.157 400.042 400.53 398.504 400.522 398.959 398.802 397.909 397.57 398.728 397.835 396.735 397.248 395.503 396.479 395.768 394.85 394.9 394.933 394.594 392.452 391.005 391.981 389.955 390.708 391.916 392.57 393.505 393.398 393.961 393.763 394.326 395.352 395.154 396.081 394.758 396.264 396.347 397.464 395.488 397.176 397.168 395.746 398.848 395.656 397.898 397.609 396.096 397.974 397.404 398.24 396.644 396.256 394.288 395.405 396.431 395.58 396.606 393.414 394.44 393.68 392.844 394.82 394.166 395.77 395.96 396.53 397.1 396.256 396.644 397.297 397.594 396.568 396.948 397.328 396.674 397.335 396.59 396.416 397.168 397.92 395.951 397.464 395.032 398.042 395.428 396.18 397.784 395.352 394.326 394.135 393.018 393.307 392.554 392.57 391.362 392.114 389.773 391.89 391.857 391.344 393.552 394.933 394.139 394.85 394.635 395.346 395.594 396.396 397.587 397.562 399.191 398.976 397.818 398.711 398.959 400.241 398.388 399.794 400.133 400.381 399.223 400.48 398.404 400.794 400.372 398.751 398.999 398.602 399.586 399.743 398.213 397.7 397.46 397.063 396.575 395.599 397.162 396.004 395.855 395.367 393.076 392.1 393.018 391.951 391.463 390.396 390.156 389.759 388.692 387.716
389.18 390.644 391.132 391.62 391.86 393.572 392.679 394.3 396.591 395.764 396.74 397.162 395.599 397.311 397.642 397.948 397.055 398.676 398.428 397.535 398.511 399.09 399.421 398.991 398.834 399.901 400.298 400.05 398.975 400.042 399.794 399.364 398.835 398.959 398.711 399.224 397.57 397.231 396.404 397.587 397.157 396.818 397.604 396.322 394.85 395.942 393.8 392.725 391.344 390.914 390.203 390.137 392.114 391.362 391.809 392.554 394.25 394.333 393.763 394.326 395.352 395.154 396.18 395.982 396.636 398.696 395.868 396.803 396.514 395.944 398.103 396.218 397.062 397.898 397.328 396.948 397.974 396.37 398.24 396.644 397.29 397.001 395.496 395.116 395.952 393.984 394.82 394.25 393.68 392.844 394.82 395.2 395.952 396.15 396.53 395.694 397.48 396.644 398.24 397.685 396.75 396.096 397.328 396.492 397.616 396.59 396.78 398.665 397.176 398.027 396.91 395.975 396.545 395.61 396.089 395.154 395.443 394.599 395.169 394.333 393.398 392.099 392.388 392.768 392.205 390.418 391.518 392.229 391.344 392.725 393.064 394.627 394.759 395.189 394.767 395.776 397.157 398.72 397.835 396.586 397.57 399.042 398.918 398.959 400.522 399.546 399.794 399.372 399.066 400.811 399.562 400.637 400.331 400.397 398.66 399.851 399.247 399.586 399.743 398.122 399.015 396.815 397.551 398.626 395.508 397.807 396.831 395.119 395.276 394.391 392.861 393.2 392.596 390.975 390.644 390.156 389.18 388.692 387.716 388.692 389.18 390.156 391.132 391.62 391.951 391.612 391.455 394.391 394.052 395.21 396.095 397.344 395.599 396.484 397.46 397.948 397.791 398.031 397.874 400.231 398.602 398.999 399.421 400.488 400.885 400.455 400.207 399.314 400.472 400.133 399.794 399.083 398.074 398.405 398.802 399.224 398.976 398.728 397.835 397.587 397.248 396.909 395.412 396.322 397.389 394.718 393.8 394.131 393.883 391.559 391.89 390.418 392.296 391.362 392.388 393.687 393.307 393.018 395.169 394.789 395.443 396.56 396.18 397.206 396.264 398.696 395.959 396.803 397.176 395.762 398.103 398.848 397.616 396.955 397.328 396.948 397.974 397.404 395.808 396.644 397.571 395.975 395.405 393.528 394.364 395.2 394.82 393.216 393.87 395.656 394.63 395.2 395.77 397.556 396.811 395.694 395.048 396.735 398.24 396.461 396.568 396.096 397.609 397.989 397.335 397.624 396.879 398.665 397.92 395.397 397.464 395.975 396.264 396.925 396.18 394.873 395.443 394.88 393.763 393.68 392.935 392.463 391.809 391.916 391.171 391.179 392.072 390.914 393.61 392.725 394.933 394.42 394.85 395.098 396.388 395.776 397.43 396.735 397.835 398.728 398.794 399.315 398.711 401.68 398.926 399.546 399.794 398.727 400.472 398.735 399.744 398.586 400.794 399.082 398.751 399.578 399.983 397.626 400.388 398.767 398.436 397.394 397.799 397.311 397.559 394.532 395.516 396.434 395.367 395.615 394.73 390.479 391.951 391.62 390.644 390.644 389.18 388.692 387.716
389.18 390.156 391.132 392.199 392.596 393.572 392.679 393.076 394.052 395.028 394.871 395.847 395.599 396.666 397.642 397.46 397.791 398.031 397.874 397.535 398.511 398.908 400.066 399.264 400.885 398.586 399.835 400.538 399.62 399.372 400.456 399.546 398.744 398.959 399.472 399.687 399.348 399.191 397.38 396.735 397.43 396.818 396.107 395.768 394.759 396.124 393.618 393.552 392.452 392.411 390.203 391.179 390.708 391.246 392.479 393.687 394.341 394.424 394.044 392.92 393.739 395.245 396.18 394.758 396.636 396.066 397.001 396.803 397.738 397.259 397.822 397.252 397.335 396.674 397.609 397.229 396.94 397.404 395.899 396.917 397.571 397.1 396.53 395.116 395.58 393.984 394.82 395.656 395.276 394.25 393.414 395.2 395.77 396.15 396.53 395.694 396.074 396.735 395.808 396.37 396.568 397.411 397.328 397.989 397.062 396.59 395.746 395.762 396.332 396.34 397.464 396.256 396.545 396.925 397.024 395.336 395.443 394.326 394.044 392.927 393.307 392.19 392.57 391.064 392.114 390.418 390.848 392.229 391.344 393.552 394.561 394.42 394.759 395.098 396.388 396.818 396.487 397.587 397.835 400.043 399.348 398.372 398.802 397.76 398.074 399.819 399.794 398.818 400.381 400.447 400.207 400.728 398.925 399.727 399.421 399.851 399.429 397.535 399.743 398.122 398.37 397.485 397.642 397.22 395.599 395.847 396.095 395.764 394.052 393.076 394.548 393.018 392.621 392.108 389.999 390.156 389.759 388.692 387.716 388.204 388.535 390.156 390.644 391.62 391.951 393.018 392.679 393.167 396.5 395.028 396.095 394.532 395.599 398.626 397.799 397.948 398.924 397.452 397.874 397.535 398.511 399.578 400.645 399.082 399.388 401.307 399.653 399.38 399.711 398.727 399.794 399.364 398.074 401.68 398.711 399.133 399.348 398.728 397.562 396.735 396.396 397.182 396.388 396.322 395.52 394.9 395.024 392.907 391.807 391.468 390.666 388.549 391.262 391.916 392.57 392.008 392.637 393.961 393.953 394.88 395.443 394.873 394.865 395.61 397.099 395.884 397.464 398.027 394.744 397.259 398.194 397.624 398.088 396.955 397.609 398.354 396.659 396.37 397.305 396.454 397.48 397.1 395.777 393.528 395.58 395.2 394.63 393.034 391.248 393.034 394.82 395.2 394.364 395.116 396.72 397.1 396.074 396.826 395.808 397.594 396.75 397.32 397.328 396.955 397.335 397.624 396.97 395.944 396.423 396.34 395.504 398.696 397.951 396.925 396.18 395.245 395.443 394.88 396.112 393.109 394.622 392.554 391.627 391.362 390.799 391.179 391.89 391.559 392.452 392.907 395.115 394.139 394.759 394.544 395.528 396.719 396.396 397.587 396.983 398.728 397.57 398.372 400.026 398.959 398.074 400.398 398.479 399.372 399.711 398.735 399.835 398.404 399.479 400.488 399.884 398.999 399.338 399.495 398.428 398.213 397.055 398.527 397.733 396.575 395.508 397.253 396.004 395.119 394.052 395.524 394.548 393.572 392.596 391.62 391.132 390.644 389.668 388.692 387.716
389.668 390.644 390.396 391.62 391.86 393.018 393.324 393.076 394.052 395.21 395.516 394.532 395.508 396.575 396.972 397.576 398.279 398.767 399.28 399.586 399.983 398.908 399.421 399.727 400.149 398.586 399.38 400.629 400.29 399.372 399.794 399.364 398.744 398.959 398.802 399.315 398.976 396.677 397.719 397.38 397.248 397.48 395.528 395.098 394.85 394.718 395.024 392.907 393.792 392.32 390.575 391.088 390.799 391.916 395.2 392.554 393.117 393.68 395.169 394.88 395.443 396.56 396.271 395.982 394.378 395.032 397.183 397.746 396.514 398.665 396.416 398.848 397.335 396.955 397.89 399.76 396.568 397.404 397.206 396.826 395.048 397.001 395.016 393.528 395.58 395.291 394.911 395.656 393.87 394.531 394.82 395.2 395.58 396.241 395.124 395.694 396.256 396.644 395.808 397.594 397.974 396.948 395.26 396.955 397.335 396.499 398.194 397.168 397.457 396.34 396.902 395.032 396.545 395.982 396.362 395.336 396.849 392.92 394.706 394.424 393.026 393.505 392.57 391.064 391.262 390.137 391.89 392.32 393.701 394.594 393.064 393.957 394.759 394.453 394.767 396.818 396.396 398.05 397.835 398.728 397.57 398.372 398.802 399.05 400.522 400.216 398.388 398.818 400.381 398.735 399.471 400.637 400.885 401.042 399.396 399.735 398.602 399.495 397.874 398.767 397.7 398.709 397.46 396.484 395.508 396.492 396.004 396.434 394.143 393.076 392.679 393.018 391.215 392.687 391.132 389.668 389.668 388.692 387.716 388.783 389.759 390.644 391.62 391.62 392.596 391.612 394.639 393.076 395.276 395.028 396.186 395.847 399.056 397.311 397.642 397.948 397.791 399.412 397.874 399.495 398.602 399.735 399.884 399.727 400.149 400.455 400.207 399.496 398.975 400.042 400.158 399.364 399.877 400.274 399.29 399.224 397.57 398.728 397.835 397.405 397.248 397.182 395.528 397.083 395.983 394.048 393.618 391.476 393.701 392.411 390.666 390.418 390.708 390.51 391.809 393.687 391.992 394.424 393.763 394.88 396.568 395.154 396.089 396.925 396.264 396.347 397.183 396.34 396.423 398.665 398.194 396.218 398.088 396.955 398.072 396.948 396.568 397.594 398.24 396.735 397.48 396.157 396.811 393.528 395.58 395.2 394.82 395.656 393.87 393.125 394.82 395.2 395.58 393.528 396.53 396.72 397.48 396.644 397.206 396.37 396.568 396.948 395.078 397.898 395.656 397.252 398.194 398.665 397.457 396.34 396.91 395.975 394.378 395.701 394.774 397.784 395.352 394.789 393.763 393.961 394.622 393.505 391.718 391.362 392.296 389.773 390.484 391.559 391.344 392.907 393.8 393.957 394.85 394.544 396.479 396.818 395.842 396.735 397.835 398.546 397.57 398.579 398.918 398.405 398.074 398.504 399.794 398.727 400.381 400.538 399.562 400.637 401.348 399.727 400.066 398.999 398.511 399.495 399.189 398.767 397.055 397.485 396.972 396.484 397.559 395.847 396.74 395.028 395.367 394.3 394.548 393.572 392.596 390.975 390.644 389.023 389.18 388.692 387.716
389.668 390.156 391.132 391.62 391.86 393.572 392.861 395.524 395.367 395.119 396.095 395.847 397.559 396.666 397.551 397.46 398.552 398.122 398.519 397.626 399.247 399.578 398.751 399.636 399.388 401.489 400.298 400.538 401.696 400.224 398.388 399.546 398.074 398.496 398.711 399.687 398.976 398.546 397.719 396.735 396.487 395.503 396.57 394.544 395.611 394.627 391.84 394.776 393.883 392.229 391.981 391.642 390.708 391.453 392.57 393.505 393.307 393.961 392.448 394.607 395.352 395.336 396.362 395.891 396.264 398.696 397.464 397.746 397.829 397.449 398.103 397.533 397.616 397.898 397.791 397.692 398.065 397.404 397.305 396.826 397.48 396.72 396.811 395.116 395.861 393.984 394.82 394.44 393.87 392.844 394.82 393.984 394.546 396.241 396.811 395.694 397.48 396.826 395.899 396.37 396.568 396.948 396.666 397.898 397.335 397.533 398.103 395.762 397.457 398.027 396.058 396.066 395.693 396.925 396.271 394.211 395.443 394.88 396.112 394.333 394.341 392.19 392.57 391.453 390.799 389.955 392.072 391.468 391.344 392.634 393.709 395.363 395.148 395.28 396.479 397.091 397.248 398.811 398.943 398.546 397.57 399.687 398.711 397.76 398.074 400.398 398.479 399.488 399.066 399.314 400.298 400.546 398.834 399.264 400.066 399.735 398.42 397.626 396.65 398.122 397.7 397.948 397.46 396.575 395.508 395.847 396.095 395.119 394.143 395.524 392.679 391.612 392.596 391.372 389.908 389.511 389.668 388.692 387.716 388.692 389.668 389.668 391.132 392.199 392.596 393.018 394.639 394.3 394.052 395.028 394.871 397.807 398.874 396.666 397.642 397.303 398.924 398.031 397.874 397.535 398.693 398.908 400.066 399.727 400.149 398.495 400.389 399.38 400.472 400.224 400.456 400.398 400.431 398.959 398.802 399.133 398.976 398.728 397.653 396.735 397.157 397 396.752 396.322 395.52 395.272 393.618 392.907 393.883 391.857 391.609 391.361 390.708 391.916 392.479 392.19 391.992 392.927 394.706 394.698 396.568 393.748 394.683 394.758 396.264 396.157 397.282 397.746 397.457 397.259 398.194 396.218 398.088 397.898 395.26 396.096 398.346 397.404 395.808 396.644 395.321 395.694 396.72 395.96 395.58 395.2 394.63 394.25 393.87 396.872 394.82 395.291 395.952 396.15 396.53 396.72 397.29 396.454 395.899 396.37 396.568 398.354 397.89 396.955 397.616 396.59 396.416 396.986 396.423 396.803 397.183 395.884 396.264 395.982 396.362 395.336 395.443 394.789 396.112 393.018 394.622 392.099 392.479 391.453 391.171 390.137 392.072 392.32 391.807 392.907 393.064 394.139 394.85 395.768 396.57 397.554 397.339 397.38 397.835 399.282 397.57 398 399.29 398.496 398.926 398.504 399.794 400.042 399.62 399.405 400.207 400.728 400.149 399.727 398.66 399.578 398.602 399.586 397.874 398.213 399.685 397.948 397.642 396.575 397.559 395.938 394.871 395.119 395.367 393.076 394.548 393.018 391.86 391.62 390.396 390.156 389.18 388.692 387.716
389.668 389.668 391.711 390.884 392.596 393.572 393.324 395.524 395.367 395.028 394.871 396.492 395.599 396.575 397.642 398.527 398.436 398.304 397.965 400.231 398.602 398.999 400.066 399.173 397.428 398.404 399.471 398.735 400.563 398.818 399.794 399.364 400.522 398.959 398.711 398.67 398.976 398.728 398.48 397.587 396.396 396.818 395.528 394.635 396.074 394.139 393.709 392.816 391.344 390.914 391.89 391.179 390.799 390.601 392.479 393.687 393.398 393.018 394.706 394.607 394.682 394.211 396.081 394.295 396.264 396.256 396.24 397.746 397.176 398.665 398.194 397.533 397.062 397.989 397.328 397.32 397.974 397.685 395.899 396.644 397.48 395.694 395.314 396.241 394.364 395.2 394.911 394.44 393.68 394.44 394.82 396.606 395.58 393.528 395.496 396.157 395.321 396.644 398.24 396.461 396.75 397.411 397.328 396.492 398.088 398.848 396.416 395.762 396.332 396.803 397.092 396.256 396.727 395.701 394.584 395.154 395.352 394.88 394.706 394.515 394.341 392.372 392.479 391.362 392.296 391.179 390.848 392.229 392.196 392.816 393.618 393.866 394.85 395.189 396.752 395.958 397.339 397.587 397.835 398.728 400.2 397.909 398.711 398.959 398.074 400.216 399.794 399.372 398.975 398.735 399.562 399.81 400.24 399.727 399.421 398.536 398.42 399.677 398.428 398.304 399.015 397.46 397.642 396.484 395.508 395.847 396.831 395.119 394.052 394.3 393.324 393.572 392.596 392.108 391.132 389.023 389.668 388.783 387.716 388.692 389.668 389.668 389.999 392.108 393.175 393.572 392.679 394.3 394.143 396.434 393.556 395.938 395.508 397.311 397.642 398.13 397.791 398.767 396.65 397.626 402.704 399.396 399.603 398.991 400.331 398.586 399.471 399.405 399.066 400.042 399.794 399.819 400.522 398.496 398.711 399.687 398.976 398.728 396.983 397.587 396.396 397 396.107 397.083 394.875 393.957 393.618 394.313 391.344 392.229 391.981 390.137 392.296 391.916 391.627 392.099 394.341 393.018 393.763 394.789 393.466 394.972 396.271 395.891 396.727 395.884 396.902 397.746 396.514 397.168 396.879 397.442 397.062 397.989 397.328 399.76 396.75 397.404 397.297 396.644 395.321 395.694 396.72 396.15 394.364 393.984 394.82 394.25 391.248 392.844 394.63 395.291 395.77 395.116 396.53 395.694 396.256 396.917 397.206 397.404 396.932 396.948 397.328 397.691 397.616 397.533 398.103 396.796 397.92 396.803 395.959 395.032 396.264 395.61 396.18 395.154 396.568 394.599 393.763 394.424 393.307 393.687 391.718 392.768 391.072 390.137 391.89 391.468 393.883 392.725 394.933 393.957 394.875 395.28 395.412 395.594 397.157 397.587 397.835 398.546 397.57 399.224 399.472 397.76 398.074 399.546 399.794 400.133 399.711 400.05 399.38 398.495 397.519 399.264 400.554 399.578 399.338 398.271 399.28 398.213 398.436 396.815 397.915 397.956 398.874 394.532 396.277 395.028 395.367 393.167 392.1 393.018 392.596 392.108 391.223 390.156 389.18 388.874 387.716
389.668 389.668 390.644 392.108 391.306 393.572 394.548 393.167 395.367 395.21 395.516 396.492 395.599 397.311 397.799 398.527 398.37 398.213 399.371 397.626 399.983 399.735 399.421 399.173 397.519 398.495 399.562 398.735 400.29 400.133 399.794 399.364 400.522 398.405 398.711 397.727 399.348 396.677 397.719 397.38 397.157 396.818 396.388 394.453 395.52 395.735 393.618 392.634 392.452 392.229 391.791 389.955 390.708 392.859 391.809 393.687 394.531 394.143 393.862 394.88 393.739 395.336 397.024 396.925 396.636 396.347 397.001 396.712 397.639 397.449 394.712 397.442 395.656 396.492 396.484 396.096 396.568 396.37 398.24 396.636 397.571 395.694 395.405 396.613 394.364 395.572 394.82 392.844 393.87 394.25 394.82 395.2 398.392 396.15 396.811 397.001 395.321 396.454 398.24 396.37 398.065 396.948 397.609 397.898 397.062 397.533 396.879 399.608 397.176 396.803 395.504 397.753 396.818 395.701 396.362 394.873 395.443 394.88 395.169 393.961 394.25 392.463 392.57 391.064 391.262 388.549 391.609 392.32 392.452 392.634 393.618 395.735 395.611 397.637 394.122 395.412 397.248 397.587 397.719 398.728 399.067 398.67 398.711 399.141 400.522 400.216 399.794 400.133 399.248 400.538 400.48 398.586 400.794 399.727 398.751 399.851 399.429 397.535 399.743 400.082 398.436 397.485 397.063 396.575 397.559 395.847 396.095 395.764 396.682 393.076 394.639 393.572 392.596 390.975 390.644 390.644 389.668 388.692 387.716 388.204 388.692 390.156 391.132 391.62 392.596 393.018 391.455 394.3 394.879 395.028 396.095 397.807 397.559 396.575 397.551 396.815 398.436 398.122 399.743 397.535 399.338 398.999 398.751 399.173 400.885 400.546 399.835 400.72 400.29 400.042 398.388 398.388 398.744 398.959 399.472 398.372 398.976 398.546 396.404 396.735 396.024 396.909 396.843 395.768 395.611 394.139 395.396 391.476 391.344 390.914 390.484 390.418 390.336 392.768 391.627 393.687 392.844 394.242 393.763 394.88 393.466 395.336 396.271 395.891 396.818 395.975 397.001 395.86 396.332 396.796 396.416 396.59 397.616 398.179 397.328 397.411 397.122 396.37 398.24 396.735 396.074 395.694 395.868 396.15 395.952 395.2 392.008 395.656 393.87 392.844 394.82 395.2 394.364 395.96 395.124 395.884 397.571 396.917 397.206 396.279 396.659 395.914 397.328 396.492 398.088 396.59 396.416 395.762 396.423 396.34 395.504 398.696 395.784 395.891 396.089 395.245 395.443 394.789 395.169 394.242 392.174 392.372 391.809 392.768 392.205 391.361 391.791 392.32 393.883 393.552 393.064 394.139 395.983 394.544 394.883 397.091 397.248 398.72 397.835 398.728 397.57 398.579 398.918 397.76 400.431 400.398 400.53 400.133 399.066 399.38 399.835 398.586 398.834 399.264 398.751 398.999 399.247 399.495 399.834 398.213 398.552 398.618 397.551 396.666 395.599 396.492 396.095 395.21 394.052 393.076 394.548 393.663 391.86 391.554 389.908 390.156 389.668 388.692 387.716
389.18 390.156 390.396 392.778 392.596 393.572 394.548 394.3 395.276 395.028 396.74 397.344 397.559 396.575 397.063 397.485 398.552 398.122 398.519 399.495 398.511 399.396 398.751 399.727 399.388 398.495 400.943 400.811 399.62 399.951 398.479 399.364 400.522 398.959 398.802 397.909 398.794 396.768 397.744 397.587 396.396 396.818 397.422 395.95 395.52 394.42 395.024 392.907 391.344 392.502 391.981 389.955 390.336 391.916 391.809 393.505 393.398 393.018 395.169 394.698 396.849 395.154 394.865 396.925 395.602 396.628 396.902 396.803 397.457 396.986 395.746 398.848 398.088 396.955 399.015 397.32 396.568 397.594 395.808 396.644 396.074 395.876 396.53 395.96 394.546 393.984 393.786 394.44 393.87 393.034 394.82 395.2 394.364 396.522 395.405 395.876 395.048 396.826 398.24 397.594 396.75 396.948 397.328 398.179 397.062 397.533 398.194 398.665 394.744 398.027 397.001 396.066 395.602 396.925 397.024 395.154 393.466 394.88 394.706 393.572 391.992 392.463 392.479 391.916 392.296 389.955 390.575 394.768 393.883 392.725 391.84 395.363 395.33 397.083 396.198 396.909 397.157 396.272 397.562 398.546 398.976 398.372 398.802 398.959 398.074 398.388 399.794 398.727 400.29 399.405 399.562 398.586 400.149 399.727 399.396 399.851 399.429 397.535 399.743 398.767 397.791 398.8 397.46 397.22 395.599 394.532 396.095 395.855 395.367 393.746 394.548 391.612 392.596 390.975 391.62 390.156 388.535 387.716 387.716 388.692 389.668 389.668 391.132 390.975 391.86 391.612 393.324 395.615 394.788 395.119 396.004 394.532 397.468 396.484 397.708 397.485 398.461 398.122 398.428 399.495 398.511 399.735 399.421 399.727 398.834 398.495 399.38 398.735 400.381 400.133 399.794 398.388 398.074 400.274 398.802 398.372 395.792 398.728 397.719 396.735 396.487 396.909 396.479 395.098 394.759 394.42 393.8 394.131 392.452 392.229 390.666 391.361 391.171 390.973 392.479 393.505 391.992 393.961 394.706 394.789 395.443 395.063 394.774 396.925 396.636 396.438 395.868 397.746 396.423 397.259 396.78 398.848 397.335 396.492 397.328 396.948 396.568 396.37 395.899 396.826 397.48 397.282 395.405 396.241 395.58 395.2 393.786 392.844 395.276 392.844 394.82 392.768 394.364 396.15 395.496 395.876 397.48 396.644 395.899 396.37 397.974 398.354 396.484 398.179 397.062 397.533 396.416 397.168 396.423 396.803 397.001 398.696 396.264 395.891 396.081 395.154 394.219 394.88 393.672 393.018 392.637 393.505 392.388 391.825 391.353 391.551 390.575 391.468 392.659 392.907 393.618 395.942 395.512 395.098 396.479 395.594 397.339 397.38 397.562 398.728 399.067 399.687 398.711 401.68 400.431 399.364 399.794 398.727 400.472 400.447 399.471 398.495 399.479 401.042 400.066 399.735 402.704 397.535 399.743 398.767 397.791 397.948 397.642 398.047 395.599 395.938 396.186 395.028 394.879 394.3 392.679 391.612 391.951 390.884 391.132 388.932 388.535 388.204 387.716
389.18 390.644 391.132 392.108 392.596 393.572 394.548 393.928 394.904 395.855 396.095 397.253 399.428 396.666 397.46 398.527 397.791 398.767 397.874 397.535 399.247 398.445 398.751 399.173 400.24 398.495 399.471 399.496 398.975 399.372 400.456 399.364 400.522 397.76 400.026 398.67 398.976 396.586 397.719 398.72 396.396 395.594 394.767 397.083 394.85 394.139 393.618 392.725 393.701 391.468 390.848 389.864 391.171 391.064 392.479 393.505 393.398 394.052 393.953 394.789 394.219 394.211 394.865 397.206 394.469 396.438 395.868 398.027 397.176 396.986 396.416 396.218 397.335 397.898 397.609 397.692 397.974 396.37 397.206 396.917 396.165 395.876 395.496 395.96 394.364 395.2 394.82 394.25 393.87 392.844 394.82 392.768 394.364 393.528 396.53 396.72 397.48 396.644 397.305 397.404 396.568 396.948 397.328 397.898 398.088 396.78 398.194 397.077 396.332 398.027 397.282 395.975 396.355 395.891 396.18 395.154 395.443 394.789 393.763 394.424 393.026 392.554 392.479 392.768 390.336 390.418 390.575 392.229 392.452 392.725 394.47 394.42 394.966 394.635 396.661 397.091 397.248 398.05 397.835 396.586 398.703 398.091 398.711 398.496 400.522 399.364 399.794 400.133 401.605 400.538 399.653 398.495 399.388 399.727 398.751 399.851 399.338 399.495 398.519 398.031 397.055 396.815 397.063 396.575 397.65 395.847 396.186 395.119 395.367 393.746 394.548 393.018 392.596 391.372 390.644 390.644 389.668 388.204 387.716 388.692 389.668 390.156 389.263 392.108 391.215 393.572 394.639 393.167 394.052 396.434 396.74 397.807 395.508 398.626 397.642 398.436 397.791 400.082 398.428 399.586 399.429 399.09 400.554 399.727 398.834 398.495 400.298 399.314 398.975 400.042 398.388 399.819 398.074 398.959 398.802 398.091 399.067 398.728 398.48 396.272 397.339 396.818 395.346 393.808 396.074 394.42 394.933 392.907 391.344 391.857 390.385 391.179 391.262 391.362 391.809 393.505 393.307 393.572 393.854 394.698 395.352 395.336 396.089 395.982 396.264 395.975 397.183 397.746 397.829 397.54 396.416 396.218 397.616 398.179 397.609 396.096 396.568 396.37 397.206 396.735 397.48 397.1 395.405 393.528 396.043 395.2 394.911 392.844 393.87 395.656 394.82 395.2 394.364 395.116 396.72 394.288 397.571 396.644 395.808 396.461 397.974 397.692 397.609 396.674 397.062 397.624 398.103 397.259 396.332 395.678 397.464 397.753 396.264 397.107 396.271 395.336 395.443 394.88 394.044 393.109 394.44 393.687 391.627 391.246 390.981 390.046 391.89 391.468 391.344 394.313 393.618 393.957 395.611 395.098 396.479 395.594 397.339 396.735 398.48 397.231 398.976 398.091 398.711 398.405 399.968 398.388 399.794 400.224 399.066 399.405 399.562 400.455 400.794 399.727 399.421 399.578 399.247 397.626 399.834 399.412 397.7 397.46 397.46 398.626 395.508 394.532 394.871 395.119 394.052 395.524 391.546 393.572 391.951 391.62 390.487 390.644 389.668 388.204 387.716
389.668 390.644 389.999 390.975 391.215 393.572 394.639 393.076 394.052 396.434 393.556 396.492 395.599 397.311 397.063 398.8 398.436 398.767 399.925 399.495 400.744 399.09 399.421 399.727 400.24 398.495 399.562 399.496 400.29 399.372 399.794 399.364 400.522 398.496 398.802 399.224 398.976 396.677 397.835 398.811 397.339 395.412 396.388 395.007 396.074 395.181 391.84 394.776 393.883 390.914 391.89 391.179 391.353 392.768 392.57 393.687 394.622 393.109 393.953 394.789 394.682 395.154 397.024 395.61 394.469 395.123 396.91 398.027 397.457 395.762 398.194 397.533 397.616 398.179 397.328 397.411 396.568 397.404 395.808 396.735 396.165 395.884 395.496 396.15 394.364 395.291 394.82 394.25 395.276 394.44 394.82 395.2 395.77 396.15 396.72 396.91 396.256 396.826 398.24 397.594 396.75 395.914 397.328 396.492 397.335 396.218 397.822 396.796 397.92 396.34 397.001 398.696 395.693 395.982 396.081 395.063 393.648 394.88 393.763 393.018 393.307 393.505 393.794 392.768 390.336 390.046 390.575 391.857 393.122 394.594 395.115 395.735 394.759 396.322 394.767 396.909 396.487 397.587 398.48 398.546 398.976 398.372 400.026 400.274 400.431 399.546 400.53 400.133 401.696 399.223 399.835 400.455 397.428 399.727 399.396 399.735 399.247 399.495 398.428 398.213 398.436 397.948 397.063 398.808 395.599 394.532 396.186 395.21 395.367 395.615 394.639 393.018 391.86 391.62 391.132 390.156 389.668 388.204 387.716 388.692 389.668 390.156 391.711 392.108 391.86 393.572 394.639 393.655 394.052 395.764 394.871 397.807 399.056 396.484 397.799 397.485 398.461 398.676 399.834 399.495 398.602 399.578 400.554 399.727 399.388 400.546 399.562 400.447 399.62 400.042 400.53 399.364 400.522 398.405 399.009 398.372 397.661 398.546 399.034 396.735 397.248 397 396.198 394.453 394.85 394.139 393.8 392.907 393.883 391.857 391.609 389.955 390.708 392.768 391.718 392.19 393.307 393.961 393.953 394.789 395.443 394.211 394.865 395.701 396.264 396.347 396.91 395.488 396.332 397.168 396.879 397.624 397.062 398.08 397.328 396.948 396.75 397.404 397.305 396.735 397.48 397.001 396.53 397.556 394.364 395.2 393.414 394.25 391.248 392.844 394.82 395.2 396.142 393.528 396.72 397.1 396.074 396.454 398.24 397.685 396.659 397.411 397.791 396.955 395.656 397.252 396.879 397.077 397.176 396.803 397.183 398.696 396.264 395.61 394.865 393.748 393.739 394.599 393.953 394.333 391.992 393.687 391.718 391.916 390.89 391.179 392.072 392.229 391.344 394.594 393.618 396.124 396.074 397.728 396.843 396.818 396.487 397.38 397.719 397.967 397.57 399.042 400.026 398.496 400.522 399.546 399.794 398.818 399.157 400.811 399.471 398.586 400.703 399.264 399.421 399.851 402.704 398.271 399.834 399.412 398.37 397.948 397.642 396.484 396.914 397.807 396.095 395.301 395.367 393.655 392.77 393.572 391.86 391.62 390.487 390.156 389.668 388.692 387.716
389.18 389.668 390.644 390.884 392.596 393.018 391.455 393.076 394.052 395.028 396.186 394.532 396.914 396.484 396.972 397.303 397.7 398.767 399.743 397.626 398.42 399.735 400.066 399.636 400.24 401.952 400.207 400.05 399.066 400.224 399.794 399.546 399.968 398.959 399.29 399.133 398.794 396.586 397.835 397.38 397.43 396.909 395.528 394.453 394.85 394.139 393.618 394.776 393.883 391.857 392.072 391.361 390.708 391.916 392.57 392.372 394.25 394.333 395.169 394.599 395.443 396.378 394.584 395.701 396.636 396.157 397.001 397.746 397.457 399.608 397.822 397.624 397.616 397.898 395.26 396.948 397.974 397.404 397.206 396.826 395.321 397.1 395.124 397.556 394.546 395.2 394.82 394.25 395.276 392.844 394.82 394.166 396.986 393.528 396.53 397.001 395.321 397.48 395.808 397.685 396.932 399.76 397.609 396.748 398.088 398.848 396.416 395.762 397.457 397.746 397.464 396.628 396.264 395.61 396.271 395.336 395.443 394.599 394.706 393.68 394.622 392.372 392.57 391.916 391.171 391.46 390.848 391.468 393.883 393.552 393.8 394.42 394.759 394.635 396.289 397.48 397.339 397.587 397.653 398.546 397.57 398.372 398.711 398.405 400.431 400.216 399.794 400.042 401.696 400.629 399.744 399.901 400.24 399.727 399.421 399.578 398.42 399.495 396.468 398.767 397.055 397.303 397.642 396.484 397.559 395.847 396.095 395.028 395.367 394.3 394.548 389.834 392.596 392.108 390.644 390.156 389.668 388.692 387.716 388.874 389.668 390.644 391.62 391.62 391.306 393.572 394.639 395.524 394.052 395.028 396.74 395.847 397.559 396.575 397.551 398.13 398.37 398.767 400.388 400.992 398.42 399.578 398.66 399.082 399.479 398.495 399.562 399.405 401.696 399.579 400.456 399.546 400.522 399.141 398.711 398.091 395.792 396.677 397.074 396.735 396.396 396.909 396.289 395.768 394.85 394.718 394.933 394.776 393.883 391.468 391.336 390.418 392.114 391.916 392.388 393.505 391.992 394.143 393.763 394.789 393.739 395.154 394.865 395.428 395.693 396.347 397.282 397.746 396.423 397.259 396.416 396.689 397.062 397.989 397.609 396.096 396.568 397.404 397.206 396.735 395.048 395.694 395.124 395.96 398.392 392.768 394.82 392.844 393.68 396.872 394.82 395.291 395.77 396.241 396.53 395.694 397.48 396.826 397.305 397.404 397.974 399.76 397.609 397.898 397.335 397.624 396.879 396.986 396.423 396.34 397.282 396.066 395.693 395.519 395.047 395.336 395.443 394.88 393.862 394.424 394.622 392.099 392.57 392.768 392.296 391.179 392.072 392.32 392.452 394.776 393.709 395.363 395.057 394.453 396.843 396.818 396.669 398.72 397.074 397.322 397.57 398.372 398.802 398.405 400.431 399.546 399.794 400.042 399.711 399.314 399.562 400.728 398.834 401.042 398.751 399.578 399.247 400.992 399.834 399.412 398.436 398.436 397.915 397.311 397.559 394.532 396.095 395.119 394.052 395.524 392.588 393.018 391.951 390.975 391.711 390.644 389.18 388.692 387.716
389.18 390.644 391.223 390.975 392.596 393.572 394.548 394.3 395.367 395.028 394.871 397.807 396.914 397.22 397.46 398.618 397.146 396.807 399.743 397.535 398.42 399.851 400.554 400.488 400.976 399.81 401.522 398.09 400.29 399.372 398.479 399.546 398.074 398.496 398.711 399.224 399.348 396.677 396.983 398.05 396.396 397.554 396.57 395.28 394.759 396.124 395.024 392.907 391.344 392.229 390.484 391.179 390.708 392.859 392.57 392.372 393.398 393.961 393.763 394.789 394.682 395.154 394.956 396.925 397.099 398.696 396.91 396.34 397.738 397.168 396.416 397.252 398.088 397.989 396.666 396.948 397.974 396.461 395.899 396.644 395.048 396.066 396.53 395.96 394.364 394.075 394.82 393.034 393.68 394.44 394.44 395.2 394.546 396.15 395.124 397.1 396.074 396.735 395.808 397.685 396.568 396.948 399.106 397.898 397.335 397.624 398.194 398.665 397.176 396.34 396.91 395.975 397.099 397.206 396.362 394.211 395.443 395.823 395.169 393.961 394.341 393.687 391.809 391.064 390.708 390.046 390.666 391.468 391.807 392.907 395.024 393.957 395.611 395.28 396.107 396.909 396.578 396.735 397.835 398.728 398.976 398.091 399.563 398.959 400.431 399.546 398.388 400.133 399.157 400.447 400.943 398.495 398.834 399.727 399.421 398.999 400.562 397.535 398.428 396.807 397.791 398.618 396.972 396.484 396.914 395.847 396.186 396.434 394.052 394.3 392.1 393.572 391.951 392.108 391.223 390.644 388.692 387.559 387.716 388.204 389.668 390.156 390.396 392.199 391.397 393.572 392.588 394.391 395.367 395.301 394.78 395.847 397.559 397.402 397.46 397.948 398.436 398.767 398.428 397.444 398.511 399.851 399.421 400.306 399.388 400.546 400.48 400.538 399.62 399.372 399.794 399.546 398.744 398.496 398.802 397.909 399.348 398.728 397.835 397.587 396.487 396.909 396.107 394.635 395.52 395.363 394.933 393.552 392.105 392.229 391.336 390.137 390.427 391.916 392.388 393.505 394.531 394.333 393.862 394.88 395.443 395.245 395.047 396.925 396.727 396.347 396.24 397.936 396.423 397.449 398.376 396.59 398.088 397.989 397.518 397.411 396.568 396.37 397.297 396.735 396.074 394.288 396.811 395.116 395.861 395.2 394.721 394.25 395.276 392.844 394.82 395.2 394.364 395.96 396.72 397.1 397.48 396.644 397.305 397.404 396.659 396.948 396.484 397.898 395.656 397.533 398.194 395.762 397.738 397.746 397.001 396.347 396.264 395.701 396.271 396.378 394.128 394.88 393.763 393.961 391.992 392.099 391.718 391.453 391.353 391.088 391.981 391.468 392.659 394.594 393.709 394.139 396.074 395.098 395.346 395.503 395.933 396.735 397.719 398.728 398.794 398.372 399.29 398.496 398.074 398.504 399.794 399.372 399.157 399.405 399.562 399.81 400.703 401.042 399.396 399.578 399.247 397.626 399.743 398.213 398.436 397.485 397.642 397.311 395.599 396.492 396.186 395.764 394.143 393.076 393.324 393.663 392.596 391.62 391.223 390.644 389.18 388.692 387.716
389.668 390.156 390.396 392.108 391.124 393.572 394.548 393.167 394.052 395.119 396.74 396.492 396.914 398.808 397.46 397.485 398.37 399.412 399.189 400.992 399.429 399.578 400.554 399.636 399.479 400.455 399.653 399.38 398.975 400.133 399.794 398.504 398.074 400.274 398.918 399.042 398.422 398.728 396.404 396.735 397.157 395.503 396.38 395.098 395.148 394.048 393.8 392.907 391.807 392.32 390.575 391.642 390.799 391.362 392.479 392.19 393.307 393.961 394.044 392.92 395.443 393.748 396.18 396.925 396.264 396.438 395.504 398.027 397.176 397.077 396.788 398.848 397.335 396.955 399.106 396.948 397.966 397.685 397.206 396.644 397.48 395.694 396.53 397.556 396.986 394.166 394.82 392.844 395.276 395.838 394.63 394.166 394.364 396.34 396.72 396.066 395.048 396.735 395.99 396.37 398.346 396.096 397.518 396.955 397.062 396.78 396.879 397.077 397.92 397.746 396.91 396.347 395.693 395.891 395.047 395.336 396.568 394.88 395.169 393.68 393.117 392.372 392.388 391.362 390.336 391.551 390.666 392.229 392.452 392.907 393.618 393.866 394.759 395.95 394.767 397.273 396.487 396.272 397.074 397.231 397.57 398.372 399.472 400.274 400.522 400.398 398.388 400.133 400.472 400.538 399.835 398.586 400.149 399.264 399.421 398.536 398.602 397.626 400.388 399.412 397.055 398.436 398.287 396.484 395.599 397.807 396.74 395.21 396.682 393.167 394.639 393.018 393.266 390.884 391.711 390.644 389.18 388.692 387.716 388.692 389.668 390.644 391.132 391.62 392.596 393.572 391.546 394.3 394.143 395.301 396.186 395.847 395.599 396.575 397.46 397.485 398.436 398.213 399.743 397.444 399.429 398.999 400.066 399.082 399.479 398.495 399.653 399.38 399.066 400.042 398.479 399.546 398.074 398.959 398.711 398.372 397.661 398.728 397.835 397.587 397.248 396.719 396.57 396.322 395.33 394.139 393.618 393.552 391.344 391.468 391.89 391.361 390.799 392.859 392.479 392.463 392.844 394.515 392.448 394.88 396.849 397.784 395.047 395.61 394.469 396.347 397.001 396.803 397.176 397.54 396.879 397.533 397.062 396.492 397.518 397.32 397.974 396.37 397.206 396.644 396.074 396.91 395.314 396.613 395.58 395.2 394.63 395.656 393.87 392.844 394.82 395.2 395.58 395.116 395.124 397.282 396.165 396.644 395.808 399 396.568 396.948 397.328 396.955 397.062 397.624 395.746 397.449 397.457 396.596 397.001 396.347 396.264 397.206 396.089 395.154 395.352 394.789 393.763 393.018 394.531 392.554 391.718 391.916 391.262 391.551 392.072 391.468 393.701 392.725 395.115 394.42 394.759 394.544 396.752 396.719 397.248 396.735 397.835 397.504 397.57 398.372 399.472 400.274 400.431 399.546 398.388 400.133 399.711 399.405 400.943 398.495 399.479 399.727 399.884 398.908 399.983 399.495 399.743 398.767 397.146 397.303 397.642 396.575 395.508 395.938 396.004 395.119 395.276 395.615 392.1 391.612 392.596 391.372 390.396 389.42 389.668 388.692 387.716
389.668 390.156 391.62 390.975 392.596 393.572 393.415 395.706 394.052 395.028 396.095 395.847 397.559 397.311 397.551 398.527 398.552 398.031 398.428 400.992 398.602 399.396 400.066 399.082 400.149 400.546 399.835 399.405 399.066 400.224 399.794 399.364 398.926 398.959 398.711 397.909 399.067 396.677 397.835 396.272 395.933 395.503 396.661 395.28 395.52 393.957 395.396 392.907 391.807 394.768 390.666 391.361 390.336 391.916 392.479 392.19 392.844 393.68 393.854 394.88 395.443 397.784 394.584 395.891 396.355 396.438 397.464 396.803 397.176 396.796 398.194 397.252 397.335 396.955 397.791 397.411 397.122 397.404 397.305 396.644 396.074 397.1 395.868 394.934 394.364 395.2 394.82 393.125 395.276 395.656 394.82 395.2 394.364 395.116 395.124 395.694 396.165 396.454 395.99 397.404 397.974 397.229 397.328 397.898 397.335 398.848 396.97 398.665 396.605 395.951 397.001 395.032 394.378 395.982 395.047 397.784 395.443 394.88 395.169 393.68 392.935 392.099 392.479 391.362 390.336 391.642 391.89 390.914 391.807 394.594 395.024 394.139 395.611 395.189 396.752 395.503 397.248 397.587 398.207 398.728 397.57 398.091 399.935 398.959 400.522 399.546 400.158 398.727 400.381 399.314 400.48 398.495 399.479 399.727 399.396 399.851 399.983 397.626 400.388 398.767 399.015 397.46 397.46 397.402 396.914 397.162 396.186 395.028 394.143 394.3 394.548 393.018 391.215 392.108 389.999 390.156 389.668 388.783 387.716 388.692 389.668 389.602 391.132 391.62 391.951 391.612 392.679 394.391 394.143 395.119 396.095 395.938 395.508 397.311 397.46 397.485 398.461 398.122 398.519 397.535 398.511 398.999 398.751 401.042 399.479 398.495 399.744 400.538 400.199 399.951 399.885 398.388 400.522 400.274 398.711 399.687 399.348 396.677 397.835 397.38 396.487 396.818 396.289 395.95 395.338 394.42 393.618 392.907 393.883 392.229 390.666 389.194 390.708 392.768 392.942 393.505 394.25 393.68 394.044 394.88 393.466 395.336 395.99 397.297 396.727 396.256 396.91 396.34 397.92 398.202 396.879 396.499 398.088 397.898 397.328 397.411 396.932 397.404 397.206 396.644 395.048 397.282 395.124 393.528 395.58 394.166 394.82 394.25 393.68 393.216 394.82 395.2 394.546 396.241 395.124 395.975 395.048 396.826 395.8 397.685 396.568 397.32 397.89 397.898 397.335 397.533 396.879 397.358 397.068 398.027 396.902 395.884 395.784 396.925 394.683 395.154 395.443 394.789 393.763 394.424 393.307 392.281 392.479 391.362 390.336 391.642 390.575 390.914 391.807 392.634 395.024 395.181 395.33 394.453 395.346 395.958 395.842 398.72 397.719 398.728 399.348 399.687 398.802 398.959 398.926 399.546 398.479 400.224 399.711 400.538 399.719 400.546 400.331 399.727 400.066 399.851 401.298 397.444 399.834 398.122 397.055 397.485 397.46 396.575 395.508 397.344 394.871 395.21 394.788 395.524 393.415 393.572 392.596 391.62 391.132 390.156 389.18 387.559 387.716
