  1.00000     1.50000     2.00000     2.50000     3.00000     3.50000     4.00000     4.50000     5.00000     5.50000     6.00000     6.50000     7.00000     7.50000     8.00000     8.50000     9.00000     9.50000    10.00000    10.50000    11.00000    11.50000    12.00000    12.50000    13.00000    13.50000    14.00000    14.50000    15.00000    15.50000    16.00000    16.50000    17.00000    17.50000    18.00000    18.50000    19.00000    19.50000    20.00000    20.50000    21.00000    21.50000    22.00000    22.50000    23.00000    23.50000    24.00000    24.50000    25.00000    25.50000    26.00000    26.50000    27.00000    27.50000    28.00000    28.50000    29.00000    29.50000    30.00000    30.50000    31.00000    31.50000    32.00000    32.50000    33.00000    33.50000    34.00000    34.50000    35.00000    35.50000    36.00000    36.50000    37.00000    37.50000    38.00000    38.50000    39.00000    39.50000    40.00000    40.50000    41.00000    41.50000    42.00000    42.50000    43.00000    43.50000    44.00000    44.50000    45.00000    45.50000    46.00000    46.50000    47.00000    47.50000    48.00000    48.50000    49.00000    49.50000    50.00000    50.50000    51.00000    51.50000    52.00000    52.50000    53.00000    53.50000    54.00000    54.50000    55.00000    55.50000    56.00000    56.50000    57.00000    57.50000    58.00000    58.50000    59.00000    59.50000    60.00000    60.50000    61.00000    61.50000    62.00000    62.50000    63.00000    63.50000    64.00000    64.50000    65.00000    65.50000    66.00000    66.50000    67.00000    67.50000    68.00000    68.50000    69.00000    69.50000    70.00000    70.50000    71.00000    71.50000    72.00000    72.50000    73.00000    73.50000    74.00000    74.50000    75.00000    75.50000    76.00000    76.50000    77.00000    77.50000    78.00000    78.50000    79.00000    79.50000    80.00000    80.50000    81.00000    81.50000    82.00000    82.50000    83.00000    83.50000    84.00000    84.50000    85.00000    85.50000    86.00000    86.50000    87.00000    87.50000    88.00000    88.50000    89.00000    89.50000    90.00000    90.50000    91.00000    91.50000    92.00000    92.50000    93.00000    93.50000    94.00000    94.50000    95.00000    95.50000    96.00000    96.50000    97.00000    97.50000    98.00000    98.50000    99.00000    99.50000   100.00000   100.50000   101.00000   101.50000   102.00000   102.50000   103.00000   103.50000   104.00000   104.50000   105.00000   105.50000   106.00000   106.50000   107.00000   107.50000   108.00000   108.50000   109.00000   109.50000   110.00000   110.50000   111.00000   111.50000   112.00000   112.50000   113.00000   113.50000   114.00000   114.50000   115.00000   115.50000   116.00000   116.50000   117.00000   117.50000   118.00000   118.50000   119.00000   119.50000   120.00000   120.50000   121.00000   121.50000   122.00000   122.50000   123.00000   123.50000   124.00000   124.50000   125.00000   125.50000   126.00000   126.50000   127.00000   127.50000   128.00000   128.50000   129.00000   129.50000   130.00000   130.50000   131.00000   131.50000   132.00000   132.50000   133.00000   133.50000   134.00000   134.50000   135.00000   135.50000   136.00000   136.50000   137.00000   137.50000   138.00000   138.50000   139.00000   139.50000   140.00000   140.50000   141.00000   141.50000   142.00000   142.50000   143.00000   143.50000   144.00000   144.50000   145.00000   145.50000   146.00000   146.50000   147.00000   147.50000   148.00000   148.50000   149.00000   149.50000   150.00000   150.50000   151.00000   151.50000   152.00000   152.50000   153.00000   153.50000   154.00000   154.50000   155.00000   155.50000   156.00000   156.50000   157.00000   157.50000   158.00000   158.50000   159.00000   159.50000   160.00000   160.50000   161.00000   161.50000   162.00000   162.50000   163.00000   163.50000   164.00000   164.50000   165.00000   165.50000   166.00000   166.50000   167.00000   167.50000   168.00000   168.50000   169.00000   169.50000   170.00000   170.50000   171.00000   171.50000   172.00000   172.50000   173.00000   173.50000   174.00000   174.50000   175.00000   175.50000   176.00000   176.50000   177.00000   177.50000   178.00000   178.50000   179.00000   179.50000   180.00000
380.469 380.699 383.611 385.967 385.412 385.642 387.213 390.679 389.569 392.48 392.71 394.281 394.511 395.297 395.527 397.097 396.772 398.343 400.469 400.699 401.484 401.159 401.389 402.405 403.975 402.865 404.991 404.665 406.236 406.466 406.696 407.712 408.497 407.386 407.617 407.291 407.521 407.196 408.767 407.656 409.227 409.457 409.687 409.362 409.036 408.481 408.711 408.386 408.386 408.846 407.735 409.306 407.64 407.87 406.759 406.434 406.108 405.783 405.228 404.902 403.562 404.022 404.252 402.586 402.03 401.705 401.61 400.269 400.499 397.492 399.063 397.397 396.286 395.175 394.295 393.739 393.414 391.748 391.423 389.526 389.201 386.98 386.424 385.314 383.648 382.537 380.085 380.315 379.99 380.315 381.426 381.751 384.988 386.654 386.194 386.75 389.201 389.526 390.637 390.962 393.969 393.184 392.724 396.516 396.286 396.056 397.722 397.492 399.158 401.61 401.38 401.705 402.816 403.926 404.252 404.022 405.132 405.458 405.228 406.338 405.323 406.434 406.759 406.529 407.64 406.624 409.076 408.846 409.956 408.386 410.052 409.266 411.488 408.576 409.131 408.116 409.227 410.338 407.981 407.751 408.862 407.847 407.617 407.386 408.497 406.926 405.356 405.681 404.896 406.006 404.991 402.865 402.635 403.745 403.515 401.945 401.484 400.699 399.128 398.898 396.772 396.542 396.312 394.741 395.066 391.6 392.71 391.14 390.909 390.679 389.109 383.746 385.412 384.396 382.825 382.825 379.684 379.684 378.113 378.898 380.469 382.825 383.611 383.841 384.856 387.538 387.768 389.339 390.909 391.14 391.37 394.281 395.066 394.741 396.082 397.097 398.113 398.343 399.128 400.699 402.27 401.159 401.389 402.96 402.635 404.761 404.435 406.006 406.236 406.466 405.356 406.926 408.497 406.831 407.061 408.632 408.862 409.092 408.767 407.656 408.441 409.457 407.791 408.576 409.592 409.036 408.711 410.282 407.275 408.846 407.18 406.624 407.64 408.655 408.885 406.434 406.108 406.894 405.228 405.458 403.792 404.022 404.252 403.926 403.371 401.705 400.824 400.269 399.944 398.833 396.381 396.841 396.286 394.62 394.85 395.865 392.073 392.303 389.852 389.526 387.63 386.75 386.98 385.314 386.329 382.537 381.426 379.76 378.094 380.315 381.426 381.751 384.203 385.314 386.98 387.305 387.63 389.526 390.637 392.303 392.073 393.739 396.191 395.961 396.286 397.167 397.722 398.833 400.499 399.713 401.935 401.15 402.816 402.586 404.482 404.022 403.562 405.458 405.783 406.338 405.323 406.434 406.759 408.655 407.64 408.75 409.076 411.527 408.616 408.386 408.711 408.481 408.806 408.576 407.561 408.116 409.227 408.997 408.537 409.092 407.521 407.291 407.061 406.831 407.156 406.926 407.252 406.466 407.577 406.006 404.991 404.761 403.19 402.405 402.175 401.159 400.929 400.699 400.469 398.898 397.327 397.097 396.312 395.852 393.17 394.281 391.37 391.14 390.909 390.679 389.109 386.982 385.412 383.286 383.611 382.825 380.469 379.684 378.113
380.469 382.825 384.396 383.841 386.752 387.538 389.109 390.679 389.569 391.14 393.266 392.94 395.066 394.741 396.082 396.542 398.113 399.454 399.128 400.699 400.929 401.159 402.175 403.515 403.19 404.761 404.435 404.665 404.896 405.681 406.696 406.926 406.601 406.831 407.617 408.632 409.417 407.196 409.322 408.211 409.227 409.457 409.687 409.362 408.806 410.607 408.711 410.282 409.956 408.846 407.735 408.75 408.98 407.084 406.759 407.774 407.449 405.553 405.783 405.458 405.132 404.022 402.911 401.245 402.816 403.831 401.935 400.269 399.944 399.388 397.722 396.841 396.286 395.175 392.724 393.739 393.414 392.303 391.423 389.526 387.86 388.09 386.424 385.869 384.203 382.537 380.085 378.975 379.99 379.76 381.426 382.537 382.862 383.187 385.409 386.75 387.86 389.526 391.193 390.962 392.073 392.399 394.85 394.62 396.286 396.611 399.063 398.833 399.158 401.61 400.039 403.831 403.371 403.926 404.252 405.362 403.792 405.458 406.568 405.553 408.004 406.434 407.544 408.655 408.195 409.306 409.076 408.846 409.956 408.386 408.711 408.481 409.592 408.021 409.687 409.457 409.227 408.997 408.767 409.092 408.862 407.847 407.617 406.831 408.497 406.926 406.926 405.126 406.236 404.665 404.435 405.546 402.635 403.515 403.515 401.945 402.825 400.699 399.128 399.454 399.454 396.542 396.082 394.741 396.407 395.392 391.37 391.14 390.124 390.679 389.109 385.642 385.412 384.396 382.27 382.825 380.469 379.684 378.113 378.898 379.914 382.825 382.825 384.396 385.412 387.538 389.109 387.998 390.909 391.14 391.37 393.496 394.511 394.741 395.527 397.883 397.327 397.002 398.573 398.803 400.929 401.945 402.73 402.96 404.531 402.865 404.435 406.006 407.577 406.466 406.696 406.926 405.816 406.831 407.617 407.847 408.862 407.196 408.767 408.211 407.886 409.457 409.131 408.021 409.592 410.607 408.711 408.941 407.275 408.846 409.076 408.75 408.98 408.655 406.759 406.434 406.108 406.338 405.783 404.902 405.132 404.022 402.911 402.586 402.26 400.364 400.594 399.483 399.158 398.833 397.722 396.841 396.286 395.175 392.724 393.184 393.414 391.748 389.852 389.526 389.201 387.305 385.084 384.758 384.203 381.751 381.426 380.315 376.523 379.76 380.871 382.537 384.203 385.314 385.639 387.305 388.646 389.526 391.193 390.962 392.073 393.739 394.85 396.516 396.516 398.738 397.167 398.833 399.388 399.713 401.38 401.705 402.26 401.8 404.252 404.022 403.562 405.458 406.568 406.894 406.108 407.774 406.759 408.655 407.084 407.41 409.076 408.29 409.956 409.726 408.156 409.036 410.147 409.362 409.687 410.012 408.441 408.211 408.767 409.092 407.521 408.632 407.061 407.386 405.816 406.926 407.252 405.126 404.896 406.006 405.546 404.761 402.635 403.515 402.175 400.604 400.929 398.803 399.128 398.898 397.883 396.312 396.312 394.741 393.17 392.94 392.71 391.695 390.909 387.998 386.427 387.538 385.967 385.182 384.396 382.04 379.684 379.684 378.113
381.255 381.485 383.611 384.396 385.412 387.538 389.109 388.783 389.569 391.14 390.029 392.94 393.17 395.852 395.527 395.757 397.327 398.898 400.469 398.803 400.929 401.159 402.175 402.96 403.19 402.865 404.435 406.006 407.577 405.126 405.356 406.926 407.942 406.831 408.957 408.632 408.862 409.092 408.767 408.997 409.227 409.457 410.472 408.021 408.806 409.822 409.496 410.282 407.275 408.06 407.735 406.069 407.64 406.529 407.544 407.774 405.323 406.894 405.228 405.458 405.132 404.022 402.911 403.926 402.816 401.705 400.039 400.269 399.158 397.492 399.063 396.611 396.516 396.516 394.85 393.184 392.073 391.748 389.852 389.526 389.201 386.75 385.084 384.528 382.862 383.092 381.426 380.315 379.99 378.419 381.426 382.537 382.862 385.869 385.639 388.09 389.201 388.971 389.852 392.303 392.073 393.184 394.85 396.516 396.841 397.167 397.722 398.833 399.158 400.269 400.039 401.15 402.03 403.141 403.696 404.022 403.792 405.458 405.228 406.338 408.004 406.434 406.759 407.314 408.195 407.41 407.735 408.846 409.171 408.386 408.711 408.481 408.806 408.021 409.687 409.457 409.227 408.211 409.322 407.751 409.417 407.847 408.402 406.831 408.497 406.926 406.696 406.466 406.236 404.665 404.991 404.761 403.19 402.405 402.175 401.159 402.27 398.803 400.469 398.343 396.772 397.097 396.312 394.741 395.066 394.836 392.71 391.14 389.569 387.998 387.213 387.538 385.967 385.182 382.27 382.825 379.684 379.684 378.113 379.684 381.255 382.04 383.611 384.396 385.412 383.746 389.109 389.339 389.569 391.14 391.37 392.94 393.17 396.637 396.312 396.542 398.113 398.898 401.024 400.699 400.374 401.159 402.175 402.405 404.531 404.761 404.435 404.435 404.896 405.126 405.356 406.926 407.942 410.068 407.617 407.847 409.417 407.751 408.767 408.767 409.227 409.457 409.687 407.465 408.806 409.822 410.052 408.386 409.956 408.29 408.52 407.965 407.084 408.655 407.544 406.434 405.323 405.553 405.783 404.902 403.562 406.703 402.911 402.586 402.26 400.364 401.935 400.269 399.388 399.388 397.722 397.397 396.286 395.961 396.191 392.399 392.073 392.303 389.852 389.526 389.201 386.75 386.424 385.314 384.203 382.537 378.745 378.419 378.094 379.76 381.426 382.537 383.648 383.187 386.194 386.75 389.201 389.526 389.852 390.962 393.414 393.184 394.85 395.961 396.286 396.056 397.722 398.833 399.158 400.269 401.38 400.364 402.816 401.8 402.911 404.022 403.562 405.458 405.228 406.894 406.664 406.434 407.544 408.655 407.084 407.965 409.076 407.505 409.956 408.386 410.052 409.036 410.147 409.917 409.687 409.457 409.227 408.211 408.537 407.751 407.521 407.291 408.402 406.831 408.497 406.926 406.696 406.466 406.236 404.665 404.435 404.205 403.975 402.405 401.389 401.714 400.374 398.803 399.128 398.898 398.668 397.883 396.312 394.741 395.066 391.6 392.71 391.14 389.569 389.339 389.109 387.538 384.856 385.182 383.611 382.825 381.255 378.898 378.113
381.255 382.04 381.715 384.626 386.752 387.538 387.213 387.998 390.909 391.14 392.71 394.836 395.066 394.741 396.312 397.883 399.454 398.898 399.914 400.699 400.929 401.159 402.73 402.96 404.531 404.205 404.435 406.006 405.451 405.911 405.356 407.712 408.497 410.068 407.617 409.417 407.521 409.092 407.981 408.211 408.441 408.116 409.687 409.362 409.036 408.481 408.711 410.282 408.386 408.29 408.52 408.75 408.195 406.529 407.544 406.434 406.664 405.553 406.568 405.458 405.132 406.703 404.252 402.586 402.816 401.705 400.824 400.269 397.817 399.388 399.063 397.167 396.841 394.62 394.295 393.739 392.073 390.962 391.423 389.526 387.86 387.535 385.084 383.187 384.203 382.537 381.426 378.975 378.649 379.76 380.871 381.751 382.862 384.758 385.084 388.09 387.86 389.526 389.852 390.962 393.414 395.865 394.85 395.961 396.516 396.611 397.722 398.833 400.499 401.61 400.039 401.15 403.371 403.926 404.252 405.362 405.132 405.458 405.783 406.894 408.004 406.434 408.885 408.655 408.195 407.41 409.076 408.06 407.275 408.386 408.711 408.481 408.806 408.576 409.131 410.012 409.227 408.211 408.767 407.751 408.862 408.077 407.847 410.068 408.497 405.586 405.356 405.681 407.577 405.221 406.332 404.761 403.19 402.96 402.175 401.945 400.929 398.803 399.128 400.239 398.668 397.097 395.527 394.741 395.066 393.496 392.71 391.14 390.909 388.783 385.872 387.538 385.412 385.182 384.396 382.825 380.469 379.684 378.113 379.684 381.255 382.825 382.825 383.841 385.967 387.538 386.427 390.679 390.909 391.14 392.71 393.496 395.852 394.741 395.527 397.097 397.883 398.898 401.024 402.04 404.166 401.945 402.175 402.96 403.19 404.761 404.991 406.006 405.451 406.466 407.252 406.926 407.942 406.831 407.617 407.291 408.862 407.751 408.767 408.997 409.227 408.116 408.346 408.021 409.036 409.822 408.711 407.6 409.956 407.505 409.076 407.41 408.195 408.655 407.544 407.774 407.449 406.894 405.783 404.902 406.473 404.022 404.252 402.586 402.03 403.831 401.38 401.054 399.388 397.492 398.507 396.841 396.516 395.175 392.724 394.525 392.073 392.303 389.852 389.526 389.201 386.75 385.084 384.528 384.203 380.966 381.426 380.315 379.99 378.419 381.426 382.537 382.862 385.869 385.639 386.75 389.201 388.971 390.637 390.962 392.073 393.739 394.295 395.175 396.516 396.611 399.063 397.492 399.944 401.054 401.38 401.15 402.816 403.926 404.252 405.362 405.132 405.458 407.354 406.338 406.108 406.434 407.544 407.084 407.64 407.965 409.076 408.846 409.956 406.815 409.496 408.481 410.147 408.576 409.131 408.901 408.441 408.997 407.981 409.092 407.521 408.632 407.617 407.386 406.601 406.926 405.356 406.466 404.896 406.006 404.435 405.546 404.531 402.96 401.389 401.159 400.374 402.04 399.914 398.343 397.327 397.097 396.312 395.297 394.511 392.94 392.71 391.14 390.354 387.998 387.213 385.642 385.967 383.841 384.396 382.825 381.255 379.684 378.113
379.914 382.04 384.396 385.182 385.412 386.982 387.213 390.679 390.909 391.14 391.37 394.281 395.066 396.637 396.312 396.312 397.327 398.898 401.024 398.803 400.929 401.714 402.175 402.96 402.635 406.102 404.991 405.221 405.451 406.466 406.696 406.926 407.942 407.386 407.617 407.847 408.862 407.751 408.767 410.338 409.227 409.457 409.687 407.465 409.036 408.481 408.711 408.386 408.386 408.06 409.076 407.41 407.64 406.529 407.544 407.774 405.878 406.894 405.783 403.562 403.562 404.022 404.252 402.586 403.371 402.49 400.594 400.269 400.499 398.833 399.063 398.738 396.516 395.175 394.85 395.865 393.969 392.303 390.637 388.971 387.63 386.75 386.424 383.187 383.648 382.537 381.426 379.76 376.523 380.315 380.871 383.878 382.862 385.314 386.424 386.75 389.201 389.526 390.637 392.303 392.073 392.399 394.295 395.961 396.286 397.397 397.722 397.492 399.944 399.713 400.039 402.26 404.156 403.141 403.696 404.022 405.132 403.562 405.783 406.894 406.664 406.434 407.544 407.314 408.98 407.41 407.735 407.505 409.956 408.386 409.496 408.481 410.147 407.465 409.687 409.457 409.227 408.211 407.196 409.092 408.862 408.632 407.617 407.386 405.26 406.926 407.252 405.681 406.236 404.435 404.435 404.205 404.531 402.405 401.389 401.714 400.929 402.04 399.914 398.898 398.113 396.542 396.312 395.297 394.511 392.94 391.37 392.48 390.909 387.998 389.109 387.538 385.412 383.286 383.611 381.485 381.255 379.684 378.113 379.684 380.469 381.485 382.825 383.841 385.967 386.982 389.109 387.998 389.569 391.695 391.37 391.6 393.17 395.297 395.527 396.542 397.883 398.898 400.469 398.803 402.27 400.604 403.515 402.96 403.975 404.761 404.435 404.665 404.896 405.681 406.696 406.926 407.942 410.068 408.957 408.077 407.521 409.647 408.767 408.211 408.441 409.457 409.687 409.917 408.806 409.266 406.815 408.941 409.956 407.505 407.735 407.41 406.854 408.655 407.544 407.774 405.323 406.338 405.783 404.902 405.132 406.703 404.252 403.926 402.03 401.15 401.38 399.713 399.944 399.388 399.063 396.611 396.841 395.175 394.85 393.184 393.414 391.748 389.852 389.526 387.86 387.535 386.98 385.314 382.862 380.966 381.426 378.419 378.094 378.975 381.426 382.537 382.862 384.758 386.98 386.75 387.63 389.526 389.852 392.303 392.629 393.184 394.295 395.175 396.286 398.738 397.722 400.174 399.158 399.713 401.38 401.15 402.26 402.586 404.252 403.466 405.132 403.562 405.228 405.553 406.108 407.774 406.759 407.87 407.64 408.75 409.076 407.735 407.83 410.282 410.052 409.822 408.806 409.917 407.791 408.901 409.227 407.656 408.537 409.092 409.417 408.632 407.617 407.386 408.497 406.926 406.696 406.466 405.451 404.665 406.332 405.546 403.975 402.405 402.73 401.159 400.929 398.803 399.128 398.898 397.327 395.757 396.082 395.297 395.066 394.836 391.37 391.695 390.909 390.679 387.213 385.642 385.967 384.396 384.396 382.04 381.255 378.898 378.113
380.469 382.04 383.611 384.396 385.412 387.538 389.109 389.339 390.909 391.14 393.266 394.281 395.852 394.741 396.312 396.312 397.327 398.898 399.128 399.914 402.27 401.159 402.175 403.515 402.635 404.205 404.991 403.88 406.236 406.466 405.356 406.926 406.601 407.386 407.617 407.291 408.862 409.092 408.767 407.656 407.886 409.457 409.131 408.576 409.592 408.481 408.711 408.941 407.275 408.846 408.52 408.75 406.854 408.655 407.544 407.774 406.108 406.338 406.568 405.458 405.132 403.236 404.252 404.482 402.26 401.15 401.38 400.269 399.388 398.833 399.063 396.611 396.516 395.961 394.295 392.399 393.414 391.748 389.852 389.526 387.63 386.75 386.424 385.314 382.862 382.537 381.426 380.315 376.523 379.76 381.426 382.537 382.862 385.314 386.98 388.09 387.63 389.526 390.637 392.303 392.073 395.865 394.85 394.62 396.286 398.738 399.063 398.833 400.499 401.054 401.38 401.15 403.371 401.8 404.252 404.022 405.918 405.458 405.228 405.783 405.323 406.434 407.544 407.314 407.084 409.306 407.18 408.846 407.275 406.815 408.711 409.036 408.806 409.917 409.687 409.457 409.227 410.338 408.767 409.092 408.862 407.291 407.847 408.172 408.497 406.926 406.696 405.681 404.896 404.665 404.205 402.865 404.531 402.96 401.389 401.159 402.27 400.699 399.914 398.343 397.327 397.097 395.527 395.852 393.17 391.6 392.71 391.14 389.569 389.339 389.109 387.538 385.967 384.396 383.055 381.255 380.469 378.343 378.113 378.898 381.255 382.04 384.396 384.396 385.967 387.538 389.109 387.998 390.909 392.48 393.266 392.94 393.17 395.297 396.312 396.312 397.327 397.002 397.232 402.595 400.374 401.945 401.389 402.405 403.975 404.761 404.435 403.88 404.896 405.911 406.696 406.371 407.942 407.386 407.617 407.291 408.307 407.751 408.767 408.997 409.227 409.457 407.791 408.021 408.806 409.036 408.711 408.386 407.83 408.29 409.076 408.75 407.084 407.084 407.544 406.434 405.323 405.783 405.228 405.458 403.562 404.022 404.252 402.586 403.371 401.15 401.935 400.269 397.817 399.388 399.063 396.611 396.286 395.175 394.85 394.295 392.073 391.748 391.193 389.526 387.86 386.75 385.639 384.758 383.648 382.537 381.426 378.975 378.094 378.975 381.426 382.537 384.203 385.314 385.084 386.75 387.86 389.526 389.852 392.303 392.073 393.739 392.724 395.175 396.516 396.611 397.722 398.277 400.499 401.054 400.594 401.15 402.03 402.586 404.482 406.703 405.132 405.458 405.228 405.553 406.108 406.434 407.544 408.655 407.64 407.41 408.52 411.527 407.275 410.282 408.711 409.822 408.806 411.258 407.005 408.116 409.227 407.656 408.767 410.433 408.862 409.187 407.617 407.386 408.497 407.712 405.356 405.126 404.896 405.221 404.435 402.865 401.294 403.745 402.175 401.945 400.374 398.803 399.128 398.343 397.327 395.757 396.312 395.297 395.066 391.6 391.37 391.695 389.569 387.998 387.213 386.982 385.412 384.626 384.396 382.04 381.255 378.898 378.113
381.255 381.485 382.825 384.396 385.412 386.982 389.109 389.339 390.909 391.14 391.37 392.94 393.17 394.741 395.527 396.542 398.113 397.557 399.914 398.803 400.929 400.604 403.515 402.96 401.294 402.865 402.865 404.665 404.896 406.466 405.356 406.926 405.816 407.386 407.847 408.632 407.521 407.196 407.196 408.997 408.441 408.671 409.687 408.021 409.036 410.607 406.815 410.282 407.275 408.846 407.735 407.965 407.64 407.084 406.759 407.774 406.664 406.108 406.013 405.458 405.918 404.022 404.252 402.586 402.26 402.49 401.61 399.713 399.158 397.492 397.167 396.841 396.516 395.961 394.295 395.865 393.414 391.748 389.852 389.526 387.63 387.305 386.98 383.187 383.648 382.537 380.085 378.975 376.523 380.315 381.426 382.537 382.862 384.758 386.98 388.09 389.201 389.526 390.637 391.748 392.073 393.184 394.295 395.961 396.286 396.056 397.167 399.618 399.158 400.269 401.38 401.15 402.03 403.926 404.482 404.022 403.792 405.458 405.228 406.894 405.323 406.434 406.759 406.529 408.98 407.41 408.52 407.505 408.386 408.386 410.052 409.036 408.806 411.258 409.687 408.116 407.886 410.338 408.537 407.196 408.862 408.077 407.847 407.386 408.497 407.712 406.696 405.681 406.236 403.88 404.435 404.761 405.086 402.96 402.175 401.945 402.27 398.803 397.232 398.343 396.772 396.542 395.527 394.741 393.17 391.6 391.925 391.14 390.909 390.679 387.768 387.538 384.856 385.182 383.611 382.04 379.684 379.684 378.113 379.684 379.684 382.04 382.27 385.182 385.412 387.538 387.768 390.679 389.569 391.14 391.37 394.281 395.066 395.297 396.312 397.883 396.772 398.898 400.469 398.803 401.484 401.945 402.175 402.96 403.19 404.761 404.435 406.006 405.451 406.466 405.356 407.712 405.816 407.386 407.617 409.417 407.521 409.092 408.767 407.656 409.227 408.116 407.561 408.021 408.806 409.266 408.711 408.386 407.275 408.29 407.735 408.75 407.084 407.084 407.544 406.434 406.664 406.894 405.228 405.458 405.132 404.022 402.911 402.586 402.26 401.705 400.039 400.269 399.713 397.492 397.167 396.611 396.286 395.961 394.295 394.525 392.073 392.303 391.423 389.526 389.201 387.305 385.639 385.869 384.203 382.537 381.426 379.76 379.99 381.101 381.426 381.751 384.203 385.314 386.424 386.75 389.201 389.526 389.852 390.962 392.073 393.184 392.724 395.961 396.516 396.056 397.722 399.618 399.158 400.269 401.61 401.15 402.26 403.141 403.696 404.022 405.918 404.902 405.783 405.553 406.108 408.33 407.544 407.314 407.084 407.965 409.076 408.846 409.956 408.941 410.052 410.607 409.592 408.021 408.346 409.457 409.227 409.552 408.767 407.196 408.862 408.077 408.402 407.386 408.497 406.926 406.696 405.681 404.896 404.665 404.435 404.761 401.294 402.405 402.175 401.945 400.929 399.358 400.469 398.898 398.113 396.312 396.312 394.741 393.17 394.836 392.71 391.695 389.569 389.339 389.109 385.642 385.967 383.841 383.611 382.04 380.469 378.898 378.113
380.469 381.255 382.27 383.286 386.752 383.746 385.316 389.339 390.909 391.14 391.925 394.836 395.852 394.741 396.312 397.097 397.327 398.898 398.573 400.699 400.374 401.945 402.73 402.405 403.975 404.205 404.435 406.006 406.236 406.466 406.696 406.926 406.601 407.386 408.402 408.632 409.417 409.092 408.767 408.211 408.671 409.457 409.687 408.576 409.036 408.481 408.711 408.941 409.956 408.846 408.52 408.75 408.195 407.87 407.544 407.774 405.323 405.783 405.228 404.902 403.792 405.362 402.911 403.926 402.816 400.364 400.824 401.054 399.388 397.492 397.167 398.738 396.286 395.175 396.191 393.739 392.073 392.303 389.852 389.526 387.86 385.409 386.98 383.187 382.862 382.537 380.085 379.76 378.649 379.76 381.426 382.537 384.203 386.654 385.084 386.75 387.63 389.526 389.852 390.962 392.073 393.184 394.85 395.175 396.286 397.397 398.507 398.833 399.944 401.054 401.38 402.26 402.816 401.8 402.911 406.703 405.132 405.458 407.354 405.553 406.664 406.434 408.885 407.314 408.195 407.41 409.076 408.846 409.956 408.941 410.607 408.481 411.488 409.917 409.687 408.116 409.227 408.767 408.767 407.196 409.417 408.632 407.061 406.831 406.601 406.926 406.696 405.126 404.896 406.006 404.435 402.865 402.635 402.96 402.175 401.945 400.374 398.803 400.469 398.898 398.113 396.542 395.527 395.297 395.066 392.94 393.266 391.14 390.909 387.998 387.213 387.538 385.967 384.396 382.27 382.04 379.684 379.684 378.113 379.684 379.914 381.255 382.825 385.182 385.412 385.642 389.109 388.783 390.909 391.695 392.71 393.496 395.066 394.741 396.867 397.883 398.113 398.898 399.914 400.699 400.374 401.945 401.389 402.96 403.19 402.865 404.435 404.665 406.236 406.466 407.252 406.926 408.497 410.068 407.617 409.187 407.521 409.092 408.767 408.997 408.441 409.457 408.346 409.362 408.806 408.481 408.711 408.386 409.956 407.505 407.735 406.624 407.084 407.314 406.759 406.434 405.323 405.553 405.228 405.458 405.132 404.022 402.911 403.141 402.26 401.705 401.935 400.269 400.499 400.959 399.063 396.841 396.286 395.175 394.295 393.739 392.073 390.962 390.637 389.526 387.63 387.305 386.424 383.187 382.862 382.537 381.426 380.315 376.523 381.101 381.426 381.751 383.648 384.758 385.084 387.535 387.63 389.526 391.423 392.303 392.073 393.184 394.295 394.62 396.286 396.611 398.507 398.833 399.158 399.713 401.38 401.705 402.26 402.586 404.252 404.022 405.132 405.458 405.228 406.338 406.664 406.434 410.226 408.655 408.195 407.41 409.076 408.846 407.83 410.282 408.711 409.036 408.806 411.258 409.687 409.457 407.886 409.552 408.767 409.092 408.862 407.291 408.402 407.386 406.601 406.926 406.696 406.466 406.236 404.665 404.991 404.205 403.975 403.515 402.73 400.374 400.374 398.803 401.024 397.557 397.327 397.883 396.312 394.741 393.17 392.94 391.37 391.14 392.25 388.783 389.109 385.642 385.412 383.841 382.825 382.825 379.914 379.684 378.113
381.255 381.255 383.055 383.286 385.412 387.538 387.768 389.339 390.909 391.14 391.37 392.94 393.17 395.297 396.312 396.542 396.772 397.002 399.128 398.803 400.374 401.159 403.515 402.96 403.19 404.761 404.435 404.665 406.236 405.126 405.356 406.926 408.497 406.831 407.617 407.291 408.862 409.092 408.767 408.997 409.227 409.457 409.687 411.258 409.036 409.822 408.711 408.941 407.275 408.846 407.735 407.41 407.64 407.87 407.544 406.434 406.664 406.894 406.568 405.458 405.132 402.911 403.696 401.245 402.26 401.705 400.039 400.269 399.388 398.833 397.722 397.397 396.286 395.961 394.295 393.739 392.073 391.748 389.852 389.526 389.201 388.09 386.98 385.314 382.862 382.537 380.871 379.76 378.094 379.76 380.085 382.537 382.862 385.314 386.424 386.75 387.63 389.526 390.637 392.303 392.629 393.739 394.295 396.516 396.286 396.611 397.167 399.388 399.158 401.61 400.039 401.15 402.816 404.482 403.696 404.022 405.132 405.458 405.228 405.553 405.323 407.774 408.885 406.529 408.98 407.965 407.735 408.846 407.83 408.386 410.052 408.481 409.036 408.576 410.472 408.671 409.227 408.997 408.767 409.092 408.862 407.847 408.402 407.386 408.497 406.926 405.356 406.466 404.896 406.006 404.435 402.865 403.975 402.96 403.515 400.604 400.929 398.803 400.469 398.343 397.883 396.542 396.312 395.297 393.17 394.836 393.266 391.14 389.569 387.998 385.872 387.538 385.412 384.626 382.27 381.485 381.255 379.684 378.113 379.684 379.684 381.255 382.27 383.841 385.967 386.982 389.109 387.998 389.569 392.48 391.925 393.496 395.066 395.297 396.082 397.097 397.883 398.343 399.914 400.699 400.374 401.159 402.175 402.405 402.635 404.205 404.435 403.88 404.896 406.466 406.696 406.926 406.601 407.386 408.402 408.632 408.862 407.196 408.767 407.656 409.227 409.457 409.687 409.362 408.806 409.036 409.496 410.282 409.956 408.846 409.076 409.306 408.98 407.084 406.759 407.774 405.323 406.894 406.568 405.458 405.132 404.022 402.911 402.586 402.26 401.705 401.38 400.269 400.499 398.833 399.063 396.056 396.286 395.175 394.295 393.184 393.414 392.303 389.296 389.526 389.201 386.75 385.639 385.314 384.203 382.537 381.426 378.975 378.649 379.76 381.426 382.537 382.862 383.187 386.424 387.305 389.201 389.526 391.423 392.303 392.629 393.739 394.85 394.62 396.516 398.738 397.722 400.174 399.388 401.61 401.38 401.705 402.816 402.586 402.911 404.022 405.132 405.458 405.783 405.553 405.323 405.648 407.544 405.974 407.64 407.41 407.735 408.846 409.956 408.386 408.711 409.822 409.592 409.362 409.131 408.116 408.441 407.656 408.767 409.092 405.625 408.632 408.957 407.386 405.816 406.926 406.696 406.466 405.451 406.006 404.435 402.865 404.531 402.96 402.73 401.945 400.374 398.803 397.232 398.898 396.772 397.883 395.527 394.741 395.066 392.94 393.266 391.14 389.569 387.443 386.427 387.538 385.412 384.396 384.396 382.825 379.914 378.898 378.113
380.469 382.04 383.611 385.967 385.967 385.642 387.768 389.339 389.569 391.14 392.71 392.94 393.17 394.741 396.312 395.757 397.883 397.557 399.128 400.699 400.929 401.945 402.175 402.96 404.531 402.865 404.435 406.006 406.236 406.466 406.696 405.586 408.497 407.386 407.617 408.632 408.862 407.196 409.322 408.441 408.441 409.457 407.791 408.021 408.806 408.481 408.711 408.386 408.06 411.527 407.735 408.75 407.084 407.87 407.544 407.774 405.323 406.894 404.672 405.458 403.792 404.022 404.482 403.141 402.26 402.26 401.935 401.054 400.499 398.833 397.167 397.167 396.286 395.175 392.724 393.739 392.073 390.962 391.423 388.971 387.86 386.75 386.424 385.314 384.988 383.878 380.871 378.975 378.649 378.975 381.426 382.537 384.203 385.869 385.084 386.75 387.86 389.526 389.296 391.748 392.629 393.739 394.85 395.961 396.841 396.056 397.167 397.492 397.817 401.61 401.38 403.831 402.26 403.141 404.252 404.022 404.577 405.458 405.783 405.783 405.323 406.434 407.544 407.87 408.98 407.41 409.076 408.06 409.956 408.386 410.052 409.266 408.806 409.917 410.472 408.116 409.227 407.656 408.767 407.196 408.307 408.632 407.617 406.831 408.497 406.371 405.356 406.466 404.896 405.221 404.435 402.865 402.635 402.96 401.389 401.945 400.374 398.803 399.128 398.343 398.113 397.097 395.527 398.533 393.17 394.281 393.266 391.14 389.569 390.679 389.109 386.982 385.967 383.841 382.27 382.825 380.469 379.684 378.113 379.684 380.469 381.485 383.611 384.396 386.752 387.538 389.109 388.783 389.569 391.14 393.266 392.94 393.17 394.741 395.527 396.312 397.327 398.898 399.914 400.699 400.929 401.159 401.389 402.96 404.531 402.865 404.991 404.435 404.896 405.681 406.696 406.926 405.816 408.172 407.847 408.632 408.862 407.196 408.767 408.997 409.227 409.687 409.687 409.362 409.036 409.266 408.711 408.386 407.83 408.29 409.076 407.41 407.084 407.87 406.759 405.648 408.004 406.338 405.228 405.458 405.132 404.022 404.482 403.926 402.26 401.705 401.935 400.269 399.388 398.833 398.507 397.397 396.516 395.961 394.295 393.184 393.414 390.962 391.423 388.971 387.86 386.75 386.98 385.314 382.862 382.537 381.426 380.315 378.649 378.975 381.426 382.537 382.862 384.528 386.424 387.305 387.86 389.526 390.637 390.962 392.073 393.184 396.191 396.516 396.516 398.738 397.167 397.492 400.499 400.269 401.38 403.046 402.816 403.926 404.252 404.022 404.347 404.902 405.228 405.553 408.004 407.774 407.544 407.87 407.084 408.75 408.52 410.186 408.616 410.282 410.052 409.036 409.036 408.576 409.687 408.116 409.227 408.997 408.767 409.092 407.521 407.291 408.957 410.068 406.601 406.926 405.356 405.911 405.451 404.665 404.435 402.865 403.975 402.405 403.515 401.945 400.929 398.803 400.469 398.898 398.668 396.312 396.312 395.297 395.066 394.836 391.37 391.695 389.569 390.679 389.109 387.538 385.967 384.626 383.611 382.04 381.255 379.684 378.113
381.255 382.04 383.611 385.182 385.967 385.642 386.427 387.443 389.569 392.48 392.71 394.836 395.066 394.741 395.527 396.542 398.113 398.898 399.128 400.699 400.929 401.714 402.73 402.96 403.975 406.102 404.435 404.435 404.896 406.466 406.696 406.926 406.601 407.386 407.061 407.291 408.862 407.196 408.767 408.211 409.227 409.457 409.687 408.576 409.036 408.481 408.711 408.386 407.83 408.846 409.076 408.75 408.195 407.87 406.759 406.434 407.449 405.553 405.228 405.458 403.562 404.022 404.252 402.586 402.26 401.705 400.039 400.269 399.944 398.833 398.507 396.611 396.286 395.961 392.724 393.184 392.073 391.748 389.852 389.526 389.201 386.75 385.639 385.314 384.203 382.537 380.085 378.975 378.649 379.76 381.426 380.966 384.203 383.187 386.424 386.75 387.63 389.526 390.637 390.962 392.859 392.399 394.295 396.516 396.286 396.056 398.507 398.833 400.499 401.054 400.039 401.15 402.816 402.586 402.911 404.022 404.347 404.902 405.228 405.553 406.664 407.774 407.544 408.655 407.084 407.41 409.076 408.846 409.956 410.282 408.711 409.266 409.036 411.258 408.346 408.116 409.227 408.767 408.767 409.092 407.521 407.847 408.402 407.386 406.601 406.371 406.696 405.126 407.577 406.006 404.435 404.205 402.635 402.96 402.73 400.604 402.27 400.699 399.128 399.454 398.113 395.757 396.312 394.741 396.407 392.94 392.71 391.695 389.569 390.679 387.768 387.538 386.752 383.841 382.27 382.04 380.469 379.684 378.113 379.684 380.469 381.255 384.396 383.841 385.412 387.538 389.109 387.443 389.569 391.695 391.925 392.94 396.407 395.297 396.312 397.883 396.772 397.557 399.128 400.699 400.374 401.945 401.389 403.515 403.975 402.865 404.435 406.006 406.236 406.466 406.696 406.926 408.497 406.831 407.617 407.847 408.862 407.196 408.767 408.997 408.441 409.457 409.687 408.576 408.806 408.481 406.815 408.386 407.275 407.505 407.735 407.965 408.98 408.655 406.759 406.434 405.323 406.894 405.783 405.458 403.792 402.911 402.911 402.586 402.26 401.15 401.38 400.269 399.944 398.833 397.167 397.397 396.516 396.516 394.295 392.399 393.414 392.303 391.193 389.526 387.63 387.305 385.639 383.187 382.862 382.537 381.426 378.975 376.523 379.76 381.426 382.537 382.862 386.654 386.98 388.09 387.305 389.526 390.637 392.303 392.629 393.739 392.724 395.961 396.841 398.738 397.167 398.833 399.944 401.61 401.38 401.15 402.26 402.586 402.911 405.362 405.132 405.458 406.568 406.894 406.664 405.648 406.759 408.655 408.98 408.75 409.076 408.29 409.956 408.386 409.496 409.822 408.806 409.362 409.687 408.116 409.227 408.997 408.767 407.751 408.862 407.291 407.617 407.386 407.942 406.926 405.356 406.466 404.896 404.665 404.435 402.865 403.19 402.96 401.389 401.714 400.374 400.699 399.914 398.898 396.772 397.097 395.527 395.297 394.511 394.281 390.029 391.14 389.569 387.998 387.213 385.642 385.967 384.396 382.825 382.04 381.255 379.684 378.113
381.255 382.04 382.825 384.396 385.412 387.538 389.109 389.339 390.909 391.14 391.925 392.94 393.17 394.741 396.312 397.097 397.327 398.898 400.469 398.803 400.929 401.945 402.175 403.515 403.975 402.865 404.991 406.006 406.236 406.466 405.356 407.712 408.497 407.386 407.617 408.077 408.862 409.092 408.767 407.656 408.441 409.457 409.687 408.021 408.806 408.481 408.156 408.386 407.275 407.505 408.52 408.75 407.64 408.655 406.759 406.434 408.004 405.553 405.228 405.458 405.132 404.022 404.482 402.586 403.371 401.705 401.38 400.269 399.388 399.388 397.167 397.397 396.286 395.961 392.724 393.184 393.414 392.303 389.852 389.526 387.63 388.09 385.639 384.528 384.203 382.537 381.426 380.315 378.094 380.315 380.641 380.966 382.862 385.314 386.424 388.09 387.63 389.526 391.423 391.748 392.073 393.739 392.724 396.516 396.286 396.611 396.381 399.388 399.158 399.713 401.38 401.15 402.816 403.141 404.252 404.022 405.132 405.458 405.228 406.338 405.323 406.434 406.759 407.314 408.98 407.965 409.306 408.846 408.616 410.282 410.052 409.036 409.036 408.576 409.131 408.116 409.227 407.656 409.322 409.092 407.521 407.847 407.847 408.727 406.601 407.712 406.696 405.126 407.577 406.006 404.435 402.865 403.975 402.405 401.389 401.945 400.929 400.699 399.914 398.343 398.668 396.542 396.312 394.741 393.17 394.281 392.71 391.695 390.909 387.998 387.768 387.538 386.752 383.841 383.055 382.825 381.255 379.684 378.113 379.684 381.255 382.825 382.825 383.841 385.967 387.538 389.109 389.339 389.569 391.14 392.71 394.281 393.17 395.297 396.312 395.757 396.772 398.343 400.469 400.699 400.929 401.159 401.945 402.405 402.635 402.865 404.435 406.006 406.236 405.681 406.696 406.926 406.601 407.386 407.847 408.632 408.862 410.433 408.537 408.767 409.227 408.901 409.687 408.021 409.036 409.266 410.052 408.386 409.956 408.846 409.076 408.75 408.98 407.084 406.759 407.774 407.449 405.783 405.783 405.458 405.132 406.703 404.252 403.141 402.26 400.364 401.38 401.61 399.944 399.388 397.722 396.611 396.286 394.62 394.295 393.184 392.073 391.748 389.852 389.526 388.646 386.98 386.98 385.314 384.203 382.537 378.745 378.975 378.649 380.315 381.426 382.537 384.988 385.314 385.639 386.75 389.201 389.526 390.637 390.962 392.073 393.184 392.724 394.62 396.286 396.611 399.063 398.833 399.158 401.61 401.38 403.831 402.26 402.586 404.252 406.703 405.132 404.902 405.783 406.338 406.108 407.774 407.544 407.084 407.084 407.41 407.735 408.846 407.275 408.386 408.711 409.036 409.036 408.021 409.687 408.671 409.227 408.997 409.877 407.196 407.521 407.847 408.402 410.068 408.497 406.926 405.356 406.466 407.577 406.006 404.435 402.865 403.975 403.745 402.73 401.159 402.825 400.699 397.232 399.454 397.327 397.883 396.312 394.741 393.17 392.94 392.71 391.14 389.569 389.339 389.109 387.538 385.412 384.396 382.825 382.04 379.684 379.684 378.113
381.255 382.825 382.825 384.396 385.412 385.642 387.213 387.998 392.25 391.14 392.71 391.6 395.066 395.852 395.527 397.883 398.113 398.898 401.024 400.699 400.374 400.374 402.175 402.96 403.19 402.865 406.332 404.665 406.236 405.681 406.696 406.371 408.497 406.831 407.847 409.187 409.417 409.092 408.537 408.997 409.227 408.116 409.687 408.576 410.147 409.036 409.496 408.386 409.956 408.846 408.52 408.75 407.084 407.084 406.759 406.434 406.664 405.783 405.228 405.458 405.132 404.022 404.252 403.141 402.816 400.364 401.61 401.61 400.499 397.492 397.722 396.056 396.286 395.175 396.191 392.399 392.073 392.303 389.852 389.526 387.86 387.535 386.424 385.314 384.203 382.537 380.871 380.315 378.649 380.315 380.641 382.537 382.862 384.758 385.084 388.09 387.86 389.526 389.296 390.962 393.414 393.184 394.85 394.62 396.841 396.056 399.063 398.833 399.944 401.054 401.38 402.49 400.689 402.586 402.911 402.681 405.132 405.458 406.568 406.894 406.108 406.434 407.544 407.314 407.084 408.75 409.076 407.505 409.956 410.282 408.711 408.481 408.806 409.917 407.561 409.457 408.441 410.338 408.767 407.196 408.862 407.291 407.617 406.276 408.497 406.926 406.696 405.126 406.236 406.006 404.991 405.546 402.635 402.405 402.175 401.159 400.374 398.803 401.024 398.343 397.327 397.883 396.312 394.741 395.066 392.94 393.266 391.14 389.569 390.679 387.768 387.538 385.967 384.396 382.825 380.699 380.469 379.684 378.113 378.898 380.469 382.825 383.611 385.182 385.967 387.538 387.768 389.339 390.909 391.14 391.925 392.94 393.17 395.297 396.312 397.883 397.327 398.898 399.128 399.358 400.929 401.159 401.389 402.405 403.19 402.865 404.435 404.665 407.577 406.466 405.356 406.926 408.497 407.386 407.617 407.847 409.417 410.433 408.537 409.552 409.227 408.116 409.131 408.576 408.251 408.481 410.052 408.386 409.956 408.846 407.735 407.965 407.64 407.084 407.544 406.434 406.108 406.338 405.783 404.902 405.132 404.022 404.252 402.586 402.816 403.831 400.824 401.054 399.158 397.492 397.167 396.056 396.841 394.62 394.85 392.399 392.073 390.962 391.423 389.526 387.86 388.09 386.424 386.654 383.648 382.537 381.426 381.101 378.649 378.975 381.426 382.537 383.648 385.314 385.639 386.75 387.63 389.526 389.852 390.962 392.073 393.184 394.85 395.961 396.286 396.841 397.167 399.388 399.388 400.039 401.935 401.705 402.26 402.586 402.911 404.022 405.132 405.458 404.672 406.894 408.004 407.774 407.544 407.084 407.64 409.306 409.076 411.527 407.275 408.386 408.711 409.036 409.036 409.917 408.346 408.116 409.227 409.552 407.981 407.196 407.521 407.847 408.402 407.386 408.497 406.926 406.696 406.466 404.896 404.665 404.435 404.761 404.531 402.405 400.834 401.159 400.929 398.803 399.128 398.898 397.883 397.097 396.312 394.741 395.066 392.94 392.71 392.48 390.909 390.679 387.213 387.538 385.967 384.396 382.825 382.825 380.469 379.684 378.113
380.469 382.04 383.611 385.182 385.967 387.538 389.109 387.998 389.569 391.14 392.71 394.836 393.17 394.741 397.423 397.883 398.668 398.343 401.024 400.699 400.374 401.945 403.515 402.405 402.635 404.761 404.435 406.006 404.896 405.126 406.696 407.712 406.601 406.276 407.617 407.847 408.862 407.196 408.767 410.338 409.227 409.457 409.687 408.576 409.592 410.377 408.711 410.282 407.83 408.846 409.076 407.965 407.64 407.314 406.759 407.774 407.449 405.553 406.013 403.562 405.132 404.022 404.252 404.482 402.03 401.15 401.38 401.054 400.499 398.833 397.167 396.611 396.286 395.175 394.85 393.739 392.073 390.962 389.852 389.526 389.201 387.305 386.424 384.758 384.203 382.537 381.426 379.76 378.649 378.975 381.426 382.537 383.648 383.187 385.639 387.535 387.86 389.526 389.852 392.303 392.073 395.865 394.85 395.175 396.286 396.611 397.167 398.277 399.944 400.269 401.38 402.26 402.03 403.926 404.252 404.022 405.132 406.243 406.013 406.894 405.323 407.774 406.759 407.084 407.64 406.069 409.076 408.06 407.83 406.815 410.052 409.822 408.806 408.576 409.131 408.116 409.227 408.211 407.981 409.092 407.521 407.847 407.617 407.386 408.497 405.586 406.696 406.466 404.896 406.006 404.991 404.761 403.975 402.405 402.175 401.159 400.374 402.04 399.128 398.898 397.883 396.312 395.527 395.297 395.852 394.281 392.71 391.14 390.909 387.998 387.768 385.642 385.967 383.841 383.611 382.04 381.255 378.898 378.113 379.684 381.255 382.825 383.611 384.626 385.967 386.982 386.427 387.998 389.569 391.14 392.71 394.836 394.511 394.741 396.312 397.097 397.883 397.557 399.914 398.803 400.374 401.945 402.175 402.405 401.294 402.865 404.991 406.006 405.451 406.466 406.696 407.712 408.497 407.386 407.617 408.077 409.417 409.092 409.322 408.997 408.671 409.457 409.687 411.258 408.806 409.266 408.711 408.386 407.275 408.29 407.18 409.306 407.64 407.87 406.759 406.434 407.449 406.894 406.568 406.243 405.132 406.703 402.911 403.141 400.689 401.705 401.38 401.61 400.499 399.388 397.722 397.397 396.286 396.516 394.85 393.184 392.629 391.748 389.296 389.526 389.201 386.98 386.424 384.758 382.862 382.537 381.426 379.76 379.99 378.419 381.426 382.537 383.648 384.758 386.98 388.09 387.63 389.526 390.637 391.748 392.073 392.399 394.85 395.175 396.286 398.738 398.507 399.618 399.158 400.269 401.38 401.705 400.689 402.586 404.252 404.022 405.132 405.458 405.783 405.783 408.004 406.434 407.544 406.529 408.98 408.75 407.735 408.846 408.06 410.282 408.711 409.822 409.036 411.258 407.791 410.012 408.441 407.656 408.767 407.196 408.862 407.847 408.957 406.831 408.497 406.926 406.696 406.466 404.896 404.665 404.435 402.865 402.635 402.405 402.175 401.714 400.374 402.04 399.128 398.343 398.113 396.312 395.527 394.741 396.407 394.836 391.925 391.14 389.569 387.998 387.213 387.538 384.856 383.841 383.611 382.04 380.469 379.684 378.113
381.255 382.825 382.825 385.182 385.967 385.642 386.427 390.679 390.909 391.14 393.266 394.281 393.17 394.741 396.312 395.757 398.113 398.898 398.573 400.699 400.929 401.714 402.175 402.96 403.975 402.865 404.435 406.006 404.896 406.466 406.696 406.926 405.816 406.831 407.061 408.632 407.521 409.092 408.767 408.211 409.227 409.457 408.346 408.021 409.036 408.481 410.052 408.941 409.956 408.06 409.076 407.41 407.084 407.314 407.544 407.774 406.664 405.553 405.228 405.458 405.132 404.022 404.252 402.586 402.03 401.15 400.039 401.054 400.499 397.492 397.167 397.397 396.286 395.961 394.295 392.399 392.073 391.748 391.193 389.526 389.201 386.75 386.98 385.314 382.862 382.537 380.871 379.76 379.99 380.315 380.315 382.537 382.862 385.314 385.084 387.305 387.86 389.526 389.852 390.962 392.073 393.184 394.85 394.62 396.286 396.611 397.167 398.833 399.944 400.269 400.824 401.705 402.03 404.482 402.911 406.703 404.347 405.458 406.013 406.894 405.323 406.434 407.544 408.655 407.64 407.41 409.076 408.846 407.275 408.386 408.711 409.822 409.592 408.021 409.687 408.116 409.227 408.997 408.767 409.092 409.417 407.847 408.402 407.386 408.497 406.926 407.482 406.466 405.451 403.88 404.435 402.865 403.19 402.96 401.389 401.714 400.929 398.803 400.469 398.343 398.668 397.883 396.312 395.297 393.17 391.6 391.37 391.14 390.909 387.998 389.109 387.538 386.752 384.396 384.396 382.04 381.255 379.684 378.113 378.898 381.255 382.04 382.825 385.967 385.967 385.642 387.768 390.679 389.569 391.14 391.37 391.6 393.17 394.741 395.527 395.757 398.113 398.898 400.469 402.04 402.27 401.945 401.389 402.96 404.531 404.761 404.991 406.006 404.896 406.466 406.696 407.712 408.497 407.386 407.847 409.417 407.521 409.092 408.767 410.338 408.441 409.457 409.687 409.362 409.036 409.822 408.711 410.282 407.275 408.06 409.076 409.306 407.64 408.655 406.759 406.434 405.323 406.338 406.013 405.458 405.132 404.022 404.252 403.926 402.816 403.831 401.38 398.928 399.158 399.388 398.507 398.738 396.286 395.175 394.295 393.739 392.073 391.748 391.193 388.971 387.63 386.75 385.639 383.187 382.862 382.537 381.426 380.315 378.094 379.76 381.426 382.537 383.648 384.758 385.084 386.75 387.63 389.526 389.852 390.962 393.414 393.739 394.85 395.175 396.286 397.397 397.722 397.492 399.158 401.61 401.935 403.046 402.26 403.926 404.252 404.022 403.792 405.458 405.228 405.553 408.004 405.648 407.544 408.655 408.98 407.965 408.52 408.846 407.275 408.386 408.711 409.822 409.036 409.362 407.561 409.457 409.227 408.997 407.981 409.092 408.862 409.187 407.617 407.386 405.26 407.712 405.356 405.126 404.896 404.665 404.435 404.761 404.531 402.405 401.389 401.945 401.484 398.803 400.469 398.343 398.113 397.883 396.082 395.297 395.066 395.392 391.37 391.14 389.569 387.998 389.109 387.538 386.752 384.396 382.825 380.699 380.469 378.898 378.113
381.255 382.825 384.396 384.396 386.752 385.642 387.213 389.339 389.569 391.14 391.925 394.281 396.407 394.741 395.527 396.312 397.327 398.898 400.469 399.358 402.27 401.714 402.175 402.96 402.635 404.761 404.991 406.006 406.236 406.466 405.356 407.712 408.497 407.386 407.617 407.847 408.862 407.196 409.322 407.656 409.227 408.116 409.687 409.917 409.036 408.481 406.815 410.282 407.83 408.846 407.735 407.41 407.64 408.655 408.885 406.434 406.108 406.894 406.568 405.458 405.132 406.703 404.252 403.141 400.689 400.364 401.38 400.269 399.944 397.492 397.722 398.738 394.945 395.961 396.191 393.739 392.629 392.303 389.852 388.971 387.86 387.535 386.424 385.314 382.862 382.537 381.426 380.315 378.094 379.76 381.426 382.537 384.988 383.187 385.084 387.305 387.86 389.526 390.637 390.962 393.414 393.184 394.85 394.62 396.286 397.397 399.063 399.388 399.944 400.269 400.824 400.364 402.26 400.689 402.911 404.022 403.562 405.458 405.228 405.553 406.108 407.774 406.759 407.084 408.98 407.965 407.735 408.846 407.83 410.282 408.711 409.266 409.036 409.362 408.346 408.116 408.441 408.767 408.767 407.751 406.966 407.847 407.617 406.831 405.816 406.926 406.696 405.681 404.896 404.665 404.435 402.865 404.531 404.301 402.175 401.714 400.374 400.699 400.469 398.898 398.113 396.542 396.312 395.297 393.17 392.94 392.71 391.14 390.909 389.339 389.109 387.538 384.856 385.182 383.611 382.04 381.255 378.898 378.113 378.898 381.255 382.04 384.396 384.396 385.967 387.538 386.427 390.679 390.909 391.695 392.71 392.94 393.17 394.741 395.527 397.097 396.772 398.343 399.128 400.699 400.929 401.945 401.945 402.405 402.635 404.761 404.991 404.665 405.451 406.466 406.696 406.371 405.816 407.386 408.402 409.187 405.625 407.196 408.767 410.338 409.227 408.116 409.131 408.021 410.147 409.822 408.711 408.386 407.275 411.527 409.306 409.306 408.195 407.87 406.759 406.989 406.664 405.783 405.783 405.458 405.132 404.022 404.252 402.586 402.26 401.705 401.38 399.713 399.158 398.833 399.063 396.841 396.841 395.175 392.724 392.399 392.073 390.962 389.852 388.971 387.63 386.98 386.98 384.758 382.862 382.537 381.426 380.315 378.649 378.419 380.085 383.878 384.203 384.528 386.98 386.98 387.86 389.526 389.852 392.303 393.969 395.865 394.85 395.961 396.286 397.397 397.722 398.277 399.944 400.269 401.38 401.15 400.689 402.586 402.911 404.022 405.132 404.902 405.228 405.553 406.664 407.774 406.759 408.655 407.084 407.41 409.076 408.846 409.956 408.941 408.711 409.036 408.251 409.917 408.346 408.116 409.227 408.767 408.767 407.196 408.862 409.187 408.957 406.276 405.26 406.926 405.356 406.466 407.577 406.006 404.991 406.102 403.19 402.405 403.515 401.945 400.374 398.803 397.232 398.898 396.772 397.883 396.312 395.297 393.17 392.94 392.71 391.14 392.25 387.443 387.768 387.538 384.856 383.286 383.055 382.04 380.469 379.684 378.113
379.128 382.04 384.396 385.182 385.967 387.538 387.768 390.679 392.25 391.14 391.925 392.94 393.17 394.741 396.312 395.757 398.113 398.898 401.024 402.04 400.374 401.159 402.73 402.405 402.635 404.761 404.435 404.665 404.896 406.466 405.356 406.926 405.816 407.386 408.957 408.077 407.521 407.196 408.767 410.338 408.441 409.457 409.687 409.917 408.806 408.481 409.496 408.941 409.956 408.846 409.076 407.965 407.64 407.084 407.544 407.774 405.323 406.894 405.228 405.458 405.132 404.022 404.252 403.141 402.816 401.705 400.039 400.269 399.944 398.833 399.063 397.397 396.286 394.62 395.405 394.525 392.073 390.962 391.423 389.526 389.201 387.305 385.639 385.314 382.862 382.537 381.426 381.101 376.523 380.315 380.085 382.537 382.862 385.869 385.639 386.98 387.86 389.526 391.423 391.748 392.073 393.184 394.295 395.961 396.286 397.397 399.063 398.277 399.158 399.483 401.38 401.15 402.816 403.141 403.696 404.022 403.562 405.458 407.354 405.553 406.664 406.434 406.759 407.084 407.084 407.965 409.076 408.29 407.83 410.282 408.711 408.481 409.036 408.576 409.131 409.457 408.441 408.767 407.981 409.092 408.862 408.632 407.617 406.276 406.601 406.926 406.696 405.681 406.236 404.665 404.435 404.205 403.975 402.405 402.175 401.714 400.374 398.803 401.024 398.343 397.327 396.542 396.312 394.741 395.066 394.281 392.71 391.14 389.569 387.998 389.109 387.538 385.412 383.841 383.611 382.04 380.469 379.684 378.113 379.684 380.469 381.255 382.825 385.967 385.412 387.538 389.109 387.998 390.124 391.14 392.71 391.6 395.066 394.741 395.527 396.542 398.113 398.343 398.573 400.699 400.374 401.714 402.175 402.96 403.975 404.205 404.435 404.665 404.896 406.466 406.696 406.926 406.601 406.831 407.617 408.632 408.862 409.092 408.767 408.211 407.886 409.457 408.116 408.021 408.806 408.481 408.156 408.386 409.956 408.846 408.52 408.75 408.98 406.529 406.759 406.434 406.664 406.338 403.887 405.458 403.562 403.466 404.252 403.141 402.26 401.705 400.039 399.713 399.944 398.833 399.063 396.056 396.516 395.961 392.724 392.399 392.073 390.962 391.423 389.526 387.63 386.75 385.639 385.314 382.862 382.537 381.426 380.315 376.523 380.315 381.426 382.537 382.862 385.314 385.639 386.75 388.646 389.526 390.637 391.748 392.073 393.739 394.295 395.961 396.286 396.841 397.722 397.492 399.158 398.928 401.935 400.364 402.26 402.586 403.696 406.703 405.132 405.458 405.228 406.108 406.108 407.774 407.544 407.314 408.98 406.624 407.18 407.505 408.386 408.386 408.711 408.481 409.592 409.362 409.687 409.457 409.227 410.338 409.322 407.196 408.862 408.632 407.617 410.068 407.942 406.926 405.356 405.126 404.896 403.88 404.435 404.761 403.975 402.405 401.945 401.945 400.374 402.04 399.128 398.898 397.327 396.542 396.312 395.297 393.17 394.836 392.71 392.48 389.569 389.339 387.768 387.538 385.967 384.396 382.825 381.485 381.255 379.684 378.113
381.255 382.825 383.055 384.396 385.967 387.538 385.872 388.783 389.569 391.14 393.266 391.6 395.066 395.297 396.312 397.097 398.113 398.898 400.469 399.358 400.929 401.945 402.73 402.96 403.19 404.205 404.435 404.665 406.236 406.466 405.356 406.371 405.816 406.831 407.617 407.291 408.862 409.092 408.767 408.211 409.227 410.012 408.346 408.021 408.806 408.481 408.711 406.815 408.386 408.06 409.076 406.624 407.084 408.655 407.544 407.774 406.108 405.553 405.228 405.458 403.562 403.236 404.252 403.926 402.816 403.831 401.38 400.269 400.499 397.492 398.507 396.056 396.286 395.961 394.85 393.739 393.414 392.303 391.193 388.971 389.201 386.75 385.639 385.314 384.203 382.537 381.426 380.315 378.649 380.315 381.426 381.751 383.648 383.187 386.98 387.535 387.63 389.526 389.852 390.962 392.629 393.739 394.295 394.62 396.286 396.841 399.063 398.833 399.158 400.039 400.039 401.705 402.03 402.586 402.356 404.022 403.562 404.902 405.783 406.894 406.664 407.774 408.1 406.529 408.195 406.624 409.076 408.06 409.956 410.282 408.711 409.266 408.806 408.576 409.687 409.457 408.441 407.656 408.767 409.092 407.521 407.847 407.617 406.831 406.601 406.926 406.696 405.681 404.896 404.665 404.991 404.761 402.635 402.405 400.834 401.945 401.484 400.699 399.914 399.454 398.668 396.542 395.527 395.297 395.066 393.496 392.71 391.14 389.569 387.998 389.109 384.301 385.967 385.182 382.825 381.485 381.255 379.684 378.113 379.684 381.255 382.04 382.825 384.396 386.752 387.538 389.109 387.998 389.569 391.14 392.71 391.6 395.066 394.741 395.527 397.883 397.883 398.898 400.469 398.803 400.374 401.945 401.945 402.96 404.531 404.761 404.991 404.665 405.451 406.466 406.696 406.926 405.816 408.727 407.617 407.291 409.417 409.092 409.322 408.211 409.227 409.457 409.687 411.258 408.806 408.481 408.711 408.941 407.83 407.505 407.735 407.41 407.64 407.87 407.544 405.648 408.004 405.783 406.568 405.458 404.577 404.022 402.911 403.926 402.26 401.705 401.38 401.054 399.158 398.833 399.063 396.611 396.286 394.62 394.295 393.739 392.073 391.748 389.852 389.526 389.201 386.75 385.639 384.758 383.648 382.537 381.426 380.315 378.649 380.315 381.426 382.537 383.648 384.758 385.084 387.535 387.63 389.526 390.637 392.303 392.073 393.739 394.85 394.62 396.286 396.841 398.507 398.833 399.388 399.713 401.38 401.15 400.689 404.482 403.696 404.022 405.132 404.902 405.228 405.553 407.449 406.434 407.544 407.87 408.195 409.306 408.52 408.06 407.83 408.386 406.815 408.481 409.036 408.021 409.131 408.116 409.227 408.767 409.322 410.988 408.307 408.632 407.617 407.386 408.497 406.371 406.696 406.466 404.896 406.006 404.991 404.761 404.531 402.405 402.175 401.945 400.374 400.699 401.024 398.343 396.772 397.097 396.312 394.741 396.407 394.836 392.71 391.14 389.569 389.339 386.427 386.982 385.967 384.396 382.825 382.04 380.469 379.684 378.113
381.255 382.04 382.825 384.396 385.967 385.642 387.213 389.339 390.909 391.14 392.71 392.94 395.066 394.741 395.527 396.542 397.883 398.343 399.914 400.699 400.929 401.945 402.175 402.96 402.635 402.865 404.435 406.006 404.896 405.681 405.356 405.356 407.942 410.068 408.957 408.632 409.417 407.196 408.767 408.211 409.227 409.457 409.131 408.576 408.806 409.822 410.052 408.941 409.956 411.527 409.076 407.965 408.98 407.314 406.759 407.774 406.664 405.553 405.228 405.458 404.347 404.022 403.696 403.926 402.816 401.705 400.039 401.054 399.944 400.959 399.063 398.738 396.286 396.516 396.191 393.739 392.073 391.748 391.193 389.526 387.63 386.75 385.639 384.528 384.203 381.751 381.426 379.76 378.649 378.975 381.426 382.537 382.862 385.869 385.639 386.75 387.86 389.526 389.852 392.303 393.414 392.399 396.191 396.516 394.945 398.738 398.507 398.833 399.158 400.269 400.594 401.705 402.816 403.141 403.696 403.236 405.918 405.458 406.568 406.338 406.664 407.774 407.544 406.529 406.854 409.306 409.076 408.846 407.83 408.386 409.496 409.266 408.806 411.258 409.687 409.457 408.441 408.997 409.877 407.196 405.625 407.291 407.847 408.727 408.497 406.926 406.696 406.466 404.896 403.88 404.435 402.865 403.19 403.745 402.175 401.945 400.374 400.699 400.469 399.454 398.113 396.542 395.527 394.741 393.17 392.94 392.71 391.14 389.569 389.339 389.109 385.642 385.967 384.396 382.825 382.825 381.255 378.898 378.113 379.684 379.914 380.699 382.27 385.182 384.856 385.642 387.213 389.339 389.569 391.695 392.71 393.496 393.17 394.741 396.312 396.542 398.113 398.343 400.469 398.803 400.929 400.604 402.73 402.405 403.19 404.761 404.435 406.006 404.896 406.466 406.696 405.586 406.601 408.727 407.847 407.847 407.521 407.196 407.196 410.338 409.227 408.116 409.687 411.258 408.806 408.481 410.052 408.386 409.956 408.846 409.076 408.75 407.64 407.084 406.759 406.434 406.108 406.338 405.228 405.458 405.132 405.362 402.911 403.141 403.371 403.831 401.38 400.269 399.944 398.277 399.063 398.738 396.286 395.175 392.724 393.184 392.073 392.303 391.423 389.526 387.86 387.305 386.424 384.528 384.988 381.751 380.871 378.975 378.649 378.419 378.745 381.751 383.648 385.869 385.639 387.535 387.86 389.526 389.852 391.748 392.073 393.184 394.295 396.516 396.841 398.738 397.167 397.492 399.944 401.054 400.039 401.705 402.26 402.586 402.356 406.703 403.792 405.458 406.568 406.894 406.108 407.774 407.544 407.314 407.084 408.75 407.735 408.846 409.956 408.941 408.711 410.607 409.036 409.362 408.346 408.116 409.227 410.338 408.767 410.433 407.521 408.077 407.061 406.831 406.601 406.926 405.356 406.466 404.896 404.665 404.435 404.761 404.531 402.96 403.515 401.159 402.27 399.358 399.128 398.343 396.772 396.542 396.867 395.297 393.17 394.281 393.266 391.14 390.909 390.679 387.213 386.982 385.967 384.626 383.611 382.04 380.469 379.684 378.113
379.684 382.04 383.055 383.841 385.412 387.538 387.213 387.998 389.569 391.14 392.71 391.6 393.17 395.297 395.527 396.542 396.772 398.898 399.914 398.803 400.374 401.159 402.175 403.745 402.635 404.761 404.435 406.006 406.236 406.466 406.696 405.356 405.816 406.831 408.957 408.077 410.203 407.751 408.767 407.656 408.441 409.457 408.346 408.021 408.806 408.481 408.711 410.282 409.956 411.527 407.735 408.75 407.64 408.655 408.1 406.434 406.664 405.553 405.228 405.458 406.473 404.022 402.911 403.141 404.156 400.364 400.594 401.61 399.944 398.833 398.507 398.738 396.286 395.175 394.85 393.184 392.073 392.303 390.637 388.971 387.63 387.535 385.084 385.314 383.648 380.966 380.641 379.76 379.99 381.101 381.426 382.537 382.862 383.187 385.639 388.09 388.646 389.526 389.852 390.962 393.414 393.184 394.85 394.62 394.945 396.841 398.507 398.833 399.713 399.713 400.824 401.705 402.26 403.926 404.252 404.022 405.132 405.458 405.228 406.894 405.878 406.434 407.544 407.87 407.64 407.41 408.52 411.527 408.386 408.386 408.711 408.481 409.592 409.917 409.687 408.116 408.441 408.767 408.767 407.751 408.307 408.632 407.847 407.386 405.816 406.371 405.356 405.126 404.896 404.665 404.435 402.865 402.635 402.405 402.73 401.945 400.374 400.699 398.573 398.898 396.772 397.883 395.527 394.741 395.066 394.836 391.37 391.14 389.569 387.998 387.213 387.538 385.967 385.967 384.396 381.255 380.469 379.684 378.113 379.684 381.255 381.255 383.611 385.182 386.752 387.538 389.109 389.339 389.569 391.14 390.029 391.6 395.066 395.297 395.527 397.097 396.772 400.239 399.128 400.699 402.825 401.945 402.175 402.405 403.19 404.205 404.991 404.665 406.236 406.466 406.696 406.926 405.816 406.831 407.617 408.077 408.862 407.196 408.767 409.552 409.227 410.012 409.131 409.917 409.036 410.377 408.711 408.386 408.386 408.846 408.52 408.75 408.195 408.655 406.759 404.863 407.449 406.338 405.783 403.562 405.132 404.022 402.911 402.586 402.26 402.49 401.38 401.61 399.944 398.833 399.063 396.841 396.286 395.961 394.295 395.865 392.073 390.962 389.852 389.526 387.63 385.409 385.639 383.187 382.862 382.537 380.085 378.975 378.649 379.76 380.871 382.537 382.862 384.758 385.084 387.535 387.63 388.971 390.637 390.962 392.073 392.399 392.724 394.945 396.841 398.738 398.507 398.833 399.388 401.054 400.039 401.15 402.26 401.8 402.911 404.022 404.577 404.902 405.228 406.894 405.878 407.774 407.544 408.655 408.195 408.75 408.52 408.06 409.956 410.282 408.711 409.822 408.251 408.576 409.131 409.457 408.441 410.338 408.767 410.433 408.862 409.187 407.061 406.831 406.601 406.371 406.696 406.466 405.451 403.88 404.435 402.865 404.531 403.515 402.175 401.945 400.374 402.04 399.128 398.343 398.668 396.312 396.082 394.741 393.17 392.94 392.71 391.14 389.569 387.998 386.427 387.538 385.412 384.396 382.825 381.255 381.255 379.684 378.113
381.255 382.825 383.055 384.396 385.967 386.982 387.213 389.339 390.909 391.14 393.266 392.94 396.407 394.741 396.312 397.883 396.772 398.343 398.573 401.254 400.929 401.945 402.175 402.96 403.19 404.761 404.991 405.221 404.896 406.466 407.252 406.926 406.601 406.831 407.617 408.077 407.521 407.751 408.537 408.211 409.227 409.457 409.687 408.021 410.147 409.036 410.052 408.386 407.83 408.06 407.735 408.75 407.084 407.87 406.759 406.434 406.664 406.338 405.783 405.458 405.918 404.022 404.252 403.141 402.26 401.705 401.38 400.269 399.158 397.492 396.381 396.841 396.516 395.961 394.295 394.295 392.629 390.962 389.852 389.526 389.201 386.75 386.424 385.314 382.862 382.537 380.871 380.315 378.649 380.315 381.426 383.878 384.988 385.314 386.194 386.75 389.201 389.526 389.852 390.962 392.073 392.399 392.724 395.175 396.516 397.397 397.167 400.174 399.944 401.054 401.935 401.15 402.03 402.586 404.252 403.466 405.132 403.562 405.228 406.338 406.664 406.434 406.759 406.529 408.195 407.965 407.735 408.29 408.06 408.386 410.052 408.481 409.036 407.465 409.131 409.457 409.227 410.338 408.767 407.751 409.417 409.187 407.617 407.386 405.816 406.926 406.696 406.466 404.896 404.665 404.435 404.761 402.635 402.96 402.175 401.945 400.929 401.254 399.128 398.343 398.113 397.883 396.312 395.852 393.17 394.281 390.029 391.14 390.909 389.339 387.768 386.982 385.412 384.396 382.825 382.04 380.469 379.684 378.113 379.684 381.255 382.825 383.611 385.182 385.967 385.642 387.768 389.339 390.909 391.695 391.925 391.6 393.17 394.741 396.312 396.542 396.772 398.898 399.128 400.699 400.374 401.714 402.175 402.405 403.975 404.205 404.991 406.006 404.896 406.466 406.696 406.371 408.497 406.831 407.617 407.847 407.521 407.751 408.767 407.656 409.227 409.457 409.687 408.576 410.147 408.481 410.052 408.386 408.386 408.846 407.735 408.75 407.084 407.084 407.544 407.774 405.323 405.783 406.568 404.902 405.132 404.022 403.696 402.586 404.156 401.15 400.039 398.928 399.388 398.833 396.381 398.738 396.286 395.175 394.295 395.865 393.414 391.748 389.852 389.526 387.86 386.75 385.084 383.187 382.862 382.537 381.426 378.975 378.649 378.419 381.426 381.751 384.203 385.314 386.424 387.305 389.201 389.526 389.852 390.962 392.073 393.739 394.065 396.516 396.841 396.056 397.167 400.174 399.158 400.269 401.38 401.15 402.26 401.245 404.252 403.236 405.132 403.562 406.568 405.553 407.449 407.774 407.544 408.655 408.195 408.75 409.076 408.846 409.956 408.386 408.711 409.036 408.806 407.465 408.346 409.457 409.227 408.211 408.767 409.092 408.862 408.632 408.402 407.386 407.156 405.586 405.356 405.911 404.896 404.665 404.435 402.865 404.531 402.405 402.73 401.159 400.374 398.803 398.573 398.343 397.327 397.883 395.527 394.741 395.852 395.392 393.266 391.14 390.909 389.339 389.109 387.538 385.967 384.396 383.611 382.825 381.255 378.898 378.113
380.469 382.04 382.27 384.396 385.967 386.982 387.213 387.998 390.909 391.14 391.925 394.836 395.066 395.852 395.527 397.097 398.113 398.343 400.469 400.699 401.484 401.714 401.945 402.96 403.975 404.761 404.435 404.665 404.896 406.466 406.696 406.926 408.497 407.386 407.617 407.291 407.521 409.092 408.767 408.767 408.441 409.457 407.791 408.576 408.806 408.481 409.496 409.726 409.956 408.06 409.076 407.965 407.64 408.655 406.759 407.774 405.323 405.553 406.013 405.458 405.132 404.022 403.696 403.141 402.26 401.705 400.039 401.054 399.158 397.492 397.167 398.738 396.286 394.62 396.191 393.739 392.629 390.962 389.852 389.526 387.86 388.09 385.084 384.528 382.862 381.751 380.085 379.76 378.649 379.76 380.085 382.537 382.862 385.314 385.084 387.535 387.86 389.526 391.193 390.962 392.073 393.184 392.724 395.961 396.286 398.182 399.063 398.833 399.388 400.269 401.38 402.49 402.816 403.141 402.911 406.703 405.132 405.458 405.228 406.338 405.323 406.434 407.544 407.87 408.98 409.306 409.076 408.846 407.83 408.386 408.711 408.481 408.806 409.362 409.131 409.457 409.227 407.656 409.877 409.092 409.417 407.847 407.617 410.068 408.497 405.586 406.696 405.126 407.577 406.006 404.991 402.865 403.975 402.405 401.389 401.159 400.929 398.803 399.128 399.454 399.454 397.097 396.312 395.297 395.066 391.6 391.925 391.14 389.569 390.679 387.768 386.982 385.967 383.841 383.611 382.825 380.469 379.684 378.113 379.684 381.255 382.04 382.825 384.626 385.967 387.538 387.768 389.339 389.569 391.14 391.37 391.6 395.066 394.741 396.312 397.097 399.454 399.454 397.232 402.04 400.374 401.714 402.175 402.405 404.531 404.205 404.435 404.665 406.236 405.681 406.696 406.371 405.816 406.831 408.957 409.187 408.862 409.092 408.767 408.997 409.227 409.457 407.561 409.362 408.251 409.036 408.711 408.386 408.386 407.505 407.735 407.41 407.64 407.87 406.759 406.434 405.323 405.553 405.228 405.458 405.132 404.022 402.911 402.586 402.816 402.49 401.38 400.269 399.388 398.833 397.722 396.611 396.286 395.175 396.191 393.184 392.073 391.748 389.852 389.526 387.86 387.305 385.639 384.758 382.862 381.751 381.426 380.315 376.523 381.101 381.426 382.537 384.988 383.187 386.424 388.09 389.201 389.526 391.423 390.962 392.073 393.184 392.724 396.516 396.286 397.397 397.167 397.492 399.158 401.61 401.935 403.831 402.816 402.586 404.252 405.362 405.132 405.458 405.228 405.553 406.664 407.774 407.544 408.655 407.084 407.965 409.076 407.735 407.83 410.282 410.052 408.481 409.036 409.362 409.687 408.671 408.441 408.997 408.767 409.092 408.862 407.847 407.617 408.172 405.816 406.926 406.696 405.126 404.896 403.88 404.435 406.102 402.635 402.405 402.73 401.945 400.929 400.699 397.232 398.898 397.327 397.883 396.312 394.741 396.407 394.281 393.266 391.14 389.569 389.339 385.316 386.982 385.967 385.182 383.611 382.04 380.469 379.684 378.113
381.255 382.825 383.611 385.182 385.412 387.538 389.109 390.679 392.25 391.14 393.266 392.94 394.511 394.741 395.527 395.757 398.113 398.898 399.128 400.699 400.374 401.159 402.73 402.405 404.531 402.865 404.435 403.88 406.236 406.466 405.356 407.712 405.816 406.831 407.617 407.291 409.417 409.092 408.537 408.767 409.227 409.457 409.687 408.576 410.147 408.481 409.496 410.282 408.616 408.846 409.076 408.75 407.084 407.87 407.544 406.434 405.323 406.894 405.228 405.458 403.562 404.022 402.911 404.482 402.26 400.364 401.38 401.61 399.388 398.833 399.063 397.397 396.286 395.961 392.724 393.739 392.629 390.962 389.852 389.526 387.86 387.305 385.084 386.654 383.648 381.751 381.426 378.975 378.094 378.975 381.426 382.537 382.862 386.654 385.084 387.305 389.201 389.526 390.637 390.962 392.629 392.399 396.191 394.62 396.516 398.738 397.722 398.833 399.944 400.039 400.824 401.15 400.689 403.926 402.911 404.022 405.132 405.458 405.228 406.338 406.664 407.774 406.759 407.084 408.98 409.306 408.52 408.846 409.956 408.941 408.711 408.481 409.592 409.362 409.687 409.457 408.441 410.338 408.767 410.433 408.862 408.632 407.617 408.727 406.601 406.926 406.696 405.681 406.236 405.221 404.435 402.865 403.19 402.96 402.73 401.159 400.929 398.803 401.024 399.454 397.883 397.097 396.312 395.297 395.066 391.6 392.71 391.14 390.909 389.339 387.768 387.538 385.967 384.396 383.611 381.255 381.255 379.684 378.113 379.684 381.255 382.04 383.611 384.626 386.752 383.746 385.872 387.998 389.569 391.14 392.71 392.94 393.17 396.637 395.527 396.312 398.113 398.898 397.232 399.358 401.484 401.159 402.73 402.405 404.531 404.761 404.435 406.006 406.236 406.466 406.926 406.926 405.816 407.386 407.847 409.187 408.862 407.196 407.981 408.441 409.227 409.457 409.687 408.021 409.036 409.266 410.052 408.386 407.83 408.846 409.076 408.75 407.084 408.655 406.759 406.434 405.323 405.553 406.013 405.458 405.132 404.022 404.252 403.926 402.26 401.705 401.38 401.054 400.499 399.388 398.507 396.841 396.286 394.62 394.85 393.184 392.073 390.962 391.423 389.526 388.646 388.09 385.084 385.869 382.862 382.537 381.426 378.419 378.649 381.101 381.426 382.537 383.648 384.528 386.98 386.98 389.201 389.526 391.423 392.303 393.414 393.739 394.065 395.175 396.286 396.841 399.063 399.388 399.944 401.61 401.38 401.15 402.26 402.586 404.252 403.466 405.132 404.902 405.228 406.338 408.004 406.434 407.544 406.529 408.98 408.75 408.52 410.186 407.275 406.815 408.711 408.481 408.806 408.021 408.346 409.457 409.227 408.211 409.322 409.092 408.862 407.847 407.847 407.386 407.156 406.926 405.356 406.466 406.236 404.665 404.435 404.761 402.635 402.96 402.175 401.945 400.374 398.803 399.128 399.454 398.113 397.883 395.527 395.297 393.17 392.94 393.266 391.14 390.909 389.339 389.109 385.642 384.856 384.396 382.825 382.825 380.469 379.684 378.113
381.255 382.825 382.825 384.396 385.412 387.538 389.109 389.339 390.909 391.14 393.266 391.6 395.066 395.297 395.527 396.312 398.113 398.898 397.232 402.04 400.929 401.945 401.389 402.405 404.531 402.865 404.435 406.006 405.451 406.466 406.696 406.926 406.601 407.386 407.847 407.847 407.521 407.196 408.767 408.211 408.441 409.457 409.131 409.917 409.592 409.036 410.052 408.941 409.956 408.06 407.735 407.41 408.195 407.314 406.759 406.434 406.108 406.894 405.228 404.902 405.132 404.022 402.911 402.586 402.03 403.046 400.039 400.269 400.499 397.492 399.063 397.397 396.841 395.175 394.85 395.865 393.414 391.748 389.852 389.526 387.63 386.75 386.98 385.314 386.329 382.537 381.426 380.315 378.649 379.76 380.085 381.751 384.203 383.187 386.424 387.305 389.201 389.526 389.852 391.748 392.073 393.184 394.065 396.516 396.286 396.611 399.063 398.277 399.158 400.039 401.38 400.364 402.26 402.586 404.252 404.022 405.132 405.458 405.228 406.894 405.323 406.434 407.544 408.655 407.084 407.965 409.076 408.846 407.275 408.941 408.711 408.481 408.806 409.362 407.791 408.116 408.441 408.211 408.767 407.196 408.862 408.077 407.061 406.831 408.497 406.926 406.696 405.681 406.236 403.88 404.435 402.865 404.531 402.96 402.175 401.714 400.929 400.699 399.128 398.343 396.772 397.097 396.312 394.741 395.066 394.836 392.71 391.14 390.909 390.679 387.768 387.538 385.412 385.182 383.611 382.825 380.469 379.684 378.113 379.684 381.255 381.255 382.825 384.626 384.856 385.642 386.427 389.339 389.569 391.14 392.71 392.94 395.066 394.741 395.527 395.757 397.327 398.898 399.914 398.803 400.374 401.159 402.73 402.405 405.086 402.865 404.991 403.88 406.236 406.466 406.926 406.926 406.601 407.386 407.847 408.077 407.521 409.092 408.767 408.997 409.227 408.116 409.687 408.021 409.592 408.481 408.711 408.386 409.956 408.846 407.735 406.624 408.195 406.529 408.1 407.774 405.878 405.783 405.783 406.243 405.132 403.236 404.252 402.586 402.26 401.15 401.38 400.269 399.158 399.618 399.063 397.397 396.286 395.175 396.191 392.399 392.073 391.748 389.852 389.526 387.63 388.09 385.084 384.758 382.862 381.751 380.871 381.101 378.094 378.419 381.426 382.537 383.648 385.314 386.424 387.305 387.86 389.526 390.637 392.303 392.073 392.399 395.405 395.961 396.286 396.611 398.507 397.492 400.499 400.269 401.935 400.364 402.816 403.926 403.696 404.022 403.792 405.458 405.228 405.783 406.108 406.434 406.759 406.529 407.64 407.41 407.18 408.06 409.956 410.282 409.496 408.481 408.806 408.021 409.687 408.116 409.227 408.211 409.322 407.196 407.521 408.077 407.847 406.831 406.601 406.926 407.252 406.466 404.896 404.665 404.435 402.865 403.19 402.405 401.945 401.159 400.374 398.803 400.469 398.898 397.327 396.542 396.312 395.297 393.17 394.281 392.71 391.14 390.909 387.998 389.109 387.538 384.856 383.841 384.396 381.485 380.469 379.684 378.113
381.255 382.04 382.825 384.396 385.967 387.538 387.213 389.339 390.909 391.14 392.71 394.836 393.17 394.741 396.312 396.312 396.772 398.898 400.469 400.699 402.27 401.159 402.175 403.745 402.635 402.865 404.991 406.006 404.896 406.466 405.356 406.926 407.156 407.386 408.402 407.847 408.862 407.751 408.767 408.997 409.227 410.012 409.687 408.576 409.036 408.481 409.496 410.282 409.956 408.846 409.076 407.41 407.64 407.084 406.759 406.434 408.004 406.894 403.887 405.458 405.132 404.022 402.911 403.141 402.26 401.705 400.039 401.054 400.499 398.833 399.063 396.611 396.516 394.62 396.191 393.184 392.073 390.962 391.423 389.526 389.201 386.75 386.98 384.528 382.862 382.537 381.426 378.975 376.523 379.76 380.871 382.537 382.862 384.758 385.639 387.305 387.86 389.526 389.852 390.962 393.414 392.399 394.85 395.961 396.286 398.738 397.167 398.833 399.944 401.61 401.38 401.705 402.26 401.245 403.696 404.022 403.562 405.458 405.228 406.894 406.108 406.989 406.759 407.084 407.64 408.75 407.18 407.505 409.956 410.282 410.052 408.481 408.806 408.021 408.346 409.457 408.441 407.656 408.767 409.647 407.521 408.632 407.847 407.386 408.497 407.712 406.696 406.466 406.236 406.006 404.991 402.865 403.975 402.96 402.175 401.714 400.374 398.803 398.573 398.898 397.883 397.883 396.312 396.637 394.511 394.836 391.37 391.14 389.569 389.339 385.316 385.642 385.412 383.286 383.611 382.825 381.255 378.343 378.113 379.684 381.255 382.825 382.27 384.396 385.412 387.538 389.109 387.998 389.569 391.14 392.71 393.496 394.511 394.741 396.312 397.883 396.772 398.343 399.128 400.699 400.929 401.159 403.515 402.96 402.635 404.761 404.435 403.88 405.451 406.466 406.696 405.356 405.26 407.386 407.617 408.077 409.417 408.307 408.767 408.767 408.441 408.116 409.131 409.917 408.806 410.607 410.052 408.386 407.83 407.505 407.735 407.41 408.98 408.655 406.759 407.774 407.449 406.894 405.783 405.458 403.562 403.236 403.696 403.926 402.26 400.364 401.38 399.713 399.713 398.833 399.063 398.738 396.516 394.62 394.85 393.184 392.073 390.962 389.852 389.526 387.86 386.75 386.424 384.758 386.329 382.537 381.426 379.76 378.649 379.76 381.426 382.537 382.862 385.314 385.639 387.305 389.201 389.526 390.637 390.962 393.414 394.525 394.295 395.175 396.841 397.397 399.063 398.833 399.388 399.713 401.38 402.26 402.816 402.586 404.252 404.022 405.132 405.458 405.228 405.783 406.664 406.434 406.759 407.87 407.64 407.41 408.52 408.846 407.275 410.282 409.496 409.266 408.806 411.258 409.687 409.457 408.441 408.441 407.981 407.751 407.521 408.077 408.957 406.831 406.601 406.926 406.696 405.126 406.236 404.435 404.435 402.865 403.19 402.405 402.175 401.159 400.929 400.699 401.024 398.898 397.327 397.883 395.527 394.741 393.17 392.94 392.71 391.14 389.569 387.998 389.109 387.538 385.412 384.396 383.055 381.485 380.469 379.684 378.113
379.914 382.825 383.055 384.396 385.967 387.538 389.109 387.998 390.909 391.14 391.37 394.281 393.17 394.741 396.082 396.542 397.883 397.557 399.128 400.699 400.929 401.945 402.73 402.405 403.19 402.865 404.991 404.665 404.896 406.466 406.696 406.926 407.942 410.068 407.617 407.291 407.521 407.751 408.767 408.211 409.227 409.457 409.131 408.021 408.806 408.481 410.607 410.282 409.171 408.06 407.735 407.41 407.64 408.655 407.544 407.774 406.664 406.894 406.013 403.562 405.132 406.703 404.482 402.586 403.371 401.705 401.38 398.928 399.713 399.388 397.722 396.611 396.516 395.961 394.85 393.184 392.073 392.303 391.193 388.971 389.201 387.305 385.084 383.187 384.203 383.878 381.426 378.975 378.094 378.975 381.426 382.537 384.203 383.187 385.084 386.75 389.201 389.526 389.852 391.748 392.629 393.184 394.295 394.62 394.945 398.738 397.722 398.833 399.158 400.269 401.38 401.15 402.816 402.586 402.911 404.022 403.562 405.458 403.887 405.553 407.449 406.434 407.544 407.314 407.64 406.624 407.735 408.29 407.275 408.941 408.711 409.266 408.806 408.576 410.472 409.457 409.227 408.997 408.767 409.092 408.862 407.847 408.957 407.386 408.497 407.712 406.696 406.466 404.896 404.665 404.205 404.761 404.531 402.405 402.73 401.945 400.374 402.04 401.024 398.343 397.883 397.097 396.312 396.637 393.17 393.496 393.266 391.14 389.569 388.783 389.109 387.538 384.856 384.626 383.611 381.255 380.469 378.898 378.113 378.898 379.684 382.825 382.825 384.396 385.412 386.982 389.109 390.679 389.569 391.14 391.37 393.496 394.511 394.741 396.312 396.542 398.668 398.343 400.469 401.254 401.484 401.945 402.175 402.96 403.975 402.865 404.435 406.006 404.896 406.466 406.696 406.926 408.497 406.831 408.402 407.291 408.862 410.433 408.537 408.767 408.441 408.116 409.687 409.362 408.806 409.036 408.711 408.941 409.956 408.846 407.18 407.41 408.98 408.655 407.544 407.774 405.323 406.894 407.354 405.458 405.132 404.022 404.252 402.586 400.689 401.15 401.935 399.483 399.944 398.833 397.167 396.611 396.286 395.175 394.85 393.184 392.073 391.748 391.423 388.186 388.646 387.305 386.424 384.758 384.203 382.537 381.426 378.419 378.649 380.315 381.426 382.537 383.648 384.758 385.639 388.09 389.201 389.526 389.852 390.962 392.629 393.739 394.85 395.175 396.286 396.611 398.507 400.174 399.158 399.713 401.38 400.364 402.26 402.586 404.252 404.022 404.347 405.458 405.228 406.894 407.449 407.774 407.544 407.87 407.64 408.75 407.735 407.505 407.83 408.386 408.156 408.481 409.036 411.258 407.005 408.901 408.441 408.211 408.767 410.433 408.862 407.847 407.617 410.068 408.497 406.926 406.696 405.681 404.896 404.665 404.991 402.865 402.635 402.96 402.73 401.945 400.374 400.699 399.914 398.343 398.668 397.097 396.312 394.741 395.066 392.94 392.71 391.695 390.909 390.679 387.768 387.538 385.412 384.396 383.611 382.825 381.255 379.684 378.113
379.914 381.255 383.611 385.182 385.412 383.746 389.109 387.998 390.909 391.14 392.71 394.281 393.17 394.741 396.312 396.312 396.772 398.898 401.024 400.699 400.374 401.159 402.73 402.96 403.975 402.865 404.435 406.006 407.577 405.681 406.696 406.926 405.816 408.727 407.617 408.632 408.862 407.751 408.537 408.211 409.227 408.901 409.687 408.576 408.806 410.377 408.156 408.386 407.275 408.846 407.735 409.306 408.98 407.314 406.759 406.434 406.664 405.783 405.228 405.458 403.792 404.022 402.911 401.8 400.689 401.705 401.38 400.269 399.713 398.833 397.167 396.056 396.286 395.961 394.295 392.399 393.414 390.962 390.637 389.526 387.63 387.535 385.084 385.314 382.862 381.751 381.426 378.419 378.094 379.76 381.426 382.537 384.203 383.187 385.084 388.09 387.63 389.526 391.423 390.962 392.073 393.184 395.405 394.62 396.286 396.056 397.167 398.833 400.499 399.713 401.38 403.831 402.816 404.482 402.911 404.022 403.562 405.458 405.228 406.894 406.664 406.434 406.759 407.87 407.64 409.306 407.735 407.505 407.275 408.386 408.711 409.036 408.806 409.362 409.687 408.116 409.227 408.211 408.767 409.647 407.521 408.632 407.617 406.831 408.497 406.926 406.696 406.466 406.236 404.665 404.435 402.865 402.635 402.96 400.834 401.945 404.166 398.803 398.573 398.898 399.454 397.097 395.527 395.297 395.066 391.6 392.71 392.48 390.909 388.783 387.213 386.982 385.412 384.396 383.611 382.04 380.469 379.684 378.113 378.898 380.469 382.825 383.611 385.182 385.412 387.538 389.109 390.679 389.569 391.695 392.71 391.6 395.066 394.741 396.312 396.542 398.113 398.343 399.128 398.803 401.484 401.945 402.73 402.96 402.635 402.865 404.435 406.006 404.896 406.466 406.696 405.586 408.497 406.276 407.061 407.847 408.862 407.751 408.767 408.211 409.227 409.457 408.346 408.021 410.147 408.481 406.815 408.386 409.956 408.846 408.52 407.41 407.64 407.084 407.544 407.774 406.108 406.894 405.228 404.902 403.562 404.022 403.696 404.482 400.689 401.705 400.594 401.61 399.944 400.174 398.507 396.611 396.841 395.175 394.85 393.739 392.073 392.303 390.637 389.526 389.201 387.305 385.639 383.187 382.862 381.751 381.426 378.975 378.094 378.419 381.426 381.751 384.203 384.758 386.98 388.09 389.201 389.526 391.423 390.962 392.073 392.399 394.85 395.961 396.286 396.841 397.722 400.959 399.158 401.054 401.38 400.364 402.816 403.926 404.482 404.022 405.132 405.458 405.228 405.783 406.664 406.434 406.759 407.314 407.084 407.41 407.735 407.505 409.956 408.386 408.711 409.036 408.806 411.258 409.687 409.457 408.441 408.997 407.981 407.196 408.862 407.291 407.617 407.386 408.497 406.371 406.696 406.466 406.236 406.006 404.205 402.865 402.635 402.405 402.175 400.604 402.825 398.803 398.573 398.898 398.113 396.542 396.312 396.637 393.17 391.6 392.71 391.14 389.569 389.339 389.109 387.538 385.967 384.396 383.611 382.04 380.469 378.898 378.113
381.255 382.04 383.611 383.841 385.412 386.982 386.427 390.679 389.569 391.14 392.71 392.94 396.407 394.741 396.312 397.883 396.772 397.557 400.469 398.803 400.929 401.945 401.389 402.96 403.975 404.761 404.991 404.665 406.236 405.126 406.696 406.926 408.497 406.831 407.617 408.632 408.862 409.092 408.537 410.338 409.227 409.457 409.687 409.362 408.251 409.036 408.711 408.386 407.83 407.505 408.52 408.75 407.64 407.314 406.759 407.774 405.878 405.783 405.228 404.902 405.132 404.022 404.252 402.586 402.816 403.046 401.38 401.054 399.713 398.833 397.167 398.738 396.286 396.516 394.85 392.399 392.073 390.962 390.637 387.63 387.86 387.305 385.084 383.187 384.203 382.537 381.426 380.315 378.094 380.315 380.871 382.537 384.203 384.528 386.98 386.98 387.86 388.971 390.637 390.962 392.073 393.184 394.85 394.62 396.516 396.056 397.167 399.388 399.713 399.713 400.824 400.364 402.26 403.926 404.252 404.022 405.132 405.458 405.228 406.894 406.108 406.434 408.1 407.084 407.084 407.41 408.52 408.06 407.83 408.386 408.711 409.036 409.592 409.362 408.346 409.457 409.227 407.656 409.877 409.092 405.625 408.632 407.617 407.386 405.26 406.371 405.356 405.681 406.236 404.665 404.435 402.865 401.294 402.96 402.73 401.159 400.374 402.04 399.128 398.343 399.454 397.883 396.082 394.741 393.17 391.6 392.71 391.14 389.569 390.679 389.109 387.538 385.967 385.182 383.611 381.485 380.469 379.684 378.113 379.684 380.469 382.04 382.825 383.841 385.412 387.538 386.427 389.339 389.569 391.14 392.71 394.281 393.17 394.741 396.312 396.312 397.883 398.898 401.024 398.803 400.929 401.945 402.175 403.515 403.975 402.865 404.435 404.665 406.006 406.466 406.696 407.712 408.497 410.068 407.617 408.077 410.203 407.751 408.537 408.997 409.227 409.457 409.687 409.362 409.036 408.481 408.711 408.386 408.386 408.846 409.076 407.41 407.64 406.529 406.759 406.434 407.449 405.553 407.354 404.902 405.132 405.362 403.696 402.586 402.816 401.705 401.935 400.269 400.499 397.492 398.507 396.611 396.286 396.516 394.85 392.399 392.629 390.962 391.423 389.526 389.201 388.09 386.98 385.869 383.648 381.751 380.871 378.419 378.649 380.315 380.085 382.537 384.203 383.187 385.084 387.305 387.63 389.526 389.852 392.303 392.073 392.399 392.724 395.961 396.286 397.397 399.063 398.833 399.158 399.713 400.594 402.49 402.26 403.926 404.252 405.362 405.132 406.243 405.228 405.553 405.323 407.774 407.544 407.314 408.98 407.41 409.076 407.505 407.275 409.726 408.711 408.481 408.806 409.917 409.687 409.457 408.441 410.338 408.767 407.196 405.625 409.187 407.617 407.386 408.497 406.926 406.696 405.681 406.236 406.006 404.435 404.205 402.635 402.96 402.175 401.945 404.166 400.699 399.128 398.343 397.327 397.097 396.312 394.741 393.17 391.6 391.925 391.14 389.569 388.783 387.213 386.982 385.967 384.626 383.055 382.04 381.255 379.684 378.113
381.255 382.04 383.611 384.626 385.967 383.746 385.872 389.339 389.569 391.14 392.71 392.94 395.852 394.741 396.312 397.653 397.883 398.898 399.128 399.358 401.484 401.945 401.945 402.96 401.294 404.761 405.546 406.006 404.896 406.466 406.696 407.712 408.497 408.727 407.061 408.077 407.521 409.092 409.877 408.211 409.227 409.457 407.791 409.362 409.036 409.036 409.496 410.282 407.83 407.505 408.52 407.41 408.98 408.655 407.544 406.434 408.004 405.553 405.228 405.458 405.132 404.022 404.252 402.586 400.689 401.705 400.039 400.269 400.499 398.277 399.063 397.397 396.286 395.961 394.295 393.184 393.414 391.748 390.637 389.526 387.86 386.98 386.98 385.314 383.648 382.537 381.426 381.886 376.523 379.76 381.426 382.537 382.862 385.314 386.98 386.75 387.86 388.971 389.852 390.962 392.073 393.739 396.191 396.516 396.841 397.167 398.507 398.277 399.944 400.269 401.38 401.15 402.26 401.8 402.911 404.022 405.132 404.902 407.354 406.894 407.449 406.434 407.544 407.87 407.64 407.965 409.076 407.505 409.956 408.386 408.156 409.266 409.592 407.465 410.472 408.901 408.441 408.211 408.767 407.751 407.521 407.847 407.617 406.831 408.497 406.926 406.696 406.466 405.451 406.006 402.865 404.205 403.19 402.96 402.73 400.374 400.374 398.803 399.914 399.454 397.327 397.883 396.312 395.852 395.066 391.6 391.37 391.14 390.909 390.679 387.213 387.538 385.412 384.396 384.396 382.825 381.255 379.684 378.113 379.684 380.469 381.255 382.825 384.396 385.412 387.538 389.109 389.339 390.909 391.14 392.71 392.94 395.066 394.741 396.312 397.097 398.113 398.898 399.914 400.699 400.374 401.714 403.515 402.405 403.975 404.761 404.991 404.665 405.451 406.466 406.696 406.371 408.497 406.276 407.847 407.291 408.862 409.092 409.322 410.338 409.227 409.457 409.687 408.576 408.251 408.481 408.156 408.941 407.83 408.06 407.18 408.75 407.64 407.084 406.759 406.434 405.323 405.553 405.228 405.458 405.918 404.022 403.696 403.926 402.26 401.15 401.38 400.269 399.944 398.833 395.596 397.397 396.286 395.175 394.85 393.184 392.073 390.962 389.852 389.526 389.201 386.75 386.98 384.528 383.648 381.751 381.426 381.101 379.99 378.419 381.426 380.966 386.329 385.314 386.98 387.305 387.63 389.526 389.852 391.748 392.073 392.399 394.295 395.961 396.286 396.841 397.167 397.492 399.158 400.269 401.935 403.046 402.816 402.586 404.252 404.022 405.132 405.458 405.228 406.894 406.664 407.774 407.544 407.084 407.084 405.513 409.076 407.505 408.616 408.386 408.711 409.036 408.806 409.917 409.687 408.116 408.441 408.211 408.767 407.196 408.862 408.077 407.617 406.276 406.601 406.926 406.696 405.681 404.896 404.665 404.991 402.865 404.531 402.405 401.945 401.945 400.374 402.04 400.469 398.898 398.668 397.097 396.082 396.637 395.066 394.836 391.37 391.14 390.909 389.339 389.109 386.982 385.967 385.182 383.055 382.04 381.255 379.684 378.113
380.469 382.04 382.825 384.396 385.412 387.538 387.213 390.679 390.909 392.48 392.71 392.94 395.066 394.741 395.527 397.883 397.327 398.898 399.128 400.699 400.374 401.945 402.175 402.405 401.294 404.205 404.435 404.665 406.236 406.466 406.696 405.356 405.816 406.831 407.617 407.847 407.521 407.196 408.767 410.338 408.441 409.457 409.687 408.576 408.806 408.481 408.711 408.386 409.956 407.505 407.18 407.41 408.195 407.87 406.759 406.434 405.878 405.553 405.228 405.458 405.132 404.022 404.252 402.586 402.26 403.831 400.594 399.713 400.499 398.833 397.167 396.611 396.286 395.961 394.295 393.739 393.969 391.748 390.637 389.526 387.86 386.75 386.98 384.758 382.862 383.878 380.085 380.315 376.523 379.76 381.426 382.537 382.862 383.187 386.98 386.75 387.86 389.526 389.852 392.303 392.629 393.739 396.191 394.62 396.286 397.397 397.722 397.492 399.388 401.054 401.935 401.705 402.816 403.926 403.696 403.236 403.792 405.458 405.228 405.553 406.108 406.434 407.544 407.084 408.195 407.41 409.076 407.505 407.275 408.386 408.711 409.266 409.036 409.917 409.131 409.457 409.227 408.997 408.767 409.092 407.521 407.847 407.847 407.386 408.497 406.926 405.356 406.466 404.896 404.665 404.435 402.865 403.19 404.301 402.175 401.945 400.929 400.699 400.469 398.898 397.327 396.542 395.527 394.741 393.17 394.281 392.71 392.48 389.569 387.998 387.768 386.982 385.967 385.182 383.055 382.04 380.469 378.898 378.113 378.343 380.469 381.255 382.825 385.182 385.967 386.982 389.109 389.339 390.909 391.14 393.266 392.94 396.407 394.741 395.527 396.312 396.772 398.343 399.914 400.699 400.374 401.945 402.175 402.96 403.975 406.102 404.991 404.665 405.451 405.126 406.926 405.586 408.497 406.831 407.617 408.632 409.417 409.092 408.767 408.211 409.227 409.457 409.687 408.021 410.147 409.266 408.711 408.941 407.275 410.186 407.735 408.75 407.084 407.87 406.759 406.434 405.878 406.338 405.783 405.458 403.562 404.022 404.252 402.586 402.26 402.49 401.38 400.269 400.499 398.833 397.167 397.397 396.286 395.961 394.065 393.739 392.629 390.962 389.852 389.526 387.63 386.75 386.424 385.314 382.862 381.751 380.085 379.76 379.99 379.76 381.426 382.537 382.862 384.758 385.639 386.75 388.646 387.63 391.423 391.748 393.414 393.739 394.295 395.961 396.286 396.056 398.507 398.833 399.944 401.054 401.935 403.831 404.156 404.482 402.911 404.022 405.132 405.458 406.568 406.338 406.108 406.434 406.759 407.87 407.64 409.306 407.735 410.186 409.956 408.386 410.052 408.481 409.592 408.021 409.131 409.457 408.441 408.997 408.767 407.196 408.307 407.291 407.617 407.386 407.156 406.926 407.252 406.466 406.236 404.665 404.991 402.865 403.975 402.96 401.945 401.945 400.929 400.699 400.469 398.343 397.327 397.883 395.527 394.741 395.066 391.6 392.71 391.14 390.909 388.783 389.109 387.538 384.856 383.841 383.611 382.825 381.255 379.684 378.113
381.255 382.04 384.396 383.841 384.856 387.538 386.427 389.339 390.909 391.14 391.37 393.496 393.17 396.637 396.312 396.542 397.327 398.898 400.469 398.803 400.374 401.159 403.515 402.405 404.531 404.761 404.435 404.665 405.451 406.466 405.356 405.586 407.156 407.386 408.402 408.077 408.862 409.092 409.322 408.997 408.441 409.457 409.687 409.362 408.806 408.481 410.052 408.941 409.956 408.846 409.076 409.306 408.98 407.084 407.544 406.434 406.108 406.894 403.887 405.458 405.132 406.703 403.696 401.8 402.26 401.15 401.38 399.713 400.499 398.833 397.167 398.738 396.286 395.961 396.191 393.184 393.414 392.303 391.193 389.526 387.63 385.409 386.98 385.314 382.862 382.537 381.426 379.76 378.649 378.419 380.085 383.092 382.862 384.758 386.98 387.535 388.646 389.526 389.852 390.962 392.073 393.184 394.85 394.945 396.286 396.841 397.722 398.833 399.388 399.713 401.38 401.705 403.371 402.586 402.911 403.236 405.132 405.458 405.228 406.338 405.323 406.434 406.759 407.084 408.98 408.75 407.735 408.06 409.956 408.386 409.496 408.481 410.147 411.258 409.131 409.457 409.227 408.211 409.322 407.196 407.521 407.291 408.957 407.386 406.601 406.371 406.696 405.681 404.896 404.665 404.435 404.761 402.635 402.405 402.175 401.159 400.374 400.699 399.128 398.343 398.113 397.883 395.527 394.741 395.066 394.281 391.925 391.14 390.909 390.679 389.109 386.982 386.197 384.396 383.611 382.04 380.469 379.684 378.113 379.684 380.469 382.04 383.611 383.841 386.752 385.642 389.109 389.339 390.909 391.14 391.37 394.836 395.066 394.741 395.527 397.097 397.327 398.343 399.914 398.803 400.374 401.945 401.389 402.96 403.19 404.761 404.435 404.665 405.451 406.466 406.696 406.926 407.942 407.386 408.957 407.847 410.203 409.647 408.767 407.656 409.227 410.012 409.131 409.362 409.036 408.481 410.052 408.386 407.83 408.846 409.076 407.965 407.084 406.529 407.544 406.434 407.449 406.894 406.013 405.458 405.132 404.022 404.252 403.926 402.26 403.831 401.38 400.269 399.388 398.833 397.167 396.611 396.286 394.62 394.295 394.525 392.073 392.303 391.423 388.186 389.201 388.09 386.98 383.187 384.203 382.537 380.085 379.76 378.649 378.975 381.426 382.537 383.648 384.528 385.639 388.09 387.63 388.971 390.637 391.748 392.073 393.739 394.85 395.175 396.286 398.738 399.063 398.277 397.817 400.269 401.935 401.15 402.816 402.586 402.911 404.022 405.132 405.458 405.228 405.553 406.664 406.434 407.544 407.314 408.98 408.75 407.735 408.846 407.83 408.941 408.711 409.036 409.592 408.576 407.005 408.901 409.227 409.552 408.767 409.092 407.521 408.632 408.402 408.172 408.497 406.371 406.696 405.126 404.896 403.88 404.435 402.865 403.19 402.96 402.73 401.945 400.374 402.595 400.469 398.343 396.772 396.542 396.312 394.741 393.17 394.836 391.37 391.14 392.25 389.339 389.109 387.538 385.967 385.182 383.611 381.255 381.255 379.684 378.113
380.469 382.04 384.396 384.396 385.412 385.642 387.768 389.339 389.569 391.14 393.266 393.496 393.17 395.297 396.312 396.542 398.113 397.002 398.573 402.595 400.374 401.945 402.73 402.405 404.531 404.205 404.991 404.665 406.236 405.126 406.696 405.586 408.497 408.727 407.617 407.291 408.307 407.196 408.537 409.552 409.227 409.457 410.472 408.576 408.806 408.481 408.711 410.282 407.83 408.29 409.076 406.069 407.084 407.314 406.759 406.434 408.004 405.783 404.672 405.458 403.792 403.236 404.252 403.141 402.26 402.26 401.38 401.61 397.817 398.833 398.507 396.841 396.286 395.961 394.85 393.184 392.073 393.644 389.852 389.526 387.63 388.09 385.084 385.869 384.203 381.751 381.426 379.76 378.649 380.315 381.426 382.537 384.988 384.528 386.424 388.09 387.86 389.526 391.193 391.748 392.629 392.399 394.85 394.62 396.516 398.738 399.063 398.833 399.388 399.713 401.935 401.705 402.26 403.926 402.911 404.022 405.132 405.458 405.228 406.894 405.323 407.774 407.544 408.655 407.084 409.306 408.52 408.846 409.956 410.282 408.156 409.036 409.036 408.576 408.346 409.457 409.227 407.656 408.767 410.433 408.862 407.847 407.617 406.831 405.816 406.926 406.926 406.466 407.577 406.006 404.435 402.865 404.531 402.96 402.175 401.945 400.929 400.699 397.232 398.343 398.113 396.542 395.527 395.297 396.963 394.281 391.37 392.48 389.569 388.783 386.427 386.982 385.967 384.396 382.825 382.04 381.255 379.684 378.113 378.898 380.469 381.255 384.396 384.396 385.967 387.538 389.109 389.339 390.909 391.14 392.71 393.496 395.066 395.297 395.527 396.542 397.327 398.343 397.232 400.699 400.374 400.604 401.389 402.405 404.531 402.865 404.435 404.665 406.236 406.466 406.696 406.926 408.497 408.727 407.617 407.291 408.862 407.751 408.767 409.552 408.441 409.457 409.687 411.258 408.806 408.481 408.711 408.386 409.956 408.846 409.076 407.965 407.64 406.529 407.544 407.774 406.108 406.894 405.228 405.458 405.132 404.022 404.252 402.586 402.26 401.15 401.38 401.61 399.158 400.174 398.507 396.841 396.516 396.516 394.85 393.739 392.073 390.962 390.637 389.526 389.201 387.535 386.424 384.758 382.862 382.537 380.871 381.101 378.094 379.76 381.426 382.537 382.862 385.314 385.639 387.305 389.201 389.526 391.423 391.748 392.073 393.739 392.724 395.175 396.286 397.397 397.722 398.833 400.499 401.61 400.039 401.15 402.816 403.141 404.252 404.022 405.132 405.458 405.783 405.783 407.449 406.434 406.759 408.655 408.98 408.75 409.076 408.29 409.171 408.941 408.711 409.266 408.806 409.917 409.687 409.687 408.441 408.997 407.196 409.092 407.521 408.077 407.847 410.068 408.497 406.926 407.252 405.126 404.896 406.006 404.205 404.761 404.531 402.405 401.389 401.945 404.166 400.699 400.469 398.343 398.113 396.542 396.082 395.297 395.066 393.496 393.266 391.695 389.569 387.998 385.316 387.538 385.967 384.396 383.611 381.255 380.469 379.684 378.113
380.469 381.255 384.396 384.396 385.967 387.538 387.213 390.679 390.354 391.14 391.925 392.94 393.17 394.741 395.527 397.097 397.327 398.898 399.914 398.803 400.929 401.714 402.175 402.96 404.531 402.865 404.435 406.006 407.577 405.681 407.252 407.712 407.156 410.068 407.617 408.632 408.862 409.092 408.767 410.338 408.441 409.457 408.346 409.917 409.592 409.822 410.052 406.815 409.956 410.186 408.52 407.41 407.084 407.87 406.759 406.434 408.004 406.894 406.013 406.243 405.132 404.022 402.911 403.926 402.816 401.15 400.594 401.61 399.388 397.492 397.167 396.841 396.516 395.961 394.295 393.739 392.073 392.303 391.423 389.526 387.63 385.409 385.639 384.758 382.862 382.537 380.871 379.76 378.094 378.975 381.426 382.537 384.203 384.758 385.084 386.75 387.86 388.971 390.637 390.962 392.073 395.865 395.405 396.516 396.286 398.738 398.507 398.833 399.388 399.713 401.935 401.705 402.816 402.586 402.911 406.703 405.132 405.458 405.228 406.894 406.664 406.434 406.759 407.314 407.64 409.306 407.735 407.735 409.956 408.386 408.711 409.036 409.036 409.362 408.346 409.457 409.227 408.997 408.767 407.751 408.862 408.632 407.617 407.386 408.497 407.712 406.696 406.466 406.236 406.006 404.435 402.865 402.635 402.96 402.175 400.604 400.929 400.699 400.469 398.343 398.113 396.542 396.082 394.741 395.066 392.94 390.029 391.14 389.569 389.339 386.427 386.982 385.967 384.626 383.055 382.04 379.914 379.684 378.113 379.684 380.469 382.04 382.825 384.396 385.412 385.642 389.109 387.998 389.569 391.14 392.71 393.496 393.17 394.741 396.312 397.883 397.327 398.898 399.128 398.803 400.929 401.159 402.73 402.96 403.975 404.205 404.435 406.006 404.896 406.466 405.356 406.926 407.156 406.831 407.617 409.187 408.862 409.092 408.767 408.211 409.227 409.457 409.687 409.362 409.036 409.266 410.052 408.386 409.956 408.29 409.076 407.41 407.64 408.655 407.544 407.774 407.449 405.553 406.013 405.458 403.792 403.466 404.252 402.586 402.26 403.831 401.935 399.483 399.158 400.174 397.167 398.738 394.945 395.961 394.85 393.184 392.073 391.748 391.423 389.526 387.86 387.305 386.194 385.314 382.862 382.537 381.426 379.76 378.649 378.419 381.426 382.537 383.648 384.528 385.639 386.75 387.86 389.526 391.423 391.518 393.414 395.865 392.724 395.961 396.286 396.611 397.722 397.492 399.944 399.713 401.38 401.705 402.816 402.586 404.252 404.022 403.792 405.458 405.228 405.553 405.323 406.434 406.759 408.655 408.195 407.41 409.076 410.186 409.956 408.386 409.496 409.822 408.806 408.021 409.687 409.457 409.227 408.767 409.322 409.092 408.862 409.187 407.617 406.831 408.497 406.926 406.696 405.126 405.451 406.006 404.991 405.546 403.19 402.96 401.945 400.374 400.929 400.699 401.024 398.343 396.772 396.542 396.312 394.741 393.17 394.281 392.71 391.14 390.909 387.998 389.109 386.982 385.967 384.396 383.611 382.825 381.255 378.898 378.113
381.255 382.825 382.825 384.396 385.412 387.538 389.109 390.679 389.569 391.14 393.266 392.94 393.17 394.741 396.312 397.883 398.668 400.239 399.128 401.254 402.825 401.945 401.945 402.96 404.531 402.865 404.435 404.665 404.896 406.466 405.356 406.926 406.601 407.386 407.617 408.632 408.862 407.196 408.767 408.767 409.227 409.457 409.687 409.917 409.592 409.822 408.711 408.386 408.616 407.735 407.18 408.75 407.64 408.655 406.759 406.434 405.323 405.783 405.228 405.458 405.132 405.362 403.696 402.586 402.816 401.15 400.594 400.269 399.944 398.277 399.063 398.738 396.286 394.945 396.191 392.399 392.073 392.303 389.852 389.526 389.201 387.305 385.639 385.314 384.203 381.751 380.871 379.76 379.99 379.76 381.426 382.537 384.203 385.314 385.639 387.305 387.86 389.526 390.637 390.962 392.073 393.184 396.191 396.516 396.286 396.056 397.167 398.833 399.158 400.269 400.824 403.831 400.689 403.926 403.696 404.022 405.132 405.458 407.354 406.894 405.323 406.434 407.544 408.655 408.98 407.41 407.735 407.505 409.956 408.386 410.052 408.481 408.806 411.258 407.791 409.457 409.227 408.211 408.767 409.092 408.862 407.847 407.847 410.068 408.497 405.586 406.696 405.681 404.896 404.665 404.435 402.865 403.975 403.515 402.73 401.945 402.825 398.803 400.469 398.898 397.327 397.883 396.312 394.741 393.17 392.94 392.71 391.14 390.909 388.783 389.109 387.538 385.967 384.396 382.27 382.04 381.255 379.684 378.113 379.684 380.469 381.255 384.396 385.182 385.967 387.538 389.109 389.339 390.909 391.14 391.925 392.94 395.066 394.741 396.312 396.542 399.454 397.557 397.232 398.803 400.929 401.945 403.515 403.745 401.294 404.761 404.435 406.006 407.577 406.466 406.696 406.926 406.601 408.172 406.276 408.077 408.862 409.092 408.767 407.656 408.671 408.116 407.005 409.917 409.036 409.266 410.052 408.386 407.275 408.846 407.18 405.513 408.195 406.529 407.544 407.774 406.664 406.894 405.783 405.458 405.132 404.022 403.696 403.926 402.816 401.15 400.824 399.483 400.499 398.833 398.507 397.397 396.286 395.175 394.295 393.739 393.414 390.962 391.423 389.526 387.86 386.75 385.639 383.187 382.862 382.537 381.426 381.101 378.649 381.101 381.426 382.537 382.862 383.187 385.084 386.75 388.646 389.526 389.852 391.748 393.414 393.184 394.85 395.961 396.286 396.841 399.063 397.492 399.944 401.054 400.594 401.15 402.816 402.586 404.252 404.022 403.792 403.562 405.783 406.894 408.004 406.434 407.544 408.655 408.98 407.41 407.735 408.846 409.956 408.386 408.711 408.481 410.147 408.576 407.791 408.116 408.671 408.997 408.767 409.092 409.417 407.291 407.617 407.386 405.816 406.926 405.356 406.466 406.236 406.006 404.435 404.761 404.531 402.96 401.389 401.714 400.929 398.803 400.469 397.557 399.454 396.542 396.312 395.297 393.17 393.496 393.266 391.695 392.25 390.679 389.109 387.538 385.412 384.396 382.825 382.04 380.469 379.684 378.113
381.255 382.825 383.611 384.396 385.967 387.538 386.427 389.339 389.569 391.14 392.71 394.836 396.407 395.297 395.527 397.883 398.113 399.454 400.469 398.803 400.929 400.374 403.515 402.405 401.294 404.761 404.991 404.665 405.451 406.466 406.696 405.356 408.497 406.831 407.617 408.632 407.521 409.092 408.537 408.997 409.227 408.116 409.687 409.362 409.036 410.607 408.156 408.386 409.956 408.846 409.076 409.306 408.98 408.655 407.544 407.774 407.449 406.338 405.228 405.458 403.792 403.466 403.696 403.926 404.156 400.364 400.594 400.269 399.158 398.833 399.063 396.056 396.516 394.62 394.295 395.865 392.073 391.748 389.852 389.526 387.63 386.75 386.424 383.187 383.648 382.537 381.426 380.315 379.99 380.315 381.426 382.537 382.862 384.528 385.639 387.305 388.646 389.526 390.637 390.962 392.073 393.739 394.065 394.62 396.286 398.738 397.167 397.492 399.944 401.61 401.38 400.364 402.26 401.245 402.911 403.236 405.132 404.902 406.568 405.553 407.449 406.434 408.1 407.084 406.854 408.75 408.52 408.846 409.171 410.282 410.052 409.036 409.036 408.021 407.791 408.116 409.227 408.767 407.196 409.092 409.417 408.632 407.847 410.068 407.942 406.926 405.356 405.681 407.577 406.006 404.991 404.205 403.19 403.745 403.515 401.945 400.374 398.803 398.573 398.898 398.113 397.883 395.527 397.193 395.066 392.94 392.71 392.48 389.569 390.679 389.109 387.538 385.412 384.626 383.611 382.825 380.469 379.684 378.113 378.898 380.469 381.255 383.055 385.182 385.412 386.982 387.213 387.998 389.569 391.14 391.37 391.6 393.17 394.741 395.527 397.097 397.327 398.343 399.128 400.699 400.374 401.945 402.175 402.405 402.635 404.761 404.435 406.006 406.236 406.466 406.696 406.926 405.816 407.386 407.617 409.187 408.862 409.092 408.767 407.656 409.227 408.116 409.687 409.917 408.806 410.607 408.711 408.386 409.956 407.505 407.735 407.41 407.64 408.655 406.759 406.989 406.108 406.108 406.568 405.458 403.562 403.466 404.252 402.586 404.156 403.046 401.935 398.928 399.388 397.492 397.722 396.056 396.516 394.62 394.295 393.184 392.073 392.303 391.193 388.971 387.86 386.75 385.639 385.314 383.648 382.537 381.426 378.419 378.649 378.975 380.315 382.537 386.329 385.869 385.639 387.305 389.201 388.971 389.852 390.962 393.414 392.399 394.85 394.62 396.286 396.841 397.722 399.388 399.713 401.61 400.039 401.705 402.26 403.141 402.911 404.022 403.792 405.458 405.228 406.894 407.449 407.774 407.544 408.655 407.64 406.624 408.52 408.06 409.956 410.282 410.052 409.266 408.251 410.702 409.131 408.116 409.227 410.338 408.767 407.196 408.862 407.847 407.847 406.831 407.942 406.926 405.356 406.466 404.896 404.665 404.991 404.205 403.975 402.405 402.175 401.714 400.929 400.699 399.914 398.343 398.113 397.097 396.312 394.741 393.17 392.94 392.71 391.14 389.569 387.998 389.109 386.982 385.412 384.396 383.055 382.825 381.255 378.898 378.113
381.255 381.485 382.27 383.841 385.412 387.538 387.213 387.998 389.569 391.14 391.925 394.281 395.066 394.741 396.312 396.542 397.883 398.343 400.469 398.803 400.929 401.159 401.945 402.96 404.531 404.761 404.435 404.435 404.896 405.126 406.696 407.712 408.497 407.386 407.617 408.632 408.862 407.196 409.322 410.338 408.441 409.457 409.131 408.576 408.806 408.481 409.496 410.282 407.83 408.29 409.076 408.75 407.64 408.655 407.544 406.434 408.004 406.338 405.228 405.458 405.132 402.681 404.252 402.586 402.816 401.15 401.935 399.483 399.944 398.833 399.063 398.738 396.286 395.961 394.85 393.739 392.073 390.962 389.852 389.526 387.86 387.305 385.639 385.314 382.862 381.751 381.426 379.76 379.99 380.315 381.426 381.751 383.648 384.528 385.639 387.305 387.63 389.526 391.423 392.303 392.073 393.739 394.295 395.961 396.286 396.056 399.063 398.833 399.944 401.054 401.38 401.705 400.689 402.586 402.911 404.022 405.132 405.458 405.783 406.894 406.108 407.774 407.544 406.529 408.195 407.965 407.735 408.846 409.956 408.941 410.052 410.607 408.806 408.576 409.131 409.457 409.227 407.656 408.767 407.196 408.862 408.632 407.617 408.727 405.816 406.371 406.696 406.466 404.896 406.006 404.435 404.761 404.531 402.405 402.175 401.945 402.27 398.803 397.232 398.343 397.327 397.883 396.867 394.741 393.17 393.496 391.925 391.14 389.569 387.998 389.109 386.982 385.967 383.841 383.611 382.825 381.255 378.898 378.113 379.684 380.469 381.485 384.396 385.182 385.967 386.982 387.213 390.679 390.909 391.14 393.266 394.281 396.407 394.741 396.312 396.312 396.772 398.343 398.573 398.803 400.929 401.159 403.515 402.96 403.19 404.205 404.435 404.665 404.896 406.466 405.356 407.712 405.816 407.386 407.617 407.847 408.862 407.751 408.767 410.338 409.227 409.457 409.131 409.362 409.592 409.036 408.711 408.386 409.956 408.06 409.076 408.75 408.195 408.655 406.759 407.774 408.004 406.338 406.568 404.902 403.562 404.022 403.696 403.141 402.816 402.49 401.935 399.483 399.388 399.388 398.507 397.397 396.516 395.175 392.724 392.399 392.073 391.748 389.852 389.526 387.86 386.75 385.639 385.314 386.329 380.966 381.426 380.315 379.99 378.975 381.426 382.537 384.203 384.758 386.424 388.09 387.86 388.971 389.296 390.962 393.414 392.399 394.85 394.62 396.286 398.738 397.167 398.833 399.158 400.269 400.039 401.15 402.26 402.586 402.911 405.362 405.132 404.902 405.228 406.894 407.449 407.774 407.544 407.314 407.64 407.41 409.076 411.527 409.956 406.815 408.711 408.481 408.806 408.021 407.561 409.457 407.886 408.997 408.767 409.647 408.862 408.632 407.061 407.386 405.816 407.712 406.696 405.126 404.896 404.665 404.435 405.546 403.975 403.515 402.73 401.714 400.929 398.803 398.573 398.343 396.772 397.883 396.312 394.741 393.17 391.6 392.71 391.14 390.124 387.998 386.427 387.538 385.967 384.396 382.825 382.825 380.469 378.898 378.113
380.469 382.825 382.825 384.396 385.967 385.642 389.109 387.998 389.569 391.14 392.71 391.6 395.066 395.297 396.312 397.097 396.772 399.454 400.469 399.358 400.374 401.159 401.389 404.301 403.975 402.865 404.435 404.665 405.451 406.466 406.696 406.926 408.497 407.386 408.957 407.291 406.966 410.988 408.767 410.338 409.227 408.116 408.346 409.362 410.147 409.822 410.052 408.941 409.956 408.846 408.52 408.75 408.98 406.529 407.544 406.434 408.004 405.553 405.228 405.458 405.132 404.022 403.696 401.245 402.26 403.831 400.039 401.61 399.158 398.277 399.063 398.738 396.286 396.516 394.85 394.525 392.073 392.303 391.193 389.526 387.86 387.535 386.98 386.654 383.648 382.537 381.426 380.315 378.649 379.76 381.426 381.751 384.203 384.528 385.639 386.75 388.646 389.526 389.852 392.303 392.073 393.739 394.295 395.961 396.286 396.841 397.167 399.388 399.944 399.713 401.38 401.705 404.156 403.926 403.696 405.362 403.562 405.458 406.013 405.783 408.004 406.434 407.544 407.084 407.64 408.75 409.076 408.846 409.956 408.941 410.052 408.481 409.592 408.576 407.791 408.116 408.441 408.997 408.767 409.092 409.417 408.632 407.617 408.727 408.497 405.586 405.356 405.126 405.451 406.006 404.991 402.865 404.531 403.745 402.73 400.374 400.374 400.699 397.232 398.343 398.668 397.653 396.867 395.297 394.511 392.94 392.71 391.14 389.569 387.998 386.427 386.982 385.967 384.396 383.055 382.04 381.255 379.684 378.113 378.898 381.255 381.255 382.27 383.841 385.967 387.538 387.213 387.443 390.909 391.14 392.71 394.836 393.17 395.297 396.082 397.097 398.668 399.454 399.128 398.803 400.929 401.159 401.389 402.96 403.19 404.761 404.435 406.006 406.236 405.681 406.926 406.926 408.497 410.068 408.402 407.847 407.521 409.092 409.322 408.211 409.227 409.457 409.687 410.702 409.036 408.481 408.711 408.386 407.275 407.735 407.735 408.75 407.64 407.314 406.759 406.434 406.664 406.894 403.887 403.562 405.132 404.022 402.356 402.586 402.26 403.831 401.38 400.269 399.944 398.833 399.063 397.397 396.286 396.516 394.295 393.184 392.073 390.962 389.852 389.526 388.646 387.305 386.98 384.528 382.862 382.537 381.426 378.975 378.649 379.76 381.426 382.537 382.862 384.758 386.98 385.409 389.201 389.526 391.193 392.303 392.629 394.525 394.065 394.62 396.286 397.397 398.507 398.833 399.388 399.713 400.039 401.15 402.816 404.482 403.696 403.236 405.132 405.458 405.228 406.338 408.004 406.434 407.544 408.655 408.195 407.965 409.076 407.505 407.83 410.282 406.815 409.822 409.592 410.702 409.687 408.116 409.227 410.338 408.767 409.092 408.862 407.847 407.617 407.386 405.816 406.926 405.356 405.681 404.896 404.665 404.435 404.205 403.975 402.96 402.73 401.159 402.27 398.803 399.128 397.557 398.113 396.542 396.082 394.741 394.511 392.94 393.266 391.14 389.569 387.998 387.768 387.538 386.752 384.396 382.27 382.04 380.469 378.898 378.113
381.255 382.04 384.396 384.626 385.412 387.538 389.109 389.339 390.909 392.48 392.71 391.6 394.511 394.741 396.312 397.097 398.113 398.343 399.128 398.803 400.374 401.945 402.175 402.405 403.19 404.205 404.991 406.006 405.451 406.466 406.696 407.712 406.601 407.386 407.061 408.077 407.521 407.751 409.322 408.211 408.441 409.457 408.116 408.021 408.806 409.822 409.496 406.815 407.275 407.505 407.18 407.41 407.084 406.529 407.544 406.434 405.323 406.338 405.228 405.458 405.132 404.022 404.252 403.141 402.816 401.15 400.824 401.054 399.944 398.277 397.722 396.841 396.286 395.175 394.85 393.739 392.073 390.962 391.423 389.526 387.86 386.98 385.084 385.869 384.203 382.537 380.085 378.975 378.649 378.975 380.085 382.537 384.203 383.187 385.639 386.98 387.86 389.526 389.296 391.748 392.073 395.865 396.191 394.62 396.516 397.167 398.507 400.959 399.158 401.61 400.039 401.15 402.03 402.586 404.252 405.362 403.562 405.458 405.783 406.894 406.108 407.774 406.759 407.87 407.64 407.41 407.735 408.846 407.275 408.386 410.052 408.481 409.036 411.258 408.346 408.116 409.227 408.997 408.537 408.307 407.521 409.417 407.617 406.831 407.942 407.712 405.356 405.126 407.577 403.88 404.435 404.761 401.294 402.96 401.389 401.945 401.484 399.358 397.232 398.343 397.327 397.883 396.312 394.741 395.066 392.94 391.37 391.14 390.909 387.443 389.109 385.642 385.412 383.841 382.825 381.485 381.255 379.684 378.113 379.684 381.255 381.255 383.055 384.396 385.967 387.538 385.872 387.998 389.569 391.14 393.266 394.281 395.066 394.741 395.527 397.097 398.668 398.898 400.469 402.595 400.374 401.945 402.73 402.405 404.531 404.761 404.435 404.665 405.451 406.466 405.356 406.926 408.497 407.386 407.617 408.077 408.862 410.433 408.767 408.997 409.227 409.687 409.687 408.576 408.806 408.481 408.711 410.282 407.83 408.846 408.52 406.069 408.195 407.87 406.759 407.774 408.004 406.894 405.228 405.458 405.132 404.022 403.696 402.586 400.689 403.046 400.039 401.61 399.158 400.174 396.381 396.611 396.286 394.62 394.295 395.865 392.073 390.962 389.296 389.526 387.63 386.75 386.424 384.528 382.862 381.751 381.426 381.101 378.649 379.76 380.871 382.537 382.862 384.758 385.639 387.305 387.86 389.526 389.852 391.748 393.414 393.739 394.065 395.961 396.286 396.841 398.507 397.492 399.388 401.054 401.38 400.364 402.26 402.586 402.911 402.681 405.132 403.562 405.228 406.894 406.664 406.989 407.544 407.084 407.64 407.41 408.52 408.846 407.275 408.386 408.711 409.036 408.806 409.917 407.005 409.457 408.441 410.338 408.537 409.092 407.521 407.847 407.617 407.386 406.601 406.926 406.696 405.681 406.236 404.665 404.435 404.761 401.294 402.405 402.73 401.159 400.929 398.803 400.469 398.898 397.327 397.097 396.312 396.637 393.17 393.496 391.37 391.14 389.569 390.679 385.872 387.538 385.412 385.182 383.611 381.255 380.469 379.684 378.113
380.469 382.825 384.396 383.286 385.967 386.982 389.109 389.339 389.569 391.14 391.925 394.281 394.511 394.741 396.312 397.097 398.113 398.898 399.128 400.699 400.374 401.159 401.389 402.405 402.635 404.205 404.435 406.006 404.896 405.126 406.696 406.926 405.816 406.831 407.617 408.632 407.521 409.092 408.767 408.997 408.441 408.116 409.131 407.465 409.036 409.266 408.711 408.386 408.06 408.29 409.076 407.965 407.64 407.084 408.885 406.989 407.449 406.338 405.783 405.458 405.918 406.703 402.911 404.482 402.26 401.705 401.38 400.269 399.944 398.833 396.381 396.841 396.516 395.175 394.295 392.399 392.073 392.303 391.423 389.526 389.201 387.535 386.424 384.758 384.203 382.537 381.426 379.76 378.649 380.315 381.426 382.537 383.648 384.528 385.639 387.535 387.63 389.526 389.852 390.962 392.073 395.865 394.85 394.945 396.286 398.738 398.507 398.833 399.158 401.054 400.824 400.364 402.26 402.586 402.911 404.022 405.132 404.902 406.013 405.783 406.108 406.989 407.544 406.529 408.98 408.75 407.735 408.846 407.275 410.282 409.496 408.481 408.806 408.576 409.131 408.116 408.671 407.656 409.322 407.196 407.521 407.291 407.617 406.831 404.705 406.371 405.356 406.466 404.896 406.006 404.991 404.761 403.19 402.96 402.175 401.945 404.166 398.803 399.914 399.454 398.113 396.312 396.312 398.533 393.17 394.281 392.71 391.14 390.909 389.339 387.768 386.982 385.412 384.626 382.27 382.825 381.255 379.684 378.113 379.684 381.255 381.255 382.825 385.182 385.967 387.538 387.213 390.679 392.25 391.14 391.37 394.836 393.17 395.297 396.312 397.883 397.327 398.898 399.914 398.803 400.374 401.159 401.945 402.96 401.294 404.761 404.435 406.006 404.896 405.911 406.696 406.371 408.497 410.068 408.957 408.077 408.862 407.196 408.767 407.656 409.227 408.116 409.687 408.576 408.806 409.036 410.052 410.282 408.06 408.29 409.306 407.965 407.084 408.655 406.759 407.774 406.664 406.894 405.228 403.562 405.132 403.236 404.252 402.586 402.26 403.831 400.039 399.713 399.158 400.174 399.063 398.738 396.841 395.175 394.85 395.865 392.073 391.748 391.423 389.526 387.63 386.75 386.424 383.187 384.203 382.537 380.871 381.101 378.094 378.419 381.426 382.537 382.862 384.528 385.639 386.75 387.86 389.526 391.423 390.962 393.969 394.295 394.85 395.961 396.286 397.397 395.596 398.833 399.158 401.054 400.039 401.15 402.26 403.141 404.252 403.236 405.132 403.562 405.228 405.553 406.108 406.434 407.544 407.314 408.195 407.41 407.735 408.846 408.386 408.386 408.711 409.036 409.036 408.021 409.131 409.457 408.441 408.767 409.322 407.196 408.862 408.077 408.402 406.831 408.497 405.586 406.696 406.466 404.896 406.006 404.435 404.761 403.19 402.96 401.945 401.159 400.374 400.699 399.914 398.343 397.327 397.097 395.527 394.741 395.066 394.281 391.37 392.48 389.569 389.339 389.109 387.538 385.967 383.841 382.825 382.825 381.255 379.684 378.113
381.255 381.485 383.611 384.396 385.967 386.982 387.213 390.679 389.569 391.14 392.71 393.496 395.066 394.741 396.312 397.883 398.113 397.557 399.914 402.04 400.929 401.159 401.945 402.96 403.975 404.205 404.435 405.221 406.236 405.126 405.356 406.926 408.497 407.386 407.847 408.632 407.521 409.092 408.767 408.767 408.441 409.457 409.131 408.576 408.806 408.481 409.496 408.386 408.386 408.846 407.735 408.75 408.98 407.084 407.544 407.774 406.664 406.338 405.228 405.458 403.562 405.362 402.911 402.586 403.371 402.26 400.039 399.713 399.944 398.833 398.507 398.738 396.286 396.516 396.191 393.739 392.073 392.303 391.193 389.526 387.63 388.09 385.084 385.314 382.862 382.537 378.745 380.315 378.649 380.315 381.426 382.537 384.203 385.314 385.639 387.305 389.201 388.971 391.423 392.303 392.073 393.184 394.85 395.175 396.516 396.056 398.507 398.833 399.158 401.054 401.61 400.364 402.26 403.141 402.911 404.022 405.132 405.458 405.228 405.553 406.664 407.774 407.544 408.655 407.084 407.41 408.52 407.505 408.06 410.282 410.052 408.481 410.147 409.362 409.687 409.457 408.441 407.656 409.322 409.092 408.862 407.291 407.617 410.068 405.816 406.926 406.926 406.466 405.451 406.006 404.205 402.865 404.531 403.745 403.515 401.945 400.374 400.699 400.469 398.343 396.772 397.097 396.312 394.741 393.17 392.94 392.71 391.14 389.569 389.339 387.213 387.538 385.412 385.182 382.825 382.825 379.684 379.684 378.113 379.684 381.255 382.04 382.825 384.626 385.967 387.538 387.768 390.679 390.909 391.695 392.71 395.392 395.066 395.297 395.527 397.097 397.883 398.343 399.128 400.699 400.374 401.945 402.175 402.405 402.635 404.761 404.435 404.665 404.896 406.466 406.696 406.926 407.156 410.068 407.847 409.187 407.521 409.092 409.877 410.338 409.227 408.116 407.561 408.021 410.147 408.481 410.052 408.386 409.956 408.29 409.076 407.965 408.195 408.655 407.544 407.774 408.004 405.553 405.228 403.562 405.132 404.022 402.911 402.586 404.156 401.15 401.38 400.269 400.499 397.492 399.063 396.841 394.945 395.961 394.85 393.184 393.414 390.962 389.852 389.526 387.63 386.75 385.639 385.314 384.203 382.537 381.426 378.975 378.649 379.76 381.426 382.537 383.648 385.314 386.98 386.75 387.63 389.526 390.637 390.962 392.073 393.739 394.295 395.175 396.286 398.738 397.167 400.174 399.944 400.039 400.824 401.15 402.816 402.586 403.696 403.236 405.132 403.562 405.228 406.338 407.449 406.434 406.759 407.87 408.98 408.75 407.735 408.846 407.83 408.386 410.052 409.266 408.806 408.576 408.346 409.457 409.227 408.767 408.767 409.092 409.417 407.847 407.617 410.068 406.601 407.712 406.696 406.466 406.236 404.665 404.435 402.865 403.19 402.96 403.515 401.159 400.929 400.699 401.024 399.454 397.327 396.542 397.423 394.741 395.066 394.281 392.71 391.14 389.569 389.339 389.109 387.538 385.412 385.182 382.825 381.255 381.255 378.898 378.113
380.469 382.04 383.055 383.841 385.412 387.538 387.768 390.679 390.909 391.14 391.37 393.496 393.17 395.297 396.312 396.542 399.454 398.343 399.128 400.699 400.374 401.945 401.389 402.96 403.975 402.865 404.435 404.665 406.236 406.466 406.696 406.926 408.497 406.831 408.402 407.847 407.521 407.196 408.767 410.338 409.227 409.457 409.687 409.362 409.036 408.481 408.711 408.386 409.956 408.29 407.735 406.624 408.195 408.655 406.759 406.434 406.664 405.783 405.228 404.902 405.132 402.681 404.252 403.926 402.03 403.046 400.039 400.269 399.158 398.833 398.507 397.397 396.841 395.961 394.85 392.399 392.073 390.962 389.852 389.526 387.86 386.75 385.084 383.187 382.862 381.751 381.426 378.975 378.649 379.76 381.426 382.537 382.862 383.187 385.639 386.75 387.63 389.526 389.852 391.518 392.073 392.399 392.724 394.62 396.841 398.738 397.167 398.833 399.158 401.61 401.935 401.705 402.26 404.482 404.252 406.703 405.132 405.458 405.783 405.783 406.664 405.648 406.759 406.529 408.195 407.41 409.076 408.29 407.83 408.386 408.156 409.036 408.806 410.702 409.687 408.116 409.227 408.997 408.767 409.092 409.417 407.847 407.617 410.068 408.497 405.586 406.696 406.466 404.896 404.665 404.435 404.761 403.975 402.96 401.389 401.159 400.929 398.803 398.573 398.343 397.327 397.097 396.312 394.741 394.511 394.836 392.71 391.695 390.124 387.998 387.768 387.538 385.967 385.182 383.611 382.04 379.684 379.684 378.113 379.684 381.255 381.255 383.611 383.841 386.752 385.642 387.213 390.679 390.909 391.14 392.71 394.836 395.066 394.741 395.527 396.312 398.113 397.002 401.024 398.803 402.27 400.604 401.945 402.405 403.975 404.761 404.435 404.665 406.236 405.681 406.696 406.926 405.816 407.386 408.957 407.847 407.521 409.092 408.537 407.656 409.227 410.012 407.791 409.362 410.147 409.822 408.711 406.815 407.83 408.06 409.076 407.41 407.084 406.529 407.544 406.434 405.323 406.894 406.568 405.458 405.918 404.022 402.911 402.586 402.26 401.15 400.039 399.483 399.158 398.833 397.167 398.738 396.516 394.62 394.85 393.739 392.629 392.303 389.852 389.526 387.63 387.305 385.084 385.314 386.329 382.537 381.426 379.76 378.649 380.315 381.426 382.537 382.862 384.758 386.424 387.305 389.201 389.526 390.637 391.748 392.073 393.739 392.724 396.516 396.286 398.738 399.063 400.174 399.944 401.61 401.935 400.364 402.26 403.926 403.696 404.022 405.132 405.458 405.783 406.894 406.664 406.434 406.759 407.87 407.64 407.41 409.076 408.846 408.616 410.282 408.156 408.481 408.806 409.917 407.005 408.116 408.441 408.997 408.537 409.092 407.521 407.847 407.617 407.386 405.816 406.926 405.356 406.466 406.236 404.665 404.991 402.865 402.635 402.405 402.73 401.945 400.374 400.699 400.469 398.898 398.113 397.097 396.312 396.637 393.17 391.6 392.71 391.14 390.354 388.783 389.109 387.538 385.967 385.182 384.396 382.04 381.255 379.684 378.113
381.255 382.04 383.611 385.182 384.856 385.642 389.109 389.339 389.569 392.48 392.71 391.6 393.17 394.741 395.527 397.097 398.113 399.454 400.469 398.803 400.929 401.945 402.175 402.96 402.635 404.761 404.991 406.006 404.896 405.126 406.696 406.926 405.816 406.831 407.847 407.847 408.862 409.092 409.322 408.211 409.227 410.012 409.131 409.362 410.147 408.481 408.711 410.282 409.171 408.846 409.076 408.75 408.195 408.655 408.1 407.774 407.449 406.338 405.228 403.562 405.132 404.022 402.911 403.926 400.689 401.705 401.38 400.269 399.944 397.492 398.507 396.841 394.945 395.175 396.191 393.739 392.073 390.962 389.852 389.526 387.63 386.75 385.084 384.528 382.862 382.537 381.426 378.419 378.649 378.975 380.871 382.537 382.862 384.758 386.424 387.535 387.86 387.63 391.423 393.644 392.629 395.865 394.065 396.516 396.286 396.056 397.167 398.833 399.158 400.269 401.935 401.705 400.689 403.926 404.252 403.466 405.918 406.243 405.228 405.783 405.323 407.774 406.759 407.87 408.98 407.965 409.076 408.29 407.275 408.386 410.052 408.481 408.806 411.258 409.687 410.012 409.227 410.338 409.322 407.751 407.521 409.187 408.402 407.386 405.816 406.926 406.696 403.785 406.236 404.665 404.435 404.761 404.531 402.405 401.945 401.945 402.27 398.803 400.469 398.898 397.883 397.097 395.527 395.297 393.17 393.496 393.266 391.14 389.569 389.339 385.872 387.538 385.967 384.396 383.611 382.04 381.255 379.684 378.113 379.684 381.255 380.699 384.396 385.182 384.856 386.982 389.109 389.339 389.569 391.14 392.71 391.6 395.066 395.297 395.527 396.542 396.772 397.002 397.232 398.803 400.374 401.714 402.175 402.405 402.635 404.761 404.435 406.006 404.896 406.466 406.696 406.926 406.601 406.831 407.617 407.847 408.862 409.092 408.767 407.656 408.441 409.457 409.687 409.917 408.806 409.036 408.711 408.386 407.275 408.06 407.735 407.41 408.195 407.084 407.544 406.434 405.323 406.894 405.228 405.458 405.132 404.022 402.911 403.926 402.26 401.15 400.594 399.713 400.499 397.492 396.381 397.397 396.516 395.961 394.85 395.865 393.414 392.303 391.423 388.971 389.201 386.75 385.084 385.314 382.862 382.537 381.426 378.975 379.99 379.76 381.426 382.537 384.203 384.758 386.424 386.75 387.86 389.526 391.193 392.303 393.414 393.739 394.85 394.62 396.516 397.397 397.167 399.618 399.158 399.713 401.38 401.15 400.689 402.586 402.911 405.362 403.562 405.458 405.228 405.783 406.664 406.434 407.544 408.655 408.98 407.41 407.735 408.846 409.956 408.941 408.156 409.822 410.147 408.021 408.346 409.457 408.671 408.767 408.767 407.196 407.521 407.847 407.847 410.068 405.816 406.926 406.926 405.911 404.896 406.006 404.435 404.761 401.294 403.515 401.389 401.159 400.374 399.358 397.232 398.898 397.327 396.312 395.527 394.741 395.066 392.94 391.925 391.14 390.909 389.339 386.427 385.642 385.412 385.182 384.396 382.825 381.255 379.684 378.113
381.255 382.825 381.715 385.182 385.967 387.538 389.109 389.339 390.909 391.14 391.37 391.6 395.066 394.741 395.527 396.542 397.883 398.898 399.128 400.699 400.374 401.159 403.515 403.515 403.975 404.761 404.991 404.665 406.236 405.911 405.356 405.586 405.816 407.386 407.617 407.291 408.862 409.092 408.767 408.997 408.441 408.116 407.561 408.021 409.592 409.822 408.711 408.386 407.275 408.06 408.52 407.41 406.854 407.084 407.544 406.434 406.664 405.553 406.013 405.458 403.562 404.022 404.482 403.141 402.03 400.364 401.38 399.713 399.158 399.388 397.722 397.397 396.286 395.961 396.191 393.184 392.073 392.303 389.852 389.526 387.86 386.75 385.084 385.314 382.862 382.537 380.871 379.76 378.649 381.886 380.871 381.751 384.203 383.187 385.084 386.75 389.201 388.186 391.193 390.962 392.073 392.399 394.85 395.175 396.841 396.056 399.063 398.833 399.158 399.713 401.38 403.831 402.26 403.141 402.911 404.022 405.132 404.902 405.783 406.894 408.004 406.434 407.544 407.87 407.084 407.41 408.52 408.29 409.956 408.386 408.711 409.036 410.147 409.362 409.687 409.457 409.227 408.997 408.767 407.751 408.862 407.291 408.957 408.172 408.497 406.926 406.696 406.466 404.896 406.006 404.435 404.761 402.635 402.405 402.175 401.945 401.484 402.04 398.573 398.343 398.668 397.883 395.527 395.297 393.17 392.94 392.71 391.14 390.909 389.339 389.109 387.538 385.967 383.841 383.055 381.485 380.469 378.898 378.113 378.898 381.255 381.255 384.396 384.396 385.967 387.538 389.109 388.783 389.569 391.695 391.37 394.281 393.17 394.741 396.312 397.883 398.668 398.898 399.128 398.803 400.929 401.945 401.389 402.96 401.294 404.761 404.435 404.665 406.236 406.466 406.696 406.926 408.497 407.386 407.617 408.632 408.862 409.092 407.981 410.338 409.227 408.116 409.131 409.362 408.806 409.036 408.156 408.386 409.956 408.846 408.52 408.75 408.195 406.529 407.544 408.33 405.323 405.783 405.228 405.458 405.918 404.022 402.911 403.141 402.26 401.15 400.594 401.61 400.499 400.174 399.063 396.056 396.286 395.175 394.065 393.184 392.073 392.303 389.852 389.526 387.86 387.305 386.424 386.654 384.203 382.537 381.426 378.419 376.523 378.975 381.426 382.537 384.203 383.187 386.98 387.535 387.63 389.526 389.852 391.748 392.629 393.184 394.85 395.961 394.945 397.397 399.063 398.833 399.158 400.269 400.039 401.705 402.26 401.8 402.911 404.022 403.792 403.562 405.228 405.783 408.004 406.434 407.544 408.655 407.64 406.624 409.076 408.06 409.956 408.941 408.711 408.481 409.036 409.917 409.687 410.012 409.227 410.338 407.196 407.196 408.862 407.291 408.402 407.386 406.601 406.926 406.696 405.681 404.896 404.435 405.546 402.865 403.975 402.405 402.73 401.945 400.374 400.699 399.128 398.898 398.113 397.097 396.867 394.741 393.17 394.281 391.925 392.48 392.25 387.998 389.109 386.982 385.967 384.396 383.611 382.825 380.469 379.684 378.113
381.255 381.255 382.27 384.396 385.967 383.746 389.109 389.339 390.909 391.14 390.029 393.496 395.066 394.741 396.082 396.542 397.883 398.898 399.128 400.699 400.929 401.714 403.515 403.745 404.531 404.761 404.435 404.665 404.896 406.466 406.696 406.926 408.497 410.068 407.617 408.632 408.862 407.196 408.767 408.997 409.227 408.116 407.791 408.021 409.036 408.481 409.496 408.941 408.06 408.29 409.076 407.41 408.195 407.084 407.544 405.648 407.449 406.894 405.228 405.458 405.132 403.236 402.911 403.926 400.689 403.831 400.039 401.61 399.944 398.277 397.722 396.056 396.841 395.961 394.295 393.184 393.969 390.962 389.852 389.526 387.63 387.305 386.98 384.528 384.203 381.751 381.426 378.975 378.649 378.419 380.871 381.751 382.862 385.869 385.084 387.305 387.86 389.526 391.423 391.748 392.073 393.184 394.295 396.516 396.286 396.056 397.167 397.492 399.158 399.713 401.38 402.49 402.03 401.8 402.911 404.022 403.562 405.458 405.228 406.338 405.878 406.434 407.544 407.87 407.084 406.624 409.076 408.846 407.83 408.386 408.711 408.481 408.806 408.576 409.131 409.457 409.227 408.997 408.767 409.647 407.521 407.847 407.847 408.727 408.497 406.926 406.696 406.466 406.236 403.88 404.435 404.205 402.635 403.515 402.73 401.714 400.929 398.803 399.128 398.898 398.113 397.883 396.312 394.741 393.17 391.6 391.925 391.14 390.354 389.339 389.109 387.538 385.967 383.841 384.396 381.485 380.469 379.684 378.113 379.684 380.469 381.255 384.396 383.841 385.967 386.982 389.109 389.339 390.909 391.14 393.266 393.496 393.17 395.297 396.312 396.542 398.113 398.898 400.469 400.699 402.27 401.945 402.175 402.96 403.19 402.865 404.435 404.665 406.236 405.681 406.696 406.371 408.497 406.831 408.402 408.077 407.521 407.196 409.322 408.211 409.227 408.116 409.687 408.021 408.806 409.036 410.052 410.282 409.956 407.505 407.735 409.306 407.084 407.87 406.759 406.434 408.004 406.894 406.568 406.243 405.132 403.466 404.252 402.586 402.816 401.15 401.935 401.054 399.944 398.833 397.167 396.056 396.286 394.62 394.295 393.739 393.414 390.962 390.637 389.526 388.646 387.535 386.424 384.528 384.203 382.537 381.426 379.76 378.649 380.315 381.426 382.537 384.203 385.314 386.424 387.535 388.646 388.971 391.193 390.962 392.629 393.184 392.724 396.516 396.286 396.841 398.507 398.833 399.944 400.039 401.38 400.364 402.26 403.141 404.252 404.022 405.132 405.458 405.783 406.338 405.323 406.434 406.759 407.87 407.64 409.306 409.076 408.846 409.956 408.386 410.052 409.822 408.806 411.258 409.131 408.116 408.441 408.997 408.767 409.647 408.862 408.077 407.061 406.831 408.497 406.926 405.356 405.126 404.896 406.006 404.435 404.761 403.19 402.96 401.945 401.945 400.374 400.699 399.128 400.239 397.327 396.542 396.312 395.297 393.17 392.94 392.71 391.14 392.25 388.783 387.768 386.982 384.856 384.396 383.611 382.825 380.469 379.684 378.113
381.255 380.699 382.825 384.396 386.752 386.982 389.109 387.998 389.569 392.25 392.71 394.836 393.17 394.741 396.312 396.542 397.327 398.343 400.469 398.803 400.929 401.159 401.945 405.086 403.975 404.761 404.435 404.665 406.236 405.681 406.696 406.926 408.497 406.831 408.957 408.077 408.862 407.751 408.767 408.211 409.227 408.116 408.346 411.258 410.147 408.481 408.711 408.941 409.956 408.846 408.52 407.41 407.084 407.87 406.759 407.774 405.323 406.338 406.013 404.902 405.132 404.022 404.252 403.926 402.816 403.831 400.039 399.713 399.158 397.492 397.167 397.397 396.286 395.961 394.85 395.865 392.073 390.962 389.852 389.526 387.63 386.75 386.424 385.314 382.862 382.537 381.426 379.76 378.649 378.419 381.426 382.537 386.329 386.654 385.639 388.09 387.86 389.526 390.637 391.748 392.073 392.399 394.295 394.62 396.286 398.738 399.063 399.388 399.388 401.054 400.824 400.364 402.816 402.586 402.911 403.236 403.562 403.562 407.354 406.894 406.664 406.434 406.759 406.529 407.084 408.75 408.52 408.06 409.956 408.386 410.052 408.481 409.036 411.258 409.687 409.457 409.227 408.211 407.196 407.751 408.862 407.291 407.617 408.727 405.816 406.926 406.696 406.466 406.236 406.006 404.435 402.865 402.635 402.405 402.73 401.159 400.374 398.803 399.128 399.454 396.772 396.312 396.312 395.297 395.066 391.6 393.266 391.695 389.569 387.998 387.768 387.538 385.967 384.396 382.825 382.04 381.255 379.684 378.113 379.684 380.469 382.04 383.055 383.841 386.752 387.538 389.109 388.783 389.569 391.14 392.71 392.94 393.17 394.741 396.312 396.312 396.772 398.343 400.469 398.803 400.374 401.945 401.389 402.96 403.975 405.546 404.435 403.88 406.236 406.466 405.356 406.926 405.816 407.386 407.617 408.077 408.862 409.647 408.767 408.997 409.227 408.116 409.131 411.258 409.036 408.481 409.496 410.282 409.956 408.29 408.52 408.75 408.195 406.529 408.1 407.774 407.449 406.894 405.228 405.458 403.562 404.022 402.911 403.926 404.156 400.364 401.38 400.269 399.944 398.833 399.063 396.056 396.516 394.62 394.85 395.865 392.073 391.748 389.852 389.526 387.86 386.75 385.639 385.869 386.329 383.878 381.426 379.76 378.649 378.975 380.641 382.537 383.648 383.187 385.084 386.75 387.63 388.971 389.852 391.748 392.073 393.184 392.724 394.62 396.841 396.841 398.507 398.833 399.158 401.054 400.594 401.705 402.816 403.926 404.252 403.236 403.792 405.458 406.013 405.783 408.004 407.774 407.544 407.87 407.64 408.75 409.076 411.527 407.83 410.282 410.052 408.481 408.806 409.362 409.131 410.012 409.227 408.211 408.537 409.092 408.862 408.632 407.847 407.386 408.497 406.926 406.696 406.466 404.896 406.006 404.435 404.761 403.19 402.96 402.73 401.945 400.374 400.699 400.469 398.343 396.772 396.542 396.312 395.297 393.17 394.281 392.71 391.14 392.25 387.998 387.213 386.982 385.967 385.182 384.396 382.825 381.255 379.684 378.113
380.469 382.825 382.27 384.396 385.412 387.538 387.768 390.679 389.569 391.14 391.37 391.6 395.066 394.741 395.527 396.542 397.327 398.898 399.914 402.04 400.374 401.945 401.389 402.96 404.531 402.865 404.991 406.006 405.451 406.466 406.696 405.586 408.497 410.068 407.617 407.847 409.417 410.433 408.767 410.338 409.227 409.457 409.687 409.362 408.806 408.481 408.711 408.386 408.616 408.846 407.735 407.41 407.084 407.87 406.759 406.434 408.004 405.553 405.228 403.562 405.132 404.022 402.911 403.926 400.689 403.831 401.38 399.713 399.158 397.492 398.507 396.056 396.286 395.175 394.85 393.739 392.073 392.303 389.296 389.526 389.201 387.305 385.639 385.869 384.203 382.537 381.426 380.315 379.99 381.101 381.426 382.537 382.862 385.314 385.084 386.75 387.63 389.526 390.637 391.748 393.414 393.184 394.85 395.175 396.286 397.167 398.507 397.492 399.944 398.928 401.935 401.705 402.26 402.586 404.252 404.022 405.132 404.902 405.783 405.553 405.323 406.434 406.759 407.084 408.98 408.75 408.52 407.735 407.83 408.386 410.052 409.266 409.592 408.021 409.131 408.116 409.227 409.552 408.537 407.751 408.862 407.847 407.847 406.831 406.601 406.926 406.696 405.126 407.577 406.006 404.435 404.761 402.635 402.96 402.175 401.945 400.929 398.803 398.573 398.343 398.113 397.883 396.312 394.741 395.066 392.94 392.71 391.14 392.25 389.339 389.109 387.538 385.412 383.841 383.611 382.04 381.255 379.684 378.113 379.684 379.914 382.825 382.825 383.841 384.856 387.538 386.427 389.339 389.569 391.14 392.71 393.496 393.17 397.978 396.312 396.312 396.772 399.454 398.573 398.803 400.929 401.159 401.389 402.96 403.975 402.865 404.991 404.665 406.236 406.466 406.696 405.586 405.816 408.727 408.957 407.847 409.417 409.092 408.767 408.997 409.227 410.012 409.687 408.576 410.147 409.266 410.052 408.386 408.616 408.29 407.18 407.965 407.64 408.655 407.544 407.774 408.004 405.783 405.228 405.458 405.132 404.022 404.252 403.926 402.816 401.15 400.039 400.269 399.158 399.388 398.507 397.397 396.841 395.961 392.724 393.184 392.073 390.962 390.637 389.526 389.201 386.75 386.98 384.528 383.648 380.966 380.085 380.315 378.649 380.315 380.871 382.537 382.862 383.187 386.424 386.98 387.86 389.526 389.852 392.303 392.073 393.184 394.295 396.516 396.841 397.167 398.507 399.618 399.158 399.713 401.38 400.364 402.26 402.586 402.911 404.022 403.792 405.458 406.568 405.783 406.664 406.434 407.544 407.87 407.084 408.75 408.52 407.505 407.83 408.386 408.711 408.481 409.592 407.465 410.472 408.116 409.227 407.656 408.767 409.647 407.521 408.077 407.847 410.068 408.497 405.586 405.356 405.911 404.896 406.006 404.435 404.205 404.531 402.96 402.73 401.945 400.374 400.699 399.128 398.898 397.327 397.097 396.312 394.741 396.963 391.6 391.37 392.48 389.569 388.783 389.109 387.538 385.412 385.182 384.396 381.255 380.469 378.113 378.113
381.255 382.04 382.825 385.182 385.412 387.538 389.109 390.679 390.354 391.695 393.266 391.6 393.17 394.741 396.312 397.883 398.113 398.898 399.128 398.803 400.929 401.945 402.175 402.405 403.19 402.865 404.435 406.006 405.451 406.466 406.696 406.926 408.497 410.068 407.617 408.632 407.521 407.196 407.981 408.211 409.227 409.457 408.346 409.362 408.806 408.481 410.052 408.386 408.06 408.846 407.18 409.306 407.64 406.529 407.544 407.774 406.108 405.553 405.783 405.458 405.132 404.022 404.252 403.141 402.03 401.705 401.38 401.61 397.817 398.833 398.507 398.738 396.286 395.175 392.724 393.184 392.073 390.962 391.423 389.526 389.201 387.305 386.98 385.314 383.648 380.966 381.426 381.886 376.523 380.315 381.426 382.537 383.648 385.314 386.98 386.98 389.201 389.526 390.637 391.748 392.073 393.184 396.191 394.62 396.841 396.056 398.507 398.277 399.944 401.61 401.935 402.26 403.371 404.482 404.252 404.022 405.918 405.458 406.568 406.338 405.323 407.774 406.759 408.655 407.084 407.965 407.735 408.846 407.83 410.282 408.156 408.481 408.251 411.258 409.687 409.457 409.227 407.656 408.767 409.092 408.307 408.077 407.061 407.386 406.601 406.371 406.696 406.466 406.236 404.665 404.435 402.865 404.531 402.405 401.945 401.159 401.484 402.595 401.024 398.343 398.668 395.757 396.312 395.297 395.066 394.836 392.71 391.695 392.25 387.998 385.872 387.538 385.412 385.182 383.611 381.255 381.255 379.684 378.113 379.684 380.469 382.04 382.825 384.396 385.967 386.982 389.109 389.339 390.909 391.14 392.71 393.496 395.066 396.637 395.527 397.883 398.113 398.898 400.469 399.358 400.929 401.945 403.515 402.405 402.635 402.865 404.435 404.665 404.896 406.466 405.356 405.356 408.497 407.386 407.617 408.632 407.521 410.433 408.537 408.997 408.441 409.457 408.346 408.576 409.592 409.266 410.052 408.386 407.275 407.505 409.076 407.965 408.195 408.655 406.759 407.774 406.108 405.553 405.783 405.458 405.132 406.703 403.696 403.926 402.816 403.831 401.38 400.269 399.388 397.492 398.507 396.611 396.286 395.961 395.405 392.399 392.629 391.748 389.852 389.526 389.201 386.75 386.98 383.187 384.203 383.878 381.426 379.76 378.649 381.101 380.085 382.537 382.862 385.314 386.194 386.75 387.63 389.526 391.423 390.962 393.414 392.399 394.85 394.62 396.286 396.611 398.507 398.833 399.158 401.61 401.38 401.15 402.26 403.926 404.252 404.022 403.562 405.458 406.013 406.894 406.664 407.774 406.759 407.084 407.084 408.75 408.52 407.735 408.616 410.282 408.711 408.481 409.592 408.021 409.687 408.901 409.227 408.997 408.537 407.751 408.862 408.632 407.617 410.068 407.942 406.371 406.696 406.466 404.896 406.006 404.435 405.546 403.975 402.405 402.175 401.714 404.166 400.699 399.128 398.898 398.668 397.883 396.082 394.741 394.511 394.836 392.71 391.14 389.569 387.998 387.768 387.538 385.412 383.841 383.611 382.825 381.255 379.684 378.113
381.255 382.825 383.611 385.967 385.967 386.982 387.768 389.339 390.124 391.14 391.37 392.94 395.066 397.193 396.312 397.097 399.454 398.343 400.469 402.04 400.374 401.945 402.73 402.96 403.975 402.865 404.991 406.006 404.896 406.466 406.696 406.926 408.497 407.386 408.402 407.291 407.521 409.092 408.767 407.656 409.227 409.457 409.131 408.021 410.147 408.481 408.711 408.386 407.83 408.846 407.735 408.75 408.195 407.084 406.759 406.434 405.878 406.338 405.228 405.458 405.132 406.703 404.252 403.926 402.26 403.831 400.039 399.713 400.499 398.833 399.063 398.738 396.841 395.961 394.85 393.184 392.073 391.748 389.852 388.971 387.86 388.09 386.424 385.869 382.862 382.537 381.426 379.76 378.649 378.975 378.745 382.537 382.862 385.869 386.424 386.75 389.201 389.526 391.423 390.962 392.629 392.399 394.85 394.62 396.286 398.738 399.063 397.492 399.944 401.054 401.38 401.705 404.156 403.926 402.911 404.022 403.562 405.458 405.228 406.894 406.108 407.774 406.759 407.084 408.195 408.75 407.735 408.29 408.06 408.386 408.156 409.266 409.036 408.576 409.131 409.457 408.441 409.552 408.537 407.196 407.521 407.847 407.847 406.831 406.601 406.926 406.696 406.466 406.236 404.665 404.991 402.865 403.975 402.405 402.175 401.714 400.374 402.04 397.232 398.343 398.668 395.757 396.312 395.852 395.066 391.6 391.925 391.695 389.569 389.339 389.109 387.538 385.412 383.841 383.055 382.825 380.469 379.684 378.113 379.684 379.128 382.04 384.396 384.396 385.412 387.538 387.213 389.339 392.25 391.14 391.37 395.392 396.407 396.637 396.312 397.883 396.772 398.898 399.128 402.04 400.374 401.945 402.175 403.745 404.531 404.205 404.991 404.665 405.451 405.126 406.696 406.926 408.497 407.386 407.617 408.632 408.862 409.092 408.767 408.767 409.227 409.457 409.131 408.576 409.036 408.481 408.711 406.815 408.616 408.846 408.52 408.75 408.195 406.529 406.759 407.774 405.323 405.553 405.228 405.458 406.473 406.703 402.911 401.245 402.03 401.705 401.38 401.61 400.499 397.492 399.063 398.738 396.286 394.62 392.724 393.739 392.073 391.748 390.637 388.971 389.201 386.75 386.424 384.758 382.862 382.537 381.426 381.101 378.649 379.76 381.426 382.537 384.988 385.314 385.639 388.09 387.63 389.526 391.423 391.748 392.073 393.184 394.85 394.62 396.286 396.611 397.722 398.833 400.499 400.269 401.38 401.15 402.26 402.586 402.911 404.022 405.132 406.243 406.568 405.553 408.004 406.989 407.544 407.084 408.98 406.624 408.52 407.735 409.956 408.386 408.711 409.822 408.806 409.917 409.687 408.901 408.441 408.997 408.537 409.092 408.862 409.187 407.617 407.386 406.601 406.926 407.252 405.681 405.451 404.665 404.435 402.865 403.19 402.405 402.175 401.159 400.374 400.699 398.573 398.898 397.327 396.542 396.312 397.193 394.511 392.94 391.37 391.14 389.569 389.339 387.768 386.982 385.412 384.626 383.611 381.255 381.255 379.684 378.113
381.255 381.485 384.396 385.182 385.967 383.746 387.213 389.339 389.569 391.14 393.266 391.6 393.17 394.741 396.312 397.883 397.327 399.454 399.914 398.803 400.374 401.945 402.175 402.96 403.19 402.865 405.546 406.006 406.236 406.466 406.696 406.926 408.497 407.386 407.617 407.847 409.417 409.647 408.767 410.338 409.227 410.012 408.346 408.021 408.806 409.266 408.711 408.386 408.616 408.29 408.52 409.306 407.64 408.655 407.544 406.434 408.004 406.338 405.228 403.562 403.792 404.022 404.252 402.586 402.26 400.364 401.61 400.269 399.388 398.833 397.167 397.167 396.841 396.516 392.724 393.739 392.073 390.962 389.852 389.526 389.201 386.75 386.424 384.528 383.648 382.537 380.085 378.419 378.649 379.76 381.426 382.537 382.862 384.528 385.084 387.535 387.86 389.526 391.423 390.962 392.073 393.739 392.724 394.62 396.286 396.056 399.063 398.833 400.499 400.269 400.039 401.15 402.816 403.926 404.252 404.022 405.132 404.902 405.228 405.553 406.108 406.434 407.544 407.314 408.98 407.965 407.735 408.846 408.616 408.386 406.815 408.481 409.036 409.917 409.687 408.116 409.227 408.767 408.767 409.092 406.966 407.291 407.847 407.386 408.497 406.371 406.696 405.126 407.577 404.665 404.435 402.865 403.19 402.96 402.175 401.945 400.929 400.699 397.232 398.898 396.772 396.542 396.867 394.741 395.066 393.496 392.71 391.14 390.909 389.339 386.427 386.982 385.412 384.626 382.825 382.04 381.255 379.684 378.113 379.684 381.255 381.485 383.611 383.841 385.967 387.538 389.109 387.443 389.569 391.14 391.37 392.94 395.066 394.741 396.082 397.883 398.113 398.898 399.128 400.699 402.27 401.945 401.945 403.745 404.531 404.205 404.991 404.665 404.896 406.466 405.356 406.926 408.497 408.727 408.402 407.291 409.417 409.092 408.767 410.338 409.227 409.457 409.131 411.258 410.147 409.266 408.711 410.282 408.616 407.735 408.52 405.513 407.64 407.084 408.885 406.434 408.004 406.894 405.228 404.902 405.132 404.022 402.356 403.926 404.156 403.831 401.38 399.713 400.499 400.174 397.167 396.611 396.286 394.62 394.065 393.184 393.414 392.303 391.423 389.526 387.86 386.75 385.084 385.314 383.648 382.537 381.426 379.76 378.649 379.76 381.426 380.966 382.862 384.528 385.084 388.09 389.201 389.526 389.852 391.748 392.073 393.739 394.85 395.961 396.286 396.611 397.167 397.492 400.499 401.61 401.38 400.364 402.816 402.586 404.252 404.022 405.132 405.458 406.568 406.338 405.323 406.434 406.759 408.655 407.64 408.75 407.735 407.505 408.06 408.386 410.607 409.036 409.036 408.576 409.687 408.116 409.227 408.997 408.767 407.196 408.862 407.847 407.617 407.386 407.942 406.926 406.696 406.466 406.236 404.665 402.865 404.205 404.531 403.745 403.515 401.945 400.929 399.358 399.128 399.454 398.113 397.653 396.312 394.741 396.407 392.94 392.71 391.14 390.909 389.339 386.427 385.642 384.856 384.396 384.396 382.04 380.469 379.684 378.113
380.469 381.485 381.715 384.396 386.752 385.642 385.872 388.783 389.569 391.14 391.37 392.94 393.17 394.741 396.082 397.097 396.772 398.343 399.128 398.803 402.825 401.945 401.389 402.96 401.294 404.761 404.991 405.221 404.896 405.681 405.356 406.926 405.816 407.386 407.617 409.417 409.417 408.307 408.767 408.997 409.227 409.457 409.131 411.258 408.806 409.036 408.711 410.282 409.956 408.846 409.076 407.965 407.64 408.655 407.544 407.774 408.004 405.553 406.568 404.902 403.562 404.022 402.911 402.586 400.689 403.831 401.38 400.269 400.499 397.492 398.507 396.841 396.516 395.961 394.85 393.739 392.073 390.962 391.423 388.971 389.201 386.75 386.424 383.187 384.203 382.537 380.871 380.315 376.523 381.101 381.426 382.537 384.203 383.187 385.084 387.535 389.201 389.526 391.423 391.748 392.073 393.184 394.85 394.62 394.945 396.611 398.507 397.492 399.388 398.928 401.38 400.364 402.26 403.141 404.252 404.022 405.132 406.243 405.228 406.894 406.664 406.434 407.544 407.314 408.98 407.965 409.076 408.06 408.06 408.386 409.496 409.266 409.036 411.258 409.687 408.116 409.227 408.211 407.981 407.751 407.521 408.632 407.847 407.386 406.601 406.926 406.696 403.785 406.236 404.665 405.546 402.865 403.19 402.405 401.389 401.159 400.374 400.699 400.469 398.343 396.772 397.097 395.527 394.741 393.17 394.836 392.71 392.48 389.569 387.998 387.213 387.538 385.967 384.396 383.611 382.04 380.469 379.684 378.113 379.684 381.255 382.825 383.055 385.182 385.967 386.982 387.213 390.679 390.909 391.14 392.71 394.281 393.17 394.741 396.082 397.883 398.113 398.898 397.232 400.699 402.825 401.945 402.175 402.96 403.19 402.865 404.991 404.665 404.896 405.911 406.696 406.926 408.497 407.386 407.617 408.632 407.521 407.196 408.537 408.997 408.441 409.457 408.116 408.576 408.806 409.266 408.711 408.386 409.956 407.505 409.076 408.75 408.98 407.084 407.544 406.434 405.878 405.783 405.228 403.562 405.132 403.466 404.252 403.926 402.26 400.364 401.38 401.61 399.158 398.833 399.063 396.611 396.286 395.961 394.85 393.739 392.073 391.748 391.193 389.526 389.201 386.98 386.424 384.758 384.203 382.537 380.871 378.975 378.649 380.315 380.085 382.537 382.862 384.758 385.084 386.75 389.201 389.526 389.852 390.962 393.414 393.184 394.85 395.175 396.516 397.397 397.167 397.492 399.158 400.269 400.824 403.831 402.816 403.926 403.696 404.022 405.132 404.902 405.228 406.894 406.664 407.774 407.544 407.87 408.195 407.965 407.735 408.06 408.06 408.386 408.711 409.036 409.036 408.021 408.346 410.012 409.227 408.211 407.981 409.092 407.521 407.291 407.847 406.831 405.816 406.926 406.696 405.126 405.451 404.665 405.546 402.865 403.19 402.405 402.175 401.159 400.374 398.803 398.573 398.898 398.113 397.653 396.312 394.741 395.066 391.6 391.37 391.14 390.354 388.783 387.213 387.538 385.967 385.182 383.611 381.485 380.469 378.898 378.113
380.469 382.04 382.825 383.841 385.967 387.538 387.213 387.998 389.569 391.14 390.029 394.281 393.17 395.297 395.527 397.883 398.113 398.343 399.914 400.699 400.374 401.945 401.945 402.405 402.635 402.865 404.435 403.88 404.896 405.911 406.696 406.926 406.601 410.068 407.617 407.847 407.521 407.196 408.537 407.656 409.227 410.012 409.687 409.917 410.147 409.036 408.711 408.386 409.956 410.186 407.735 408.75 408.195 408.655 406.759 406.434 407.449 405.553 406.013 405.458 403.562 403.236 402.911 403.926 404.156 400.364 401.38 401.054 399.158 397.492 397.167 398.738 396.286 395.961 392.724 393.739 393.414 391.748 391.423 389.526 387.63 388.09 385.084 385.869 386.329 382.537 381.426 380.315 379.99 380.315 380.871 382.537 383.648 386.654 386.98 386.75 387.63 389.526 391.423 390.962 393.414 392.399 392.724 394.62 396.286 396.841 398.507 398.277 399.388 400.269 401.935 401.15 400.689 402.586 402.911 404.022 405.132 405.458 405.783 406.338 407.449 406.434 407.544 407.084 408.195 407.965 408.52 408.846 407.83 408.386 406.815 409.822 408.251 409.362 408.346 409.457 409.227 408.767 408.767 409.647 408.862 407.291 407.617 406.831 407.942 406.926 407.252 406.466 406.236 404.665 404.991 404.761 404.531 402.405 402.175 401.159 400.374 398.803 398.573 398.898 396.772 397.097 395.527 394.741 393.17 391.6 391.37 391.14 390.909 387.443 387.213 387.538 385.412 383.841 382.825 382.825 381.255 379.684 378.113 378.898 380.469 382.04 383.055 385.182 384.856 387.538 389.109 390.679 389.569 391.14 391.37 394.281 393.17 394.741 395.527 396.542 398.113 399.454 400.469 400.699 400.374 401.945 402.175 402.96 403.975 402.865 404.435 406.006 404.896 405.126 405.356 406.926 408.497 406.831 407.617 408.632 407.521 409.092 408.767 407.656 409.227 409.457 407.791 409.362 408.806 409.822 408.711 410.282 409.956 408.846 409.076 408.75 408.195 406.529 406.759 407.774 407.449 405.783 405.228 405.458 403.792 404.022 402.911 402.586 400.689 401.15 401.38 401.054 399.944 398.833 397.722 398.738 396.516 395.961 392.724 392.399 392.073 392.303 391.193 389.526 388.646 387.305 386.98 385.314 384.203 381.751 381.426 379.76 378.649 380.315 380.871 382.537 383.648 384.758 386.424 387.305 387.86 389.526 390.637 391.748 392.073 393.739 394.85 395.961 396.516 396.611 397.167 398.833 399.944 398.928 401.38 401.15 402.26 402.586 404.252 403.466 405.132 405.458 406.568 405.553 405.323 406.434 407.544 408.655 407.084 409.306 407.735 408.846 409.956 408.386 408.711 409.036 409.592 408.021 409.131 409.457 409.227 407.656 408.767 409.092 407.521 407.291 407.061 406.831 408.497 405.586 405.356 405.681 406.236 404.665 404.435 404.761 402.635 402.96 402.175 401.945 404.166 398.803 400.469 398.343 397.327 397.097 396.312 395.297 393.17 392.94 391.37 391.14 389.569 389.339 387.768 386.982 385.967 383.841 383.611 381.485 380.469 378.898 378.113
379.684 381.255 382.825 384.396 386.752 383.746 389.109 389.339 389.569 391.14 392.71 392.94 395.066 395.297 396.312 397.883 398.113 398.898 398.573 400.699 400.374 401.945 402.73 402.405 403.19 402.865 404.435 404.435 405.451 406.466 407.252 406.926 406.601 407.386 407.847 407.291 408.307 407.751 408.767 408.211 409.227 409.457 409.687 409.362 408.806 408.481 409.496 408.386 409.956 408.29 409.076 407.41 407.084 407.87 406.759 406.434 406.108 406.894 405.228 405.458 403.562 402.681 403.696 403.926 402.26 400.364 400.824 401.61 399.713 398.833 397.167 396.056 396.841 395.961 394.85 393.184 393.414 392.303 390.637 388.971 387.86 386.75 385.639 384.758 382.862 382.537 381.426 380.315 376.523 380.315 380.641 380.966 384.758 383.187 385.639 386.75 387.86 389.526 389.852 391.748 392.073 393.184 392.724 395.175 396.286 396.611 397.722 398.277 399.944 401.61 400.039 401.15 400.689 402.586 404.252 403.466 405.132 404.902 407.354 405.553 406.108 406.434 406.759 408.655 408.98 408.75 407.735 408.846 409.956 408.386 408.711 408.481 408.806 408.021 409.131 408.116 408.441 408.211 408.767 407.196 408.862 408.632 407.617 406.831 405.816 406.926 406.696 406.466 404.896 403.88 404.435 404.205 403.19 402.405 402.73 401.159 400.929 398.803 400.469 398.343 398.668 397.097 395.527 397.193 393.17 394.281 393.266 391.14 389.569 389.339 389.109 385.642 385.967 384.396 384.396 382.04 381.255 379.684 378.113 379.684 379.684 382.04 381.715 385.182 385.967 387.538 387.768 387.998 389.569 391.14 392.71 391.6 393.17 394.741 394.741 397.883 397.327 398.898 401.024 400.699 400.929 401.945 401.945 402.405 401.294 402.865 404.435 404.665 404.896 406.466 406.696 405.586 408.497 407.386 407.617 407.847 408.862 410.988 407.981 408.211 408.441 408.901 409.687 408.576 409.036 408.481 408.711 408.386 409.956 408.846 407.735 408.75 407.64 407.87 406.759 406.434 406.664 406.338 405.228 404.902 405.132 404.022 402.911 400.689 404.156 401.15 400.039 401.054 399.944 398.833 399.063 396.056 396.286 395.961 392.724 394.525 392.073 392.303 390.637 389.526 387.86 387.305 386.424 386.654 383.648 382.537 380.871 378.419 379.99 378.419 380.641 382.537 382.862 385.314 385.639 387.305 387.63 389.526 391.423 390.962 392.073 393.184 394.295 395.175 396.286 396.056 398.507 398.833 400.499 400.269 401.38 401.705 402.26 403.141 403.696 404.022 405.132 405.458 405.228 405.783 405.323 406.989 406.759 407.084 408.98 407.965 407.735 408.846 409.956 408.386 408.711 409.822 408.806 408.576 409.687 409.457 409.227 408.997 408.767 409.092 408.862 407.847 407.847 406.831 408.497 406.926 406.696 406.466 406.236 404.665 404.435 404.761 404.531 402.96 400.834 401.945 401.484 400.699 399.128 398.343 397.327 397.097 396.312 395.297 393.17 393.496 392.71 391.14 390.909 389.339 389.109 387.538 385.412 384.396 383.611 382.825 381.255 378.898 378.113
380.469 382.04 383.611 385.182 385.412 386.982 387.213 390.679 389.569 391.14 392.71 392.94 393.17 396.637 396.082 397.883 398.113 398.898 398.573 399.358 401.484 400.604 401.389 402.96 403.975 404.761 404.991 406.006 406.236 406.466 406.696 407.712 407.942 408.172 407.617 407.291 407.521 407.196 408.767 408.211 408.441 409.457 409.131 408.021 408.806 409.036 408.711 406.815 409.956 408.06 407.735 408.75 407.64 408.655 407.544 407.774 405.323 405.783 405.228 405.458 404.347 405.362 404.252 402.586 403.371 401.705 401.38 400.269 399.158 398.833 397.722 397.397 396.286 395.961 394.295 394.295 393.414 391.518 391.423 389.526 388.646 387.305 386.98 385.314 384.203 382.537 380.085 379.76 378.649 380.315 380.871 382.537 382.862 385.869 385.084 388.09 387.63 389.526 389.852 391.748 392.073 393.184 394.85 395.961 396.516 397.397 398.507 400.174 399.944 400.269 401.38 401.705 402.816 404.482 404.252 406.703 403.792 405.458 405.228 406.894 408.004 406.434 406.759 407.87 407.084 407.41 409.076 407.505 409.956 408.941 410.052 409.036 410.147 411.258 409.687 409.457 409.227 408.211 408.767 409.092 408.862 409.187 407.617 407.386 406.601 406.926 406.696 405.681 406.236 404.435 404.435 404.761 402.635 402.96 402.175 401.714 402.27 400.699 399.914 400.239 398.668 397.883 395.527 394.741 393.17 391.6 392.71 391.14 389.569 390.679 387.213 386.982 385.967 385.182 382.27 382.825 381.255 379.684 378.113 379.684 380.469 380.699 384.396 385.182 385.412 387.538 389.109 387.998 389.569 391.14 393.266 391.6 396.407 396.637 395.527 396.312 398.668 398.343 401.024 398.803 400.929 401.159 403.515 402.405 404.531 404.205 404.435 406.006 406.236 406.466 406.696 406.926 408.497 407.386 407.617 409.187 408.862 407.196 407.981 408.767 409.227 409.457 408.346 408.576 409.592 409.266 408.156 408.386 408.386 408.846 409.076 409.306 407.64 408.655 406.759 406.434 406.664 405.783 404.672 404.902 405.132 403.236 404.252 402.586 403.371 401.705 401.38 401.61 399.388 397.492 397.722 398.738 396.286 395.961 394.85 392.399 392.073 390.962 389.852 389.526 387.86 388.09 386.424 383.187 384.203 382.537 381.426 380.315 376.523 378.419 381.426 382.537 384.203 385.314 386.98 386.75 389.201 389.526 389.852 390.962 393.414 393.739 394.85 395.961 396.516 398.738 397.722 398.833 399.944 399.713 400.039 402.49 402.26 403.141 402.911 404.022 405.132 405.458 405.783 406.338 405.323 407.774 406.759 407.084 407.64 407.41 409.076 408.846 407.275 408.386 410.052 408.481 408.806 409.362 407.791 409.457 409.227 408.997 407.981 409.647 408.307 407.291 407.617 406.831 408.497 406.926 405.356 405.681 404.896 406.006 402.865 402.865 404.531 402.96 402.175 401.714 401.484 398.803 400.469 399.454 397.327 396.542 396.312 395.297 395.066 394.281 392.71 391.14 392.25 388.783 385.872 387.538 384.856 384.396 382.27 382.825 381.255 379.684 378.113
381.255 382.04 383.611 384.396 385.967 386.982 387.213 390.679 389.569 391.695 392.71 391.6 395.066 396.637 395.527 396.312 397.327 398.898 399.128 402.04 400.374 401.945 402.73 402.405 404.531 404.761 404.435 406.006 406.236 406.466 405.356 406.926 406.601 410.068 407.617 407.847 408.862 409.092 408.767 410.338 408.441 408.116 408.346 408.576 409.036 408.481 408.711 408.386 409.956 408.29 408.52 408.75 407.64 407.87 407.544 407.774 406.664 406.108 407.354 405.458 403.792 403.236 404.252 402.586 402.26 403.831 401.61 401.61 399.713 399.388 397.722 396.611 396.516 394.945 394.295 393.739 393.969 390.962 389.852 389.526 389.201 386.98 385.639 384.758 382.862 382.537 380.085 380.315 378.649 381.101 380.641 382.537 383.648 384.758 385.639 388.09 389.201 389.526 389.852 390.962 392.073 393.739 394.295 395.961 396.516 397.397 398.507 398.833 399.158 399.713 401.38 401.705 402.26 403.141 402.911 404.022 405.132 405.458 405.228 406.338 405.323 406.434 407.544 407.084 408.195 408.75 409.076 411.527 407.83 408.386 410.052 409.266 408.806 408.576 409.687 409.457 409.227 408.211 408.767 407.751 407.521 409.187 407.617 407.386 405.816 406.371 405.356 406.466 407.577 406.006 404.435 402.865 403.19 402.405 402.73 401.714 400.929 400.699 399.914 397.002 398.113 397.097 395.527 394.741 395.066 391.6 392.71 391.14 389.569 390.679 389.109 387.538 384.856 384.396 381.715 382.825 379.914 379.684 378.113 379.684 381.255 381.255 382.825 384.396 385.967 387.538 385.872 390.679 390.909 391.14 391.37 394.281 393.17 394.741 395.527 397.883 398.668 398.343 399.128 400.699 400.374 401.945 402.175 402.96 403.975 404.761 404.435 404.435 404.896 405.681 406.696 406.926 405.816 406.831 407.617 407.291 409.417 410.433 408.767 408.211 409.227 409.457 408.346 408.576 408.806 409.036 410.052 410.282 409.956 407.505 407.735 408.75 408.98 405.974 406.759 407.774 406.108 405.783 405.783 404.902 405.132 404.022 402.911 402.586 402.26 401.705 401.935 399.713 399.158 398.833 398.507 396.841 396.286 394.945 396.191 392.399 393.414 391.748 391.423 389.526 387.305 388.09 385.639 383.187 383.648 380.966 381.426 379.76 378.649 379.76 380.085 381.751 384.203 384.528 386.424 386.75 389.201 388.186 391.423 392.303 393.414 393.739 394.85 395.175 394.945 398.738 399.063 400.174 399.388 400.039 401.935 401.15 402.816 403.141 404.252 404.022 405.132 405.458 405.783 406.894 405.878 406.434 407.544 407.87 408.195 407.41 408.52 411.527 409.956 408.941 410.052 409.036 408.806 408.576 408.346 409.457 409.227 408.997 408.537 407.751 407.521 408.632 408.957 407.386 407.156 406.926 407.252 405.681 404.896 406.006 404.435 404.761 402.635 402.96 402.175 401.714 404.166 398.803 397.232 399.454 397.327 397.097 396.312 394.741 395.066 394.281 392.71 391.14 389.569 387.998 389.109 387.538 385.967 385.182 384.396 382.825 379.684 379.684 378.113
381.255 381.255 383.055 384.396 385.412 386.982 389.109 387.998 390.909 391.14 392.71 391.6 393.17 397.193 396.312 395.757 397.327 398.343 399.128 400.699 400.374 401.714 402.175 402.405 404.531 404.205 404.205 405.221 405.451 403.785 406.696 405.586 408.497 406.276 408.402 407.847 409.417 409.092 409.322 410.338 409.227 409.457 409.687 409.362 409.036 409.266 408.711 408.386 408.06 408.846 409.076 408.75 407.64 408.655 408.885 407.774 408.004 405.553 407.354 405.458 405.918 404.022 403.696 403.926 402.816 401.705 401.38 400.269 399.388 398.833 397.167 396.611 396.516 395.961 394.85 393.184 392.073 391.748 391.193 389.526 389.201 386.75 385.084 384.758 382.862 382.537 381.426 381.886 376.523 378.419 381.426 382.537 382.862 385.314 385.084 386.98 387.86 389.526 390.637 390.962 392.073 395.865 394.295 394.62 396.286 397.397 397.722 398.277 400.499 400.269 401.38 401.15 402.816 403.926 402.911 404.022 405.132 405.458 406.568 405.783 406.664 408.33 407.544 407.87 407.64 406.624 407.735 408.846 407.83 410.282 408.711 409.036 408.806 408.576 407.791 410.012 408.441 410.338 408.537 409.092 407.521 407.291 408.957 406.831 408.497 407.712 406.696 405.681 405.451 406.006 404.435 405.546 402.635 404.301 401.389 401.159 400.374 399.358 401.024 397.002 397.327 396.542 396.082 394.741 393.17 394.836 392.71 391.14 389.569 387.998 389.109 387.538 385.412 383.841 384.396 382.825 380.469 378.898 378.113 378.898 381.255 382.04 382.825 384.396 385.967 385.642 387.768 390.679 389.569 391.14 392.71 394.281 393.17 394.741 395.527 397.097 398.113 400.239 398.573 398.803 400.929 401.714 402.73 405.086 404.531 404.761 404.435 406.006 404.896 405.126 407.252 406.926 407.942 407.386 407.847 408.632 408.862 407.196 408.767 408.997 408.441 408.116 409.687 409.362 410.147 409.036 408.711 410.282 409.956 408.29 407.735 407.965 407.64 408.655 407.544 406.989 408.004 406.338 405.228 405.458 403.562 404.022 402.356 402.586 402.26 401.15 401.38 399.713 399.388 399.388 399.063 396.841 396.516 395.961 394.295 393.739 393.969 390.962 389.852 389.526 389.201 387.305 385.639 385.314 382.862 381.751 380.641 381.101 378.649 378.419 381.426 382.537 382.862 385.314 386.98 386.75 387.63 389.526 389.852 391.748 392.073 393.184 392.724 395.175 396.286 398.738 399.063 398.833 399.388 400.269 401.935 401.705 402.26 403.926 404.252 404.022 403.792 405.458 405.228 405.553 406.108 406.434 406.759 407.87 407.64 409.306 409.076 410.186 407.83 410.282 406.815 409.822 409.592 411.258 408.346 409.457 408.441 408.997 408.767 409.092 408.862 408.632 407.617 407.386 406.601 406.926 406.696 405.126 405.451 406.006 405.546 404.761 404.531 402.96 403.515 401.945 402.27 400.699 400.469 397.557 396.772 396.312 396.312 396.637 395.066 391.6 392.71 391.14 389.569 387.998 387.768 387.538 385.412 384.626 383.611 381.255 379.684 379.684 378.113
380.469 382.04 382.825 383.841 385.412 387.538 387.213 387.998 390.909 391.14 391.37 392.94 393.17 394.741 396.312 397.653 399.454 398.343 399.128 399.358 402.27 401.159 402.175 403.745 404.531 402.865 404.205 403.88 404.896 405.126 406.696 406.926 406.601 406.831 407.617 408.077 408.862 409.092 407.196 408.997 409.227 408.116 408.346 408.021 408.806 408.481 410.052 408.386 408.06 408.846 408.52 409.306 407.084 407.314 406.759 407.774 407.449 406.338 405.228 405.458 405.132 402.681 404.252 403.926 402.26 403.831 401.38 401.61 399.944 398.833 397.167 396.056 396.516 395.961 394.85 392.399 392.073 390.962 391.423 389.526 389.201 386.98 385.084 384.758 384.203 382.537 381.426 378.975 378.649 380.315 381.426 382.537 383.648 385.314 385.639 386.75 387.86 389.526 389.852 392.303 392.073 392.399 394.295 395.961 396.286 398.738 395.596 397.492 399.388 400.269 400.039 401.705 402.816 402.586 402.911 404.022 405.132 404.902 405.228 405.553 405.323 406.989 407.544 407.314 407.64 408.75 407.735 407.505 409.956 406.815 408.711 408.481 409.036 409.362 409.131 409.457 408.441 410.338 408.767 408.307 407.521 407.291 407.617 406.831 405.816 407.712 406.696 406.466 406.236 404.665 404.991 404.205 404.531 402.96 402.175 401.945 400.929 400.699 399.914 398.898 398.113 397.097 396.082 394.741 393.17 391.6 392.71 391.14 390.354 387.998 385.872 387.538 385.967 385.182 383.611 381.485 381.255 378.898 378.113 378.898 381.255 381.255 383.611 385.182 385.967 386.982 389.109 387.998 389.569 391.14 393.266 394.836 395.066 394.741 396.082 397.883 397.327 398.343 399.128 400.699 400.374 401.945 401.945 402.405 403.975 406.102 404.435 403.88 406.236 406.466 407.252 405.586 408.497 407.386 407.617 407.847 408.862 410.988 407.981 408.997 409.227 409.457 410.472 408.576 408.806 409.036 410.052 408.386 409.956 408.846 408.52 408.75 407.084 407.87 406.759 407.774 406.664 406.338 405.783 405.458 405.132 404.022 402.911 403.926 402.816 401.705 401.38 401.61 399.388 399.388 397.167 397.397 396.841 394.62 394.065 393.184 393.414 390.962 390.637 389.526 387.63 386.75 386.424 384.758 382.862 382.537 380.871 379.76 378.649 378.975 381.426 382.537 383.648 384.528 386.194 386.75 387.63 388.971 391.423 390.962 392.073 393.739 394.295 395.961 396.286 398.738 399.063 398.833 400.499 401.61 401.38 401.705 402.816 403.141 403.696 403.466 405.132 406.243 405.228 405.783 406.108 406.434 407.544 407.87 408.195 407.41 409.076 408.29 408.616 408.386 406.815 408.481 408.806 408.576 409.131 409.457 409.227 408.997 409.322 410.988 407.521 407.291 408.402 407.386 408.497 406.926 406.696 406.466 404.896 404.435 404.435 402.865 404.531 402.405 403.515 401.159 400.929 402.04 400.469 398.898 397.327 396.542 396.312 397.193 393.17 393.496 390.029 391.14 389.569 390.679 387.213 387.538 385.967 383.841 382.825 382.825 381.255 379.684 378.113
381.255 382.825 383.055 385.182 386.752 387.538 387.213 389.339 389.569 391.695 393.266 394.836 395.066 396.637 396.312 397.883 397.883 398.343 398.573 398.803 400.929 401.714 402.73 403.745 403.19 406.102 404.435 404.665 406.236 405.681 406.696 406.926 408.497 407.386 407.061 408.077 407.521 409.647 408.767 407.656 409.227 408.901 407.791 408.021 408.806 408.481 408.711 408.386 408.386 408.846 407.735 407.41 407.64 407.314 407.544 406.434 406.664 406.108 405.228 405.458 405.132 404.022 404.252 402.586 402.03 401.705 400.039 400.269 399.158 398.833 399.063 398.738 396.286 395.175 396.191 393.184 392.073 390.962 389.852 389.526 388.646 386.75 386.98 384.758 383.648 382.537 380.641 378.975 378.649 380.315 380.641 382.537 382.862 385.314 385.084 387.305 387.86 389.526 391.423 391.748 393.414 392.399 394.295 395.175 394.945 396.841 397.722 398.833 399.158 401.054 401.38 401.15 404.156 402.586 404.252 405.362 405.132 405.458 406.013 406.894 406.664 406.434 407.544 408.655 408.98 407.965 407.735 408.06 408.06 408.941 409.496 409.266 408.806 408.576 409.687 409.457 409.227 408.211 408.767 409.092 408.862 407.291 407.617 407.386 407.942 406.926 405.356 406.466 404.896 404.665 404.435 402.865 402.635 402.405 402.175 401.945 400.929 398.803 397.232 398.343 398.668 397.097 396.312 398.533 395.066 391.6 392.71 391.14 392.25 390.679 387.768 387.538 386.752 383.841 383.611 382.04 381.255 378.898 378.113 378.898 381.255 382.04 384.396 383.286 385.967 386.982 389.109 389.339 389.569 391.14 392.71 392.94 396.407 394.741 396.312 397.883 397.327 398.343 400.469 400.699 400.929 401.945 402.175 402.96 403.975 404.761 404.435 406.006 404.896 406.466 406.696 406.926 408.497 410.068 408.402 408.077 407.521 409.092 408.767 408.997 408.441 409.457 407.791 408.576 408.806 409.822 408.711 408.386 407.275 408.29 409.076 408.75 407.084 408.655 406.759 406.434 408.004 405.553 405.783 405.458 405.918 404.022 404.252 402.586 402.26 401.15 400.039 399.713 400.499 398.277 397.722 396.841 396.286 394.62 394.85 393.739 392.073 391.748 391.423 389.526 387.63 387.305 386.424 383.187 382.862 382.537 381.426 378.419 378.649 378.975 381.426 382.537 384.203 383.187 386.98 387.535 387.86 389.526 389.852 390.962 392.629 393.184 392.724 394.62 396.516 397.397 397.722 400.174 399.158 400.269 401.38 401.15 402.26 402.586 403.696 404.022 405.918 405.458 405.228 406.108 406.108 406.434 407.544 407.084 408.195 408.75 409.076 408.846 408.06 409.726 408.711 408.481 408.806 408.021 409.687 408.116 408.441 409.552 408.767 409.092 409.417 407.291 408.402 406.831 408.497 406.926 406.696 405.126 406.006 405.221 404.435 402.865 402.635 402.405 402.73 401.945 400.374 400.699 400.469 398.898 397.327 397.097 396.312 394.741 394.511 393.496 391.37 391.14 392.25 388.783 389.109 384.301 385.967 385.182 383.611 382.825 381.255 378.343 378.113
380.469 382.825 383.611 384.396 385.412 385.642 389.109 389.339 389.569 391.14 391.37 393.496 393.17 394.741 396.312 397.097 398.668 398.898 399.914 401.254 400.929 401.945 402.73 402.405 404.531 402.865 404.435 406.006 404.896 405.126 406.696 406.926 408.497 408.727 407.617 407.291 409.417 409.647 408.767 410.338 409.227 409.457 409.687 409.362 409.036 410.607 410.052 408.386 409.956 408.846 408.52 407.41 408.98 407.084 406.759 406.434 406.664 405.783 405.228 405.458 403.562 404.022 404.252 403.141 404.156 401.705 401.38 399.713 399.944 399.388 399.063 397.167 396.286 395.175 392.724 393.184 392.073 391.748 389.852 388.971 387.63 388.09 386.424 383.187 384.988 382.537 381.426 378.419 378.649 380.315 380.085 382.537 382.862 384.758 385.639 387.535 387.86 389.526 391.423 392.303 392.073 393.184 394.295 396.516 396.286 396.056 397.722 398.277 399.158 401.61 401.935 401.705 402.26 403.926 402.911 404.022 403.562 405.458 405.228 406.338 408.004 407.774 406.759 407.084 407.084 409.306 408.52 408.06 407.275 410.282 410.052 409.036 409.036 411.258 409.131 409.457 409.227 408.211 409.322 409.092 408.862 409.187 407.617 407.386 406.601 406.926 406.696 405.681 407.577 406.006 404.991 404.761 403.975 402.405 402.73 401.945 400.374 400.699 401.024 398.343 397.327 397.097 395.527 395.297 393.17 393.496 393.266 391.14 389.569 390.679 389.109 387.538 385.412 383.841 383.611 382.825 380.469 379.684 378.113 379.684 381.255 382.04 383.611 384.396 385.967 385.642 387.213 389.339 392.25 391.14 392.71 392.94 393.17 394.741 396.312 395.757 398.113 398.343 399.128 402.04 400.374 401.714 402.175 402.405 403.19 404.761 404.435 405.221 406.236 405.911 406.696 406.926 405.816 407.386 407.617 407.847 408.862 407.196 409.877 408.997 409.227 409.457 409.131 408.576 409.592 408.481 406.815 408.386 407.83 408.06 409.076 407.41 408.195 407.314 407.544 407.774 406.664 406.894 405.228 405.458 405.132 404.022 403.696 402.586 404.156 400.364 400.039 400.269 399.388 398.833 397.167 397.397 396.286 396.516 394.295 393.739 392.073 391.748 389.852 388.186 389.201 388.09 386.424 385.314 384.203 382.537 381.426 378.975 378.649 380.315 381.426 382.537 382.862 383.187 386.424 387.535 387.63 389.526 390.637 390.962 393.414 393.184 396.191 394.62 396.286 396.841 397.722 398.833 399.158 401.054 400.039 401.705 400.689 401.8 404.252 406.703 405.132 403.562 406.568 406.894 405.323 406.434 406.759 407.87 407.64 408.75 409.076 408.846 409.171 410.282 408.711 409.266 408.806 410.702 409.687 408.116 409.227 408.211 408.767 409.092 408.862 409.187 408.957 407.386 408.497 406.926 406.696 406.466 404.896 406.006 404.991 404.205 401.294 402.96 401.945 401.159 400.929 400.699 400.469 398.343 398.113 397.883 396.082 394.741 395.066 392.94 392.71 391.14 390.124 389.339 387.768 387.538 385.967 383.286 382.825 382.825 381.255 378.898 378.113
381.255 382.825 383.611 384.626 385.967 387.538 389.109 387.998 389.569 391.14 392.71 392.94 393.17 394.741 396.312 397.883 397.327 398.343 399.128 398.803 400.929 401.945 401.945 402.405 403.19 402.865 404.991 406.006 406.236 405.681 406.696 406.926 406.601 406.831 407.617 409.187 408.862 409.092 408.767 408.211 409.227 409.457 409.687 411.258 408.806 408.481 408.711 408.941 409.956 408.846 407.735 408.75 408.195 407.084 407.544 407.774 407.449 406.338 405.228 405.458 405.132 404.022 404.252 403.141 402.03 402.49 400.824 401.61 397.817 399.388 397.722 396.841 396.286 396.516 394.85 393.184 392.629 390.962 391.423 389.526 389.201 387.535 386.98 385.314 384.203 381.751 380.085 380.315 378.649 380.315 380.085 381.751 382.862 384.528 385.639 387.305 387.63 389.526 389.852 390.962 392.073 394.525 394.85 396.516 396.841 396.056 399.063 397.492 400.499 401.054 401.935 401.15 402.26 402.586 402.911 404.022 406.473 405.458 405.783 406.338 408.004 406.434 407.544 408.655 407.64 408.75 409.076 408.846 408.06 408.386 409.496 408.481 409.036 408.021 407.791 409.457 409.227 408.767 407.981 407.196 408.862 408.632 407.617 407.386 407.156 406.926 406.696 406.466 406.236 404.665 404.435 404.761 403.19 402.96 402.73 401.714 400.374 402.04 398.573 398.898 397.883 396.312 396.082 396.637 393.17 392.94 392.71 391.695 389.569 387.998 387.768 386.982 385.412 383.841 384.396 382.04 380.469 379.684 378.113 379.684 381.255 382.04 383.611 383.841 384.856 386.982 387.213 390.679 390.909 391.695 391.37 394.281 394.511 394.741 396.312 396.312 398.113 398.343 399.914 398.803 400.374 400.374 402.175 402.405 403.975 404.761 404.991 404.665 404.896 406.466 406.696 406.371 405.816 407.386 407.617 409.187 405.625 409.092 408.767 408.767 408.441 409.457 407.561 409.362 410.147 408.481 409.496 408.386 408.616 408.846 409.076 407.41 407.64 407.314 407.544 406.434 405.323 405.783 405.228 405.458 405.132 404.022 403.696 403.926 402.26 401.705 401.38 400.269 399.158 400.174 397.167 396.611 396.286 395.961 394.85 393.184 393.414 392.303 389.852 389.526 387.63 386.75 386.98 384.758 382.862 381.751 381.426 378.419 378.649 380.315 381.426 381.751 382.862 384.528 386.424 385.409 387.86 388.971 389.852 391.748 392.629 395.865 396.191 395.175 396.286 396.056 397.167 399.388 399.158 401.61 400.039 401.15 402.26 402.586 404.252 403.466 405.132 405.458 405.228 406.338 405.323 406.434 407.544 405.974 407.084 407.41 408.52 410.186 409.956 408.386 410.052 408.481 408.806 409.362 409.131 408.671 408.441 408.767 408.767 407.196 409.417 407.291 408.402 406.831 406.601 406.926 405.356 406.466 406.236 406.006 404.991 405.546 403.19 402.96 402.73 401.945 400.374 398.803 398.573 398.343 397.327 397.883 396.312 394.741 393.17 393.496 392.71 391.14 389.569 389.339 387.768 387.538 386.752 385.182 383.611 381.255 381.255 379.684 378.113
380.469 381.255 383.611 385.182 385.967 387.538 385.872 388.783 389.569 391.14 391.925 391.6 394.511 395.297 396.082 397.883 397.883 398.898 399.128 400.699 401.484 401.714 400.834 402.405 404.531 406.102 404.435 406.006 404.896 406.466 406.696 406.926 408.497 407.386 408.957 407.847 409.417 407.196 408.767 407.656 409.227 408.901 409.687 409.362 410.147 408.481 409.496 408.386 407.83 411.527 407.735 407.41 407.64 407.314 407.544 406.434 405.323 405.783 405.228 405.458 405.132 404.022 404.252 402.586 402.816 401.15 401.38 401.054 399.944 400.174 397.167 396.056 396.286 395.175 394.85 393.184 392.073 392.303 389.852 389.526 388.646 386.98 385.639 383.187 384.203 380.966 380.871 381.101 378.094 379.76 381.426 382.537 382.862 385.314 386.98 386.75 387.86 388.971 391.423 390.962 393.414 393.184 394.295 395.175 396.516 398.738 397.722 398.277 400.499 401.61 400.039 403.831 402.26 402.586 404.252 406.703 405.132 405.458 405.783 405.783 406.108 407.774 407.544 406.529 407.084 408.75 409.076 408.06 407.83 410.282 408.156 409.036 408.251 408.021 408.346 408.116 408.441 408.997 408.537 407.196 408.862 407.847 407.617 407.386 405.816 407.712 406.696 406.466 407.577 406.006 404.435 402.865 403.19 403.745 402.175 401.945 400.374 400.699 401.024 397.557 398.113 396.542 396.082 394.741 394.511 392.94 391.925 391.14 389.569 390.679 389.109 387.538 385.967 385.182 382.825 382.04 381.255 379.684 378.113 378.898 380.469 382.04 382.27 384.626 386.752 387.538 385.872 389.339 392.25 391.14 392.71 391.6 393.17 394.741 396.312 397.097 397.883 398.343 399.128 402.04 400.374 400.604 402.175 403.745 403.975 402.865 404.435 406.006 405.451 405.681 406.696 407.712 406.601 406.831 407.847 407.291 407.521 407.196 408.767 408.997 409.227 408.116 409.131 407.465 409.592 409.822 408.711 408.386 408.616 408.846 408.52 407.41 407.084 408.655 406.759 407.774 406.664 406.894 405.228 405.458 405.132 404.022 402.356 402.586 402.816 402.49 401.38 401.054 400.499 399.388 397.167 398.738 396.286 395.961 394.85 394.295 393.414 390.962 391.423 389.526 387.63 388.09 385.639 385.314 382.862 382.537 380.871 380.315 378.649 381.101 380.641 382.537 383.648 384.758 385.639 387.305 389.201 389.526 389.852 390.962 392.073 392.399 394.85 395.961 396.516 397.397 399.063 398.833 399.158 399.483 400.039 401.705 402.26 403.141 403.696 405.362 405.132 405.458 406.568 406.338 405.323 405.648 407.544 408.655 407.084 408.75 407.735 408.846 408.616 408.386 408.711 409.036 408.806 409.362 409.687 409.457 409.227 410.338 408.767 409.647 409.417 407.291 408.957 406.831 407.942 405.586 406.696 405.126 404.896 406.006 404.435 402.865 404.531 402.405 403.515 401.945 400.374 400.699 400.469 398.898 397.327 396.542 396.312 395.297 395.066 392.94 391.37 391.14 389.569 387.443 389.109 386.982 385.967 385.967 382.825 380.699 381.255 379.684 378.113
381.255 381.255 382.825 384.396 384.856 385.642 387.768 389.339 389.569 391.14 390.029 391.6 393.17 394.741 396.082 397.097 398.113 398.343 400.469 400.699 400.929 401.714 402.73 402.405 402.635 402.865 404.991 404.665 406.236 406.466 406.696 406.926 405.816 407.386 407.617 408.077 408.862 407.196 408.537 407.656 408.441 408.901 409.131 409.917 408.806 409.266 410.052 408.386 409.956 408.846 409.076 407.965 407.084 408.655 407.544 407.774 406.108 406.894 405.228 403.562 405.132 403.236 404.482 402.586 402.26 400.364 400.039 401.054 399.158 397.492 398.507 398.738 396.286 394.62 394.85 393.184 392.073 390.962 389.852 389.526 387.86 386.98 385.084 385.314 384.203 382.537 380.085 378.419 378.094 378.975 380.871 381.751 384.203 384.528 386.98 388.09 387.63 389.526 389.852 392.303 392.073 395.865 396.191 395.961 396.286 396.611 396.381 398.833 400.499 400.039 401.38 401.705 402.816 402.586 403.696 404.022 405.132 405.458 405.783 406.338 408.004 406.434 406.759 407.314 407.084 408.75 409.076 408.29 408.06 408.386 408.711 408.481 408.806 411.258 409.687 409.457 408.671 408.997 408.767 410.988 407.521 409.187 407.617 406.831 406.601 406.926 406.696 405.126 404.896 404.665 404.435 404.761 404.531 403.745 402.73 401.945 400.374 400.699 398.573 398.343 398.668 397.883 396.312 394.741 394.511 394.836 391.37 391.14 390.354 389.339 387.213 387.538 385.967 384.396 382.825 381.485 380.469 378.898 378.113 379.684 381.255 382.04 384.396 385.182 385.967 387.538 389.109 387.998 392.25 391.695 392.71 392.94 396.963 394.741 396.312 397.883 396.772 399.454 399.128 400.699 400.374 401.159 401.945 402.96 404.531 406.102 404.435 406.006 404.896 406.466 406.696 406.926 405.816 408.172 407.847 407.291 409.417 409.092 407.981 408.211 407.886 409.457 409.131 409.362 410.147 409.036 410.052 408.386 409.956 407.505 407.735 406.069 407.64 407.314 407.544 407.774 408.004 406.338 406.013 405.458 405.132 405.362 402.911 402.586 404.156 403.831 401.38 399.483 400.499 398.833 399.063 396.056 396.286 395.961 396.191 393.184 393.414 391.518 389.852 389.526 387.305 387.535 386.98 383.187 382.862 382.537 381.426 378.975 378.094 379.76 381.426 381.751 384.988 383.187 385.084 386.75 389.201 389.526 390.637 390.962 393.414 392.399 394.85 395.175 396.516 396.056 398.507 399.388 399.944 400.269 401.38 402.49 402.816 403.926 404.252 403.236 405.132 405.458 406.013 406.894 405.323 406.434 407.544 408.655 408.195 406.069 409.076 408.846 407.275 408.941 408.711 409.036 408.806 408.576 407.791 408.116 408.441 408.211 408.767 409.092 409.417 409.187 408.957 407.386 406.601 406.926 406.696 405.681 404.896 406.006 404.435 402.865 403.19 403.515 402.175 401.159 400.374 399.358 400.469 398.343 396.772 397.097 396.312 395.297 393.17 394.836 391.37 391.14 389.569 389.339 389.109 385.642 385.967 384.396 383.611 382.04 380.469 378.898 378.113
381.255 382.825 384.396 384.396 385.967 386.982 387.213 387.998 389.569 391.14 391.37 392.94 394.511 395.297 396.312 397.097 397.327 398.898 397.232 398.803 400.929 400.374 402.175 402.96 402.635 404.205 405.546 404.665 404.896 406.466 406.926 406.926 406.601 407.386 407.847 409.187 408.862 409.092 408.767 408.997 409.227 408.116 409.687 409.362 410.147 408.481 406.815 408.386 408.06 407.505 409.076 409.306 407.084 407.87 406.759 406.434 408.004 405.783 406.013 405.458 403.562 403.466 404.252 403.141 402.816 402.49 401.935 401.054 399.388 398.833 397.722 396.056 396.286 395.175 392.724 393.739 392.073 391.748 389.852 389.526 389.201 385.409 385.084 383.187 382.862 381.751 381.426 381.101 378.094 380.315 381.426 382.537 384.988 385.314 385.639 386.98 387.86 389.526 389.852 391.748 392.073 393.184 392.724 395.961 397.627 396.056 397.722 398.833 400.499 400.269 401.38 403.046 400.689 402.586 402.911 403.466 405.132 404.902 406.568 406.894 408.004 406.434 407.544 407.084 408.195 405.513 407.735 408.846 409.956 408.386 408.711 409.036 409.036 408.021 409.131 408.116 409.227 408.997 408.767 407.196 409.417 407.291 407.847 408.172 407.942 406.926 406.696 405.681 404.896 404.665 404.205 402.865 402.635 402.96 402.73 401.945 400.374 400.699 400.469 398.898 397.327 397.883 396.312 395.297 394.511 393.496 392.71 391.14 390.909 387.998 387.768 387.538 385.967 385.967 383.611 382.825 381.255 379.684 378.113 378.898 380.469 381.485 382.825 385.182 385.967 387.538 389.109 389.339 392.25 391.14 391.37 392.94 395.066 395.297 395.527 395.757 398.113 398.898 400.469 398.803 400.929 401.159 402.73 402.405 401.294 404.761 404.435 404.435 405.681 405.681 406.696 406.926 408.497 407.386 408.957 409.187 408.862 408.307 408.767 407.656 408.441 409.457 407.561 408.576 410.147 408.481 408.711 410.282 408.06 408.846 407.735 407.41 407.64 407.084 407.544 407.774 406.108 405.783 406.568 405.458 405.132 404.022 404.252 403.926 400.689 402.26 401.38 399.713 400.499 398.277 396.381 396.056 396.286 395.961 392.724 393.184 393.414 392.303 389.852 389.526 387.86 386.75 385.084 383.187 382.862 382.537 381.426 378.975 376.523 378.975 381.426 381.751 384.203 385.314 386.98 387.305 387.86 389.526 391.423 391.748 392.073 393.184 394.295 395.961 396.286 396.611 399.063 398.833 399.158 401.61 401.38 401.705 400.689 403.926 402.911 404.022 405.132 405.458 405.228 406.894 405.323 408.33 407.544 407.084 407.64 407.965 409.306 408.846 407.83 408.386 408.711 408.481 409.036 408.576 409.687 409.457 409.227 409.552 407.981 407.751 408.862 408.077 407.617 407.386 408.497 406.926 405.356 406.466 404.896 404.665 404.991 404.205 401.294 402.405 402.175 401.159 400.929 402.04 399.128 398.898 397.327 397.097 396.312 395.297 395.852 394.281 393.266 391.14 390.909 387.998 387.768 385.642 385.967 383.841 383.611 381.255 380.469 378.898 378.113
380.469 381.485 384.396 384.396 385.967 387.538 389.109 387.998 389.569 391.14 392.71 392.94 395.066 396.637 396.312 397.097 397.883 398.898 399.914 400.699 400.374 400.604 402.175 402.96 404.531 402.865 404.991 403.88 406.236 406.466 405.356 406.926 408.497 407.386 407.617 409.417 409.417 409.092 408.767 408.997 409.227 409.457 408.346 408.576 410.147 409.266 408.711 408.386 407.83 408.846 408.52 407.965 408.195 406.529 406.759 406.434 406.664 406.894 405.228 404.902 405.132 404.022 403.696 402.586 402.816 401.15 400.594 400.269 399.158 397.492 398.507 397.397 396.286 395.961 392.724 393.184 393.414 391.748 391.423 388.971 387.86 387.305 386.424 385.314 382.862 382.537 380.871 379.76 376.523 379.76 380.085 382.537 382.862 386.654 386.424 386.75 387.63 389.526 391.423 391.748 392.859 395.865 394.85 395.175 394.945 397.397 397.167 398.833 399.158 398.928 401.38 401.705 402.26 402.586 403.696 406.703 405.132 404.902 406.568 406.338 406.108 407.774 406.759 407.084 407.64 408.75 408.52 408.29 408.616 408.386 408.711 409.036 410.147 408.576 409.687 408.116 409.227 408.997 408.537 409.092 409.417 409.187 407.847 407.386 405.816 407.712 406.696 406.466 405.451 404.435 404.435 404.205 404.531 403.515 402.73 401.945 400.929 400.699 397.232 398.898 397.327 396.542 396.312 395.297 393.17 394.836 391.37 391.14 390.909 390.679 389.109 387.538 385.967 385.967 383.611 381.255 380.469 379.684 378.113 379.684 381.255 382.04 383.611 384.396 384.856 385.642 387.213 389.339 390.909 391.14 393.266 394.836 395.066 395.297 396.312 397.097 396.772 398.898 398.573 398.803 400.374 400.604 402.73 402.405 404.531 405.546 404.435 406.006 404.896 405.126 405.356 406.926 406.601 408.172 407.617 407.847 408.862 409.092 408.537 407.656 408.441 408.116 409.687 409.917 409.036 409.036 409.496 406.815 409.956 408.06 408.52 408.75 407.64 406.529 407.544 406.434 405.323 405.553 405.228 405.458 403.792 404.022 403.696 402.586 402.26 403.831 401.38 398.928 399.944 397.492 397.167 396.611 396.516 395.961 394.295 394.295 392.073 391.748 390.637 389.526 387.86 388.09 386.424 385.314 384.988 382.537 380.871 378.419 378.094 378.975 380.871 382.537 382.862 386.654 385.084 386.75 387.86 389.526 390.637 391.748 392.073 393.184 394.065 394.945 396.286 396.056 399.063 398.833 399.944 401.61 401.38 401.705 402.26 402.586 404.252 403.236 405.132 405.458 405.228 405.553 406.108 406.434 406.759 407.87 408.98 408.75 407.735 407.505 409.956 410.282 408.711 409.036 409.036 409.362 409.687 409.457 408.441 408.767 408.767 407.751 409.417 407.847 407.617 410.068 406.601 406.926 406.926 406.466 404.896 405.221 404.435 404.761 404.531 402.96 402.175 401.945 400.929 400.699 399.914 398.898 398.668 397.883 395.527 394.741 393.17 394.281 392.71 391.14 390.909 389.339 385.872 387.538 385.967 383.841 382.27 382.04 380.469 379.684 378.113
380.469 382.04 383.055 385.182 385.412 387.538 389.109 387.998 390.909 391.14 392.71 391.6 395.066 396.637 396.312 397.097 397.327 398.898 400.469 400.699 400.374 401.945 402.175 402.96 401.294 404.761 404.991 404.665 406.236 406.466 406.696 406.926 408.497 410.068 407.617 407.847 408.862 409.092 408.767 408.997 409.227 409.457 409.687 409.362 408.806 409.822 410.052 410.282 409.956 408.846 409.076 408.75 407.64 407.314 406.759 406.434 406.108 406.894 406.568 405.458 403.562 402.681 404.252 404.482 404.156 401.705 401.38 400.269 397.817 399.388 398.507 398.738 396.841 394.62 394.85 393.184 392.073 391.748 390.637 389.526 389.201 386.98 386.424 384.758 382.862 382.537 381.426 379.76 378.649 381.101 381.426 382.537 382.862 385.869 386.424 388.09 388.646 389.526 390.637 390.962 392.073 393.739 392.724 395.961 396.286 396.611 397.167 398.833 400.499 401.61 400.039 401.15 403.371 402.586 404.252 404.022 404.347 405.458 405.228 405.783 406.664 406.434 407.544 407.87 408.195 406.624 408.52 408.06 407.83 408.941 409.496 409.822 411.488 409.362 409.687 409.457 409.227 408.997 408.767 407.196 407.521 408.632 408.957 407.386 408.497 406.926 405.356 405.126 404.896 406.006 404.435 402.865 404.531 402.405 401.389 401.714 400.374 398.803 397.232 398.343 398.113 397.097 396.312 394.741 393.17 393.496 392.71 391.14 390.124 387.998 389.109 387.538 385.412 383.286 384.396 382.04 380.469 379.684 378.113 379.684 381.255 382.04 382.825 385.182 385.967 386.982 389.109 389.339 389.569 391.14 391.37 391.6 393.17 395.297 396.312 396.542 397.327 398.898 399.128 400.699 400.374 401.714 401.945 402.96 403.975 402.865 404.435 404.665 404.896 406.466 406.696 406.926 408.497 406.276 407.617 408.632 407.521 409.092 408.767 408.211 409.227 409.457 409.131 409.362 408.806 408.481 408.711 408.941 408.06 408.29 407.18 408.75 406.854 408.655 407.544 406.434 406.664 405.783 405.228 405.458 403.792 405.362 403.696 402.586 400.689 401.15 401.935 399.483 399.944 398.833 399.063 397.397 396.286 394.62 394.295 393.184 392.073 392.303 389.852 389.526 387.86 385.409 386.98 386.654 382.862 382.537 381.426 378.419 376.523 378.419 380.871 382.537 384.203 385.314 386.98 386.75 387.63 389.526 389.852 390.962 392.073 393.184 394.295 396.516 396.286 397.167 399.063 398.277 400.499 401.054 401.38 401.15 402.816 403.141 403.696 404.022 404.347 405.458 406.568 406.338 406.664 407.774 407.544 408.655 408.98 406.624 409.076 408.846 409.956 408.386 408.711 408.481 408.806 409.362 408.346 408.116 409.227 407.656 409.877 407.196 407.521 407.291 408.957 406.831 408.497 406.926 407.252 405.126 406.236 404.665 404.205 404.761 403.19 402.405 401.389 401.945 400.929 402.04 397.232 398.343 397.883 396.542 396.312 394.741 393.17 393.496 391.37 391.14 389.569 388.783 389.109 387.538 386.752 385.182 382.825 382.04 380.469 379.684 378.113
380.469 381.485 383.611 383.841 385.412 385.642 387.768 387.998 389.569 391.14 392.71 394.281 393.17 395.297 395.527 396.542 397.883 398.898 399.914 400.699 400.374 401.159 402.175 402.405 403.975 402.865 404.435 404.665 404.896 405.681 405.356 406.371 408.497 407.386 408.402 408.632 408.862 407.751 408.767 408.997 409.227 408.116 408.346 408.576 408.806 408.481 410.052 408.386 408.386 407.505 408.52 408.75 407.64 407.084 406.759 407.774 408.004 405.783 405.228 405.458 405.132 404.022 404.252 403.141 400.689 401.705 400.039 400.039 399.944 397.492 399.063 397.397 396.286 395.961 394.295 395.865 393.969 392.303 391.423 389.526 387.86 387.305 385.084 385.869 382.862 381.751 380.641 378.975 378.094 380.315 381.426 383.878 382.862 384.528 385.639 387.305 389.201 389.526 389.852 391.748 392.073 392.399 394.85 394.945 394.945 398.738 399.063 398.833 399.158 401.61 400.039 403.831 402.26 402.586 403.696 403.236 405.132 405.458 405.228 406.894 408.004 407.774 406.759 407.87 408.195 407.965 408.52 408.846 409.956 410.282 410.052 409.036 409.592 408.576 409.687 408.116 409.227 408.997 409.322 409.647 408.862 407.291 407.617 407.386 408.497 405.586 406.696 406.466 406.236 403.88 404.435 404.761 404.531 404.301 400.834 400.604 400.374 398.803 400.469 398.343 399.454 397.097 395.527 394.741 395.066 394.281 391.37 391.14 389.569 387.998 389.109 387.538 385.967 384.396 383.611 382.825 381.255 379.684 378.113 379.684 381.255 381.255 382.825 385.182 384.856 383.746 389.109 389.339 389.569 391.14 392.71 394.836 393.17 395.297 396.312 397.883 397.883 398.343 399.128 398.803 400.929 401.945 402.175 402.96 403.975 402.865 404.435 406.006 405.451 406.466 407.252 406.371 407.156 407.386 407.617 407.847 407.521 407.196 408.767 408.211 409.227 408.901 410.472 408.576 408.806 409.266 408.711 408.386 409.956 408.29 408.52 408.75 407.084 406.529 407.544 407.774 406.108 406.894 405.228 405.458 405.132 404.022 402.911 404.482 402.26 400.364 401.935 400.269 400.499 398.833 397.722 397.397 396.841 395.175 394.295 393.184 392.073 390.962 389.852 388.416 387.63 386.98 385.639 385.314 384.203 382.537 380.871 378.419 376.523 379.76 380.085 382.537 382.862 385.314 386.424 386.75 387.86 389.526 390.637 390.962 392.629 393.184 395.405 394.62 396.286 396.611 399.063 398.833 399.944 401.054 401.38 401.15 404.156 402.586 402.911 403.236 405.132 405.458 406.568 405.553 406.664 408.33 407.544 408.655 408.195 407.41 407.735 407.505 409.956 410.282 408.711 408.481 410.147 408.576 408.346 409.457 409.227 410.338 408.767 409.092 408.862 407.291 407.617 406.831 408.497 406.926 406.696 406.466 404.896 404.665 404.435 404.761 401.294 402.96 402.175 401.714 400.374 400.699 399.128 397.557 397.327 397.097 396.312 394.741 393.17 394.836 392.71 391.14 389.569 390.679 387.768 387.538 385.967 384.396 382.27 381.255 381.255 379.684 378.113
380.469 381.255 383.611 384.626 385.967 387.538 389.109 389.339 389.569 391.14 391.37 392.94 393.17 394.741 396.082 397.883 396.772 400.239 397.232 400.699 400.929 401.159 402.175 402.96 402.635 406.102 405.546 406.006 404.896 406.466 405.356 406.926 407.156 406.831 408.957 409.417 409.417 409.092 408.767 408.211 409.227 408.116 409.131 408.021 409.592 408.481 408.711 408.386 409.956 408.846 409.076 408.75 408.98 407.084 406.759 406.434 406.664 405.553 405.228 403.562 406.473 404.022 404.252 402.586 402.816 400.364 401.38 398.928 399.158 398.277 397.722 396.611 396.286 394.62 394.065 393.739 392.629 392.303 389.852 389.526 389.201 386.75 386.98 385.314 382.862 382.537 380.085 378.975 378.094 378.975 381.426 382.537 384.203 385.869 385.639 387.535 387.86 388.186 389.852 391.748 392.073 393.739 394.065 396.516 396.286 396.611 399.063 398.833 400.499 399.713 400.039 400.364 404.156 403.926 404.252 405.362 403.562 405.458 406.568 406.894 405.878 406.434 407.544 406.529 407.64 407.965 409.076 408.846 407.83 410.282 408.711 409.822 409.036 408.021 409.131 409.457 409.227 408.997 409.322 409.092 408.862 408.632 407.617 406.831 405.816 406.926 406.696 406.466 406.236 404.665 404.991 402.865 403.19 403.745 402.175 401.714 401.484 400.699 397.232 398.898 398.668 397.097 396.312 394.741 395.066 394.281 392.71 391.14 389.569 389.339 385.316 386.982 384.856 383.841 383.611 382.825 381.255 378.898 378.113 378.898 381.255 382.04 384.396 383.841 385.412 387.538 387.213 389.339 390.909 391.14 392.71 394.836 395.852 394.741 396.312 397.097 398.113 398.898 400.469 400.699 400.374 401.714 402.175 402.96 403.975 402.865 402.865 406.006 406.236 405.126 406.926 406.926 406.601 406.831 407.617 407.847 409.417 409.092 407.981 408.997 408.441 408.116 407.791 408.021 409.592 408.481 409.496 408.941 407.83 408.06 408.52 408.75 407.64 405.974 408.885 407.774 405.323 406.894 403.887 405.458 403.562 403.466 403.696 401.8 400.689 403.046 401.38 398.928 399.158 398.833 397.722 396.841 396.841 395.175 394.85 395.865 392.073 390.962 390.637 389.526 387.86 385.409 385.084 384.528 383.648 382.537 380.085 380.315 376.523 380.315 380.085 382.537 386.329 384.758 386.424 387.305 389.201 389.526 389.852 390.962 393.414 393.739 394.295 395.961 394.945 396.611 398.507 398.833 399.388 399.713 400.594 401.15 402.26 402.586 402.911 404.022 405.132 405.458 407.354 406.338 405.323 406.434 406.759 407.084 407.084 407.965 407.18 408.06 407.83 409.726 408.711 408.481 408.806 408.576 409.687 409.457 409.227 408.767 407.196 407.751 408.862 407.847 407.617 406.276 405.816 406.926 406.696 405.681 404.896 404.665 404.991 404.761 402.635 402.405 403.515 401.714 400.929 398.803 400.469 398.898 398.668 397.883 395.527 394.741 395.066 394.836 391.925 391.14 389.569 389.339 389.109 387.538 385.967 384.396 384.396 381.255 380.469 379.684 378.113
379.684 381.485 383.055 385.182 385.967 387.538 386.427 390.679 389.569 391.14 391.37 394.836 396.407 394.741 395.527 396.312 398.113 398.898 398.573 402.04 400.929 401.714 401.945 402.405 403.19 404.761 404.435 404.665 404.896 405.681 406.696 406.926 408.497 406.831 407.617 407.291 408.862 407.196 408.537 408.997 409.227 408.116 410.472 409.362 408.806 408.481 410.052 408.386 409.956 408.846 407.735 407.41 408.98 407.87 408.1 406.434 406.108 406.338 405.228 405.458 405.132 405.362 402.911 403.141 402.816 400.364 401.935 398.928 400.499 400.174 396.381 397.397 396.516 395.175 396.191 393.739 393.414 392.303 389.852 389.526 387.86 386.75 386.424 384.528 382.862 381.751 381.426 378.975 378.649 380.315 381.426 382.537 384.203 385.869 386.98 388.09 389.201 389.526 391.193 391.748 392.629 393.184 392.724 395.175 396.516 396.611 399.063 398.833 400.499 401.054 401.935 401.705 402.26 402.586 404.252 404.022 405.132 405.458 406.568 405.783 406.108 406.434 406.759 408.655 407.084 409.306 409.076 410.186 407.83 410.282 408.711 410.607 408.806 408.021 407.791 409.457 409.227 407.656 408.767 409.092 408.862 409.187 407.617 407.386 407.942 406.926 405.356 405.911 404.896 403.88 404.435 404.205 403.975 402.96 403.515 400.374 400.929 400.699 399.128 397.002 398.668 397.097 396.867 394.741 393.17 394.281 392.71 391.14 389.569 389.339 389.109 387.538 385.967 384.396 383.611 382.04 381.255 378.898 378.113 378.898 381.255 381.485 382.825 384.396 385.967 387.538 389.109 390.679 390.354 391.14 392.71 391.6 393.17 395.297 396.082 395.757 397.327 398.898 398.573 400.699 400.374 401.159 402.73 402.405 403.19 402.865 404.991 404.665 407.577 406.466 406.696 406.926 408.497 406.831 407.617 407.291 408.862 409.092 408.537 410.338 409.227 409.457 407.791 409.362 410.147 409.266 408.711 408.386 407.83 407.505 407.735 408.75 407.64 406.529 406.759 407.774 405.323 405.553 406.568 405.458 405.132 404.022 402.911 402.586 400.689 401.705 400.594 401.054 399.388 398.833 397.722 396.611 396.841 395.175 395.405 393.184 392.073 391.748 389.852 389.526 387.63 387.535 385.084 386.654 384.203 382.537 381.426 378.419 378.649 378.419 381.426 381.751 382.862 386.654 385.639 387.305 389.201 389.526 389.852 392.303 393.414 393.739 396.191 394.62 396.516 397.397 397.167 397.492 400.499 398.928 401.38 400.364 402.26 403.926 402.911 404.022 405.132 404.902 405.228 406.338 406.108 406.434 407.544 407.314 408.98 408.75 409.076 407.735 408.06 408.386 408.711 409.266 409.036 408.021 409.687 408.116 409.227 408.441 408.767 409.647 407.521 407.291 407.847 406.831 406.601 407.712 405.356 406.466 404.896 404.665 404.435 404.205 403.19 402.96 402.175 401.945 400.374 400.699 400.469 398.898 398.113 397.883 395.527 395.297 395.066 393.496 393.266 391.14 389.569 390.679 386.427 385.642 385.412 383.841 383.611 382.825 380.469 379.684 378.113
381.255 382.825 383.611 384.396 385.967 387.538 385.872 389.339 389.569 391.14 393.266 392.94 396.407 394.741 396.312 397.097 398.113 398.343 400.469 402.04 400.374 401.159 403.515 402.405 404.531 402.865 404.435 404.665 405.451 406.466 405.356 406.926 405.816 407.386 407.617 408.077 408.862 409.092 408.537 407.656 409.227 409.457 409.687 408.576 409.036 408.481 408.156 408.386 407.83 408.846 408.52 407.41 408.98 408.655 406.759 406.434 406.108 405.553 405.228 405.458 405.132 405.362 403.696 403.141 402.26 403.831 401.935 400.269 399.158 398.833 396.381 396.841 396.841 394.62 396.191 393.184 392.073 390.962 389.852 389.526 389.201 386.75 386.98 385.314 384.203 382.537 380.871 379.76 378.649 380.315 381.426 382.537 382.862 384.758 385.639 388.09 389.201 388.971 391.423 390.962 393.414 394.525 394.85 395.175 396.516 397.397 398.507 398.833 399.944 400.039 401.935 401.15 403.371 403.926 404.252 404.022 405.132 405.458 405.783 406.338 406.108 406.434 407.544 408.655 408.195 407.41 409.076 408.29 409.956 408.941 408.711 408.481 410.147 409.362 409.687 409.457 408.441 408.997 408.767 409.647 407.521 409.187 407.617 406.831 405.816 407.712 406.696 405.681 406.236 406.006 404.435 404.761 404.531 402.405 402.175 401.714 400.374 400.699 400.469 398.343 398.113 397.097 395.527 394.741 395.066 391.6 392.71 391.14 390.909 388.783 387.768 387.538 385.967 384.626 382.825 381.255 380.469 378.898 378.113 378.898 381.255 381.255 382.825 384.396 385.967 386.982 387.213 389.339 389.569 391.14 391.37 392.94 394.511 395.297 395.527 397.097 398.113 400.239 399.914 398.803 400.929 401.159 402.175 402.96 404.531 402.865 404.991 406.006 406.236 406.466 406.696 405.586 405.816 410.068 407.617 408.632 408.862 409.092 409.322 408.997 409.227 409.457 409.131 408.576 408.806 409.036 408.711 408.386 408.386 407.735 409.076 406.069 408.98 408.655 406.759 406.434 408.004 406.894 405.228 404.902 405.132 405.362 404.482 403.926 400.689 403.831 400.594 400.269 399.388 398.833 397.722 396.056 396.286 394.62 394.295 393.184 392.073 393.644 391.423 389.526 389.201 387.305 385.084 384.758 383.648 382.537 380.085 378.975 379.99 380.315 381.426 382.537 384.988 385.869 386.98 386.75 387.86 389.526 390.637 393.644 393.414 393.184 392.724 394.62 396.286 397.397 397.722 397.492 400.499 401.61 401.38 401.705 402.816 404.482 404.252 404.022 405.132 404.902 406.568 405.553 406.108 407.774 406.759 407.314 408.98 409.306 409.076 410.186 409.956 408.386 408.711 409.266 409.036 411.258 409.687 408.116 409.227 408.997 408.537 407.196 408.307 407.847 408.402 408.727 408.497 406.926 406.696 405.911 406.236 406.006 406.332 404.761 403.19 402.405 402.175 401.714 400.929 398.803 399.914 398.898 398.113 396.542 395.527 394.741 395.066 394.281 391.37 391.14 392.25 389.339 389.109 387.538 385.412 385.967 382.825 382.825 380.469 379.684 378.113
381.255 382.825 382.825 383.841 385.967 387.538 389.109 389.339 389.569 391.14 393.266 393.496 393.17 398.533 396.312 397.097 397.883 398.898 400.469 400.699 400.374 400.604 401.945 403.745 402.635 404.761 404.991 404.665 404.896 405.681 406.696 406.926 406.601 406.831 407.061 407.847 408.307 407.196 408.767 408.997 409.227 409.457 410.472 409.362 408.806 408.481 410.052 410.282 408.616 408.846 409.076 407.965 408.195 408.655 407.544 406.434 406.108 406.338 404.672 404.902 405.132 405.362 404.252 402.586 402.26 401.15 400.824 399.713 399.944 398.833 397.167 397.397 396.841 394.62 396.191 393.739 393.414 392.303 390.637 389.526 389.201 386.75 386.424 384.758 383.648 382.537 381.426 380.315 378.649 380.315 380.085 382.537 384.988 383.187 386.98 386.75 387.63 389.526 390.637 390.962 392.073 393.184 392.724 395.961 394.945 398.738 398.507 400.174 399.388 400.269 400.039 401.15 402.03 402.586 402.911 403.236 405.132 405.458 405.228 406.894 406.108 406.434 407.544 408.655 407.64 409.306 409.076 407.505 407.275 410.282 408.711 408.481 409.592 408.576 407.561 409.457 409.227 410.338 408.767 407.751 408.862 407.847 407.847 406.831 406.601 406.371 406.696 406.466 406.236 406.006 404.435 402.865 401.294 402.96 402.175 401.159 400.929 400.699 400.469 398.898 398.113 396.542 396.312 395.297 395.066 392.94 392.71 392.48 389.569 388.783 387.768 387.538 385.967 385.182 383.611 381.255 381.255 379.684 378.113 378.898 380.469 382.825 383.611 383.841 385.412 387.538 387.768 389.339 389.569 391.14 390.029 391.6 395.066 398.533 396.312 396.542 398.113 398.898 398.573 400.699 400.374 401.159 401.945 402.405 403.19 404.761 404.435 406.006 406.236 405.126 406.696 406.926 408.497 406.831 407.847 408.632 405.625 407.196 408.767 408.211 409.227 409.457 409.687 408.021 408.806 409.822 410.052 408.386 409.956 408.846 409.076 407.965 407.64 408.655 408.1 407.774 407.449 405.553 405.228 403.562 405.132 404.022 403.696 403.141 402.816 403.831 401.38 401.61 399.388 398.833 397.167 397.397 396.286 395.961 394.295 393.739 392.073 392.303 389.852 389.526 387.86 386.98 386.424 385.314 382.862 382.537 380.871 378.975 378.649 379.76 381.426 382.537 383.648 384.758 385.084 387.305 389.201 389.526 389.852 391.748 392.073 395.865 394.85 395.961 396.286 396.841 397.167 400.959 397.817 399.713 401.935 401.705 402.816 402.586 402.911 404.022 405.132 405.458 404.672 405.553 408.004 407.774 407.544 407.87 408.195 407.41 409.076 407.505 407.275 409.726 410.052 409.036 408.806 408.021 409.687 408.671 409.227 408.211 408.767 409.092 408.862 408.632 407.061 407.386 408.497 406.926 406.696 405.681 405.451 406.006 404.435 406.102 401.294 402.405 401.945 401.159 400.374 398.803 399.914 397.557 398.668 397.883 395.527 395.297 395.066 394.281 391.925 391.14 389.569 387.998 386.427 386.982 384.856 385.182 382.27 382.04 381.255 379.684 378.113
379.684 382.04 383.055 384.396 385.412 386.982 387.213 389.339 390.909 391.14 392.71 391.6 395.066 394.741 396.312 396.542 397.327 398.343 399.128 400.699 400.374 400.604 402.73 402.405 403.19 402.865 404.435 406.006 404.896 406.466 406.696 406.926 406.601 406.831 407.617 408.632 408.862 409.092 409.322 410.338 409.227 409.457 409.687 408.021 409.592 409.266 408.711 408.386 409.956 408.06 407.18 407.41 408.98 407.314 406.759 407.774 406.108 405.553 405.228 404.902 403.562 404.022 402.911 403.926 402.26 402.49 401.935 399.713 399.158 397.492 399.063 396.611 396.286 396.516 392.724 395.865 393.414 390.962 391.423 389.526 387.63 386.98 385.084 385.314 384.203 382.537 380.871 379.76 378.649 381.101 381.426 382.537 382.862 385.314 386.424 387.535 389.201 389.526 389.852 390.962 393.414 392.399 394.85 394.62 396.286 396.841 397.722 400.174 399.944 400.269 401.38 401.15 402.816 403.926 402.911 404.022 405.132 405.458 405.783 405.553 407.449 407.774 407.544 407.084 408.98 409.306 407.735 408.846 407.83 406.815 408.711 409.036 408.806 409.362 409.687 409.457 408.441 408.211 407.196 409.647 408.862 407.847 407.061 406.831 407.942 406.926 406.696 405.681 404.896 404.665 404.435 404.205 401.294 402.405 403.515 401.945 400.374 398.803 401.024 398.898 396.772 397.883 396.312 394.741 395.066 393.496 393.266 391.14 389.569 387.998 389.109 386.982 386.752 385.182 383.611 382.04 380.469 379.684 378.113 378.343 381.255 382.825 382.825 383.841 385.967 387.538 389.109 387.998 389.569 391.695 393.266 392.94 395.852 395.297 396.312 397.097 398.113 398.343 401.024 398.803 402.27 401.945 402.175 402.96 404.531 404.761 404.435 404.665 406.236 406.466 407.252 406.926 408.497 406.831 408.957 407.847 408.862 409.092 408.767 408.211 409.227 408.116 409.131 411.258 408.806 408.481 408.711 408.386 407.275 408.846 407.18 406.069 407.084 406.529 406.759 406.434 407.449 405.783 406.568 405.458 405.132 404.022 402.911 401.245 402.26 401.705 400.039 401.61 399.158 399.388 397.722 397.397 396.286 394.62 394.85 393.184 393.969 391.748 390.637 389.526 387.63 385.409 385.084 385.314 382.862 382.537 381.426 378.419 378.649 381.101 380.871 381.751 384.203 383.187 385.084 387.305 389.201 389.526 389.852 390.962 393.414 395.865 394.85 395.175 396.286 397.397 397.167 398.277 400.499 399.713 401.38 402.49 402.26 403.926 403.696 404.022 405.132 405.458 405.228 405.783 407.449 406.434 406.759 408.655 407.084 407.965 409.076 408.846 408.616 408.386 408.711 409.266 408.806 408.576 409.687 409.687 409.227 408.767 408.767 407.196 408.862 408.632 407.617 407.386 405.816 406.371 406.696 406.466 404.896 406.006 404.991 404.761 404.531 404.301 401.389 401.945 400.929 400.699 399.128 398.343 398.668 397.097 396.082 395.297 395.066 394.281 393.266 391.14 389.569 390.679 386.427 387.538 385.412 384.626 383.055 382.825 380.469 379.684 378.113
381.255 381.255 383.055 384.396 386.197 387.538 387.768 387.998 389.569 391.14 392.71 391.6 396.407 395.297 396.312 396.542 396.772 398.898 397.232 400.699 400.374 401.945 401.945 402.405 404.531 402.865 405.546 404.665 406.236 406.466 405.356 406.926 405.816 407.386 407.617 408.632 408.862 407.196 408.767 408.997 408.671 408.671 409.687 408.021 408.806 409.822 410.052 410.282 409.956 407.735 409.076 408.75 407.64 407.87 406.759 407.774 406.108 405.553 405.228 405.458 405.132 406.703 402.911 403.141 403.371 401.705 400.039 400.269 400.499 398.833 397.722 398.738 396.286 394.62 394.85 395.865 392.073 392.303 391.193 388.186 389.201 387.305 385.639 385.314 382.862 382.537 380.085 380.315 379.99 379.76 380.871 382.537 383.648 384.758 385.084 387.535 387.86 389.526 389.852 390.962 393.414 393.184 394.295 394.62 396.516 397.397 398.507 397.492 397.817 399.483 401.38 401.705 402.26 403.926 402.911 405.362 405.132 405.458 406.568 406.894 407.449 407.774 406.759 407.87 407.64 407.41 408.52 407.505 409.956 408.386 410.052 408.481 410.147 409.362 409.131 409.457 409.227 410.338 408.767 409.092 408.862 407.847 407.617 406.831 407.942 406.926 406.696 406.466 404.896 404.665 404.435 402.865 403.19 402.96 401.945 401.714 402.825 398.803 400.469 398.343 398.113 397.097 396.312 394.741 395.066 392.94 392.71 391.14 389.569 389.339 389.109 387.538 385.967 383.841 384.396 382.04 380.469 379.684 378.113 379.684 381.255 382.04 383.611 384.396 386.752 387.538 389.109 389.339 389.569 391.14 392.71 391.6 395.066 394.741 395.527 397.883 399.454 398.898 398.573 398.803 400.929 401.159 402.175 402.96 402.635 404.761 404.435 406.006 406.236 406.466 406.696 407.712 408.497 407.386 407.061 407.291 408.307 409.092 408.767 410.338 409.227 409.457 408.346 408.021 409.036 409.822 409.496 408.386 409.956 408.06 409.076 408.75 407.64 406.529 407.544 406.434 407.449 405.553 404.672 405.458 405.132 405.362 404.252 403.926 402.26 401.705 400.039 400.269 399.944 398.833 399.063 398.738 396.286 396.516 394.85 392.399 393.414 390.962 390.637 389.526 387.63 387.305 386.194 384.528 382.862 382.537 381.426 380.315 378.649 379.76 380.871 382.537 382.862 385.314 385.084 387.305 389.201 389.526 389.852 391.748 392.073 395.865 392.724 395.961 396.286 397.397 399.063 398.833 400.499 401.61 400.824 402.49 402.26 403.926 402.911 404.022 403.562 405.458 406.568 406.338 405.323 406.434 407.544 407.084 407.084 408.75 409.076 408.846 408.616 408.941 408.156 408.481 410.147 408.021 409.131 408.671 409.227 408.997 408.767 407.751 408.862 408.632 407.061 407.386 405.816 406.926 405.356 405.126 404.896 403.88 404.435 402.865 404.531 403.745 402.175 401.945 402.27 400.699 400.469 398.898 398.668 396.542 396.312 394.741 393.17 393.496 392.71 391.695 390.909 388.783 389.109 385.642 385.967 384.626 384.396 381.485 381.255 378.898 378.113
381.255 381.485 382.825 383.841 385.967 385.642 389.109 387.998 389.569 391.14 393.266 391.6 393.17 394.741 396.312 397.097 397.327 399.454 397.232 398.803 400.374 401.714 402.175 402.405 403.975 402.865 404.435 406.006 406.236 405.126 405.356 406.926 407.942 407.386 407.617 407.847 407.521 407.751 408.767 408.211 408.441 410.012 409.131 411.258 410.147 410.607 406.815 408.386 407.83 407.505 409.076 406.069 407.084 407.084 407.544 407.774 406.664 405.783 405.783 405.458 405.132 403.466 403.696 402.586 402.03 401.15 401.935 400.269 399.158 399.388 399.063 397.397 396.286 395.175 394.85 392.399 393.969 392.303 389.852 389.526 387.86 388.09 386.98 385.314 382.862 382.537 380.085 378.419 376.523 379.76 380.085 382.537 383.648 385.314 386.424 386.75 389.201 389.526 390.637 390.962 392.073 392.399 394.85 396.516 394.945 396.611 397.722 398.833 397.817 398.928 400.824 401.705 402.816 403.926 404.252 404.022 405.132 404.902 405.783 406.338 407.449 406.434 406.759 408.655 407.64 408.75 408.52 408.846 409.956 408.386 409.496 409.822 408.806 408.021 409.687 409.457 409.227 408.997 408.767 407.196 407.521 407.847 407.847 407.386 405.816 407.712 406.696 406.466 406.236 406.006 404.435 404.761 403.975 402.96 402.175 401.945 400.374 400.699 397.232 398.898 398.113 395.757 396.082 394.741 395.066 394.281 392.71 392.48 389.569 390.679 387.213 387.538 385.412 385.182 384.396 382.04 381.255 379.684 378.113 378.898 380.469 382.04 382.825 385.182 385.412 387.538 387.213 388.783 390.909 391.14 390.029 394.281 393.17 394.741 396.312 397.097 396.772 398.898 400.469 402.04 400.374 400.604 402.73 403.515 403.19 402.865 404.435 406.006 407.577 406.466 406.696 406.926 406.601 410.068 408.402 407.847 408.862 407.196 408.767 407.656 408.441 409.457 409.687 411.258 410.147 409.266 408.711 408.941 407.83 408.846 407.18 409.306 408.195 408.655 407.544 406.434 405.323 405.553 405.783 405.458 405.918 405.362 404.252 402.586 402.03 401.705 401.38 399.713 399.388 400.174 396.381 396.841 396.286 395.961 394.85 392.399 392.073 390.962 389.296 389.526 389.201 387.305 385.084 385.869 382.862 383.092 380.641 381.101 378.649 379.76 380.641 382.537 382.862 384.758 386.424 386.75 387.86 388.971 391.423 390.962 392.073 392.399 394.295 395.961 396.286 396.841 397.722 398.277 400.499 399.713 400.594 401.15 400.689 403.926 404.252 404.022 405.132 404.902 406.013 405.553 405.878 406.434 407.544 406.529 407.64 408.75 407.18 408.29 409.956 408.386 408.711 408.481 409.592 409.362 409.687 409.457 408.441 408.211 408.537 407.751 408.862 407.847 407.617 408.727 407.942 406.926 406.696 406.466 404.896 406.006 404.435 402.865 404.531 404.301 402.73 400.604 402.27 400.699 397.232 398.898 397.327 396.312 395.527 395.852 393.17 394.281 392.71 391.14 390.909 388.783 389.109 387.538 385.412 383.286 382.27 382.825 381.255 379.684 378.113
381.255 381.255 384.396 385.182 385.967 386.982 385.316 387.443 389.569 391.695 392.71 394.836 393.17 394.741 396.082 396.542 398.668 399.454 399.128 398.803 400.374 401.159 402.175 402.96 402.635 404.205 404.435 404.665 406.236 406.466 405.356 406.926 406.601 406.831 407.617 408.077 405.625 407.196 408.767 408.211 409.227 409.457 408.346 408.576 410.147 408.481 408.711 408.941 409.956 410.186 409.076 408.75 407.64 407.87 407.544 407.774 406.664 406.894 405.228 405.458 405.132 404.022 404.252 402.586 400.689 401.15 400.824 401.054 399.158 400.174 398.507 396.841 396.286 396.516 395.405 393.184 392.073 390.962 391.423 388.971 389.201 388.09 385.639 385.869 384.203 382.537 380.085 378.419 376.523 379.76 381.426 382.537 382.862 384.528 385.084 386.75 387.86 389.526 389.852 391.748 392.073 394.525 394.065 395.175 396.286 396.611 397.722 399.618 399.388 400.269 401.38 401.705 402.26 402.586 403.696 403.236 405.132 404.902 406.568 405.553 406.664 406.434 407.544 408.655 408.195 408.75 409.076 408.846 409.956 410.282 408.711 409.266 409.036 408.021 407.005 408.116 409.227 408.997 409.322 409.092 408.862 407.291 407.617 406.831 406.601 406.926 406.696 406.466 404.896 404.665 404.435 404.761 403.19 402.96 402.175 401.159 400.374 398.803 400.469 400.239 397.327 397.097 396.082 395.297 393.17 393.496 393.266 391.14 390.909 390.679 387.213 387.538 385.412 384.396 383.611 382.825 379.684 379.684 378.113 379.684 379.684 382.04 383.611 384.396 385.412 387.538 387.213 387.998 389.569 391.14 391.925 394.281 395.066 395.297 396.312 397.097 398.668 398.343 400.469 400.699 400.374 401.159 402.175 402.96 405.086 404.205 404.435 406.006 404.896 405.126 406.696 405.586 407.942 410.068 408.957 408.077 408.862 407.196 409.877 410.338 408.441 408.116 409.131 408.576 408.806 409.266 408.711 410.282 408.386 408.846 409.076 409.306 408.195 408.655 407.544 406.434 406.664 406.894 405.228 405.458 405.132 403.236 404.252 402.586 400.689 400.364 400.039 401.61 400.499 398.833 397.167 397.397 396.286 395.175 394.85 393.184 392.073 391.748 391.423 389.526 388.646 386.75 385.084 384.758 382.862 381.751 381.426 381.886 378.094 380.315 381.426 382.537 382.862 385.869 385.639 386.75 387.86 389.526 389.296 390.962 392.073 393.184 392.724 395.175 396.286 397.397 396.381 398.833 399.388 399.713 400.039 400.364 402.26 404.482 403.696 404.022 405.132 404.902 405.783 406.108 407.449 407.774 407.544 408.655 408.98 407.965 407.735 408.29 409.956 408.386 410.052 408.481 408.806 408.576 409.687 409.457 408.441 408.211 408.767 409.092 409.417 407.291 407.617 408.172 405.816 406.926 407.252 405.681 405.451 406.006 404.435 402.865 402.635 402.405 401.945 401.714 400.374 400.699 398.573 399.454 397.883 397.883 395.527 394.741 395.852 394.281 392.71 391.695 389.569 389.339 389.109 387.538 385.967 384.396 383.611 382.825 381.255 378.898 378.113
380.469 381.485 382.825 383.841 385.967 387.538 387.768 387.998 390.909 391.14 392.71 392.94 396.407 394.741 395.527 397.883 397.327 398.343 397.232 400.699 400.374 401.945 403.515 403.515 403.975 402.865 404.991 403.88 406.236 405.681 405.356 406.926 405.816 407.386 407.847 408.632 407.521 409.092 408.767 408.997 409.227 408.116 409.687 408.576 409.592 408.481 408.711 409.726 408.616 408.846 409.076 409.306 408.98 407.87 406.759 406.434 406.108 406.338 405.228 405.458 405.132 404.022 402.911 402.586 402.26 401.15 401.61 400.269 399.158 398.833 398.507 396.841 396.286 395.175 392.724 393.184 392.073 392.303 391.423 389.526 389.201 386.75 386.424 384.758 384.203 382.537 380.871 381.101 378.094 379.76 380.085 382.537 384.203 385.869 385.639 387.305 389.201 389.526 390.637 391.748 392.073 395.865 394.295 395.961 396.516 397.167 397.167 397.492 397.817 401.61 400.824 401.15 402.26 402.586 404.252 404.022 403.792 404.902 407.354 406.338 406.108 406.434 406.759 407.87 408.98 408.75 409.076 408.29 407.83 408.386 408.156 408.481 408.806 411.258 409.131 409.457 408.441 407.656 408.537 409.092 406.966 408.632 407.847 406.831 408.497 406.926 406.696 406.466 404.896 406.006 404.435 404.761 403.975 402.96 401.389 401.159 400.929 398.803 400.469 398.898 398.668 396.542 396.312 395.297 393.17 393.496 391.37 391.695 389.569 389.339 385.872 387.538 385.967 385.182 382.825 382.825 380.469 379.684 378.113 378.343 380.469 382.04 383.611 383.841 385.412 387.538 385.872 389.339 389.569 391.14 391.37 393.496 393.17 396.637 396.312 396.542 397.883 397.002 399.128 398.803 401.484 401.714 401.389 402.96 402.635 402.865 404.205 406.006 404.896 406.466 405.356 407.712 406.601 406.831 408.957 408.632 408.862 407.196 408.767 407.656 408.441 408.116 410.472 409.362 409.036 409.036 408.711 408.386 408.06 408.846 407.18 407.41 408.98 406.529 406.759 408.33 408.004 406.338 405.783 405.458 406.473 403.236 404.252 403.926 402.26 401.15 401.38 400.039 400.499 400.174 397.722 397.397 396.516 395.961 394.295 392.399 392.073 390.962 389.852 389.526 389.201 388.09 385.639 384.758 383.648 382.537 380.871 378.975 378.649 380.315 381.426 382.537 382.862 385.314 386.98 387.305 389.201 389.526 389.852 391.748 392.073 392.399 394.295 395.175 396.286 396.056 399.063 398.833 399.388 401.61 401.38 401.15 402.03 404.482 403.696 403.466 405.132 405.458 405.228 406.894 407.449 407.774 406.759 407.084 407.64 407.41 409.076 408.06 408.06 408.386 410.607 408.481 409.592 408.576 409.687 409.457 409.227 410.338 408.767 409.092 407.521 407.291 407.617 406.831 408.497 406.926 405.356 406.466 407.577 404.665 404.435 404.761 402.635 402.405 403.515 401.945 400.374 400.699 399.128 398.343 398.113 395.757 396.312 395.297 395.066 392.94 393.266 391.14 389.569 388.783 389.109 387.538 384.856 385.967 384.396 382.04 380.469 379.684 378.113
380.469 382.04 382.825 383.841 385.412 387.538 389.109 389.339 390.909 391.695 393.266 394.281 396.407 394.741 396.312 397.883 398.668 398.898 400.469 398.803 401.484 401.159 401.389 402.96 403.975 404.205 405.546 406.006 404.896 406.466 406.696 405.356 408.497 407.386 407.617 408.632 408.862 407.196 408.767 408.997 408.441 408.116 409.687 407.465 408.806 409.822 408.711 408.386 409.956 408.06 409.076 407.41 407.64 407.87 406.759 408.33 406.664 405.553 405.228 405.458 405.132 404.022 404.252 404.482 402.26 400.364 400.594 399.713 400.499 398.833 397.167 398.738 396.286 395.175 394.295 393.184 392.073 391.748 390.637 389.526 387.63 385.409 385.409 385.314 384.203 382.537 380.871 381.101 378.094 379.76 381.426 382.537 382.862 385.869 385.084 386.75 389.201 387.63 390.637 390.962 393.414 393.739 394.295 395.175 394.945 396.611 398.507 397.492 400.499 400.039 401.38 401.15 400.689 403.926 402.911 404.022 405.132 405.458 405.228 406.338 405.323 407.774 407.544 407.084 407.64 407.41 409.076 408.846 408.616 406.815 410.052 408.481 409.036 408.576 409.687 409.457 409.227 410.338 408.767 407.196 409.417 407.291 408.402 407.386 406.601 406.926 405.356 406.466 406.236 404.435 404.435 404.761 403.19 402.405 402.73 401.945 400.374 398.803 399.914 398.898 397.327 397.883 396.312 397.193 395.066 393.496 392.71 391.14 389.569 389.339 387.213 386.982 385.967 385.182 383.611 382.04 381.255 379.684 378.113 379.684 380.469 382.825 384.396 384.396 385.967 386.982 387.213 387.998 389.569 391.14 391.37 394.836 396.407 394.741 395.527 395.757 398.668 398.898 401.024 402.04 402.27 401.714 402.175 403.515 403.975 404.761 404.435 403.88 406.236 405.911 406.696 407.712 405.816 407.386 408.957 407.847 408.862 409.092 408.767 408.211 409.227 408.116 409.131 408.021 410.147 409.822 406.815 408.941 409.956 408.846 409.076 407.41 407.084 407.314 407.544 406.434 407.449 405.553 405.228 405.458 405.132 404.022 402.911 402.586 402.03 401.705 400.039 401.61 399.388 397.492 399.063 397.397 396.841 396.516 392.724 392.399 392.629 392.303 391.423 389.526 389.201 386.75 385.084 384.758 382.862 382.537 380.871 380.315 378.649 380.315 380.085 382.537 384.203 385.869 385.084 386.75 387.86 389.526 389.852 390.962 392.073 393.184 394.85 394.62 396.516 398.738 397.722 399.388 399.944 400.269 400.594 400.364 402.26 403.141 404.252 404.022 403.562 403.562 406.568 405.553 405.323 406.434 407.544 408.655 407.084 408.75 408.52 408.846 409.956 408.386 410.052 408.481 409.036 409.362 407.791 409.457 409.227 408.211 409.322 407.196 408.862 407.847 407.617 407.386 407.942 407.712 406.696 405.681 404.896 406.006 404.435 404.205 403.975 402.96 401.389 401.945 400.929 400.699 399.128 398.898 397.327 396.542 396.312 394.741 394.511 394.836 391.37 391.14 392.25 390.679 387.768 386.982 386.752 383.841 383.055 382.825 379.684 379.684 378.113
381.255 382.825 383.611 385.182 385.412 387.538 389.109 387.443 389.569 391.14 391.37 391.6 393.17 396.637 396.312 396.542 398.113 398.343 399.128 400.699 402.825 401.945 403.515 402.405 403.19 402.865 404.435 406.006 404.896 406.466 406.696 407.712 407.156 407.386 407.847 409.187 408.862 410.433 407.196 408.997 409.227 408.116 409.687 411.258 409.592 409.822 408.711 408.386 408.616 408.846 407.735 408.75 407.084 407.87 407.544 407.774 405.878 405.553 405.783 405.458 405.132 404.022 402.911 402.586 402.26 401.705 401.38 399.713 399.944 400.174 396.381 396.611 396.286 395.175 394.85 393.184 392.629 390.962 391.423 389.526 389.201 386.75 386.98 384.758 383.648 382.537 381.426 380.315 379.99 379.76 380.085 382.537 383.648 384.528 386.98 386.75 389.201 389.526 389.852 391.748 392.073 395.865 395.405 394.62 396.286 396.611 399.063 400.174 399.158 400.269 401.38 401.705 402.816 402.586 402.911 403.236 403.792 405.458 405.783 406.338 406.108 407.774 407.544 407.314 408.195 407.41 408.52 408.29 409.171 410.282 408.156 410.607 409.592 409.917 409.131 409.457 409.227 408.997 408.767 409.092 408.862 408.632 407.847 407.386 408.497 406.926 406.696 406.466 404.896 406.006 404.435 402.865 404.531 403.745 402.175 401.714 400.374 398.803 398.573 398.898 397.327 397.097 396.312 394.741 394.511 394.836 392.71 391.14 389.569 390.679 386.427 387.538 385.967 385.182 383.611 382.04 380.469 379.684 378.113 379.684 381.255 382.825 383.055 384.626 384.856 386.982 387.213 387.443 389.569 390.354 390.029 392.94 395.066 395.852 396.082 396.542 397.327 398.898 401.024 401.254 400.929 401.945 403.515 402.405 403.19 402.865 404.991 406.006 404.896 405.681 406.696 407.712 405.816 406.831 408.402 408.077 408.862 407.751 407.981 408.767 409.227 410.012 410.472 409.362 408.806 409.036 408.711 408.386 407.275 408.846 407.735 407.41 407.64 407.084 408.1 407.774 405.323 406.338 406.568 405.458 405.132 404.022 402.356 403.926 402.26 400.364 400.594 400.269 400.499 398.833 398.507 396.056 396.286 394.62 395.405 393.184 392.629 391.748 391.423 388.971 389.201 386.75 386.98 385.314 383.648 382.537 381.426 381.101 378.094 378.419 380.871 382.537 383.648 384.528 386.98 386.98 389.201 389.526 390.637 390.962 392.073 393.184 395.405 394.62 396.516 396.611 398.507 398.833 400.499 400.269 401.38 401.705 402.26 403.141 403.696 405.362 404.577 404.902 405.228 406.338 405.323 405.648 407.544 406.529 408.98 407.41 407.735 408.846 408.616 408.386 409.496 408.481 409.036 411.258 409.131 409.457 409.227 408.767 409.322 407.751 408.862 408.632 407.617 406.831 407.942 406.926 406.696 406.466 405.451 405.221 404.435 404.205 403.19 402.405 402.73 401.945 400.374 402.595 400.469 398.898 397.327 397.097 396.312 395.297 393.17 394.281 392.71 391.14 390.909 390.679 387.213 385.642 385.967 383.841 382.825 381.255 380.469 379.684 378.113
381.255 382.04 383.055 385.182 385.967 386.982 387.213 389.339 389.569 391.14 393.266 391.6 395.066 394.741 396.082 397.883 399.454 398.343 400.469 399.358 400.929 401.945 402.175 402.405 405.086 404.205 404.435 406.006 405.451 405.126 405.356 406.371 406.601 407.386 407.847 408.632 408.862 409.092 408.767 408.211 409.227 408.116 409.687 409.917 408.806 408.481 408.711 408.386 409.956 407.505 407.18 407.41 408.195 407.084 407.544 406.434 407.449 406.894 406.013 405.458 405.132 404.022 402.911 402.586 402.26 402.49 401.38 401.054 399.944 398.833 399.063 397.397 396.286 396.516 394.85 393.184 392.073 391.748 389.852 389.526 387.63 387.535 385.639 385.314 384.203 382.537 381.426 378.419 379.99 378.419 381.426 382.537 384.203 383.187 385.084 388.09 389.201 388.186 390.637 390.962 392.629 394.525 392.724 396.516 396.286 396.841 398.507 400.174 399.944 400.269 401.38 401.705 402.26 403.141 403.696 404.022 404.347 404.902 404.672 405.553 408.004 406.434 410.226 406.529 407.64 406.069 407.735 408.29 408.616 408.386 410.052 408.481 409.036 408.576 409.687 409.457 409.227 408.211 408.767 409.092 408.862 409.417 407.617 410.068 408.497 406.926 406.926 406.466 406.236 406.006 404.435 405.546 403.975 402.96 402.175 401.159 400.374 402.04 400.469 398.343 397.327 397.097 396.312 394.741 395.066 394.836 392.71 391.14 389.569 389.339 387.768 387.538 385.412 383.841 383.611 381.485 381.255 379.684 378.113 379.684 381.255 382.825 383.055 384.396 384.856 387.538 387.768 387.998 389.569 391.14 393.266 391.6 393.17 394.741 396.082 397.097 398.113 398.343 399.128 398.803 400.374 401.159 403.515 402.96 404.531 402.865 404.991 404.665 405.451 405.126 405.356 407.712 405.26 408.727 407.617 407.847 408.862 409.092 408.767 408.211 409.227 408.116 408.346 411.258 409.036 409.036 410.052 408.941 407.83 408.846 407.735 407.965 407.64 407.87 406.759 406.434 405.323 406.894 405.228 405.458 405.918 404.022 402.911 403.926 402.26 403.831 401.935 399.483 399.158 398.833 399.063 396.611 396.286 395.175 394.85 393.184 392.073 391.748 391.423 389.526 387.86 386.75 385.639 385.314 384.758 382.537 380.085 379.76 378.649 378.975 380.085 382.537 382.862 383.187 385.084 386.75 389.201 388.971 391.423 390.962 393.969 394.525 392.724 395.961 396.286 396.611 398.507 399.618 399.388 398.928 401.38 402.49 400.689 403.926 404.252 404.022 403.562 405.458 406.568 405.553 408.004 406.434 407.544 407.87 408.195 406.069 409.076 408.846 407.83 410.282 409.496 408.481 409.036 408.576 407.561 409.457 408.441 408.211 408.767 409.092 408.862 408.632 408.957 410.068 405.816 407.712 406.696 406.466 404.896 406.006 404.435 404.205 403.19 402.405 401.389 401.159 400.374 402.595 401.024 399.454 396.772 396.542 396.312 395.297 395.066 393.496 391.925 391.14 389.569 387.998 389.109 385.642 386.752 385.182 382.825 382.825 379.684 378.898 378.113
381.255 382.04 381.715 383.841 385.412 385.642 387.213 389.339 390.909 391.14 392.71 394.281 396.407 394.741 396.082 397.097 397.883 398.343 401.024 398.803 400.929 401.945 403.515 403.515 402.635 402.865 404.435 404.665 404.896 406.466 406.696 406.926 405.26 406.831 408.402 408.632 408.862 407.751 409.322 410.338 408.441 409.457 410.472 408.021 409.036 408.481 410.052 408.386 407.83 408.846 409.076 407.41 408.195 408.655 406.759 406.434 405.878 406.338 405.783 405.458 403.562 404.022 402.911 402.586 402.26 403.831 400.039 401.61 399.158 397.492 397.167 396.056 396.516 395.961 392.724 393.739 392.073 391.748 389.852 389.526 387.86 386.75 385.084 386.654 383.648 382.537 381.426 380.315 378.649 379.76 380.085 382.537 382.862 384.758 386.424 386.75 389.201 389.526 390.637 390.962 393.414 392.399 396.191 395.961 396.841 398.738 397.167 400.174 399.388 399.713 400.039 402.26 402.816 403.926 403.696 404.022 403.562 406.243 405.228 405.553 406.664 407.774 407.544 405.974 407.64 408.75 407.735 408.06 408.06 410.282 410.052 409.036 408.806 411.258 409.687 409.457 409.227 408.211 409.322 410.433 409.417 408.632 407.617 410.068 408.497 405.586 407.252 405.126 406.006 404.665 404.435 402.865 403.19 403.745 401.389 401.945 400.929 400.699 398.573 398.343 398.113 396.542 395.527 394.741 395.066 392.94 391.37 391.14 390.909 388.783 387.768 383.746 385.412 384.626 383.611 382.04 381.255 379.684 378.113 379.684 381.255 382.825 383.611 383.841 385.967 385.642 389.109 390.679 389.569 391.14 392.71 394.836 394.511 394.741 396.082 397.883 396.772 398.898 398.573 400.699 400.929 401.159 402.73 402.96 402.635 404.761 404.435 405.221 405.451 406.466 406.696 406.926 406.601 410.068 407.617 408.077 407.521 407.196 409.322 407.656 408.441 409.457 407.791 408.021 410.147 409.036 408.711 408.386 409.956 407.505 407.735 408.75 408.195 407.314 406.759 407.774 405.323 405.553 405.228 405.458 403.562 404.022 402.911 402.586 402.816 403.831 401.935 399.713 400.499 398.833 397.167 396.841 396.286 395.961 394.295 393.739 392.073 390.962 389.852 389.526 389.201 387.305 385.639 385.314 386.329 381.751 380.871 381.101 376.523 378.975 381.426 382.537 382.862 385.314 385.084 387.535 387.63 389.526 391.423 390.962 392.073 393.739 394.065 395.961 396.286 396.056 397.167 398.833 400.499 401.054 401.38 401.15 403.371 403.926 402.911 404.022 405.132 405.458 406.568 405.553 407.449 407.774 407.544 407.314 408.195 406.624 408.52 411.527 408.06 410.282 409.496 408.481 409.036 408.576 409.687 410.012 409.227 408.211 408.767 409.092 407.521 408.077 407.061 410.068 408.497 406.926 406.696 406.466 404.896 403.88 404.991 404.761 403.975 402.96 401.389 401.945 402.27 398.803 398.573 398.898 398.668 396.542 396.082 394.741 395.066 391.6 391.925 391.695 389.569 390.679 389.109 385.642 385.967 383.841 382.27 382.825 381.255 378.113 378.113
380.469 382.825 383.611 384.396 384.856 387.538 389.109 389.339 389.569 391.14 391.37 393.496 393.17 395.297 395.527 395.757 397.327 398.898 397.232 399.358 400.929 401.945 402.73 402.405 403.19 404.761 404.991 404.665 406.236 405.126 405.356 406.371 408.497 406.831 407.617 408.632 409.417 407.751 409.322 408.211 407.886 408.116 408.346 408.576 409.036 408.481 410.052 408.386 408.386 408.29 407.735 408.75 408.195 408.655 407.544 407.774 405.878 406.894 406.568 403.562 405.132 404.022 402.911 401.8 402.26 401.705 400.039 400.039 399.944 398.833 396.381 397.397 396.841 394.62 394.85 393.184 392.629 390.962 391.193 389.526 387.63 387.535 385.084 384.528 386.329 383.878 381.426 381.101 378.649 379.76 380.085 381.751 384.203 385.314 386.194 385.409 387.86 389.526 390.637 393.644 392.073 393.739 394.85 395.961 396.286 396.841 397.167 399.388 399.388 400.269 400.039 400.364 402.816 402.586 404.252 404.022 405.132 405.458 405.783 405.553 407.449 406.434 406.759 406.529 407.64 408.75 407.735 408.06 408.616 410.282 408.156 409.266 409.036 408.576 409.687 410.012 409.227 410.338 408.767 410.433 408.862 407.847 408.402 410.068 408.497 406.926 406.696 406.466 405.451 404.665 404.435 404.761 403.19 402.96 401.945 401.159 400.929 400.699 399.128 398.898 398.113 395.757 395.527 395.297 395.066 394.281 391.37 391.695 389.569 389.339 386.427 385.642 386.752 385.182 383.611 382.825 381.255 379.684 378.113 379.684 381.255 382.04 382.825 384.396 385.412 387.538 387.768 389.339 390.909 391.14 392.71 394.281 393.17 394.741 396.312 396.542 397.883 398.898 400.469 398.803 400.374 401.714 403.515 402.96 403.975 404.205 404.435 406.006 404.896 405.681 405.356 406.926 406.601 407.386 407.847 407.847 408.862 409.092 409.322 408.997 409.227 408.116 409.131 408.021 408.806 408.481 408.711 408.386 409.956 407.505 408.52 408.75 407.64 406.529 407.544 406.434 408.004 405.553 405.228 405.458 404.577 404.022 404.482 402.586 402.26 403.831 401.935 400.269 399.713 398.833 398.507 396.056 396.286 395.175 396.191 392.399 392.073 391.748 389.852 389.526 387.63 387.305 386.98 385.314 382.862 382.537 381.426 381.101 378.649 380.315 381.426 382.537 382.862 386.654 385.084 388.09 387.63 388.186 389.852 390.962 392.073 392.399 392.724 394.62 396.286 396.611 399.063 398.833 399.388 401.61 401.38 401.15 402.26 402.586 404.482 404.022 405.132 405.458 405.228 406.894 408.004 407.774 407.544 407.084 407.64 408.75 407.735 407.735 407.83 408.386 410.052 408.481 408.806 409.917 409.131 409.457 409.227 410.338 408.537 409.092 408.307 408.632 407.061 406.831 408.497 406.926 406.696 405.681 404.896 404.665 404.435 402.865 403.19 402.96 402.73 401.159 400.374 398.803 398.573 398.343 398.668 397.097 396.312 395.297 394.511 392.94 393.266 391.14 389.569 387.998 389.109 385.642 386.752 384.396 383.611 381.485 380.469 379.684 378.113
381.255 382.825 383.611 384.626 385.967 387.538 387.213 388.783 392.25 391.14 392.71 394.836 393.17 394.741 395.527 397.097 397.327 398.898 399.128 400.699 400.374 401.945 402.73 402.405 404.531 404.761 404.435 404.665 406.236 405.681 406.926 406.926 408.497 407.386 408.957 408.632 408.862 409.092 408.767 410.338 407.886 409.457 408.346 408.576 409.036 408.481 408.156 410.282 407.275 408.846 409.076 407.41 407.084 408.655 407.544 407.774 408.004 405.553 405.783 404.902 405.132 403.466 404.252 402.586 402.26 401.15 401.38 399.713 399.388 400.959 399.063 397.397 396.286 395.175 394.295 393.739 393.414 390.962 390.637 388.971 389.201 386.75 386.424 383.187 384.203 382.537 381.426 380.315 378.094 380.315 380.871 382.537 386.329 384.528 386.424 386.98 387.63 389.526 389.852 390.962 392.073 394.525 396.191 394.62 396.841 398.738 397.722 397.492 399.158 401.61 400.039 401.705 400.689 404.482 402.911 404.022 406.473 405.458 405.228 406.338 406.664 406.434 407.544 407.87 407.084 408.75 408.52 407.505 409.956 406.815 410.052 409.036 408.251 409.362 407.561 409.457 408.441 408.997 407.981 407.196 405.625 407.291 407.061 406.831 405.816 407.712 405.356 406.466 404.896 404.435 404.435 404.761 401.294 402.96 401.945 401.945 400.929 402.04 400.469 400.239 398.113 397.097 396.312 398.533 393.17 392.94 391.925 391.14 390.909 390.679 387.768 387.538 385.412 384.396 383.611 382.825 381.255 379.684 378.113 379.454 381.255 381.485 383.611 383.286 385.967 387.538 389.109 390.679 390.909 391.14 391.37 392.94 395.066 395.297 395.527 397.097 398.113 398.343 399.128 402.04 400.374 401.945 402.175 402.405 401.294 404.761 404.991 406.006 405.451 405.126 406.696 406.926 405.816 406.831 408.402 407.847 408.862 409.092 408.767 410.338 409.227 408.116 408.346 408.021 409.592 409.266 410.052 408.386 407.83 408.846 408.52 407.41 408.195 407.87 407.544 406.434 405.323 405.783 405.228 404.902 405.132 404.022 402.911 402.586 402.26 401.15 400.039 400.269 400.499 400.174 397.722 397.397 396.286 395.961 394.85 393.739 393.414 391.748 389.852 389.526 387.86 386.75 386.424 383.187 382.862 382.537 380.871 379.76 378.094 381.101 380.085 382.537 383.648 384.758 385.084 387.535 387.86 389.526 389.852 392.303 392.073 393.184 394.85 395.961 396.286 396.611 397.167 398.833 399.388 400.269 400.039 403.831 402.26 403.141 402.911 404.022 405.132 405.458 406.568 405.553 405.323 407.774 407.544 407.87 408.98 408.75 409.076 408.29 409.956 410.282 410.052 408.481 409.592 408.576 409.687 409.457 409.227 408.997 408.767 407.196 409.417 407.291 407.617 406.831 405.816 406.926 406.696 406.466 406.236 404.665 404.435 404.761 403.975 402.405 403.515 401.945 400.374 400.699 400.469 398.898 396.772 397.653 396.312 394.741 394.511 394.836 391.37 391.14 389.569 387.998 387.213 386.982 384.856 384.396 382.825 382.825 379.684 379.684 378.113
381.255 382.04 383.611 385.182 385.967 387.538 385.872 389.339 390.354 391.14 391.37 391.6 396.407 394.741 395.527 396.542 396.772 398.898 399.128 398.803 400.929 401.159 401.389 402.96 403.975 404.205 404.435 406.006 404.896 405.681 406.696 406.926 408.497 406.831 407.617 407.291 408.862 409.092 408.767 410.338 408.441 409.457 409.687 411.258 408.806 409.266 409.496 408.386 407.275 408.06 407.18 408.75 407.084 407.084 407.544 406.434 405.878 406.894 407.354 405.458 405.132 404.022 404.252 403.926 402.816 403.831 400.594 401.054 399.388 399.388 397.722 396.611 396.286 394.62 394.295 393.739 392.073 390.962 391.423 389.526 387.63 386.98 385.084 383.187 382.862 382.537 381.426 379.76 378.094 379.76 381.426 382.537 382.862 385.314 385.084 386.75 387.63 389.526 390.637 391.748 393.414 393.184 394.85 394.62 396.516 398.738 397.722 400.959 399.388 400.269 400.039 402.26 402.26 402.586 402.911 404.022 403.562 405.458 405.228 406.894 408.004 407.774 407.544 406.529 408.195 407.965 408.52 408.06 408.616 410.282 408.711 409.036 409.036 411.258 407.005 408.116 409.227 410.338 408.767 410.433 409.417 408.077 407.617 406.831 407.156 406.926 406.696 406.466 406.236 406.006 404.991 404.761 403.19 403.515 403.515 401.945 400.374 400.699 400.469 397.002 397.327 395.757 396.082 395.297 395.066 392.94 392.71 391.14 389.569 387.998 386.427 385.642 385.967 385.182 383.611 382.825 380.469 379.684 378.113 379.684 380.469 382.825 383.611 385.967 385.967 385.642 387.213 390.679 389.569 392.48 392.71 392.94 393.17 395.297 396.082 397.097 396.772 398.898 399.128 398.803 400.374 401.714 401.389 402.405 402.635 402.865 404.435 405.221 404.896 405.126 406.696 406.371 406.601 406.831 408.957 409.187 408.862 407.196 408.767 410.338 409.227 409.457 407.561 409.917 408.806 408.481 408.156 408.386 407.83 408.846 408.52 408.75 407.64 408.655 407.544 406.434 405.323 405.553 405.783 405.458 405.132 404.022 402.911 403.141 402.26 401.15 401.38 400.269 399.713 399.388 397.167 396.611 396.286 395.961 392.724 393.739 392.073 392.303 391.193 389.526 389.201 386.75 385.639 386.654 386.329 382.537 380.085 378.975 376.523 381.101 381.426 382.537 382.862 383.187 385.639 386.75 387.63 389.526 391.423 390.962 392.073 393.739 394.85 394.945 396.841 396.841 398.507 399.388 399.388 398.928 400.594 401.705 400.689 403.926 402.911 406.703 405.132 405.458 405.228 405.783 406.664 407.774 407.544 407.87 407.64 407.41 407.735 408.29 408.06 410.282 408.156 409.036 410.147 411.258 409.131 409.457 409.227 409.552 407.981 407.196 408.862 407.847 407.617 410.068 407.156 406.926 406.696 406.466 405.451 406.006 404.991 402.865 405.086 402.96 402.175 401.945 400.929 398.803 398.573 398.343 396.772 395.757 396.312 395.297 395.066 392.94 391.37 391.14 389.569 389.339 389.109 386.982 385.967 383.841 383.611 382.825 381.255 378.898 378.113
380.469 382.04 383.611 383.841 385.412 387.538 387.768 390.679 389.569 391.14 393.266 391.6 393.17 394.741 396.312 396.312 397.883 399.454 398.573 400.699 400.929 401.945 403.515 402.96 403.19 402.865 404.991 406.006 404.896 405.681 406.696 406.926 406.601 406.831 407.617 409.417 408.862 409.092 408.767 408.211 408.441 409.457 409.687 409.362 409.036 409.036 408.711 408.386 407.275 408.846 408.52 407.965 407.64 408.655 406.759 405.648 406.108 406.894 405.228 403.562 405.132 406.703 404.252 401.245 402.26 403.831 401.38 400.039 399.388 398.833 399.063 396.056 396.841 396.516 394.85 393.739 392.073 392.303 389.852 389.526 389.201 386.75 386.424 386.654 384.203 382.537 381.426 379.76 379.99 378.975 380.085 382.537 382.862 383.187 385.084 386.75 387.63 389.526 389.852 390.962 392.629 394.295 395.405 394.62 396.286 396.841 398.507 398.833 400.499 399.713 400.039 401.15 402.816 403.926 403.696 406.703 403.792 404.902 405.783 406.894 406.108 407.774 407.544 405.974 407.64 407.41 409.076 408.06 409.956 410.282 408.711 408.481 408.806 408.021 409.687 408.901 409.227 408.211 409.877 409.092 408.862 409.417 407.617 406.276 405.816 406.926 406.696 406.466 404.896 404.665 404.435 404.761 401.294 404.301 402.175 401.714 400.374 400.699 400.469 398.343 397.327 397.097 395.527 394.741 393.17 392.94 392.71 391.14 390.909 387.998 387.213 387.538 385.967 385.182 382.27 382.04 380.469 379.684 378.113 379.684 380.469 382.04 383.611 384.396 385.412 387.538 387.768 390.679 389.569 391.14 391.37 394.836 393.17 394.741 395.527 396.312 398.113 398.898 399.128 400.699 401.484 401.714 401.945 402.96 403.19 405.546 404.991 406.006 406.236 405.681 406.696 406.926 406.601 407.386 407.061 408.632 408.862 407.751 408.767 407.656 409.227 408.116 409.687 408.021 409.036 409.036 410.052 408.386 407.275 408.06 407.735 406.069 408.98 407.084 406.759 407.774 405.323 406.338 405.228 405.458 405.132 406.703 402.911 402.586 402.26 401.705 401.38 401.61 399.158 398.833 398.507 396.841 396.841 395.961 394.295 393.739 392.073 390.962 391.423 389.526 388.646 388.09 386.98 384.758 382.862 382.537 381.426 380.315 379.99 378.975 381.426 382.537 382.862 384.758 386.424 388.09 387.63 389.526 390.637 390.962 392.073 393.739 396.191 396.516 396.516 396.611 397.722 399.388 399.158 401.61 400.824 403.831 402.26 403.141 402.356 404.022 403.562 405.458 405.228 406.338 405.323 406.434 407.544 407.87 407.64 408.75 409.076 408.29 409.956 410.282 408.711 409.266 409.592 408.576 407.561 408.116 408.441 408.211 408.537 409.092 408.862 407.291 407.617 408.172 408.497 406.926 406.696 405.681 407.577 404.435 404.435 404.205 403.19 402.96 401.389 401.159 402.27 402.04 399.128 398.343 398.668 396.542 396.867 395.297 395.066 391.6 391.925 391.14 390.909 389.339 389.109 383.746 385.412 384.396 384.396 381.255 381.255 378.113 378.113
381.255 382.825 383.611 385.182 385.967 387.538 389.109 389.339 390.909 391.14 392.71 393.496 393.17 394.741 396.312 397.097 398.668 398.343 397.232 402.04 400.929 401.714 401.945 403.515 401.294 402.865 404.435 406.006 406.236 406.466 406.696 406.926 405.816 407.386 407.617 408.632 408.862 409.092 408.767 408.211 409.227 408.116 408.346 408.576 408.806 408.481 406.815 408.386 407.83 407.505 409.076 407.965 407.64 408.655 407.544 406.434 406.664 405.783 405.228 405.458 405.132 404.022 403.696 402.586 402.816 401.705 400.594 400.269 399.388 398.833 396.381 396.056 396.286 395.175 394.85 393.739 392.073 391.748 389.852 388.971 389.201 386.75 386.98 385.314 384.988 382.537 381.426 379.76 378.649 378.419 381.426 381.751 383.648 384.758 386.424 386.75 387.63 388.971 391.423 391.748 393.414 395.865 394.295 394.62 394.945 396.841 398.507 397.492 399.944 400.269 400.824 401.705 402.26 402.586 402.911 404.022 405.132 405.458 405.228 405.783 406.664 406.434 406.759 407.314 408.195 408.75 407.735 408.846 407.83 410.282 408.711 408.481 409.036 408.576 409.687 409.457 409.227 408.997 408.767 409.092 405.625 407.291 408.957 407.386 406.601 406.926 405.356 406.466 406.236 403.88 404.435 404.205 404.531 402.405 402.175 401.159 400.929 400.699 399.128 398.343 398.113 397.653 396.312 395.852 396.407 391.6 391.37 391.14 389.569 387.998 389.109 387.538 385.967 384.626 384.396 380.699 381.255 379.684 378.113 379.684 381.255 382.04 383.611 384.396 386.752 387.538 387.768 389.339 389.569 391.695 393.266 392.94 393.17 395.297 395.527 395.757 398.113 398.343 399.128 400.699 400.929 401.945 402.175 402.405 402.635 402.865 404.435 406.006 406.236 406.466 406.696 406.926 407.156 407.386 407.617 408.632 407.521 409.092 409.877 408.211 409.227 409.457 410.472 408.576 409.592 408.481 406.815 410.282 409.956 408.846 409.076 407.41 408.195 407.314 406.759 407.774 405.323 406.338 405.783 405.458 403.792 405.362 404.252 404.482 402.03 401.705 401.38 400.269 400.499 398.833 399.063 397.397 396.286 395.961 395.405 393.184 392.073 390.962 390.637 389.526 387.86 388.09 386.424 384.528 384.203 382.537 381.426 381.101 379.99 378.419 380.871 382.537 383.648 384.758 385.084 388.09 387.86 389.526 391.423 390.962 392.073 393.184 394.295 395.961 396.286 396.611 397.167 397.492 399.944 399.713 400.824 402.49 402.26 403.926 402.911 404.022 405.132 405.458 406.568 405.553 407.449 406.434 406.759 408.655 407.64 408.75 407.735 408.846 409.956 408.386 410.052 408.481 410.147 409.917 407.005 408.901 409.227 408.997 408.767 407.196 409.417 408.632 407.847 406.831 408.497 407.712 406.696 405.126 404.896 406.006 404.435 404.761 404.531 402.405 402.73 401.714 400.374 398.803 399.128 398.898 398.668 397.883 395.527 394.741 394.511 393.496 392.71 391.695 390.909 389.339 386.427 387.538 385.967 383.286 383.611 382.04 381.255 379.684 378.113
380.469 382.04 382.825 385.182 385.967 387.538 389.109 390.679 389.569 391.14 393.821 391.6 393.17 396.637 396.312 397.097 398.113 398.898 401.024 398.803 402.27 401.159 401.945 403.515 402.635 404.761 404.435 404.665 405.451 406.466 405.356 406.926 406.601 407.386 407.847 408.632 408.862 409.092 409.322 410.338 409.227 409.457 407.791 411.258 410.147 409.822 408.711 408.386 407.275 408.846 407.735 409.306 408.195 407.084 407.544 406.434 405.323 406.894 405.783 405.458 405.132 404.022 404.252 402.586 402.816 401.705 401.38 401.054 399.388 399.388 398.507 396.056 396.841 394.62 394.85 393.184 392.073 390.962 391.423 389.526 387.86 387.305 385.639 385.314 382.862 382.537 380.641 378.419 376.523 378.975 381.426 382.537 382.862 385.314 386.424 387.305 389.201 389.526 389.852 390.962 392.629 393.184 394.85 396.516 396.516 396.056 398.507 398.833 399.713 399.483 401.38 403.831 402.26 403.926 402.911 404.022 405.132 405.458 405.228 406.338 408.004 407.774 407.544 407.314 407.084 406.069 408.52 408.846 407.275 408.386 408.711 408.481 408.251 408.576 408.346 408.116 409.227 408.767 408.537 407.196 407.521 407.847 408.957 407.386 405.816 407.712 405.356 406.466 407.577 404.665 404.435 404.761 402.635 403.515 401.389 401.945 400.929 398.803 400.469 398.343 398.668 397.097 395.527 394.741 393.17 391.6 392.71 391.14 390.909 387.998 385.872 387.538 384.856 383.841 383.611 382.04 381.255 379.684 378.113 379.684 380.469 381.485 383.611 385.182 385.967 385.642 389.109 390.679 389.569 391.14 392.71 391.6 395.852 394.741 396.312 397.097 398.113 398.343 397.232 400.699 400.374 400.604 401.389 402.96 403.19 402.865 404.435 405.221 405.451 406.466 405.356 406.926 406.601 406.831 407.617 407.847 408.862 409.092 408.767 408.997 409.227 408.116 409.687 408.576 408.806 408.481 408.156 408.386 409.956 408.06 409.076 408.75 408.195 408.655 407.544 407.774 407.449 405.553 405.228 405.458 405.132 404.022 402.911 401.245 402.816 401.705 400.039 401.61 399.388 397.492 396.381 397.397 396.286 395.961 396.191 393.184 393.414 390.962 391.423 389.526 389.201 387.535 386.98 384.758 383.648 381.751 380.871 379.76 378.094 381.101 381.426 382.537 383.648 383.187 386.98 387.535 387.86 389.526 389.852 390.962 392.073 393.739 394.295 394.62 396.516 396.056 398.507 398.833 399.158 401.61 401.38 401.705 402.26 402.586 403.696 403.466 403.562 406.243 407.354 406.338 405.323 407.774 406.759 406.529 408.195 407.965 407.18 408.06 408.06 410.282 410.052 408.481 410.147 409.917 409.687 409.457 409.227 408.211 408.767 410.433 407.521 408.632 407.617 407.386 408.497 406.926 405.356 406.466 404.896 406.006 404.991 404.205 402.635 403.515 403.515 401.945 400.374 400.699 400.469 398.898 397.327 397.097 395.527 394.741 393.17 394.281 392.71 391.14 389.569 387.998 387.768 387.538 385.967 385.182 382.825 382.04 381.255 379.684 378.113
381.255 382.04 384.396 383.841 385.967 387.538 385.872 390.679 390.909 391.14 392.71 393.496 395.066 395.297 396.312 397.653 398.113 398.343 399.128 402.595 400.374 400.374 401.945 402.405 403.19 402.865 404.435 405.221 404.896 405.126 406.696 407.712 405.26 406.831 408.402 407.291 408.862 407.196 407.196 408.997 409.227 409.457 409.131 411.258 408.806 410.377 408.711 410.282 409.956 407.505 407.735 408.75 408.195 407.084 406.759 407.774 406.108 406.108 405.228 405.458 405.132 404.022 402.911 402.586 402.26 402.49 401.935 401.054 399.944 398.833 398.507 397.397 396.286 396.516 394.85 393.184 392.073 392.303 390.637 389.526 387.63 386.75 385.084 384.758 383.648 381.751 381.426 378.419 378.094 379.76 381.426 380.966 384.203 384.528 385.639 388.09 389.201 389.526 389.852 390.962 392.073 393.739 392.724 395.961 394.945 396.611 397.722 398.833 399.388 401.61 401.38 403.831 402.26 404.482 404.252 405.362 403.792 405.458 406.568 406.894 405.323 406.434 406.759 407.314 408.98 407.965 407.735 408.06 409.956 410.282 408.711 408.481 410.147 409.362 409.131 409.457 409.227 408.211 408.767 409.092 407.521 408.077 407.847 406.831 405.816 406.926 407.252 405.911 404.896 404.665 404.991 404.761 404.531 402.96 403.515 401.945 404.166 398.803 401.024 399.454 397.883 397.883 396.312 394.741 395.066 394.281 392.71 391.695 389.569 387.443 387.213 387.538 384.856 383.841 382.27 382.825 381.255 379.684 378.113 378.898 381.255 382.825 384.396 385.182 385.967 387.538 389.109 387.998 389.569 391.14 392.71 391.6 393.17 394.741 396.312 396.312 396.772 398.898 399.128 400.699 400.374 401.945 402.175 402.96 403.975 402.865 404.435 403.88 406.236 406.466 406.696 406.371 406.601 406.831 408.402 407.291 408.307 407.196 409.877 408.997 409.227 410.012 408.346 411.258 409.036 409.036 408.711 410.282 409.956 408.06 407.18 406.069 407.084 408.655 407.544 407.774 406.664 406.894 404.672 405.458 404.577 406.703 402.911 402.586 404.156 403.831 401.38 399.713 399.158 398.833 399.063 397.397 394.945 395.961 394.295 393.184 392.073 390.962 391.423 389.526 387.86 388.09 385.639 385.314 382.862 382.537 380.085 379.76 378.094 380.315 381.426 382.537 382.862 385.869 386.98 387.535 389.201 389.526 390.637 391.748 392.073 395.865 394.85 396.516 394.945 398.738 397.722 398.833 399.388 399.713 400.824 401.705 402.26 402.586 404.252 405.362 403.792 405.458 405.228 406.894 408.004 406.434 407.544 407.87 407.084 408.75 407.735 407.505 407.275 408.386 409.496 409.036 408.806 409.917 408.346 408.116 409.227 408.767 408.767 407.196 408.862 407.291 407.617 408.727 405.816 406.926 406.696 406.466 404.896 406.006 404.435 404.761 403.19 402.96 402.175 401.159 400.374 398.803 397.232 398.898 398.668 396.312 396.312 394.741 395.066 391.6 391.37 391.14 390.909 389.339 389.109 387.538 385.967 384.626 382.27 382.04 381.255 379.684 378.113
380.469 381.255 382.27 385.182 386.197 386.982 389.109 389.339 390.909 391.14 391.925 393.496 396.407 398.533 395.527 396.312 397.327 397.002 399.914 400.699 401.484 401.159 402.175 402.96 402.635 404.761 404.435 406.006 405.451 406.466 406.696 405.586 405.816 407.386 407.847 408.632 408.862 409.092 408.767 408.211 409.227 408.116 409.687 407.465 408.806 409.036 408.711 407.6 408.06 408.846 408.52 408.75 408.98 407.87 406.759 406.434 407.449 405.783 405.783 405.458 403.562 404.022 402.356 403.926 402.26 401.15 400.039 399.713 400.499 398.833 397.722 396.056 396.286 395.175 394.295 393.739 392.073 391.748 389.852 389.526 389.201 387.535 385.084 384.758 382.862 381.751 381.426 379.76 378.649 379.76 380.641 382.537 384.203 384.758 385.639 386.75 389.201 389.526 389.852 390.962 392.629 393.184 394.295 395.961 396.286 397.397 398.507 398.833 399.944 401.61 401.935 403.831 400.689 402.586 404.482 404.022 403.562 404.902 405.228 406.894 406.664 407.774 406.759 407.87 408.195 409.306 409.306 408.846 408.386 408.941 410.052 408.481 409.036 408.576 409.687 409.457 408.441 408.997 408.767 409.647 408.862 408.632 408.957 406.831 408.497 405.586 406.926 406.466 404.896 406.006 404.205 402.865 403.19 402.96 402.175 401.714 400.374 402.04 400.469 398.898 398.113 396.542 396.312 394.741 393.17 393.496 391.37 391.14 389.569 389.339 389.109 386.982 385.967 384.396 383.611 382.04 380.469 379.684 378.113 378.343 380.469 382.825 383.611 384.396 384.856 386.982 389.109 389.339 389.569 391.14 392.71 392.94 393.17 395.297 395.527 397.883 396.772 398.343 399.914 402.04 400.929 401.945 401.389 402.96 404.531 404.761 404.991 404.665 406.236 406.466 407.252 406.926 406.601 410.068 407.847 407.291 408.862 407.751 408.767 408.211 409.227 408.116 409.687 409.362 408.806 410.377 406.815 408.386 408.06 408.846 409.076 407.41 408.98 406.529 407.544 406.434 405.878 405.553 405.228 405.458 403.562 403.236 402.911 403.141 402.03 400.364 401.38 401.61 399.158 398.833 399.063 396.611 396.841 395.175 394.85 393.739 392.073 392.303 389.852 389.526 389.201 388.09 385.639 386.654 382.862 381.751 381.426 380.315 376.523 379.76 381.426 382.537 383.648 384.758 386.424 386.75 387.86 389.526 391.193 392.303 392.073 393.739 394.295 395.961 396.286 396.056 399.063 400.174 399.158 400.269 400.594 402.49 402.26 403.926 403.696 405.362 403.562 403.562 405.228 405.783 406.108 406.434 407.544 406.529 407.64 408.75 407.735 408.29 409.956 407.6 408.711 409.266 408.806 408.021 407.005 408.116 409.227 408.211 408.537 409.092 406.966 407.847 407.617 407.386 408.497 406.926 406.696 406.466 407.577 406.006 404.435 402.865 404.531 402.405 401.389 400.604 400.374 400.699 399.128 398.898 396.772 396.542 396.082 394.741 393.17 394.281 392.71 391.14 390.354 390.679 389.109 385.642 385.412 384.396 384.396 382.825 380.469 379.684 378.113
380.469 382.04 382.825 384.626 385.412 386.982 389.109 389.339 389.569 391.14 392.71 393.496 393.17 398.533 395.527 396.542 397.327 398.898 397.232 400.699 400.929 401.945 401.945 402.405 402.635 406.102 404.435 403.88 404.896 405.126 406.696 405.586 406.601 407.386 408.957 407.291 408.862 409.092 408.767 408.997 408.441 409.457 409.687 408.576 408.806 409.036 408.711 410.282 409.956 408.846 407.735 408.75 408.98 407.314 407.544 407.774 406.108 406.894 405.783 405.458 403.562 404.022 402.911 402.586 402.26 401.15 400.039 399.713 399.944 398.833 397.722 398.738 396.286 396.516 392.724 392.399 392.073 390.962 391.193 388.971 389.201 386.98 385.084 383.187 382.862 380.966 381.426 380.315 378.649 378.975 381.426 382.537 382.862 384.528 386.424 388.09 387.63 389.526 391.423 392.303 393.414 393.184 394.295 395.961 396.286 396.611 398.507 398.833 399.158 401.61 401.935 402.26 402.03 402.586 404.252 406.703 403.792 405.458 405.783 406.338 405.323 406.434 406.759 407.87 408.98 409.306 408.52 407.505 409.956 408.941 409.496 409.266 408.806 408.021 409.131 409.457 409.227 409.552 409.877 409.092 408.862 408.077 407.617 410.068 404.705 406.926 405.356 405.681 404.896 404.665 404.435 402.865 404.531 402.405 403.515 401.159 402.825 400.699 400.469 398.898 397.327 397.883 395.527 394.741 393.17 394.836 391.37 391.14 389.569 389.339 385.872 385.642 385.412 385.182 382.825 380.144 381.255 378.898 378.113 378.898 380.469 382.04 382.825 384.396 384.856 387.538 389.109 390.679 389.569 391.14 391.925 391.6 393.17 394.741 396.312 397.097 397.883 398.898 401.024 400.699 402.27 401.945 402.175 402.96 403.975 404.205 404.991 406.006 404.896 406.466 406.696 406.926 405.816 410.068 407.847 408.632 405.625 407.196 409.322 410.338 409.227 408.116 408.346 409.362 409.592 408.481 408.711 408.386 409.956 408.846 407.735 409.306 408.195 408.655 407.544 406.434 406.664 406.338 407.354 405.458 405.132 404.022 404.252 403.926 402.03 403.831 400.039 401.61 399.713 399.388 395.596 396.841 396.516 396.516 394.065 393.739 392.073 390.962 391.423 389.526 389.201 387.305 386.424 384.758 382.862 381.751 380.871 380.315 378.649 378.419 380.871 382.537 382.862 385.314 385.084 387.305 389.201 388.186 391.423 390.962 393.414 393.739 394.85 395.175 396.516 397.397 399.063 399.388 399.944 400.269 400.824 401.15 402.03 402.586 404.482 404.022 405.132 405.458 405.228 405.783 406.108 407.774 406.759 408.655 406.854 407.41 407.735 408.06 409.956 408.941 409.496 408.481 409.036 410.702 410.472 408.671 409.227 408.211 408.767 407.751 409.417 407.847 407.847 410.068 408.497 406.926 406.696 405.126 404.896 406.006 404.991 404.761 403.19 402.96 401.389 401.714 400.929 402.595 399.128 398.343 397.327 397.097 396.312 395.852 396.407 394.281 392.71 391.14 389.569 389.339 389.109 387.538 385.967 384.626 382.825 381.485 381.255 379.684 378.113
381.255 382.825 383.611 384.396 385.967 386.982 387.213 390.679 389.569 391.14 392.71 392.94 393.17 394.741 395.527 396.542 397.327 399.454 398.573 400.699 400.929 401.945 401.945 402.405 403.19 402.865 404.435 404.665 404.896 406.466 406.696 406.926 408.497 406.831 408.957 408.632 408.307 409.647 408.767 408.997 409.227 408.116 407.791 408.576 410.147 409.266 408.711 408.386 407.275 408.846 409.076 408.75 408.98 408.655 407.544 406.434 408.004 405.783 405.228 405.458 405.132 404.022 404.482 402.586 402.816 401.15 401.38 400.269 399.158 397.492 397.167 396.841 396.516 395.961 396.191 393.184 393.414 390.962 389.852 389.526 387.86 387.535 385.084 385.314 382.862 382.537 381.426 378.975 378.649 380.315 381.426 381.751 384.203 384.758 385.409 387.535 387.63 389.526 389.852 393.644 393.414 393.739 395.405 395.961 396.286 397.397 397.167 400.174 399.388 400.269 400.039 401.705 402.816 403.926 402.911 404.022 405.132 405.458 406.568 406.894 407.449 406.434 407.544 407.084 407.084 407.41 409.076 408.846 409.956 408.386 408.711 408.481 409.592 411.258 409.687 409.457 409.227 408.211 408.767 409.092 407.521 409.187 407.847 406.831 408.497 406.926 406.696 406.466 404.896 404.665 404.991 404.761 403.975 402.405 402.175 401.945 400.929 400.699 400.469 398.898 398.113 397.883 396.312 395.297 395.066 394.836 391.37 391.14 389.569 387.998 389.109 387.538 385.967 383.841 382.825 382.825 380.469 379.684 378.113 379.684 380.469 382.04 384.396 385.182 385.967 387.538 387.213 389.339 389.569 391.14 392.71 393.496 395.066 394.741 396.867 397.097 397.327 399.454 399.128 398.803 400.374 401.945 402.73 402.405 403.19 402.865 404.991 406.006 406.236 405.681 407.252 406.926 408.497 406.831 407.617 407.847 408.862 407.196 408.767 408.997 409.227 408.116 409.687 407.465 410.147 409.036 406.815 410.282 409.956 408.29 409.076 407.965 407.64 407.314 407.544 407.774 405.323 406.894 405.228 405.458 404.347 404.022 402.911 402.586 402.816 401.705 401.935 399.713 400.499 397.492 397.167 396.611 396.286 395.961 394.85 393.739 392.073 390.962 389.852 389.526 389.201 387.305 385.084 384.528 382.862 382.537 380.085 378.419 376.523 380.315 381.426 381.751 386.329 384.758 386.424 388.09 389.201 389.526 389.852 391.748 392.073 393.739 396.191 395.961 396.286 398.738 397.722 399.388 399.388 401.61 401.38 400.364 402.816 403.926 402.911 406.703 405.132 405.458 405.228 406.338 406.108 407.774 407.544 407.084 407.084 408.75 407.735 410.186 409.956 406.815 408.711 409.036 408.806 408.576 409.131 408.116 409.227 408.997 407.981 407.751 409.417 408.632 407.617 407.386 408.497 406.926 406.696 406.466 404.896 406.006 404.435 404.761 403.19 402.405 402.175 400.604 400.929 399.358 399.128 398.343 399.454 397.097 395.527 394.741 393.17 392.94 392.71 391.14 389.569 387.443 387.213 387.538 385.967 384.626 383.611 382.825 380.469 378.113 378.113
380.469 382.825 383.611 384.396 385.967 386.982 387.768 387.998 389.569 391.14 391.37 391.6 393.17 394.741 396.312 397.097 397.327 398.898 400.469 398.803 400.929 401.945 401.389 402.405 403.19 402.865 404.991 405.221 404.896 406.466 405.356 406.926 408.497 406.831 407.847 407.291 409.417 407.751 408.767 408.211 409.227 409.457 409.131 408.576 410.147 408.481 410.607 408.386 409.956 408.846 408.52 409.306 408.195 407.314 407.544 407.774 406.664 405.783 405.783 405.458 405.132 404.022 404.252 403.926 402.816 403.831 401.38 400.269 400.499 398.833 399.063 396.841 396.841 396.516 392.724 393.739 393.969 390.962 391.193 389.526 389.201 386.75 386.424 386.654 382.862 382.537 381.426 379.76 378.649 379.76 381.426 381.751 382.862 384.758 385.639 386.98 389.201 389.526 389.296 391.748 392.073 392.399 392.724 396.516 396.516 397.397 399.063 398.833 399.158 401.054 400.594 401.15 402.816 402.586 404.482 402.681 403.562 406.243 405.228 406.894 408.004 406.434 407.544 407.084 408.98 407.965 409.076 408.846 407.83 408.941 410.052 409.266 408.806 408.576 409.687 408.671 408.441 408.211 407.981 407.196 409.417 407.847 408.402 407.386 408.497 407.712 406.696 406.466 405.451 404.665 406.332 404.761 403.975 402.96 401.389 401.945 402.27 402.04 399.128 398.898 398.113 397.097 396.312 394.741 395.852 392.94 392.71 391.14 389.569 389.339 389.109 385.642 385.967 384.396 382.825 382.825 380.469 379.684 378.113 378.898 381.255 382.825 384.396 384.396 385.412 387.538 389.109 387.998 389.569 391.14 392.71 392.94 393.17 395.297 396.312 397.883 399.454 399.454 399.128 398.803 400.929 401.945 402.175 402.405 402.635 404.761 404.435 406.006 404.896 406.466 406.696 406.926 408.497 408.172 407.617 407.847 408.862 409.092 408.767 407.656 409.227 409.457 409.687 409.362 408.806 409.036 408.711 408.386 409.956 408.846 407.735 407.965 407.64 407.084 407.544 406.434 405.323 405.553 407.354 405.458 405.132 404.022 403.696 403.141 402.816 401.705 400.039 401.61 399.158 398.833 398.507 398.738 396.286 394.62 394.85 393.184 393.414 390.962 390.637 389.526 389.201 386.75 385.639 384.528 383.648 382.537 380.871 378.975 379.99 378.419 381.426 381.751 383.648 384.758 386.98 388.09 389.201 389.526 389.852 392.303 392.629 393.739 394.85 395.961 396.286 397.397 397.722 397.492 399.944 401.61 401.935 401.705 402.26 402.586 404.482 406.703 405.132 405.458 405.783 405.553 406.664 406.989 407.544 407.084 408.195 409.306 407.735 408.846 409.956 408.386 408.711 408.481 409.036 409.362 409.687 409.457 408.441 408.211 408.537 410.433 408.862 409.187 407.617 406.831 405.816 406.926 406.696 406.466 405.451 405.221 404.435 404.761 403.975 402.405 402.175 401.714 400.374 398.803 399.128 398.343 397.327 397.883 396.312 394.741 393.17 394.836 392.71 391.14 390.909 389.339 385.872 387.538 385.412 383.286 384.396 382.825 380.469 379.684 378.113
381.255 382.825 384.396 384.396 385.412 387.538 389.109 389.339 390.909 391.14 392.71 394.281 393.17 394.741 395.527 397.097 398.113 398.343 399.128 400.699 400.374 401.945 401.945 402.405 402.635 402.865 404.435 406.006 404.896 406.466 406.696 406.926 406.601 407.386 407.847 407.847 407.521 409.092 408.767 408.997 409.227 408.116 409.687 411.258 409.036 409.822 410.052 408.386 407.83 408.846 408.52 409.306 407.084 407.084 407.544 406.434 408.004 406.894 405.228 405.458 403.792 404.022 402.911 402.586 404.156 401.15 401.38 400.269 399.388 398.833 399.063 397.397 396.286 395.175 394.295 393.739 392.073 390.962 391.423 389.526 389.201 386.75 385.084 385.314 382.862 381.751 380.085 378.975 376.523 379.76 380.871 381.751 382.862 384.528 386.194 386.75 387.63 389.526 389.852 391.748 392.629 393.184 394.295 395.175 396.286 396.841 399.063 400.959 399.388 399.713 400.594 403.831 402.26 403.926 402.911 406.703 405.132 405.458 405.783 405.783 406.108 407.774 407.544 407.084 407.084 408.75 409.076 408.06 409.956 408.386 409.496 409.822 410.147 409.917 409.131 409.457 409.227 408.997 407.196 407.196 408.862 407.847 407.061 408.727 405.816 405.586 406.696 406.466 406.236 404.665 404.435 404.761 404.531 402.96 401.389 401.159 400.374 402.04 399.128 398.898 396.772 397.883 395.527 395.297 393.17 393.496 392.71 391.14 390.909 387.998 389.109 387.538 385.967 384.396 382.825 381.485 381.255 379.684 378.113 379.684 379.128 382.04 384.396 383.286 385.412 387.538 387.768 389.339 389.569 391.14 392.71 394.281 395.066 395.297 396.312 397.883 396.772 398.343 399.914 398.803 400.929 401.159 402.175 402.96 403.19 404.761 404.435 403.88 406.236 406.466 406.696 406.926 408.497 407.386 408.957 407.847 408.307 409.092 408.537 408.211 409.227 409.457 408.346 411.258 408.806 410.607 410.052 408.386 409.956 407.505 409.076 408.75 407.64 406.529 406.759 407.774 405.323 405.783 407.354 405.458 405.132 404.022 402.911 403.141 402.26 401.705 401.935 401.054 399.158 398.833 397.722 397.397 396.286 394.62 394.85 392.399 392.073 390.962 391.423 389.526 389.201 386.75 385.084 385.314 384.203 381.751 380.085 380.315 378.649 380.315 381.426 382.537 384.203 384.528 386.98 387.535 389.201 389.526 390.637 393.644 393.414 395.865 396.191 395.961 396.286 397.397 397.722 397.492 399.158 400.269 400.039 401.705 402.816 404.482 404.252 403.236 405.132 405.458 407.354 405.783 405.323 406.434 406.759 406.529 407.084 406.624 408.52 408.29 407.275 410.282 408.711 408.481 409.036 408.021 409.131 409.457 409.227 408.997 408.767 409.092 407.521 408.632 407.617 406.831 405.816 407.712 406.696 406.466 406.236 404.665 404.435 402.865 403.19 402.96 401.389 401.714 400.374 398.803 400.469 398.898 398.113 396.312 396.312 394.741 394.511 391.6 391.37 391.14 389.569 389.339 387.213 387.538 385.967 384.396 381.715 382.04 379.684 379.684 378.113
380.469 382.825 383.611 383.841 385.967 387.538 389.109 388.783 390.909 391.14 393.266 391.6 395.066 395.297 396.312 395.757 398.668 398.898 399.128 398.803 401.484 401.159 403.515 404.301 403.975 404.761 404.435 404.665 405.451 405.126 405.356 406.926 408.497 406.831 407.617 408.632 408.862 409.092 408.767 408.997 409.227 408.116 409.687 407.465 408.251 408.481 408.711 406.815 409.956 408.29 409.306 407.965 407.64 406.759 406.759 407.774 405.323 406.338 405.783 404.902 403.792 404.022 403.696 403.141 402.816 401.15 400.594 399.713 397.817 398.833 396.381 397.397 396.286 395.961 394.85 393.184 392.073 391.748 389.852 389.526 389.201 386.75 385.084 383.187 383.648 382.537 381.426 378.419 378.094 379.76 381.426 381.751 383.648 383.187 386.98 386.98 387.86 389.526 389.852 392.303 392.073 392.399 394.065 395.175 396.286 397.167 397.167 398.833 399.944 401.61 400.594 402.26 402.26 403.926 404.482 404.022 403.562 405.132 405.228 406.338 406.108 406.434 406.759 408.655 407.64 408.75 409.076 408.846 407.275 410.282 410.052 409.036 409.592 411.258 409.687 408.116 408.441 408.997 408.537 407.196 408.862 408.632 407.617 410.068 405.816 406.926 405.356 405.126 406.236 406.006 404.435 404.761 403.975 402.96 402.73 401.945 400.929 400.699 400.469 398.898 398.113 396.542 395.527 394.741 395.066 394.836 391.37 391.14 390.909 389.339 387.213 387.538 385.412 384.626 383.611 382.04 379.914 378.343 378.113 379.684 381.255 380.699 383.611 385.182 385.412 387.538 389.109 390.679 389.569 392.48 391.925 391.6 395.066 396.637 395.527 397.883 397.883 398.898 399.128 398.803 402.27 401.159 401.389 402.96 403.19 404.761 404.435 404.665 407.577 406.466 406.696 406.926 406.601 407.386 407.617 407.291 408.862 407.751 409.877 408.767 409.227 409.457 409.687 409.362 409.036 409.266 408.711 408.386 408.386 407.505 407.735 408.75 407.64 408.655 406.759 406.434 405.323 405.783 406.013 405.458 405.132 404.022 404.482 403.141 402.26 401.705 401.38 400.269 400.499 397.492 399.063 397.397 396.286 395.961 396.191 392.399 392.073 391.748 390.637 389.526 389.201 387.305 386.98 384.758 383.648 382.537 381.426 379.76 378.649 379.76 380.641 382.537 382.862 385.314 386.98 386.75 387.63 389.526 389.852 391.748 393.414 393.184 394.85 395.961 396.516 397.167 397.722 399.388 399.158 398.928 400.824 402.26 402.816 403.926 402.356 403.466 405.132 405.458 405.228 405.553 405.878 406.434 406.759 407.87 407.084 407.41 408.52 408.846 407.83 410.282 409.496 409.822 408.806 408.576 409.687 410.012 409.227 410.338 408.767 409.092 408.862 407.291 408.957 407.386 408.497 406.926 406.696 405.126 404.896 405.221 404.991 402.865 404.531 403.515 402.175 401.945 402.27 400.699 397.232 398.343 397.327 397.883 396.867 394.741 395.066 394.836 392.71 391.14 390.909 390.679 389.109 385.642 385.967 383.286 382.27 382.825 379.914 379.684 378.113
380.469 382.825 382.825 384.396 385.412 387.538 386.427 388.783 390.909 391.14 393.266 392.94 396.407 394.741 396.312 397.097 398.113 398.343 400.469 399.358 400.374 401.714 403.515 402.96 401.294 402.865 404.435 403.88 404.896 406.466 405.356 406.371 406.601 406.831 407.617 407.847 407.521 409.092 407.981 408.211 408.441 409.457 409.687 407.465 409.036 409.822 409.496 410.282 409.956 408.846 407.735 408.75 407.084 407.314 407.544 406.434 405.323 405.553 406.013 405.458 405.132 404.022 404.482 402.586 402.26 403.831 400.824 400.269 399.944 397.492 397.722 398.738 396.286 394.62 394.85 393.739 392.073 390.962 389.852 389.526 389.201 387.305 386.424 384.758 384.203 382.537 381.426 381.886 379.99 380.315 380.085 382.537 382.862 385.869 385.639 386.75 387.86 388.971 389.852 391.748 393.414 395.865 396.191 396.516 396.841 396.841 399.063 398.833 399.158 401.054 400.039 401.705 400.689 404.482 404.252 404.022 405.132 403.562 406.013 406.338 405.878 406.434 407.544 407.87 408.98 407.965 409.076 408.846 408.06 408.386 406.815 408.481 408.806 408.021 409.131 409.457 409.227 408.997 408.767 409.092 407.521 408.632 407.617 406.831 406.601 406.926 406.696 406.466 404.896 406.006 404.435 402.865 402.635 402.96 403.515 401.714 400.929 398.803 398.573 398.343 396.772 397.097 396.312 395.297 394.511 391.6 393.821 391.14 390.909 387.998 387.213 387.538 385.412 384.396 384.396 382.825 381.255 379.684 378.113 379.684 381.255 382.04 383.611 384.396 385.967 387.538 387.768 389.339 389.569 391.14 392.71 392.94 393.17 395.297 396.312 396.312 398.113 398.898 399.128 398.803 400.374 400.374 401.389 402.405 403.19 404.205 404.435 404.665 404.896 405.681 406.696 406.926 406.601 406.831 407.617 408.632 408.862 409.092 408.767 408.767 408.441 409.457 407.005 411.258 409.036 409.822 409.496 408.386 407.275 408.06 407.735 406.069 408.98 407.87 407.544 407.774 406.664 406.894 405.228 405.458 406.473 404.022 404.252 403.926 402.816 401.15 401.38 401.054 399.944 398.833 396.381 397.167 396.286 395.961 394.065 393.739 392.073 390.962 389.852 389.526 387.86 386.75 385.084 383.187 382.862 382.537 381.426 379.76 378.094 379.76 381.426 382.537 384.203 385.314 385.639 386.98 387.63 388.971 389.852 390.962 392.073 392.399 396.191 395.961 396.286 396.056 397.722 398.833 397.817 399.483 401.38 403.831 402.26 404.482 404.482 404.022 405.132 403.562 405.228 406.894 408.004 407.774 406.759 407.314 407.084 406.624 409.076 408.06 409.956 410.282 410.052 409.822 408.251 408.021 407.561 408.116 409.227 410.338 408.767 409.092 408.862 408.632 407.847 407.386 406.601 406.371 405.356 405.126 404.896 406.006 404.435 404.761 402.635 402.405 403.515 401.159 400.374 400.699 399.128 400.239 397.883 397.883 396.312 394.741 395.066 391.6 393.266 392.48 389.569 387.998 389.109 387.538 385.967 384.396 383.611 382.825 381.255 379.684 378.113
381.255 382.825 384.396 384.396 385.967 386.982 387.213 389.339 390.909 391.14 392.71 392.94 393.17 394.741 396.312 397.097 397.327 398.343 401.024 398.803 400.374 401.159 402.175 402.96 402.635 402.865 404.435 406.006 406.236 406.466 405.356 406.926 406.601 407.386 407.617 407.847 405.625 409.092 408.767 408.211 409.227 409.457 410.472 411.258 408.806 409.036 408.711 410.282 407.83 408.29 407.735 408.75 406.854 407.314 407.544 407.774 407.449 405.553 405.228 405.458 405.132 404.022 404.252 402.586 402.816 401.705 400.039 400.269 399.713 398.833 397.722 396.841 396.286 395.961 396.191 395.865 392.073 390.962 391.423 389.526 387.86 386.75 385.084 385.314 382.862 382.537 380.085 378.975 378.094 379.76 381.426 381.751 382.862 385.314 386.424 387.535 389.201 387.63 389.852 392.303 392.073 393.184 394.85 394.62 396.286 398.738 399.063 400.174 399.158 400.269 400.039 401.15 402.816 403.141 404.252 404.022 405.132 405.458 405.228 405.553 408.004 407.774 406.759 408.655 407.64 407.41 409.076 408.29 407.275 408.386 409.496 409.266 409.592 408.576 409.687 409.457 409.227 410.338 409.322 410.433 408.862 407.291 407.617 406.276 405.816 406.926 406.696 406.466 404.896 404.665 404.435 402.865 403.19 402.405 403.515 401.945 402.27 398.803 398.573 398.898 398.113 397.883 395.527 395.297 393.17 393.496 392.71 391.14 389.569 388.783 387.213 387.538 385.967 384.396 382.825 381.255 379.684 379.684 378.113 378.898 381.255 381.485 383.611 383.841 385.967 386.982 387.213 389.339 390.909 391.695 393.266 391.6 395.066 395.297 396.312 396.542 398.113 399.454 400.469 400.699 400.929 401.159 401.389 402.405 403.19 402.865 404.435 404.665 404.896 406.466 406.696 406.926 405.26 407.386 407.617 408.632 408.862 409.092 408.767 408.211 408.441 409.457 409.131 409.917 409.592 409.036 410.052 408.386 407.83 408.29 408.52 407.41 407.084 407.314 407.544 406.434 406.664 406.894 407.354 405.458 403.792 405.362 403.696 403.141 400.689 401.15 400.594 401.61 399.158 399.388 398.507 397.167 396.286 395.961 394.85 393.739 393.414 390.962 391.423 389.526 389.201 386.75 386.424 384.758 383.648 382.537 381.426 380.315 378.649 378.975 381.426 382.537 382.862 385.314 386.98 386.75 387.63 389.526 390.637 391.748 392.073 392.399 394.85 394.62 396.841 396.056 399.063 399.388 399.158 400.269 400.039 401.15 402.816 402.586 403.696 406.703 403.792 405.458 405.228 406.108 408.004 407.774 406.759 408.655 407.64 408.75 409.076 408.846 409.956 408.386 408.156 408.481 408.806 411.258 409.687 408.901 409.227 407.656 409.877 409.092 409.417 407.847 407.061 407.386 406.601 406.926 406.696 406.466 405.451 406.006 404.435 404.761 401.294 402.96 401.945 401.945 400.374 400.699 399.128 398.898 398.113 396.542 395.527 394.741 395.066 391.6 392.71 391.695 390.909 387.998 387.213 385.642 385.412 384.626 383.055 382.825 381.255 379.684 378.113
381.255 382.04 383.611 385.182 385.412 387.538 389.109 389.339 389.569 391.695 392.71 393.496 393.17 395.297 395.527 396.542 397.883 398.898 399.128 400.699 400.374 400.374 401.389 402.405 402.635 402.865 404.435 406.006 405.451 405.126 405.356 406.926 408.497 406.276 407.617 408.632 407.521 407.196 408.767 408.997 408.441 409.457 409.131 411.258 408.251 408.481 409.496 410.282 407.275 408.06 407.735 408.75 408.98 406.529 407.544 406.434 408.004 406.894 406.568 405.458 403.562 404.022 404.252 402.586 402.816 401.705 401.38 401.054 399.158 400.174 399.063 397.397 396.286 396.516 392.724 394.525 393.414 392.303 389.852 389.526 389.201 387.535 385.639 384.528 382.862 382.537 381.426 380.315 378.094 380.315 380.085 382.537 384.758 385.314 386.98 386.98 387.86 389.526 389.852 392.303 393.414 395.865 394.85 394.62 396.841 397.397 397.722 398.833 399.944 400.269 401.38 403.831 404.156 403.926 404.252 404.022 405.132 405.458 406.568 406.894 407.449 406.434 406.759 407.87 407.084 407.965 409.076 408.846 409.956 408.386 410.052 409.036 408.806 409.917 409.687 408.116 408.441 408.997 408.537 407.196 409.417 409.187 407.617 406.831 406.601 406.926 405.356 406.466 407.577 406.006 404.205 402.865 403.975 402.405 402.73 401.159 402.27 400.699 397.232 398.898 398.113 396.312 396.867 394.741 393.17 392.94 391.37 391.14 390.909 390.679 389.109 386.982 385.412 385.182 383.611 382.04 381.255 378.898 378.113 379.684 380.469 382.04 382.825 385.182 384.856 385.642 389.109 387.998 390.124 391.14 393.266 392.94 393.17 394.741 396.312 396.542 396.772 398.343 399.128 398.803 400.374 401.714 402.175 402.405 402.635 404.761 404.435 406.006 404.896 406.466 406.696 406.926 408.497 407.386 407.617 408.632 407.521 409.092 408.767 408.211 409.227 408.116 408.346 408.021 409.036 408.481 408.156 409.726 407.275 408.846 409.076 406.624 408.195 408.655 407.544 406.434 406.664 405.783 405.228 404.902 405.132 404.022 404.252 403.926 402.26 401.705 400.039 400.269 399.388 398.833 397.722 397.397 396.286 395.961 396.191 393.739 392.073 390.962 389.852 389.526 387.63 387.535 385.084 385.314 383.648 382.537 381.426 381.886 378.094 378.975 381.426 381.751 384.988 385.314 385.084 387.305 387.86 389.526 389.852 391.748 392.073 394.525 394.85 395.961 396.286 398.738 397.167 397.492 399.388 400.269 401.38 401.15 402.26 402.586 402.911 404.022 403.562 405.458 405.783 405.783 405.323 407.774 406.759 407.87 407.64 407.41 407.735 408.846 408.386 408.386 408.711 408.481 408.806 409.362 409.687 409.457 409.227 408.211 407.981 407.751 408.862 407.847 407.847 406.831 406.601 406.926 406.696 405.911 404.896 406.006 404.435 404.205 403.975 402.405 403.515 401.945 404.166 400.699 400.469 398.343 398.668 396.542 396.312 395.852 396.407 393.496 392.71 391.14 390.909 389.339 389.109 387.538 385.967 385.182 383.611 381.485 381.255 379.684 378.113
380.469 381.485 383.611 384.396 385.967 385.642 389.109 387.443 390.909 392.48 391.37 393.496 394.511 394.741 396.312 396.542 397.327 398.343 399.128 402.04 400.374 401.945 402.175 402.96 403.975 404.761 402.865 405.221 404.896 406.466 406.696 406.926 408.497 410.068 407.847 408.077 408.862 409.647 408.767 407.656 409.227 408.901 409.687 411.258 409.036 409.822 409.496 408.386 409.956 408.29 408.52 408.75 408.98 407.314 407.544 406.434 406.108 405.783 405.228 405.458 405.132 404.022 404.252 402.586 402.26 401.15 400.039 398.928 399.158 398.833 397.167 398.738 396.286 394.62 394.85 393.739 393.414 391.748 390.637 389.526 389.201 388.09 386.424 385.314 382.862 382.537 381.426 380.315 379.99 380.315 381.426 383.878 384.203 384.758 386.424 386.98 389.201 388.971 390.637 390.962 392.073 392.399 394.85 394.62 396.286 397.397 398.507 398.833 399.388 399.483 401.935 401.15 403.371 402.586 404.252 404.022 405.132 405.458 405.783 406.894 405.323 406.434 406.759 407.084 408.195 407.41 407.735 407.735 409.956 408.386 408.711 408.481 408.806 411.258 409.131 408.116 407.886 410.338 408.767 407.196 408.862 408.632 407.617 410.068 408.497 406.926 405.356 405.911 405.451 406.006 406.332 404.205 403.19 402.96 402.73 401.159 400.929 399.358 397.232 398.343 398.668 397.097 395.527 398.533 395.066 391.6 393.266 391.14 389.569 389.339 387.768 387.538 385.412 384.396 384.396 382.04 380.469 378.898 378.113 378.898 380.469 382.04 382.825 383.841 386.752 387.538 387.213 387.443 390.909 391.695 390.029 392.94 396.407 394.741 396.312 397.883 396.772 400.239 399.914 400.699 400.374 401.159 401.389 402.96 403.975 402.865 404.435 406.006 404.896 406.466 406.696 406.926 406.601 407.386 407.617 407.847 407.521 407.196 408.767 410.338 409.227 408.116 409.687 408.576 409.592 409.822 408.711 408.941 407.83 408.846 407.735 409.306 407.084 407.87 408.1 407.774 408.004 406.338 405.783 405.458 405.132 405.362 403.696 403.926 402.26 400.364 401.38 400.269 400.499 398.833 397.167 396.056 396.286 395.175 394.295 392.399 393.414 392.303 389.852 389.526 389.201 388.09 386.98 384.758 384.203 381.751 380.641 379.76 376.523 380.315 381.426 381.751 383.648 384.758 385.639 386.75 387.63 389.526 391.423 391.748 393.414 393.739 396.191 394.62 394.945 396.056 397.722 398.833 400.499 401.61 401.38 403.831 402.26 402.586 404.252 404.022 405.132 404.902 405.228 406.894 405.323 406.434 407.544 408.655 408.98 407.41 407.18 407.505 407.275 408.386 410.052 409.036 409.036 408.576 409.687 409.457 409.227 410.338 408.537 409.647 408.862 407.847 407.617 407.386 408.497 406.926 405.356 406.466 406.236 404.665 404.435 402.865 403.975 402.96 402.73 401.159 400.374 401.254 400.469 398.898 398.113 397.097 396.312 394.741 395.066 391.6 392.71 391.14 389.569 389.339 387.768 387.538 385.412 384.626 383.611 381.255 381.255 379.684 378.113
381.255 381.485 383.611 385.182 385.412 387.538 387.768 388.783 389.569 391.14 391.37 393.496 394.511 394.741 395.527 395.757 396.772 398.343 399.128 402.04 400.929 401.714 400.834 402.405 403.19 402.865 404.991 404.665 406.236 406.466 406.696 406.926 406.601 407.386 407.061 407.291 407.521 409.092 408.767 408.997 409.227 408.116 409.687 409.362 409.036 409.266 408.711 408.386 407.83 408.846 407.735 407.965 408.98 407.084 407.544 406.434 405.323 405.783 406.013 405.458 405.132 404.022 404.252 403.141 403.371 401.705 401.38 400.269 399.158 399.388 398.507 397.397 396.286 395.175 394.85 392.399 393.969 390.962 389.852 389.526 387.63 387.305 386.98 383.187 382.862 382.537 380.085 381.886 379.99 380.315 380.315 381.751 382.862 385.314 385.639 385.409 387.86 389.526 390.637 390.962 393.414 393.739 394.85 395.175 396.286 396.611 399.063 398.833 400.499 400.039 401.38 401.15 400.689 404.482 403.696 403.466 403.792 405.458 405.228 406.894 408.004 406.434 406.759 408.655 408.195 406.624 408.52 408.06 407.275 408.386 408.711 408.481 408.806 408.576 407.561 409.457 409.227 408.997 408.767 409.092 408.862 407.847 408.957 407.386 407.156 406.926 406.696 406.466 405.451 406.006 406.332 404.761 401.294 402.96 402.175 401.159 400.929 398.803 397.232 398.898 397.327 397.653 396.867 395.297 393.17 392.94 391.37 391.14 389.569 388.783 389.109 385.642 385.412 385.182 383.611 382.04 380.469 379.684 378.113 379.684 381.255 382.04 382.27 385.182 385.967 386.982 389.109 389.339 389.569 391.14 393.266 391.6 393.17 394.741 396.312 396.542 397.883 398.343 399.128 398.803 400.929 401.159 402.175 403.515 404.531 404.761 404.991 404.665 405.451 405.681 406.696 406.926 408.497 407.386 408.402 408.632 408.862 407.196 408.537 408.997 407.886 409.457 407.561 408.576 408.251 408.481 408.711 408.941 407.83 408.06 409.076 409.306 407.64 408.655 406.759 406.434 408.004 405.783 405.783 405.458 405.132 404.022 402.356 403.926 402.816 401.705 400.039 401.054 399.388 398.833 397.167 396.611 396.516 395.961 394.85 392.399 392.073 392.303 390.637 388.971 387.63 387.305 386.98 384.758 386.329 381.751 380.085 379.76 376.523 381.886 380.871 382.537 384.203 385.314 386.424 388.09 389.201 389.526 390.637 391.748 392.629 392.399 394.85 394.62 396.286 396.611 397.722 397.492 399.388 398.928 401.935 403.831 402.816 402.586 404.482 404.022 405.132 405.458 405.228 405.553 406.664 407.774 407.544 408.655 407.084 408.75 409.076 410.186 409.956 410.282 408.156 408.481 409.036 409.362 409.687 408.116 409.227 408.211 408.767 409.647 407.521 408.632 407.847 406.831 405.816 405.586 405.356 406.466 406.236 406.006 404.435 404.205 402.635 402.405 402.175 401.945 400.929 400.699 398.573 398.898 397.883 396.542 396.082 396.637 393.17 393.496 392.71 391.14 390.909 387.443 385.872 387.538 385.412 384.396 383.611 382.04 381.255 379.684 378.113
381.255 382.04 383.611 384.396 385.967 387.538 389.109 390.679 389.569 391.14 391.37 394.836 396.407 394.741 396.312 396.542 398.113 398.898 399.128 398.803 401.484 401.714 402.175 402.405 403.975 404.761 404.435 404.665 407.577 406.466 407.252 406.926 408.497 407.386 407.847 407.847 408.862 409.092 408.537 408.211 408.441 409.457 409.131 409.362 409.592 409.036 410.052 408.386 409.956 408.846 407.735 408.75 408.195 406.529 407.544 406.434 407.449 406.894 406.568 405.458 405.132 404.022 402.911 402.586 402.816 403.831 401.38 401.61 399.944 398.833 399.063 396.841 396.286 395.961 392.724 393.739 393.969 390.962 390.637 389.526 387.63 387.305 386.98 384.758 383.648 383.878 381.426 378.419 378.649 378.419 381.426 382.537 386.329 383.187 386.98 386.75 388.646 389.526 389.852 391.748 393.414 392.399 394.295 395.961 396.286 396.611 397.167 399.618 399.158 400.269 400.039 403.831 402.816 402.586 404.252 404.022 405.132 405.458 406.568 406.338 407.449 408.33 407.544 407.084 407.084 406.069 407.735 407.505 409.956 408.386 408.711 409.822 410.147 409.917 409.687 409.457 409.227 408.211 408.767 409.092 408.862 408.632 407.847 410.068 408.497 406.926 406.696 406.466 404.896 406.006 404.435 402.865 403.19 402.405 402.73 401.945 400.929 400.699 398.573 400.239 399.454 396.542 396.312 395.297 396.407 394.836 391.37 391.14 390.354 389.339 389.109 384.301 385.412 384.396 382.27 382.04 381.255 379.684 378.113 379.684 380.469 382.825 383.611 384.626 384.856 387.538 387.768 390.679 389.569 391.14 392.71 394.281 393.17 394.741 395.527 396.542 398.668 398.343 399.128 400.699 400.929 401.714 402.73 403.515 404.531 404.761 405.546 404.665 406.236 405.911 406.696 406.371 406.601 406.831 408.402 407.847 408.862 408.307 408.537 408.211 409.227 409.457 409.687 408.021 408.806 409.266 408.711 410.282 407.275 408.06 409.076 408.75 408.98 407.084 406.759 407.774 405.323 405.783 405.783 405.458 403.562 404.022 402.911 403.926 402.03 401.705 401.38 401.61 399.388 398.833 397.722 397.397 396.286 395.961 394.295 392.399 392.073 391.748 391.423 389.526 389.201 388.09 386.98 384.758 382.862 381.751 381.426 380.315 378.649 378.419 381.426 381.751 384.203 384.528 385.639 388.09 387.63 389.526 391.423 390.962 392.073 393.184 394.295 394.62 396.841 396.841 397.167 399.388 399.388 400.269 400.039 401.15 403.371 404.482 403.696 404.022 405.132 405.458 405.783 406.338 406.108 407.774 407.544 406.529 408.195 407.41 409.076 411.527 408.616 409.726 408.711 408.481 408.806 411.258 409.687 408.116 409.227 408.211 408.767 407.751 408.862 408.077 407.617 406.831 408.497 405.586 406.696 406.466 404.896 405.221 404.435 406.102 403.19 402.405 401.389 401.714 400.374 398.803 399.914 398.898 398.668 396.542 396.867 394.741 393.17 392.94 393.266 391.14 389.569 387.998 389.109 385.642 385.412 385.182 383.611 382.825 380.469 379.684 378.113
381.255 382.04 383.611 384.396 385.412 385.642 387.768 390.679 389.569 391.14 392.71 392.94 393.17 395.852 395.527 396.312 398.668 398.343 398.573 400.699 400.374 401.159 402.175 402.405 403.19 402.865 404.435 406.006 404.896 405.911 405.356 405.586 408.497 407.386 407.061 407.847 408.307 409.092 408.767 407.656 409.227 410.012 409.687 411.258 409.036 409.266 406.815 410.282 409.956 408.846 409.076 407.965 407.64 407.314 407.544 408.33 408.004 405.783 406.568 405.458 405.132 404.022 402.911 401.8 403.371 403.046 401.38 401.054 397.817 397.492 399.063 397.397 396.286 395.175 394.295 393.184 392.073 392.303 389.852 389.526 387.63 387.305 385.639 385.314 384.203 382.537 381.426 380.315 376.523 379.76 381.426 382.537 382.862 384.758 385.084 386.75 387.86 389.526 389.852 390.962 392.629 393.184 392.724 395.175 394.945 396.056 399.063 398.833 399.158 400.269 400.039 401.705 400.689 401.8 402.356 404.022 405.132 405.458 405.783 406.338 407.449 406.434 407.544 407.084 408.195 406.624 408.52 408.846 407.83 408.386 408.711 409.036 409.592 409.362 409.687 410.012 408.441 410.338 409.322 409.092 408.862 407.847 407.617 406.831 408.497 406.926 405.356 406.466 404.896 406.006 404.435 402.865 403.975 402.405 401.389 401.945 400.374 398.803 397.232 399.454 397.327 397.097 396.312 394.741 393.17 393.496 391.37 391.14 389.569 390.679 387.213 387.538 385.412 384.396 382.825 382.04 379.914 379.684 378.113 379.684 380.469 382.04 383.055 384.396 385.967 387.538 387.213 388.783 390.909 391.14 392.71 392.94 395.066 394.741 395.527 397.097 396.772 398.898 400.469 398.803 400.929 401.714 401.945 403.745 403.975 402.865 404.435 406.006 404.896 405.681 406.696 406.926 408.497 407.386 407.061 408.632 409.417 407.196 409.322 408.997 409.227 409.457 409.131 409.917 409.592 409.036 410.052 409.726 407.275 407.505 407.18 409.306 407.084 408.655 406.759 407.774 406.108 405.553 406.568 404.902 405.132 403.466 402.911 403.926 402.816 401.705 401.38 399.483 399.158 398.833 399.063 398.738 396.516 396.516 394.85 393.739 392.073 392.303 389.296 388.971 387.63 388.09 385.639 385.314 384.203 383.878 380.085 379.76 378.649 378.419 381.426 382.537 384.203 385.314 385.639 387.305 389.201 389.526 390.637 392.303 392.073 392.399 394.295 395.175 396.286 397.167 397.167 400.959 399.158 400.269 401.935 403.046 402.816 402.586 402.911 404.022 405.132 405.458 405.228 405.783 408.004 406.434 406.759 406.529 407.64 408.75 409.076 408.06 409.956 406.815 410.052 409.822 408.806 409.362 409.687 408.116 409.227 408.997 408.767 409.092 408.862 409.417 407.847 407.386 408.497 407.712 406.696 405.681 404.896 406.006 404.205 404.761 403.19 403.515 403.515 401.159 400.374 400.699 399.128 398.343 397.883 396.312 395.527 395.852 395.066 392.94 392.71 391.14 390.909 390.679 389.109 387.538 385.412 384.396 383.055 382.825 380.469 378.898 378.113
380.469 382.825 383.611 384.396 385.967 387.538 386.427 389.339 389.569 391.14 391.925 394.281 394.511 395.297 396.312 395.757 396.772 398.898 400.469 400.699 400.929 401.945 402.73 402.96 402.635 404.761 405.546 406.006 405.451 406.466 405.356 406.926 405.816 406.831 407.617 409.187 409.417 409.092 408.767 408.997 409.227 409.457 409.687 409.362 409.036 408.481 408.711 410.282 409.956 408.846 409.076 408.75 407.64 407.87 406.759 407.774 406.108 406.108 405.228 405.458 405.132 404.022 402.911 402.586 403.371 403.046 401.38 398.928 397.817 398.833 399.063 398.738 396.286 395.175 394.85 394.295 393.414 392.303 391.193 388.971 389.201 387.535 386.98 385.314 382.862 382.537 380.871 378.975 379.99 379.76 380.085 382.537 383.648 385.314 386.424 386.75 387.63 389.526 390.637 392.303 392.073 392.399 394.85 395.961 396.841 397.397 399.063 398.833 399.944 401.61 401.38 403.831 402.26 403.141 404.252 403.466 405.132 405.458 405.783 405.553 406.664 406.434 407.544 408.655 407.084 408.75 407.18 408.846 409.956 409.726 408.711 409.266 409.036 408.021 409.687 408.116 409.227 410.338 408.767 407.196 409.417 407.847 407.617 406.831 406.601 406.926 406.696 405.681 406.236 406.006 404.435 402.865 401.294 402.96 402.175 401.159 400.374 400.699 398.573 398.898 397.327 395.757 396.312 394.741 395.066 394.281 392.71 391.14 389.569 390.679 389.109 385.642 385.967 384.396 383.055 382.825 381.255 379.684 378.113 379.684 381.255 381.255 383.055 385.182 385.967 387.538 387.768 389.339 392.25 391.14 391.37 391.6 393.17 394.741 395.527 396.542 398.113 398.898 398.573 400.699 400.374 401.714 402.175 403.745 403.19 402.865 404.435 405.221 404.896 406.466 406.696 407.712 408.497 410.068 408.957 408.632 407.521 409.092 408.767 408.997 408.441 410.012 409.687 409.362 408.806 409.266 408.711 408.386 408.06 408.846 409.076 406.624 407.64 407.314 406.759 406.434 406.664 406.894 405.783 405.458 405.132 403.466 404.482 403.926 400.689 401.705 401.38 399.483 399.944 399.388 397.167 397.397 396.286 395.961 394.85 392.399 393.414 392.303 389.852 389.526 387.86 386.98 385.639 385.314 382.862 382.537 381.426 380.315 379.99 378.975 381.426 382.537 383.648 385.869 385.639 387.305 388.646 389.526 391.193 391.748 392.073 393.739 394.295 394.945 396.841 396.611 397.722 399.388 400.499 401.054 401.38 400.364 402.816 401.245 402.911 404.022 405.132 405.458 405.228 405.553 405.323 407.774 407.544 407.084 408.98 409.306 409.076 407.735 408.616 408.386 410.052 409.036 408.806 409.362 408.346 408.116 408.441 408.997 408.767 409.092 410.203 407.847 407.617 407.386 405.816 406.926 406.926 405.681 406.236 404.665 404.435 404.761 403.975 402.405 401.389 401.714 400.374 402.04 399.128 398.898 398.113 396.312 396.312 394.741 393.17 392.94 391.37 391.14 389.569 390.679 389.109 387.538 385.412 385.182 381.715 382.04 381.255 379.684 378.113
381.255 382.04 384.396 383.841 385.967 386.982 389.109 387.998 389.569 391.14 392.71 391.6 393.17 395.297 396.312 397.097 398.113 398.898 400.469 398.803 400.929 401.945 401.389 402.405 403.19 406.102 404.435 404.665 406.236 406.466 406.696 406.926 406.601 406.831 407.061 408.632 408.862 409.647 408.767 408.997 409.227 409.457 409.131 409.917 408.806 408.481 408.711 408.941 407.83 408.846 408.52 407.41 408.98 408.655 407.544 407.774 407.449 406.894 405.228 405.458 405.132 402.681 402.911 404.482 402.26 401.705 400.039 400.269 399.158 398.833 397.167 396.611 396.286 395.175 394.85 393.739 392.073 391.748 389.852 389.526 387.63 385.409 386.424 385.314 382.862 382.537 381.426 379.76 378.094 380.315 381.426 383.092 384.203 384.758 385.084 388.09 387.63 389.526 389.852 390.962 392.073 395.865 392.724 395.175 396.516 397.397 397.167 400.174 399.158 400.269 400.824 403.831 402.26 402.586 402.911 406.703 405.132 405.458 405.228 406.894 406.664 407.774 406.759 407.084 407.084 408.75 409.076 408.06 407.275 408.386 408.711 408.481 409.036 408.021 409.687 409.457 409.227 408.997 408.767 407.751 409.417 408.077 407.617 406.831 408.497 405.356 406.696 405.681 406.236 404.665 404.435 402.865 404.531 403.515 402.73 401.159 400.374 402.595 399.128 398.343 396.772 397.097 395.527 394.741 395.066 392.94 392.71 391.14 390.354 389.339 387.768 386.982 385.967 384.396 383.611 382.04 381.255 379.684 378.113 379.684 380.469 382.825 383.611 385.182 385.967 387.538 389.109 387.998 390.909 391.14 390.029 394.836 393.17 394.741 396.312 397.097 397.327 398.343 399.914 402.04 400.929 401.159 402.175 402.405 404.531 402.865 404.435 404.665 404.896 405.126 407.252 407.712 405.816 407.386 408.957 408.077 407.521 409.092 408.767 408.211 409.227 409.457 409.131 409.362 408.806 409.036 408.711 408.386 409.956 407.735 407.735 408.75 408.98 407.084 407.544 406.434 405.323 405.553 405.228 403.562 405.132 404.022 402.911 403.141 402.816 401.705 401.61 401.61 400.499 399.388 397.722 397.397 396.516 394.62 394.295 395.865 393.414 391.748 390.637 389.526 389.201 386.75 386.98 383.187 382.862 381.751 381.426 379.76 379.99 378.419 380.641 382.537 386.329 384.758 385.084 388.09 389.201 389.526 390.637 390.962 392.073 392.399 394.85 394.62 396.286 398.738 399.063 398.833 399.388 399.713 401.38 401.15 402.26 402.586 402.911 404.022 403.792 405.458 406.013 406.894 408.004 407.774 407.544 407.084 407.084 406.624 409.076 407.735 408.616 408.386 408.711 409.036 408.806 409.362 409.687 408.116 408.441 408.211 408.767 409.647 407.521 407.847 407.617 407.386 406.601 406.926 406.696 406.466 406.236 406.006 404.435 402.865 403.19 402.96 401.389 401.159 400.374 401.254 399.128 398.343 398.668 396.312 396.312 395.297 395.066 392.94 392.71 391.14 392.25 389.339 389.109 387.538 385.967 384.396 383.611 382.04 380.469 378.898 378.113
380.469 382.04 383.611 384.626 385.967 386.982 389.109 389.339 389.569 391.14 391.37 393.496 393.17 396.637 396.312 396.542 396.772 398.343 397.232 400.699 400.929 401.714 402.73 402.405 403.975 402.865 405.546 406.006 405.451 406.466 406.696 406.926 406.601 408.172 408.957 408.632 409.417 407.751 408.767 408.767 408.441 409.457 410.472 408.576 408.806 408.481 410.052 408.941 407.275 408.846 407.735 407.965 407.64 407.87 407.544 406.434 408.004 406.894 406.568 403.562 405.132 404.022 404.252 402.586 402.03 401.705 401.935 400.269 399.388 399.618 398.507 396.611 396.286 395.961 394.85 395.865 392.073 390.962 389.852 389.526 387.86 386.75 386.424 384.758 384.203 382.537 381.426 380.315 378.094 381.886 380.871 381.751 384.203 385.314 385.639 388.09 387.86 389.526 389.296 390.962 392.073 392.399 394.85 396.516 396.286 397.397 397.722 399.618 399.158 400.039 400.824 401.15 400.689 402.586 403.696 404.022 405.132 404.902 404.672 406.338 406.108 407.774 406.759 408.655 407.084 408.75 407.735 408.06 407.83 408.941 408.711 408.481 409.036 408.576 409.687 410.012 409.227 408.997 408.767 407.751 408.862 408.632 407.617 408.172 408.497 406.926 406.696 406.466 405.451 406.006 404.435 402.865 403.975 403.745 402.175 401.159 400.374 398.803 397.232 398.343 397.327 396.312 396.312 394.741 395.066 393.496 393.266 391.14 390.909 389.339 389.109 387.538 385.967 384.396 382.825 382.04 381.255 379.684 378.113 379.684 380.469 381.485 384.396 385.182 385.967 385.642 389.109 389.339 389.569 391.14 392.71 392.94 396.963 397.978 396.867 397.883 397.327 398.898 397.232 398.803 400.374 401.945 401.945 402.405 403.975 402.865 404.435 403.88 404.896 406.466 406.696 405.586 408.497 407.386 407.617 408.077 408.862 407.751 408.767 408.767 408.441 409.457 409.687 408.576 409.592 408.481 406.815 408.941 409.956 408.29 408.52 407.41 408.195 407.084 407.544 407.774 406.664 405.783 405.228 405.458 403.562 404.022 404.252 401.245 402.03 401.15 401.38 400.269 399.388 398.833 398.507 396.056 396.516 395.175 394.295 393.739 393.414 390.962 389.852 389.526 389.201 387.305 385.084 384.758 382.862 381.751 380.871 378.975 378.094 379.76 381.426 382.537 384.203 383.187 385.639 386.75 389.201 389.526 389.852 390.962 392.073 393.184 394.065 395.961 396.516 396.611 399.063 397.492 399.158 400.269 401.38 400.364 402.26 401.8 404.252 406.703 405.132 405.458 405.228 406.338 406.664 406.434 407.544 406.529 406.854 409.306 409.076 407.505 409.956 408.386 409.496 408.481 409.592 408.576 409.687 408.901 409.227 407.656 408.767 407.196 408.862 408.077 407.617 408.172 406.601 406.926 406.696 406.466 406.236 404.665 404.435 404.761 403.19 402.405 402.175 401.714 400.374 398.803 398.573 398.898 398.668 397.883 395.527 395.297 395.066 392.94 392.71 391.14 389.569 387.998 389.109 387.538 385.967 383.841 383.611 382.04 380.469 379.684 378.113
379.914 382.825 383.055 384.396 385.967 386.982 389.109 389.339 390.909 391.14 393.266 392.94 393.17 394.741 396.867 397.097 397.327 398.898 398.573 398.803 400.929 401.945 403.515 402.405 404.531 404.205 404.435 403.88 406.236 406.466 406.926 406.926 408.497 410.068 408.402 407.291 407.521 410.433 408.767 407.656 408.671 408.901 409.687 408.576 409.592 408.481 408.711 408.386 407.275 408.29 407.735 408.75 408.195 407.314 407.544 406.434 407.449 405.553 405.228 405.458 405.918 405.362 404.252 401.245 402.816 401.15 401.38 400.269 399.388 397.492 397.167 397.397 396.516 395.175 394.85 393.739 393.414 390.962 391.193 389.526 389.201 386.75 386.98 386.654 383.648 382.537 381.426 380.315 379.99 380.315 381.426 382.537 382.862 385.314 385.639 386.75 387.305 389.526 389.296 392.303 392.073 393.184 394.295 395.961 396.286 397.397 397.722 398.833 399.944 401.054 400.039 401.15 402.26 402.586 403.696 404.022 405.132 404.902 405.228 406.894 406.664 406.434 407.544 408.655 407.084 407.965 409.076 408.29 407.275 408.941 409.496 409.822 408.806 409.362 410.472 408.901 409.227 408.997 408.767 409.092 408.862 408.632 407.617 406.831 406.601 406.926 406.696 406.466 406.236 403.88 404.435 406.102 404.531 402.96 402.175 400.604 400.929 400.699 399.128 398.898 397.327 397.097 395.527 398.533 393.17 394.281 392.71 391.14 389.569 389.339 389.109 387.538 385.967 385.182 383.055 381.255 381.255 378.898 378.113 379.684 379.128 382.825 383.611 384.626 384.856 387.538 389.109 390.679 390.909 391.14 392.71 393.496 393.17 395.297 396.867 397.097 397.883 397.557 400.469 398.803 400.374 401.159 402.175 402.96 403.975 402.865 404.435 404.665 404.896 406.466 407.252 406.926 408.497 408.172 407.847 408.632 408.307 409.092 408.767 408.767 407.886 408.116 408.346 409.917 409.036 409.266 410.052 408.386 407.83 408.846 409.076 406.624 408.195 407.87 406.759 407.774 406.664 405.783 406.013 404.902 405.132 403.466 404.252 402.586 402.26 403.046 401.935 401.054 397.817 400.174 399.063 397.397 396.286 394.62 396.191 393.184 392.073 390.962 391.193 389.526 389.201 386.75 386.424 386.654 384.203 383.878 381.426 378.419 378.649 380.315 381.426 382.537 382.862 385.314 385.639 386.98 387.86 389.526 389.852 391.748 393.414 393.184 394.295 395.175 396.286 396.611 399.063 398.833 399.388 399.713 400.824 401.15 402.816 404.482 404.482 404.022 404.347 404.902 405.228 406.894 405.323 407.774 407.544 406.529 408.98 408.75 409.076 407.505 407.83 410.282 408.711 409.822 408.251 409.362 409.131 408.116 409.227 407.656 408.767 409.092 408.862 407.291 407.617 407.386 408.497 407.712 407.252 406.466 404.896 404.665 404.205 402.865 403.975 403.745 403.515 401.945 400.374 400.699 399.128 398.343 398.113 397.883 396.312 395.297 393.17 391.6 391.37 391.14 390.354 390.679 387.213 387.538 385.412 385.182 382.27 382.04 381.255 378.898 378.113
380.469 381.485 383.055 385.182 385.967 387.538 389.109 387.998 389.569 391.14 390.029 391.6 395.066 394.741 396.312 397.883 397.327 398.898 397.232 399.358 400.929 401.159 401.945 403.745 403.19 404.761 404.991 404.435 404.896 405.126 405.356 406.926 405.26 407.386 407.847 408.632 407.521 409.092 408.767 410.338 409.227 410.012 409.131 409.917 408.806 409.036 410.052 408.386 408.616 408.846 407.735 409.306 408.98 408.655 407.544 406.434 408.004 405.553 405.228 405.458 405.132 404.022 402.911 402.586 400.689 401.15 401.38 400.269 399.944 398.833 397.167 396.056 396.286 395.961 394.295 393.184 392.073 392.303 389.296 389.526 389.201 386.75 385.084 383.187 382.862 382.537 381.426 378.419 378.649 379.76 381.426 382.537 382.862 384.528 386.424 387.305 387.63 387.63 389.852 390.962 392.073 392.399 394.295 394.62 396.516 397.397 398.507 399.388 399.158 401.054 401.935 401.15 402.816 404.482 403.696 404.022 405.132 405.458 405.228 405.553 406.108 407.774 407.544 408.655 408.98 407.965 407.735 408.846 409.956 410.282 410.052 409.822 409.036 407.465 409.131 409.457 409.227 408.767 408.767 409.092 407.521 407.291 407.617 410.068 408.497 406.926 406.696 405.126 405.451 404.665 402.865 404.205 402.635 402.405 402.175 401.159 400.929 402.595 400.469 398.898 398.113 397.883 396.312 394.741 393.17 394.836 392.71 391.695 390.124 388.783 387.768 383.746 384.856 385.182 383.611 382.04 381.255 378.898 378.113 379.684 381.255 382.825 384.396 384.396 385.967 386.982 387.768 389.339 389.569 391.14 391.925 395.392 393.17 394.741 395.527 397.097 397.327 398.898 398.573 400.699 400.374 401.945 403.515 402.405 403.975 404.761 405.546 404.435 405.451 406.466 405.356 406.926 408.497 407.386 407.617 407.847 408.862 409.647 408.767 408.997 409.227 409.457 409.687 408.021 409.036 408.481 409.496 408.386 407.275 408.846 407.735 409.306 408.98 407.87 406.759 406.434 406.108 406.894 405.228 405.458 405.132 404.022 404.252 403.141 402.816 401.15 400.594 399.483 399.388 399.388 397.167 396.056 396.286 395.961 394.295 393.184 393.414 390.962 390.637 389.526 389.201 387.305 385.639 385.314 383.648 382.537 381.426 381.886 378.649 380.315 381.426 381.751 383.648 385.314 385.639 387.535 389.201 389.526 390.637 390.962 392.073 393.739 394.85 395.961 396.286 397.397 398.507 399.388 399.388 398.928 401.38 401.705 402.816 402.586 402.911 404.022 403.792 403.562 405.228 406.108 408.004 406.434 406.759 408.655 407.084 406.624 407.18 408.846 407.83 410.282 409.496 409.822 409.036 408.576 408.346 409.457 409.227 408.211 408.767 409.092 407.521 407.291 407.847 408.727 408.497 406.926 406.696 406.466 404.896 406.006 404.435 404.761 403.19 402.405 402.175 401.714 400.929 398.803 400.469 398.898 398.113 397.883 395.527 394.741 393.17 392.94 392.71 391.14 390.354 389.339 389.109 386.982 385.967 384.396 383.611 381.485 381.255 379.684 378.113
380.469 382.04 383.055 384.396 385.412 385.642 387.768 389.339 389.569 391.14 392.71 391.6 395.066 396.637 395.527 397.883 397.327 398.343 400.469 402.04 402.27 401.714 403.515 402.96 403.975 402.865 404.991 406.006 404.896 405.126 406.696 406.926 407.942 410.068 407.847 409.187 408.862 407.196 408.767 408.767 407.886 409.457 409.687 409.917 408.806 408.481 406.815 406.815 407.83 408.846 407.735 408.75 407.64 408.655 407.544 407.774 406.108 406.338 406.568 405.458 405.132 403.466 404.252 403.141 402.26 401.705 401.38 399.713 399.388 399.618 397.722 396.841 396.516 395.175 394.065 393.184 393.969 390.962 391.423 388.971 387.86 387.305 386.424 385.869 383.648 382.537 380.871 380.315 379.99 378.975 381.426 382.537 382.862 385.314 386.98 386.98 389.201 389.526 391.423 392.303 392.629 392.399 395.405 396.516 396.286 397.397 399.063 398.277 399.388 401.61 400.594 400.364 402.26 402.586 403.696 403.466 405.132 405.458 405.228 405.553 406.108 406.434 407.544 407.314 407.64 408.75 409.076 411.527 409.956 408.386 410.052 410.377 408.806 408.576 409.687 408.116 409.227 408.211 408.767 407.751 408.862 409.187 407.061 407.386 408.497 406.371 406.696 406.466 406.236 406.006 404.991 402.865 401.294 402.96 401.945 401.714 400.374 398.803 400.469 398.898 399.454 396.312 396.312 394.741 393.17 392.94 391.37 391.14 389.569 389.339 387.213 386.982 384.856 383.841 383.611 382.04 381.255 378.898 378.113 378.343 381.255 380.699 383.611 384.626 385.967 387.538 389.109 389.339 390.909 391.695 391.37 393.496 394.511 396.637 396.312 397.097 398.113 398.343 399.128 398.803 400.929 401.159 403.515 402.405 403.19 404.761 404.435 406.006 405.451 406.466 405.356 407.712 405.816 406.831 407.617 409.417 408.862 409.092 407.196 410.338 409.227 409.457 410.472 411.258 408.806 409.036 408.156 408.386 407.275 408.29 408.52 408.75 408.195 408.655 407.544 407.774 407.449 406.338 406.568 405.458 403.792 402.681 404.252 401.8 402.26 401.15 401.61 400.269 399.944 398.833 399.063 396.841 396.286 395.961 396.191 393.739 393.414 391.748 390.637 389.526 389.201 388.09 386.98 386.654 383.648 382.537 381.426 379.76 376.523 379.76 381.426 382.537 383.648 384.758 385.639 387.535 387.86 389.526 391.423 390.962 393.414 393.184 394.85 395.175 396.286 398.738 396.381 397.492 399.388 400.269 401.38 403.831 402.816 402.586 403.696 404.022 405.132 405.458 406.013 406.894 406.108 407.774 406.759 407.314 407.64 409.306 408.52 408.846 409.171 408.386 408.156 408.481 408.806 408.576 408.346 409.457 409.227 408.441 409.322 409.092 408.862 409.417 407.617 406.831 406.601 407.712 406.696 406.466 406.236 406.006 404.435 406.102 403.19 402.405 402.175 401.945 400.929 398.803 400.469 398.343 397.327 397.097 396.867 394.741 393.17 392.94 391.37 391.14 389.569 389.339 387.213 386.982 385.967 383.841 384.396 382.825 380.469 379.684 378.113
380.469 382.04 383.611 383.841 385.412 387.538 387.213 389.339 389.569 391.14 391.37 391.6 393.17 396.637 395.527 397.883 397.327 399.454 397.232 400.699 400.374 401.159 401.389 402.96 403.975 404.761 404.991 406.006 404.896 406.466 405.356 406.926 408.497 410.068 407.847 408.632 408.862 409.092 408.767 407.656 408.441 409.457 407.791 408.576 409.036 408.481 408.711 408.386 407.275 408.846 409.076 409.306 408.195 407.87 406.759 406.434 406.664 406.338 406.568 405.458 405.132 403.236 403.696 402.586 400.689 401.705 401.38 398.928 400.499 399.618 397.167 396.056 396.516 394.62 394.295 393.184 393.414 390.962 389.852 389.526 387.86 386.75 386.98 385.314 382.862 381.751 381.426 379.76 379.99 379.76 381.426 382.537 383.648 384.758 386.424 386.75 387.63 389.526 389.852 391.748 393.414 393.739 396.191 395.731 396.286 397.397 398.507 399.388 399.158 401.61 401.38 401.15 402.26 404.482 403.696 404.022 405.132 405.458 405.783 405.553 406.664 406.989 406.759 407.084 408.195 407.41 407.18 407.505 409.956 408.386 408.711 408.481 409.036 409.917 409.131 408.116 409.227 408.211 408.767 409.092 408.862 407.291 407.847 406.831 406.601 405.356 406.696 406.466 404.896 405.221 404.435 402.865 404.531 402.405 402.175 401.945 400.374 400.699 398.573 399.454 398.113 396.542 396.312 395.297 395.066 393.496 390.029 391.14 390.124 388.783 386.427 385.642 384.856 384.396 383.611 382.04 381.255 379.684 378.113 378.113 380.469 382.04 382.27 385.967 386.752 387.538 389.109 389.339 389.569 391.14 391.37 394.281 395.066 394.741 396.312 397.883 396.772 398.898 399.128 400.699 400.374 401.945 403.515 402.405 401.294 402.865 404.991 406.006 404.896 406.466 405.356 406.926 406.601 407.386 407.061 407.847 407.521 407.751 408.767 408.997 408.441 409.457 407.005 408.021 410.147 408.481 408.711 408.386 409.956 408.846 409.076 407.41 407.64 406.529 406.759 406.434 406.108 406.338 406.568 405.458 403.562 403.236 404.252 403.926 402.816 401.15 400.039 401.054 399.944 398.833 397.722 397.397 396.286 395.961 394.85 394.525 392.073 391.748 389.852 389.526 387.63 388.09 385.639 385.314 382.862 382.537 381.426 379.76 378.649 380.315 380.315 381.751 382.862 385.314 385.084 387.305 387.86 389.526 389.852 390.962 392.859 393.184 392.724 394.945 396.286 396.841 397.722 398.277 399.388 400.269 401.38 401.15 404.156 402.586 404.252 404.022 404.347 405.458 406.013 406.894 407.449 407.774 406.759 408.655 407.084 407.965 407.735 408.29 409.956 410.282 410.052 408.481 408.806 411.258 409.687 409.457 409.227 408.997 409.322 409.092 408.862 408.632 407.617 406.831 408.497 406.926 405.356 406.466 407.577 404.435 404.991 404.761 403.19 402.405 402.175 401.159 400.374 400.699 397.232 398.898 398.668 397.097 396.082 394.741 394.511 393.496 391.37 391.14 389.569 390.679 385.872 383.746 386.752 384.396 383.611 382.825 379.914 379.684 378.113
380.469 381.255 383.611 385.182 385.967 387.538 387.213 390.679 389.569 391.14 393.266 394.281 393.17 394.741 395.527 396.542 398.668 398.343 399.128 400.699 400.374 401.159 401.945 402.96 403.975 404.761 404.435 406.006 406.236 406.466 405.356 407.712 406.601 407.386 407.617 407.847 408.862 407.196 407.981 408.211 409.227 409.457 407.791 408.576 409.036 408.481 408.711 408.941 409.956 408.846 407.735 408.75 408.195 407.084 407.544 407.774 406.664 405.553 407.354 405.458 403.562 404.022 403.696 401.8 402.03 403.831 401.38 401.61 399.158 399.388 397.722 397.167 396.286 394.62 394.295 395.865 392.073 391.748 389.852 389.526 387.63 388.09 385.639 384.758 382.862 382.537 378.745 379.76 378.094 378.975 381.426 382.537 384.758 384.528 385.639 386.75 387.86 389.526 389.852 391.748 392.073 393.739 394.295 395.961 396.841 397.397 397.722 400.174 399.944 399.483 401.38 401.15 403.371 403.141 402.911 404.022 405.132 405.458 405.228 406.894 406.664 406.434 407.544 408.655 407.64 408.75 409.076 408.846 407.83 408.941 409.496 410.607 408.806 408.576 409.687 409.457 409.227 408.997 408.767 407.751 405.625 407.847 407.617 407.386 408.497 406.926 405.356 405.126 404.896 406.006 404.435 402.865 404.531 403.745 403.515 401.945 400.374 398.803 398.573 398.343 396.772 397.883 396.312 395.297 393.17 391.6 392.71 391.14 390.909 389.339 389.109 383.746 385.967 385.182 382.825 382.825 381.255 379.684 378.113 379.684 380.469 382.04 383.055 384.396 385.967 385.642 387.768 388.783 389.569 391.14 391.37 392.94 394.511 395.297 396.312 397.097 398.668 399.454 401.024 402.04 400.929 401.159 402.175 402.96 403.19 402.865 404.435 404.665 407.577 406.466 406.696 406.926 405.816 408.727 407.617 407.847 407.521 407.196 408.767 409.552 409.227 409.457 408.346 409.362 409.592 408.481 409.496 408.386 409.956 408.29 409.076 407.41 407.64 407.314 407.544 407.774 406.664 406.894 405.783 405.458 405.132 405.362 402.911 403.141 402.816 400.364 400.039 401.054 400.499 398.833 397.722 398.738 396.286 395.961 395.405 392.399 392.073 391.748 390.637 389.526 389.201 386.75 385.639 385.314 384.203 383.878 380.085 380.315 379.99 380.315 381.426 382.537 382.862 384.758 385.639 386.75 389.201 389.526 389.852 390.962 392.073 393.184 394.295 395.961 396.286 396.611 397.167 400.174 399.944 399.713 401.38 403.831 404.156 404.482 404.252 404.022 405.132 406.243 405.228 405.783 408.004 406.434 407.544 407.084 408.98 408.75 407.735 407.505 409.956 406.815 410.052 408.481 409.592 407.465 409.687 408.116 409.227 407.656 408.767 408.307 408.862 408.632 407.617 408.727 406.601 406.926 407.252 405.911 404.896 404.665 404.435 404.761 403.975 402.96 402.175 401.714 400.374 398.803 397.232 398.898 397.883 397.883 396.312 394.741 393.17 392.94 391.37 391.14 390.909 387.998 387.768 387.538 385.967 384.396 382.825 381.485 380.469 379.684 378.113
381.255 382.04 382.825 384.396 385.412 387.538 387.213 390.679 389.569 391.14 391.37 394.836 395.066 396.637 396.082 397.883 399.454 398.898 399.128 400.699 400.374 401.159 402.175 402.405 403.19 404.761 404.435 403.88 404.896 405.911 406.696 406.926 405.816 407.386 407.617 409.187 409.417 410.433 408.537 408.997 408.441 409.687 409.687 409.362 408.806 409.822 408.711 408.941 408.616 407.505 407.735 407.965 408.98 408.655 406.759 407.774 408.004 405.553 405.228 403.562 405.918 404.022 404.252 403.926 402.816 401.705 401.38 400.269 400.499 398.833 399.063 396.056 396.516 396.516 396.191 392.399 393.414 391.748 389.852 389.526 387.63 387.305 385.639 384.758 383.648 382.537 381.426 380.315 379.99 378.975 381.426 381.751 384.203 384.528 386.424 386.75 387.86 388.971 389.852 390.962 393.969 392.399 394.85 395.175 396.516 396.611 398.507 398.833 399.944 401.054 400.594 403.831 404.156 402.586 404.482 404.022 403.792 404.902 405.228 406.338 407.449 407.774 407.544 407.084 407.64 407.41 409.076 410.186 409.956 410.282 409.496 408.481 409.036 409.917 409.687 409.687 409.227 408.211 409.322 407.196 407.521 407.291 408.957 407.386 406.601 406.926 406.696 405.126 404.896 404.665 404.435 404.761 402.635 402.405 401.945 401.714 400.374 400.699 398.573 398.898 398.668 396.542 395.527 394.741 393.17 394.281 392.71 391.14 389.569 388.783 386.427 387.538 385.967 385.182 382.825 382.825 380.469 379.684 378.113 378.898 381.255 382.04 383.611 384.396 386.752 387.538 389.109 387.998 389.569 391.14 393.266 393.496 395.066 395.297 396.312 397.883 397.883 398.898 399.128 398.803 400.929 401.945 401.389 402.96 402.635 402.865 404.991 403.88 404.896 406.466 406.696 406.926 406.601 406.276 407.617 408.632 408.862 407.196 409.877 408.997 409.227 409.457 409.687 411.258 409.036 409.036 410.052 409.726 408.616 408.06 408.52 407.965 408.195 407.314 407.544 407.774 408.004 405.553 406.013 405.458 405.132 403.466 404.252 403.926 402.03 401.705 401.38 400.269 399.944 399.388 399.063 397.397 396.516 395.961 394.85 395.865 392.073 391.748 390.637 389.526 387.63 386.75 386.424 383.187 382.862 382.537 380.085 379.76 378.649 380.315 380.085 382.537 382.862 384.758 385.084 386.75 387.86 389.526 389.852 390.962 392.073 393.739 394.85 394.62 396.516 396.841 399.063 398.277 400.499 400.269 401.38 401.705 402.26 403.926 402.356 403.236 405.132 405.458 405.228 406.894 406.108 406.434 408.885 407.87 407.64 407.965 409.076 408.06 409.956 408.386 408.711 410.377 408.806 407.465 408.346 408.116 409.227 408.997 409.322 407.751 408.862 409.187 407.061 406.831 406.601 407.712 406.696 406.466 406.236 404.665 404.435 404.205 401.294 402.96 402.175 401.159 400.374 400.699 401.024 400.239 397.327 396.542 396.867 395.297 395.066 391.6 393.266 391.14 390.909 389.339 385.872 386.982 385.412 385.182 383.611 382.825 381.255 379.684 378.113
380.469 382.825 383.611 385.182 385.412 385.642 389.109 389.339 389.569 391.14 392.71 392.94 396.407 395.297 395.527 396.312 396.772 398.898 397.232 402.04 400.374 400.604 403.515 403.745 405.086 402.865 404.991 405.221 405.451 406.466 406.696 405.586 405.816 406.276 407.617 407.847 408.862 409.092 408.767 408.997 409.227 409.457 409.687 410.702 408.806 408.481 408.711 410.282 407.83 408.846 407.735 407.41 408.98 406.529 407.544 406.434 407.449 406.338 407.354 405.458 405.132 404.022 404.252 403.141 402.26 401.705 401.38 399.713 399.388 398.833 397.722 396.611 396.286 394.62 394.85 392.399 392.629 391.748 391.193 389.526 389.201 386.98 386.98 385.314 383.648 381.751 381.426 381.886 376.523 381.101 380.871 382.537 382.862 384.528 386.98 387.305 387.86 389.526 391.423 390.962 392.073 392.399 396.191 394.62 396.286 397.397 397.167 398.833 399.158 400.039 401.61 400.364 402.26 401.8 403.696 403.236 405.132 405.458 405.783 406.108 407.449 406.434 407.544 407.084 407.64 407.41 409.076 408.846 408.616 408.386 408.711 409.822 410.147 408.576 409.131 408.671 408.441 410.338 408.767 407.196 408.862 407.847 407.061 407.386 408.497 406.926 406.696 406.466 404.896 403.88 404.991 402.865 402.635 402.405 401.945 401.945 400.374 398.803 401.024 398.898 398.113 397.883 395.527 394.741 395.066 394.836 392.71 391.14 389.569 387.998 389.109 387.538 385.967 384.396 383.611 382.04 381.255 378.898 378.113 378.898 379.684 381.255 383.611 385.182 385.967 387.538 389.109 387.998 389.569 391.14 391.37 392.94 395.066 394.741 396.312 396.542 398.113 398.343 397.232 401.254 401.484 400.604 402.175 402.405 402.635 404.761 404.435 406.006 404.896 405.911 406.696 406.926 405.816 406.831 407.847 407.847 405.625 409.092 408.537 408.767 407.886 409.457 409.687 409.362 409.592 408.481 408.711 408.386 409.956 408.846 407.735 407.965 407.64 407.084 407.544 406.434 406.108 405.553 405.228 405.458 405.918 404.022 404.252 402.586 403.371 401.15 400.039 401.054 399.388 397.492 399.063 396.611 396.286 395.961 394.295 393.184 392.073 390.962 391.193 389.526 387.86 386.75 386.424 383.187 383.648 381.751 381.426 378.975 379.99 380.315 381.426 383.878 382.862 383.187 386.424 386.75 387.86 388.971 390.637 390.962 392.073 392.399 392.724 396.516 396.516 397.397 397.722 400.959 399.944 400.269 400.039 401.705 402.26 403.141 403.696 404.022 405.132 405.458 406.013 405.553 406.664 406.434 406.759 407.314 408.195 409.306 409.076 407.505 409.956 408.386 406.815 409.036 409.036 409.917 409.687 409.457 409.227 409.552 408.767 407.196 408.862 409.187 407.617 408.172 406.601 406.926 406.696 405.126 404.896 403.88 404.435 404.761 402.635 402.405 402.175 401.714 400.374 402.595 399.128 398.343 398.113 397.883 396.312 394.741 393.17 394.281 393.266 391.14 390.909 389.339 387.213 387.538 385.412 385.967 383.611 382.825 381.255 378.898 378.113
381.255 382.04 382.27 383.841 385.967 385.642 387.768 387.998 389.569 391.14 392.71 394.281 395.066 395.297 395.527 397.097 397.327 398.898 397.232 399.914 400.929 401.714 401.389 402.405 403.19 402.865 404.435 404.435 407.577 406.466 406.696 406.926 407.156 407.386 407.617 408.632 407.521 409.092 408.767 408.211 408.441 409.457 408.346 408.576 408.806 408.481 408.711 408.941 409.956 410.186 409.076 407.41 408.98 407.314 407.544 406.434 406.108 406.894 405.783 405.458 403.562 406.703 404.252 403.926 402.26 401.705 401.935 400.269 399.388 400.174 397.167 398.738 396.286 395.961 394.295 393.184 392.073 390.962 391.423 389.526 387.63 386.98 385.084 383.187 384.203 383.878 381.426 381.886 378.649 378.975 381.426 382.537 383.648 385.314 386.98 387.305 387.63 389.526 390.637 392.303 392.073 392.399 394.85 394.62 396.286 397.397 396.381 400.174 399.158 401.61 400.039 401.705 402.03 402.586 404.252 403.466 405.132 404.902 404.672 406.894 406.108 406.434 406.759 407.87 408.98 407.41 409.076 408.29 408.06 408.386 408.156 409.266 408.806 408.021 408.346 409.457 409.227 408.211 408.767 407.196 408.862 407.847 407.847 406.831 407.942 406.926 405.356 405.126 406.236 406.006 404.435 404.761 402.635 402.96 402.175 401.945 400.929 400.699 397.232 398.898 398.113 397.097 396.312 396.637 394.511 391.6 392.71 391.14 389.569 390.679 386.427 385.642 385.967 383.841 383.611 382.825 381.255 379.684 378.113 379.684 379.914 382.04 382.825 383.286 385.412 387.538 389.109 389.339 389.569 391.14 392.71 394.281 393.17 395.297 396.312 396.312 398.668 398.898 397.232 398.803 400.374 401.945 402.175 402.405 403.19 402.865 404.435 404.665 406.236 406.466 405.356 406.926 406.601 407.386 407.847 407.847 408.862 407.751 408.767 408.997 409.227 408.116 409.687 408.021 409.036 409.822 408.711 408.386 407.83 408.846 408.52 408.75 408.98 407.314 407.544 407.774 406.664 406.338 406.568 403.562 403.562 404.022 404.252 403.926 404.156 401.705 400.039 400.269 399.158 398.277 397.167 396.056 396.286 395.961 394.065 393.184 393.414 390.962 390.637 389.526 387.63 387.305 385.639 385.314 383.648 381.751 381.426 378.975 378.094 379.76 381.426 382.537 382.862 385.314 385.084 386.75 387.305 389.526 391.423 390.962 392.073 392.399 394.85 395.961 396.286 397.397 397.167 400.174 399.944 398.928 401.38 401.705 402.816 403.926 404.252 404.022 403.562 405.458 405.228 406.894 405.323 407.774 407.544 408.655 407.64 408.75 407.735 408.846 407.83 408.941 408.156 409.036 409.036 408.576 409.687 409.457 408.441 408.211 408.767 407.751 407.521 409.187 407.617 407.386 405.816 406.926 406.696 405.126 404.896 406.006 404.435 402.865 401.294 403.515 401.945 401.714 402.27 398.803 398.573 397.557 397.327 397.097 396.312 395.297 393.17 393.496 391.37 391.14 390.909 387.443 387.768 387.538 386.752 384.626 383.611 382.825 381.255 379.684 378.113
381.255 380.699 382.825 385.182 385.967 387.538 387.768 390.679 390.909 391.14 390.029 394.836 393.17 394.741 396.867 397.097 397.883 399.454 400.469 400.699 402.27 401.159 402.73 402.405 403.975 404.761 404.435 404.665 405.451 405.681 405.356 406.926 408.497 407.386 407.617 408.632 408.862 407.751 408.537 408.997 408.441 409.457 409.687 408.576 408.806 409.822 410.052 408.941 407.275 408.06 409.076 409.306 407.64 407.87 407.544 407.774 406.664 406.894 405.228 405.458 405.132 404.022 403.696 400.689 402.26 401.705 400.594 400.269 399.944 398.833 399.063 398.738 396.286 395.961 394.295 393.184 393.414 392.303 391.193 389.526 387.305 387.535 386.424 384.758 382.862 382.537 381.426 378.975 378.649 378.419 381.426 382.537 382.862 384.758 386.424 385.409 387.63 389.526 390.637 390.962 392.073 395.865 394.295 395.961 396.286 398.738 397.722 398.833 399.158 399.483 401.935 401.705 402.816 403.926 404.252 404.022 405.132 405.458 406.013 406.338 406.664 407.774 407.544 407.87 408.98 407.965 407.735 408.846 409.956 408.386 408.711 409.266 408.251 408.021 409.687 409.457 409.227 408.997 408.767 409.092 405.625 407.847 407.847 406.831 408.497 405.586 406.696 405.911 405.451 403.88 404.435 404.761 403.975 403.515 401.389 401.159 400.374 398.803 397.232 398.898 398.668 396.542 396.312 397.978 393.17 392.94 392.71 391.14 389.569 390.679 385.872 385.642 385.412 384.396 383.055 382.04 380.469 379.684 378.113 379.684 380.469 382.04 383.611 383.841 385.412 387.538 389.109 387.998 389.569 391.14 391.37 393.496 393.17 395.297 396.867 397.883 398.113 398.898 399.128 398.803 400.929 401.159 401.389 402.96 403.975 402.865 404.435 406.006 406.236 406.466 407.252 406.926 406.601 410.068 408.402 407.847 409.417 409.092 407.196 409.552 408.671 409.457 409.687 409.362 409.036 408.481 408.711 410.282 409.956 408.29 407.18 407.41 407.64 407.87 406.759 406.434 405.323 406.338 405.228 403.562 405.132 404.022 402.356 401.245 402.816 400.364 401.38 401.054 399.944 398.833 399.063 397.397 396.286 394.62 394.85 393.184 393.969 390.962 390.637 389.526 389.201 386.98 385.084 385.314 384.203 382.537 380.085 379.76 376.523 379.76 381.426 382.537 383.648 383.187 386.98 387.305 387.86 389.526 391.423 392.303 393.969 392.399 394.85 394.62 394.945 396.056 396.381 398.833 399.388 399.483 401.935 401.15 402.26 402.586 404.252 404.022 403.562 405.458 406.568 405.553 408.004 406.434 406.759 407.084 408.195 407.41 409.076 411.527 407.275 410.282 408.711 408.481 410.147 409.362 409.131 408.116 409.227 408.997 408.767 409.092 405.625 408.632 407.617 407.386 407.156 406.926 407.252 405.681 406.236 404.665 404.435 404.761 403.19 402.96 402.175 401.714 400.374 402.04 399.128 398.898 397.883 397.883 396.312 394.741 395.066 393.496 391.37 391.14 389.569 388.783 389.109 385.642 386.752 385.967 383.611 381.485 380.469 379.684 378.113
380.469 381.255 383.055 383.841 386.752 386.982 386.427 389.339 389.569 391.695 391.37 391.6 395.066 395.297 395.527 396.542 398.113 398.343 400.469 398.803 400.929 401.945 402.175 403.515 403.975 404.761 404.435 403.88 404.896 406.466 406.696 406.926 408.497 406.831 408.957 408.077 409.417 409.092 408.767 408.997 409.227 408.116 409.687 408.576 410.147 408.481 410.052 408.386 408.386 408.846 407.735 408.75 407.084 407.084 407.544 407.774 407.449 405.553 406.568 404.902 403.562 404.022 402.911 403.926 400.689 403.831 400.039 400.269 399.388 398.277 399.063 396.611 394.945 394.62 394.85 393.184 393.969 390.962 389.296 389.526 387.86 386.75 386.98 385.314 383.648 382.537 380.085 379.76 378.094 379.76 381.426 382.537 383.648 386.654 386.424 386.75 389.201 389.526 389.852 391.748 393.414 393.184 396.191 395.961 396.286 398.738 397.167 398.833 399.944 401.054 401.38 401.15 403.371 403.926 403.696 404.022 405.132 405.458 406.013 405.553 407.449 406.434 407.544 407.87 408.98 407.41 408.52 408.846 407.275 410.282 408.711 409.266 408.806 408.576 409.687 408.116 409.227 408.997 407.981 409.092 407.521 408.077 408.957 406.276 408.497 406.926 406.696 406.466 405.451 404.665 404.205 402.865 404.531 405.086 402.73 401.945 400.374 398.803 399.914 398.898 396.772 397.097 396.312 394.741 393.17 394.281 390.029 391.14 389.569 390.679 389.109 385.642 386.752 384.626 382.825 382.825 380.469 379.684 378.113 379.684 380.469 382.04 383.611 384.626 385.967 387.538 389.109 387.998 390.909 391.695 392.71 393.496 395.066 394.741 395.527 396.312 397.327 398.898 399.128 402.04 400.929 401.945 401.389 402.96 404.531 406.102 404.991 406.006 404.896 406.466 406.696 406.926 408.497 410.068 407.617 407.847 407.521 409.092 408.537 408.211 408.441 408.116 409.687 411.258 408.806 408.481 408.711 410.282 409.956 407.505 408.52 407.41 408.98 408.655 406.759 407.774 406.108 405.783 405.228 406.243 405.132 403.236 403.696 402.586 402.26 401.705 400.039 401.61 399.944 398.833 396.381 396.056 396.286 394.62 396.191 393.184 393.414 392.303 391.423 389.526 387.63 386.75 385.639 385.314 384.203 382.537 380.085 379.76 378.649 380.315 381.426 383.878 382.862 386.654 386.98 386.75 389.201 389.526 391.423 392.303 393.414 392.399 392.724 395.961 396.841 396.056 397.722 398.833 397.817 401.054 400.039 403.046 402.816 402.586 402.911 404.022 403.562 405.458 403.887 405.783 406.664 406.434 406.759 407.87 407.084 409.306 409.076 407.505 408.386 408.386 410.052 408.481 409.592 408.021 409.687 408.116 409.227 408.997 408.537 409.092 408.862 407.847 407.061 408.172 408.497 405.586 406.696 405.126 406.236 406.006 404.435 402.865 401.294 402.405 401.945 401.945 400.374 400.699 400.469 398.343 397.327 397.097 396.082 394.741 393.17 394.281 392.71 391.14 389.569 389.339 389.109 387.538 384.856 385.182 383.055 382.825 381.255 379.684 378.113
381.255 382.825 383.611 384.396 385.412 385.642 387.213 389.339 390.909 391.14 390.029 393.496 395.066 394.741 396.082 397.097 396.772 398.898 397.232 400.699 401.484 401.945 401.389 402.405 404.531 404.761 404.435 405.221 404.896 405.126 406.696 406.926 406.601 407.386 407.617 408.632 409.417 410.433 408.767 408.211 407.886 409.457 407.561 409.917 408.251 409.266 410.052 408.941 409.956 408.846 407.735 408.75 408.195 408.655 407.544 406.434 407.449 405.553 406.568 404.902 405.918 404.022 402.911 402.586 402.816 401.15 401.38 400.269 399.388 398.833 397.722 397.397 396.286 395.175 396.191 393.739 393.414 390.962 389.852 389.526 389.201 388.09 386.194 385.314 382.862 382.537 381.426 379.76 378.649 379.76 381.426 381.751 384.203 385.869 386.98 387.305 387.86 389.526 389.852 391.748 393.414 393.739 394.85 395.961 396.516 397.397 399.063 398.833 399.388 401.61 401.38 401.705 402.26 403.141 402.911 404.022 405.918 405.458 405.228 406.894 406.664 406.434 407.544 408.655 407.64 408.75 409.306 408.29 407.83 408.941 409.496 408.481 410.147 408.021 409.687 409.457 409.227 408.767 408.767 410.433 408.862 408.632 407.617 410.068 405.816 406.926 406.696 406.466 407.577 403.88 404.435 404.761 403.19 402.405 401.945 401.159 400.374 402.04 400.469 398.898 398.113 395.757 396.312 394.741 393.17 394.281 392.71 391.14 389.569 387.998 389.109 383.746 385.412 385.182 384.396 382.04 381.255 379.684 378.113 379.684 381.255 382.04 383.611 384.396 385.412 387.538 387.768 387.998 389.569 391.14 391.37 392.94 395.066 394.741 396.312 396.312 397.327 398.343 400.469 402.04 402.27 401.945 403.515 402.405 401.294 404.761 404.205 406.006 406.236 406.466 406.926 406.926 405.816 407.386 408.402 408.632 408.862 409.647 409.322 408.211 409.227 408.116 408.346 409.362 408.806 408.481 408.711 410.282 409.956 408.06 407.735 407.965 407.084 407.314 406.759 408.33 406.108 405.553 406.013 405.458 405.132 403.236 403.696 403.926 402.03 401.15 401.38 400.269 399.388 398.833 397.167 396.611 396.841 395.175 394.295 393.184 392.073 390.962 389.852 389.526 387.86 387.535 385.639 384.758 382.862 382.537 380.871 378.975 376.523 379.76 381.426 382.537 382.862 385.314 386.424 387.305 389.201 389.526 390.637 391.518 392.629 395.865 394.85 396.516 396.286 396.841 399.063 397.492 399.388 399.713 401.38 403.831 402.26 403.141 403.696 404.022 404.347 405.458 405.228 405.553 406.664 407.774 406.759 407.314 407.64 408.75 409.076 408.29 407.275 410.282 409.496 409.266 409.036 409.362 408.346 409.457 409.227 408.997 408.767 410.433 407.521 408.077 407.617 406.831 408.497 405.586 406.696 406.466 405.451 404.665 404.435 402.865 403.19 404.301 402.73 401.159 400.929 398.803 399.128 397.002 399.454 397.097 396.082 396.637 395.066 394.281 391.37 391.14 390.124 389.339 387.768 386.197 385.967 385.182 383.055 382.825 380.469 378.898 378.113
381.255 382.04 383.055 385.182 385.967 387.538 389.109 387.998 389.569 391.14 391.925 393.496 395.066 396.637 396.312 397.097 397.327 398.343 400.469 398.803 400.374 401.945 403.515 402.405 403.975 404.761 404.435 404.665 404.896 406.466 406.696 405.586 406.601 408.172 407.617 408.632 407.521 409.092 408.767 408.997 409.227 409.457 409.687 411.258 410.147 409.822 408.711 408.941 407.83 408.846 409.076 407.965 408.195 408.655 407.544 406.434 407.449 406.338 405.783 405.458 405.132 404.022 402.911 404.482 400.689 401.15 401.38 400.269 399.158 398.833 399.063 398.738 396.841 395.175 396.191 393.184 392.629 392.303 390.637 388.971 387.86 387.305 385.639 385.314 382.862 383.878 381.426 378.419 376.523 380.315 380.315 382.537 383.648 384.758 386.424 387.305 387.86 389.526 389.852 390.962 392.073 393.739 392.724 395.961 396.286 398.738 398.507 398.833 399.158 399.483 401.935 401.705 402.26 402.586 403.696 403.466 405.132 405.458 407.354 405.553 406.664 407.774 407.544 407.87 407.64 407.41 407.735 410.186 408.386 410.282 410.052 408.481 408.806 408.576 409.131 408.116 409.227 408.211 408.537 407.751 407.521 408.632 407.617 407.386 407.156 406.371 406.696 405.126 405.451 405.221 406.332 404.761 402.635 402.405 402.175 401.159 400.374 402.04 397.232 398.343 398.113 397.097 396.312 394.741 393.17 392.94 392.71 391.14 389.569 389.339 389.109 387.538 385.967 384.396 384.396 382.825 380.469 378.898 378.113 379.684 380.469 381.255 382.825 385.182 385.412 387.538 389.109 389.339 389.569 391.14 391.37 391.6 393.17 394.741 395.527 397.883 397.327 398.898 397.232 398.803 400.374 401.945 401.389 402.96 403.19 404.761 404.435 404.665 405.451 405.681 405.356 407.712 407.942 407.386 407.847 407.291 409.417 407.751 409.322 408.211 409.227 409.457 409.687 410.702 409.592 408.481 408.711 408.386 408.386 407.735 409.076 408.75 408.195 408.655 407.544 407.774 408.004 405.553 405.228 405.458 405.132 404.022 403.696 401.245 402.26 400.364 401.38 401.61 400.499 399.618 397.167 398.738 396.286 395.961 394.85 393.184 392.073 391.748 389.852 389.526 389.201 387.535 386.424 383.187 382.862 382.537 380.085 379.76 378.649 381.101 381.426 382.537 384.203 385.314 385.409 388.09 387.86 389.526 391.193 390.962 392.073 392.399 392.724 395.961 396.286 398.738 397.722 397.492 397.817 399.713 401.38 403.831 402.26 402.586 402.911 404.022 405.132 403.562 405.228 406.338 407.449 406.434 406.759 407.87 407.084 408.75 409.076 408.846 409.956 410.282 409.496 408.481 409.592 408.021 409.687 408.116 409.227 408.211 408.767 409.092 408.862 407.291 407.617 406.831 408.497 406.926 406.696 406.466 404.896 404.665 404.435 402.865 404.531 402.96 401.945 401.945 401.484 399.358 399.128 398.898 398.113 396.542 396.312 394.741 393.17 391.6 392.71 391.14 390.124 387.998 387.768 387.538 385.967 385.182 384.396 382.825 381.255 379.684 378.113
380.469 382.04 383.611 383.286 385.412 385.642 389.109 389.339 392.25 391.14 392.71 391.6 395.066 396.637 395.527 396.542 398.113 398.898 400.469 398.803 400.929 401.945 401.389 402.96 403.19 404.761 404.435 406.006 404.896 405.911 406.926 406.926 407.942 407.386 407.617 407.847 407.521 409.092 408.537 408.997 409.227 409.457 409.687 409.917 408.806 409.036 408.711 408.386 409.956 407.505 408.52 407.965 408.195 408.655 406.759 408.33 406.664 406.894 405.228 405.458 405.132 404.022 402.911 403.926 402.03 403.046 401.935 401.054 399.388 399.388 398.507 397.397 396.286 395.175 394.85 392.399 393.414 390.962 389.296 389.526 389.201 386.75 385.084 385.314 383.648 382.537 380.085 380.315 376.523 379.76 381.426 381.751 382.862 385.314 385.639 387.535 387.63 389.526 390.637 391.748 392.073 393.184 394.85 395.961 396.286 396.611 399.063 399.388 399.158 401.61 401.38 401.15 400.689 402.586 402.911 405.362 405.132 405.458 405.228 406.894 406.664 407.774 406.759 408.655 407.084 408.75 409.076 408.846 407.275 408.386 408.156 410.607 408.806 408.576 409.687 409.457 409.227 408.211 408.537 407.196 408.862 407.847 407.847 407.386 406.601 407.712 406.696 406.466 404.896 406.006 404.991 402.865 403.975 403.745 402.175 401.714 400.374 398.803 399.128 400.239 398.668 396.542 396.312 395.297 393.17 393.496 391.37 392.48 390.909 390.679 389.109 385.642 385.967 384.396 381.715 382.825 380.469 378.113 378.113 378.898 381.255 382.04 382.825 385.182 385.412 387.538 389.109 389.339 390.909 391.14 391.37 394.281 393.17 394.741 395.527 397.883 397.883 398.898 400.469 402.04 400.929 401.945 403.515 402.405 403.19 404.761 404.991 404.665 406.236 405.681 405.356 406.926 405.816 410.068 407.617 408.632 409.417 409.092 408.767 408.997 409.227 409.457 408.116 408.021 408.806 408.481 408.156 408.386 407.275 408.29 407.18 407.41 407.084 408.655 406.759 407.774 408.004 405.783 405.228 405.458 405.132 404.022 404.252 403.926 402.26 403.831 401.38 401.054 399.944 398.833 397.722 396.611 396.516 394.62 394.295 394.525 392.073 390.962 389.852 389.526 387.86 388.09 385.639 385.314 382.862 381.751 380.871 380.315 378.649 378.975 381.426 382.537 384.203 385.314 385.639 387.305 387.63 389.526 391.423 391.748 393.414 393.184 392.724 395.175 396.286 398.738 398.507 397.492 399.944 400.269 401.38 401.705 403.371 403.141 403.696 405.362 405.132 405.458 403.887 405.553 408.004 406.434 407.544 406.529 407.64 406.624 409.076 411.527 409.956 410.282 410.052 408.481 409.592 408.021 409.687 408.901 409.227 408.997 409.322 409.092 408.862 409.187 407.617 406.276 408.497 406.926 406.696 406.466 406.236 406.006 404.435 402.865 403.19 402.96 402.175 401.945 404.166 398.803 398.573 397.557 397.327 397.653 396.312 394.741 393.17 391.6 392.71 391.14 390.909 389.339 389.109 385.642 385.412 385.182 383.611 382.04 381.255 378.898 378.113
381.255 381.485 382.27 383.841 385.967 387.538 386.427 389.339 389.569 392.48 392.71 392.94 393.17 395.297 397.423 397.883 398.113 398.343 397.232 400.699 400.374 401.945 402.175 402.96 404.531 404.761 404.435 404.665 405.681 405.126 405.356 406.926 405.816 406.831 407.617 408.632 408.862 409.092 408.767 410.338 409.227 410.012 409.687 408.576 410.147 409.266 409.496 408.386 407.275 407.505 409.076 407.41 407.64 407.084 407.544 407.774 405.323 405.783 405.228 405.458 403.792 404.022 404.252 403.926 402.816 401.705 401.935 400.269 399.944 400.174 397.722 396.841 396.841 394.62 394.295 393.184 392.073 390.962 389.852 389.526 387.63 386.75 386.98 384.528 382.862 383.878 381.426 379.76 378.649 379.76 381.426 382.537 382.862 384.528 385.084 388.09 387.86 389.526 391.423 392.303 392.073 393.739 394.065 394.62 396.286 397.167 398.507 398.833 399.388 399.713 401.935 403.046 402.26 402.586 404.252 404.022 405.132 405.458 407.354 405.553 406.108 406.434 407.544 407.084 408.98 406.069 407.735 407.505 407.275 408.386 406.815 408.481 408.806 411.258 409.687 409.457 409.227 410.338 408.767 409.092 408.862 407.847 408.402 407.386 408.497 406.926 406.696 405.681 407.577 406.006 404.435 404.761 403.975 402.96 402.175 401.159 400.374 400.699 399.128 398.898 396.772 397.883 395.527 394.741 393.17 395.392 391.37 391.14 389.569 389.339 387.768 385.642 385.967 384.396 383.611 381.485 381.255 379.684 378.113 379.684 380.469 381.255 383.055 384.396 385.412 387.538 387.768 387.998 390.124 391.14 391.37 391.6 393.17 394.741 396.082 397.883 397.327 399.454 401.024 400.699 402.27 401.945 401.945 402.405 401.294 404.761 404.435 406.006 405.451 405.126 405.356 406.926 407.156 407.386 408.402 408.632 409.417 409.092 407.981 408.997 408.441 409.457 409.687 409.362 408.806 409.036 408.711 408.941 409.956 408.29 407.735 406.624 408.98 408.655 406.759 406.434 408.004 406.338 405.783 403.562 403.562 402.681 404.252 403.141 402.26 402.49 401.38 401.054 399.388 397.492 399.063 397.167 396.286 394.62 396.191 393.184 392.073 391.748 389.296 389.526 387.63 386.98 385.084 384.528 384.203 381.751 380.871 379.76 378.649 379.76 381.426 381.751 384.758 384.758 386.424 387.305 387.86 389.526 390.637 392.303 393.414 395.865 394.85 395.961 394.945 397.397 398.507 399.388 399.388 399.483 400.039 401.705 402.816 404.482 402.911 404.022 405.132 405.458 406.568 406.338 406.108 406.434 407.544 408.655 408.195 408.75 407.735 408.846 409.956 408.386 410.052 409.036 408.806 411.258 408.346 409.457 409.227 408.211 408.767 409.092 408.862 409.417 407.847 408.727 408.497 405.586 405.356 406.466 404.896 404.435 404.435 405.546 403.975 402.96 401.945 401.945 400.374 398.803 397.232 398.343 398.113 396.542 395.527 394.741 396.407 393.496 393.266 392.48 392.25 387.443 389.109 387.538 386.752 384.396 382.825 382.04 379.914 379.684 378.113
381.255 382.825 382.825 384.396 385.412 387.538 389.109 390.679 390.909 391.695 390.029 392.94 393.17 398.533 395.527 397.883 396.772 398.898 399.128 398.803 400.374 401.714 402.175 402.96 403.19 404.761 404.205 404.665 404.896 406.466 405.356 406.926 405.816 407.386 407.847 407.291 407.521 409.092 409.322 408.211 408.441 408.901 409.131 408.576 409.592 408.481 408.711 408.386 408.06 408.846 408.52 406.624 407.64 406.529 407.544 407.774 405.323 405.553 407.354 405.458 405.132 404.022 403.696 402.586 400.689 401.705 400.039 398.928 399.944 400.174 399.063 396.056 396.516 395.175 394.85 393.739 393.414 391.748 390.637 389.526 387.86 388.09 386.424 384.758 382.862 382.537 380.085 380.315 378.094 380.315 381.426 382.537 382.862 384.528 385.639 386.75 389.201 389.526 391.423 391.748 392.073 393.184 396.191 395.175 396.286 397.397 398.507 398.277 399.158 401.61 401.38 401.15 402.816 404.482 404.252 404.022 405.132 405.458 405.228 405.783 405.323 406.434 407.544 407.87 408.98 407.965 408.52 408.06 409.956 410.282 408.711 408.481 408.806 407.465 409.687 408.116 407.886 408.211 408.767 407.196 408.862 407.291 407.617 408.172 408.497 407.712 406.696 405.911 406.006 406.006 404.435 402.865 403.19 402.405 401.945 401.945 400.374 398.803 400.469 398.898 397.883 395.757 396.312 394.741 396.407 392.94 392.71 391.14 389.569 387.998 387.213 387.538 384.856 383.841 382.825 382.04 381.255 379.684 378.113 378.343 381.255 381.255 383.611 384.626 386.752 385.642 387.213 390.679 389.569 391.14 391.37 391.6 393.17 394.741 395.527 396.542 397.327 398.343 399.128 399.358 400.374 400.604 402.175 402.96 401.294 404.205 404.991 406.006 404.896 406.466 406.696 406.926 406.601 407.386 407.847 407.847 407.521 407.196 408.767 408.211 409.227 409.457 408.346 409.917 408.806 409.266 408.711 408.386 407.275 408.846 408.52 408.75 407.64 408.655 407.544 407.774 406.108 406.338 407.354 405.458 405.132 404.022 402.911 403.141 402.816 400.364 400.594 401.054 399.713 398.833 398.507 396.611 396.841 394.62 392.724 392.399 393.969 391.748 389.852 389.526 389.201 386.75 386.194 385.314 384.203 382.537 380.641 380.315 378.649 378.975 380.871 382.537 383.648 384.528 385.639 386.75 387.63 389.526 391.423 390.962 392.073 394.525 394.85 394.62 396.841 396.611 398.507 399.388 399.388 399.713 401.38 401.705 402.26 404.482 403.696 403.236 405.132 404.902 405.783 405.783 406.108 407.774 406.759 407.084 407.64 408.75 408.52 408.846 408.616 408.941 410.052 408.481 408.806 409.362 408.346 409.457 409.227 408.997 408.767 407.196 406.966 407.847 407.617 406.831 407.942 406.926 406.696 405.681 404.896 406.006 404.205 402.865 403.975 402.405 402.73 401.159 401.484 398.803 400.469 398.898 397.327 396.542 396.312 397.193 395.066 392.94 393.266 391.14 390.909 389.339 387.213 387.538 385.967 384.396 383.611 382.04 381.255 379.684 378.113
381.255 382.04 383.611 384.396 385.967 386.982 385.872 390.679 389.569 391.14 391.925 393.496 395.852 394.741 395.527 396.542 398.668 399.454 401.024 402.04 400.929 401.159 401.389 404.301 403.19 404.205 404.991 404.435 406.236 406.466 405.356 406.926 408.497 410.068 407.617 407.847 408.307 407.196 408.767 408.997 409.227 409.457 407.005 411.258 409.592 409.036 408.711 408.941 409.171 408.846 407.735 407.41 407.084 407.084 407.544 406.434 406.664 405.553 405.783 405.458 405.132 403.236 402.911 402.586 402.816 401.705 400.824 401.054 399.944 400.174 397.167 396.056 396.286 395.175 392.724 393.739 393.414 391.748 391.423 388.971 387.63 387.305 386.98 383.187 382.862 382.537 380.085 380.315 378.094 378.975 381.426 382.537 382.862 384.528 385.639 386.75 389.201 389.526 390.637 391.748 393.414 393.184 394.85 396.516 396.841 398.738 398.507 398.833 400.499 400.039 401.38 403.831 402.03 403.141 402.911 404.022 405.132 405.458 405.228 405.553 406.664 406.434 407.544 407.084 408.98 407.41 408.52 408.846 407.83 408.941 408.711 408.481 410.147 408.576 408.346 409.457 409.227 407.656 407.981 409.092 405.625 409.187 407.617 406.831 406.601 405.586 406.696 405.126 406.236 404.665 404.991 405.546 404.531 402.96 403.515 401.714 400.929 400.699 400.469 398.898 398.113 396.312 396.312 395.297 394.511 394.836 392.71 391.14 389.569 389.339 389.109 387.538 385.967 383.841 383.611 382.04 380.469 378.898 378.113 379.684 381.255 382.04 382.825 384.396 385.412 387.538 387.213 390.679 390.909 391.14 392.71 393.496 393.17 394.741 395.527 397.097 398.668 397.557 399.128 400.699 401.484 401.159 402.175 404.301 403.975 404.761 404.435 404.435 406.236 406.466 406.696 406.926 405.816 410.068 407.061 407.291 407.521 409.092 408.767 408.211 408.441 409.457 409.687 408.576 408.806 408.481 410.052 408.386 408.06 408.846 409.076 408.75 407.64 408.655 407.544 407.774 406.108 405.783 405.228 405.458 403.792 403.466 404.252 403.926 402.816 401.15 400.824 398.928 399.944 399.388 399.063 397.397 396.841 395.175 396.191 393.739 392.073 390.962 390.637 389.526 387.86 387.305 385.639 384.758 384.988 382.537 380.871 379.76 378.649 379.76 381.426 382.537 386.329 386.654 386.98 387.305 387.63 389.526 391.423 390.962 392.073 393.739 395.405 395.961 396.286 396.611 398.507 397.492 400.499 399.713 401.38 401.705 402.26 403.926 402.911 404.022 405.132 404.902 405.228 406.894 405.323 406.434 406.759 407.314 407.64 408.75 408.52 407.735 407.275 410.282 410.052 409.822 409.036 407.465 409.131 409.457 409.227 408.997 408.767 407.751 408.862 407.847 407.617 406.831 408.497 407.712 407.252 406.466 407.577 403.88 404.435 404.761 403.975 402.405 401.945 401.945 400.374 398.803 397.232 398.898 398.113 396.542 395.527 394.741 393.17 393.496 392.71 391.14 390.354 389.339 387.213 387.538 386.752 384.626 383.611 380.699 380.469 379.684 378.113
381.255 381.485 383.611 384.396 385.967 383.746 389.109 387.998 389.569 391.14 392.71 394.836 395.066 395.297 396.312 397.097 397.327 398.898 399.128 400.699 400.374 401.159 402.73 402.405 402.635 402.865 404.435 403.88 404.896 405.911 406.696 406.926 406.601 407.386 407.617 408.077 409.417 410.433 408.767 408.211 409.227 409.457 409.687 408.021 409.036 409.266 408.711 410.282 408.06 408.29 407.735 408.75 408.195 408.655 406.759 406.434 406.108 405.783 406.013 405.458 405.132 404.022 402.356 402.586 403.371 401.15 401.38 399.713 399.944 398.833 397.167 397.167 396.516 395.961 394.295 395.865 393.414 390.962 391.423 389.526 387.63 386.75 385.084 384.758 384.203 382.537 381.426 379.76 378.649 380.315 381.426 381.751 382.862 384.758 386.424 386.75 389.201 389.526 389.852 390.962 393.414 393.184 396.191 394.62 396.286 398.738 397.167 399.388 399.158 400.269 400.039 401.705 404.156 403.141 404.252 403.466 405.132 405.458 407.354 406.108 408.004 407.774 406.759 408.655 407.084 407.41 409.076 410.186 408.386 408.386 408.711 409.266 408.806 408.021 409.687 409.457 408.441 410.338 408.767 409.647 409.417 408.632 408.957 406.831 408.497 406.926 405.356 405.681 406.236 406.006 406.332 404.761 403.975 402.96 402.175 401.945 400.374 402.04 399.914 398.898 398.113 396.542 395.527 395.297 395.066 394.281 391.925 391.14 390.124 389.339 389.109 387.538 385.412 384.396 383.611 382.04 380.469 379.684 378.113 379.684 381.255 382.04 383.611 384.396 385.412 386.982 385.872 390.679 390.909 391.14 392.71 391.6 395.066 395.297 396.312 396.542 397.327 398.343 399.128 398.803 402.825 401.714 402.175 402.405 404.531 402.865 404.435 406.006 406.236 406.466 405.356 406.926 407.156 407.386 407.847 409.187 408.862 407.196 408.767 408.211 409.227 408.901 407.005 408.576 408.806 409.822 408.711 408.386 407.83 408.06 407.735 408.75 407.084 408.655 406.759 406.434 407.449 405.553 406.013 405.458 405.132 406.703 404.252 402.586 400.689 402.49 401.935 398.928 399.158 398.833 398.507 398.738 396.841 395.175 394.85 392.399 392.629 392.303 389.852 389.526 387.86 387.305 386.424 384.528 384.988 380.966 380.085 380.315 378.094 378.419 381.426 382.537 384.203 384.528 385.639 386.75 389.201 389.526 391.423 391.748 392.073 393.739 394.295 394.62 396.286 397.397 396.381 398.833 399.158 400.269 400.594 403.831 402.816 402.586 403.696 403.466 405.132 405.458 405.228 406.338 408.004 406.434 406.759 407.314 408.98 409.306 409.076 407.505 409.956 410.282 408.711 409.036 408.806 408.576 407.791 410.012 409.227 408.211 409.322 407.196 407.521 407.291 408.957 408.727 407.942 406.926 406.696 405.911 404.896 404.665 404.435 402.865 402.635 404.301 403.515 401.945 400.374 402.04 401.024 397.557 398.113 397.097 396.312 394.741 395.066 393.496 391.37 391.14 389.569 389.339 389.109 387.538 385.967 385.182 383.611 382.825 381.255 378.898 378.113
380.469 382.825 382.825 384.396 384.856 385.642 385.872 388.783 389.569 391.14 393.266 391.6 396.407 394.741 396.312 397.883 398.668 399.454 399.914 398.803 400.929 399.818 402.73 403.745 404.531 404.761 404.435 405.221 405.451 406.466 406.696 406.926 408.497 406.831 407.847 407.847 406.966 409.647 409.877 410.338 409.227 409.457 409.131 409.362 409.036 410.607 408.711 408.941 407.275 408.29 407.735 407.965 408.98 407.084 407.544 406.434 408.004 406.338 406.013 406.243 405.132 404.022 403.696 403.141 402.26 400.364 401.38 399.713 399.158 399.388 397.722 396.611 396.286 394.62 394.85 393.739 392.629 393.644 390.637 389.526 389.201 388.09 385.084 384.758 384.203 382.537 381.426 378.975 378.649 380.315 380.085 382.537 382.862 383.187 385.639 386.98 389.201 389.526 389.852 392.303 392.073 393.184 394.065 395.961 396.841 396.611 398.507 397.492 399.158 401.61 401.935 400.364 402.816 402.586 404.252 403.236 405.132 405.458 405.783 405.553 406.664 408.33 406.759 407.084 407.084 408.75 409.076 407.735 408.06 408.386 409.496 408.481 409.036 409.362 409.687 409.687 408.441 408.997 408.767 409.092 405.625 407.291 408.402 408.172 407.156 407.712 406.926 406.466 405.451 405.221 404.435 405.546 403.19 402.96 402.73 401.945 400.374 400.699 398.573 397.557 397.327 397.883 396.312 395.297 393.17 394.281 391.37 391.14 392.25 389.339 387.768 385.642 385.967 384.396 384.396 381.485 380.469 378.898 378.113 379.684 380.469 382.825 383.055 383.841 385.967 385.642 389.109 387.998 389.569 391.14 391.925 394.281 393.17 396.637 396.312 397.097 398.113 397.002 399.128 400.699 400.374 401.945 401.945 402.96 403.19 402.865 404.435 404.665 404.896 406.466 406.696 406.926 407.156 407.386 407.847 407.847 407.521 409.092 408.767 410.338 408.441 408.116 409.687 408.021 409.036 408.481 410.052 407.6 409.956 410.186 408.52 408.75 407.64 406.529 406.759 406.434 408.004 405.783 406.568 403.562 405.132 404.022 402.911 401.8 404.156 402.26 401.38 399.713 400.499 398.833 399.063 396.056 396.516 394.62 396.191 393.184 393.969 390.962 390.637 389.526 387.86 388.09 386.424 384.528 382.862 382.537 380.871 381.886 378.649 378.975 381.426 382.537 384.203 385.314 385.084 387.305 387.305 389.526 389.852 391.748 393.414 394.525 394.295 394.62 396.286 398.738 396.381 398.833 399.158 399.483 401.61 401.15 402.816 402.586 404.252 404.022 405.132 405.458 406.568 406.894 405.878 406.434 406.759 407.314 408.195 407.41 408.52 408.846 409.956 408.386 408.711 409.266 409.592 408.576 409.687 408.116 409.227 408.997 409.322 409.092 407.521 407.291 408.402 407.386 405.816 407.712 406.696 405.681 405.681 404.665 404.435 404.761 404.531 402.405 401.389 400.374 400.374 400.699 399.914 398.898 398.113 397.883 396.312 394.741 395.066 393.496 391.37 391.14 390.909 389.339 389.109 387.538 384.856 385.182 382.27 382.825 380.469 379.684 378.113
381.255 381.485 384.396 383.841 385.967 387.538 389.109 390.679 389.569 391.14 393.266 392.94 395.066 394.741 396.867 397.097 397.327 398.898 400.469 402.04 400.374 401.714 401.389 402.96 404.531 404.761 404.991 403.88 404.896 406.466 405.356 406.926 408.497 410.068 407.617 407.847 406.966 409.092 409.322 408.767 409.227 408.671 409.687 409.362 408.806 409.822 408.711 408.386 408.386 408.06 409.076 407.41 408.98 407.314 406.759 406.434 407.449 405.553 406.013 405.458 403.562 404.022 402.911 401.8 403.371 403.831 400.824 399.483 400.499 398.833 399.063 397.167 396.286 395.175 394.065 393.739 392.073 391.518 391.423 389.526 387.305 388.09 386.98 384.758 383.648 382.537 380.641 380.315 378.649 380.315 380.871 382.537 382.862 385.314 385.084 388.09 387.86 389.526 390.637 393.644 392.073 393.184 394.295 394.62 396.841 396.841 398.507 400.959 399.944 401.61 401.935 403.831 402.816 403.926 403.696 404.022 405.132 405.458 405.228 405.553 406.108 406.434 407.544 408.655 407.084 408.75 408.52 408.846 408.616 408.386 408.156 409.036 410.147 409.362 409.687 408.116 407.886 408.211 408.537 408.307 408.862 409.187 408.957 407.386 406.601 406.926 405.356 405.126 404.896 405.221 404.435 402.865 404.531 402.405 402.175 401.945 400.929 399.358 399.128 398.343 397.327 397.097 396.312 394.741 393.17 392.94 390.029 391.695 390.909 387.998 387.213 387.538 385.967 385.182 382.27 382.825 379.914 378.898 378.113 378.898 380.469 381.255 382.27 385.182 385.967 387.538 385.872 387.998 390.909 391.14 391.37 392.94 394.511 395.297 396.867 396.542 397.883 398.898 398.573 400.699 400.929 401.945 402.73 402.96 403.19 402.865 404.435 404.665 404.896 406.466 406.696 406.926 405.816 407.386 407.617 407.847 408.862 409.092 407.196 409.552 408.441 408.116 407.561 408.021 410.147 409.036 406.815 408.386 407.275 408.846 407.735 406.624 408.195 407.87 407.544 407.774 405.323 406.338 405.228 405.458 405.132 404.022 402.911 402.586 402.03 401.705 400.824 399.713 399.713 398.833 399.063 396.841 396.286 395.175 396.191 393.739 392.073 391.748 389.852 389.526 387.86 387.305 386.424 383.187 384.203 382.537 380.085 378.419 378.649 381.101 381.426 382.537 384.203 385.314 386.424 388.09 387.63 389.526 391.423 392.303 392.073 393.184 394.295 395.175 396.516 397.397 397.722 398.277 399.158 398.928 401.38 401.15 403.371 403.926 404.252 404.022 405.132 405.458 405.228 406.894 406.108 406.434 407.544 407.084 408.98 409.306 409.076 410.186 409.956 408.941 408.711 409.822 409.036 409.362 409.131 408.116 409.227 408.997 408.767 409.092 407.521 407.291 408.957 407.386 405.816 407.712 406.696 406.466 406.236 406.006 404.435 404.761 403.19 402.96 401.389 400.604 400.929 402.595 397.232 398.343 398.668 397.097 396.312 394.741 393.17 392.94 391.37 391.14 389.569 388.783 389.109 384.856 385.967 385.967 383.611 381.485 381.255 379.684 378.113
381.255 382.825 383.611 385.182 385.412 387.538 387.768 389.339 389.569 391.14 391.37 391.6 393.17 395.297 396.312 397.097 398.668 397.557 399.128 402.04 400.374 401.714 401.389 403.515 402.635 404.205 404.435 406.006 404.896 405.126 406.696 406.926 408.497 406.831 408.402 407.847 407.521 409.092 408.767 408.211 408.671 410.012 409.687 411.258 409.036 409.036 410.052 408.386 407.83 408.06 407.735 408.75 408.98 407.87 407.544 406.434 406.664 405.783 406.013 405.458 403.562 404.022 402.911 402.586 403.371 402.26 401.935 401.61 400.499 398.833 399.063 396.841 396.286 394.62 396.191 393.739 392.073 392.303 390.637 389.526 387.86 388.09 385.084 384.528 382.862 382.537 380.085 380.315 378.649 381.101 380.085 382.537 384.203 384.758 385.084 386.75 389.201 389.526 391.193 390.962 393.414 392.399 392.724 395.175 396.841 396.611 399.063 399.388 399.158 398.928 401.38 400.364 402.816 402.586 404.252 403.236 405.132 405.458 405.228 406.894 406.108 406.434 406.759 408.655 407.084 408.75 407.18 408.29 409.956 408.386 408.711 409.036 409.036 411.258 409.687 409.457 407.886 408.211 407.981 409.092 408.862 407.847 407.617 406.831 406.601 406.926 406.696 405.681 404.896 406.006 404.435 404.761 404.531 402.405 402.175 401.159 400.374 400.699 399.914 398.898 396.772 397.097 396.082 394.741 393.17 391.6 391.37 391.14 389.569 387.998 387.768 387.538 385.967 384.396 384.396 382.825 380.469 378.898 378.113 379.684 379.914 382.04 384.396 383.841 384.856 386.982 387.768 390.679 390.909 391.14 392.71 392.94 395.066 395.297 396.312 397.883 398.668 399.454 399.128 400.699 400.374 401.159 402.73 402.96 404.531 402.865 404.435 403.88 404.896 405.681 406.696 405.586 405.816 407.386 407.617 408.077 407.521 410.433 408.767 408.997 408.441 409.457 407.791 409.917 409.036 409.266 408.711 408.941 409.956 408.846 407.735 407.965 408.195 407.87 406.759 406.434 405.323 406.894 405.783 405.458 405.132 404.022 403.696 402.586 402.26 401.15 400.824 399.713 399.158 398.833 397.722 396.841 396.286 395.961 394.85 395.865 392.073 391.748 389.852 389.526 389.201 387.305 385.639 384.758 383.648 382.537 381.426 378.975 378.649 378.975 381.426 382.537 382.862 385.314 385.084 386.75 389.201 389.526 391.193 390.962 393.414 393.184 395.405 395.961 396.286 398.738 398.507 400.174 399.944 401.054 400.039 401.15 402.26 403.141 404.482 404.022 405.132 405.458 405.228 406.894 408.004 407.774 406.759 407.084 408.195 407.41 409.076 407.505 409.956 408.941 408.711 409.036 409.036 408.576 409.687 410.012 409.227 408.997 408.537 409.092 408.307 408.632 407.617 406.831 406.601 406.926 406.696 405.126 404.896 404.665 404.435 402.865 402.635 402.405 401.389 401.945 400.374 402.04 400.469 398.343 399.454 397.097 396.312 394.741 395.066 392.94 393.266 391.14 392.25 389.339 387.768 385.642 385.412 385.967 382.825 382.825 380.469 379.684 378.113
381.255 382.825 382.825 383.286 386.752 387.538 389.109 390.679 389.569 391.14 392.71 391.6 395.066 395.297 395.527 396.542 397.327 398.898 399.128 400.699 400.929 401.159 402.73 403.745 401.294 405.546 404.435 406.006 404.896 406.466 406.926 406.926 405.816 407.386 407.061 408.077 407.521 407.196 408.767 408.997 409.227 409.457 410.472 409.362 408.806 408.481 408.711 408.386 409.956 407.505 407.735 408.75 407.64 408.655 406.759 407.774 407.449 405.553 405.228 405.458 405.132 404.022 404.252 404.482 400.689 401.15 400.039 400.269 399.388 398.833 398.507 396.611 396.516 395.175 392.724 393.184 392.073 392.303 390.637 388.971 387.86 386.75 386.424 385.314 384.203 380.966 380.871 379.76 378.649 380.315 381.426 382.537 382.862 384.758 385.639 388.09 387.86 388.971 391.423 392.303 393.969 393.184 394.295 395.961 396.841 397.397 397.722 397.492 399.158 401.61 400.039 401.15 402.816 404.482 404.252 404.022 403.562 405.458 405.228 406.894 406.108 406.434 406.759 407.87 408.98 407.965 407.735 407.735 407.275 410.282 410.052 409.266 409.592 408.576 409.687 409.687 409.227 408.211 408.537 409.092 405.625 407.291 407.617 406.831 408.497 406.926 406.696 406.466 404.896 406.006 404.435 402.865 405.086 402.405 402.175 401.945 400.374 400.699 399.128 398.343 397.327 396.542 396.082 395.852 395.066 394.281 391.37 392.48 389.569 387.998 389.109 387.538 385.967 383.841 383.611 382.825 381.255 379.684 378.113 378.898 381.255 382.825 383.055 385.182 385.967 386.982 389.109 387.998 389.569 391.695 392.71 392.94 393.17 395.297 396.867 396.312 397.327 398.343 399.128 398.803 400.374 401.159 401.389 402.405 404.531 402.865 404.991 406.006 404.896 405.681 406.696 406.926 408.497 407.386 407.617 408.077 407.521 409.647 408.767 408.211 409.227 408.116 409.687 411.258 408.806 409.822 408.711 408.386 407.83 407.505 408.52 407.41 407.64 407.87 407.544 406.434 406.664 406.894 405.783 404.902 403.562 403.466 404.252 402.586 402.03 401.15 401.935 401.61 399.944 397.492 398.507 396.841 396.286 395.961 394.85 393.184 392.629 390.962 390.637 389.526 387.86 387.535 386.424 384.758 382.862 382.537 380.871 381.101 378.094 378.975 381.426 382.537 383.648 384.758 386.98 388.09 387.86 389.526 391.423 391.748 392.073 393.739 396.191 395.961 396.286 396.056 399.063 398.833 399.158 399.713 401.38 401.15 402.816 402.586 402.911 404.022 403.792 404.902 405.783 406.894 405.323 406.434 407.544 407.314 407.084 407.41 407.735 407.505 409.956 406.815 408.711 408.481 409.592 408.576 408.346 409.457 408.671 408.997 408.767 407.751 407.521 407.847 407.617 410.068 408.497 407.712 406.696 405.681 407.577 405.221 404.435 402.865 402.635 402.405 402.175 401.945 400.929 400.699 397.232 398.898 396.772 397.097 396.312 394.741 395.066 393.496 393.266 391.14 392.25 388.783 389.109 387.538 385.967 384.396 382.27 381.255 381.255 378.898 378.113
381.255 381.255 383.055 384.626 386.752 386.982 389.109 389.339 390.909 391.14 391.37 392.94 395.852 394.741 395.527 396.312 397.883 398.343 399.128 400.699 400.374 401.159 402.175 402.96 403.19 402.865 404.991 406.006 406.236 406.466 406.696 406.926 404.705 407.386 407.617 407.847 407.521 407.751 408.767 408.211 408.441 408.116 408.346 409.917 409.036 410.607 410.052 408.386 407.83 408.29 407.735 407.41 407.64 408.655 407.544 406.434 406.108 405.553 406.568 405.458 406.473 404.022 403.696 403.141 400.689 403.046 401.935 400.269 400.499 399.388 397.722 396.841 396.286 395.961 394.295 393.739 392.073 391.748 389.852 389.526 387.86 386.75 385.639 384.528 382.862 382.537 381.426 379.76 379.99 380.315 381.426 382.537 383.648 383.187 386.98 388.09 387.63 389.526 389.852 390.962 392.073 393.184 394.065 395.961 396.286 397.167 397.167 398.833 399.158 399.713 401.38 401.705 403.371 403.926 404.482 404.022 405.132 405.458 405.783 405.553 405.323 406.434 407.544 408.655 408.195 407.41 407.735 407.505 407.275 410.282 408.711 408.481 408.806 411.258 409.687 409.457 409.227 409.552 408.537 407.196 408.862 407.847 407.061 410.068 408.497 406.926 406.696 406.466 406.236 406.006 404.435 405.546 403.975 402.96 401.389 401.159 400.929 400.699 397.232 398.898 396.772 396.542 396.867 394.741 395.066 393.496 392.71 391.14 389.569 390.679 389.109 387.538 385.412 384.626 382.825 380.144 380.469 379.684 378.113 379.684 381.255 382.825 383.611 385.182 384.856 387.538 387.213 387.998 390.909 391.14 392.71 392.94 395.066 394.741 396.312 397.097 396.772 398.898 399.128 399.358 401.484 401.159 401.389 402.96 403.975 404.205 404.435 406.006 406.236 405.681 406.696 406.926 408.497 407.386 408.402 408.632 407.521 409.647 408.767 407.656 409.227 409.457 409.687 408.576 408.806 409.036 410.052 410.282 409.956 408.846 407.735 407.41 408.98 407.314 407.544 407.774 405.323 405.553 405.228 405.458 404.347 405.362 402.911 402.586 404.156 403.831 400.594 400.269 399.944 397.492 399.063 397.397 396.286 395.175 394.85 394.525 392.073 392.303 390.637 389.526 387.305 387.305 386.98 384.528 382.862 381.751 381.426 378.975 379.99 380.315 381.426 382.537 384.988 384.758 385.639 386.75 387.86 389.526 390.637 390.962 392.073 394.525 392.724 394.62 396.286 398.738 399.063 398.833 399.944 398.928 401.38 401.15 402.03 403.926 402.911 403.236 403.562 405.458 407.354 406.894 406.664 406.434 406.759 407.084 407.084 408.75 409.076 410.186 409.956 408.386 410.052 409.036 410.147 408.576 409.131 410.012 407.886 408.997 408.767 407.751 407.521 407.291 408.402 406.831 408.497 407.712 406.696 406.466 407.577 406.006 404.991 402.865 404.531 403.745 402.73 401.945 400.374 398.803 400.469 398.898 397.327 396.542 396.312 395.297 394.511 392.94 391.37 391.14 389.569 390.679 387.768 386.982 386.752 384.396 383.611 382.825 379.684 379.684 378.113
380.469 382.825 382.825 384.626 385.412 383.746 386.427 387.998 389.569 391.14 392.71 392.94 393.17 394.741 395.527 397.097 397.883 398.898 399.914 400.699 400.374 401.945 403.515 403.745 402.635 402.865 404.435 406.006 404.896 406.466 407.252 406.926 408.497 410.068 407.617 408.632 406.966 407.751 408.767 410.338 409.227 408.116 409.687 409.362 408.806 408.481 408.711 408.386 409.956 408.846 407.735 409.306 408.195 407.87 407.544 406.434 408.004 405.783 407.354 405.458 403.562 404.022 404.252 402.586 402.26 401.705 401.38 400.269 399.158 397.492 399.063 396.611 396.841 394.62 394.295 393.184 393.414 390.962 389.852 389.526 389.201 387.535 385.639 385.869 384.203 382.537 381.426 380.315 378.094 378.975 378.745 382.537 384.203 384.528 385.639 387.305 387.63 389.526 391.423 390.962 392.073 393.184 392.724 394.62 396.286 397.167 399.063 400.174 399.158 401.61 401.38 401.15 402.26 403.926 403.696 406.703 405.132 404.902 405.783 405.783 406.664 406.434 406.759 407.084 408.195 407.41 409.076 407.505 407.83 408.941 409.496 408.481 409.036 407.465 409.131 409.457 409.227 408.211 408.537 407.196 408.862 408.632 407.847 407.386 408.497 406.926 406.696 406.466 404.896 403.88 404.435 402.865 403.19 402.96 402.73 401.714 400.374 400.699 399.128 398.343 397.327 395.757 396.312 395.297 394.511 394.281 392.71 391.695 389.569 389.339 386.427 384.301 385.412 383.841 382.27 382.825 380.469 379.684 378.113 379.684 381.255 382.04 383.611 384.626 385.412 387.538 389.109 387.443 389.569 391.695 392.71 393.496 395.066 395.852 396.312 396.542 397.327 398.343 399.128 398.803 400.374 401.945 402.73 402.96 403.19 404.761 404.435 406.006 404.896 405.126 406.696 407.712 405.816 406.831 408.402 407.847 407.521 407.751 408.767 408.997 409.227 409.457 409.131 409.917 408.806 409.036 409.496 408.386 407.275 410.186 407.735 407.965 407.64 407.314 407.544 406.434 405.323 406.338 405.228 405.458 405.132 404.022 402.911 403.926 404.156 400.364 400.594 400.269 399.944 398.833 396.381 396.841 396.516 394.62 396.191 393.184 392.073 390.962 390.637 389.526 387.86 386.75 386.98 385.869 384.988 382.537 381.426 379.76 378.094 380.315 381.426 380.966 382.862 384.758 386.194 387.305 389.201 389.526 391.423 391.748 392.073 393.739 394.295 394.62 396.286 397.167 397.167 397.492 399.158 399.483 400.594 400.364 402.816 403.926 404.252 404.022 405.132 405.458 406.568 406.338 405.323 406.434 407.544 406.529 408.195 407.41 409.076 408.29 409.956 408.386 410.052 409.036 408.806 411.258 407.561 409.457 409.227 410.338 408.537 409.092 409.417 407.291 407.061 406.831 408.497 406.926 405.356 406.466 405.451 406.006 406.332 404.761 404.531 402.405 401.945 401.945 402.27 398.803 399.128 398.898 398.668 396.542 396.312 394.741 395.066 391.6 392.71 391.14 389.569 389.339 387.768 387.538 385.967 384.396 382.825 382.04 379.684 379.684 378.113
381.255 382.04 383.611 384.396 385.412 387.538 389.109 389.339 390.909 391.14 391.925 392.94 393.17 395.297 396.312 396.312 398.668 398.343 400.469 400.699 400.374 401.945 402.175 403.515 403.975 402.865 404.435 406.006 407.577 405.126 406.696 406.926 406.601 410.068 407.617 408.632 408.862 409.092 408.537 408.211 409.227 409.457 409.687 409.362 408.806 409.266 408.711 408.386 408.386 408.29 408.52 407.41 407.084 408.655 407.544 406.434 406.664 406.894 405.228 405.458 404.347 404.022 404.252 403.926 400.689 401.705 401.38 401.61 399.158 398.833 397.722 396.611 396.516 395.961 392.724 393.184 392.629 392.303 391.423 389.526 389.201 386.75 385.639 385.869 382.862 382.537 381.426 380.315 378.649 380.315 381.426 381.751 382.862 384.528 385.639 387.305 389.201 389.526 389.852 390.962 393.969 393.739 394.295 395.175 396.841 398.738 397.722 398.277 400.499 399.713 400.039 403.046 402.26 402.586 404.252 404.022 405.132 405.458 406.568 405.783 406.664 406.434 406.759 406.529 408.98 406.069 407.735 411.527 408.06 408.386 408.711 409.266 409.592 409.362 409.131 410.012 409.227 408.997 408.767 409.647 407.521 407.847 407.617 407.386 408.497 406.926 406.696 405.126 404.896 404.665 404.435 404.761 404.531 402.96 403.515 401.159 400.374 398.803 399.128 398.343 397.327 397.883 395.527 395.297 395.066 392.94 392.71 391.695 389.569 389.339 387.768 387.538 385.967 383.841 383.611 382.04 379.914 378.898 378.113 378.898 381.255 382.04 383.055 384.396 385.967 387.538 387.213 389.339 389.569 391.14 392.71 392.94 393.17 395.852 396.312 396.542 397.883 399.454 397.232 400.699 400.374 401.159 402.73 403.515 403.19 405.546 404.435 404.665 407.577 406.466 406.926 407.712 407.942 407.386 407.847 408.077 409.417 409.092 408.537 408.997 408.441 409.457 409.687 409.362 409.592 408.481 410.052 408.941 409.956 408.29 409.076 409.306 407.084 407.314 408.885 406.434 406.108 406.108 405.783 404.902 405.132 403.236 403.696 402.586 402.26 400.364 401.38 401.054 399.158 398.833 397.167 397.167 396.286 395.175 394.295 392.399 393.414 391.748 389.852 388.971 389.201 387.305 386.98 384.758 384.203 382.537 381.426 380.315 376.523 380.315 381.426 382.537 386.329 384.528 385.084 386.75 387.86 389.526 389.852 390.962 393.414 393.184 394.295 395.961 396.286 398.738 399.063 397.492 399.388 399.483 401.38 401.15 402.816 402.586 404.252 404.022 405.132 405.458 405.783 406.338 406.108 406.434 406.759 407.314 408.195 407.41 407.18 408.29 407.275 408.386 410.052 408.481 409.036 410.702 408.346 409.457 409.227 408.211 407.196 410.433 409.417 407.847 407.847 406.831 408.497 406.926 406.696 406.466 406.236 406.006 404.435 404.761 403.19 402.96 401.389 401.714 400.374 402.04 400.469 398.898 396.772 397.883 396.312 394.741 393.17 394.836 392.71 392.48 389.569 390.679 385.872 386.982 385.967 385.182 383.611 382.825 380.469 379.684 378.113
381.255 382.04 383.611 384.396 384.856 387.538 389.109 389.339 392.25 391.14 392.71 391.6 395.066 394.741 396.867 397.883 398.668 398.343 399.914 398.803 400.374 401.159 401.945 402.96 403.975 402.865 404.435 404.665 406.236 405.126 406.926 406.371 407.942 407.386 407.617 407.291 407.521 410.988 407.981 408.211 409.227 409.457 409.687 408.576 409.036 409.036 409.496 408.386 408.616 408.846 407.18 407.41 407.084 407.084 406.759 406.434 406.108 406.338 405.783 405.458 403.562 404.022 402.356 402.586 402.03 401.705 401.935 401.61 397.817 398.833 396.381 398.738 396.516 395.961 396.191 393.184 392.073 391.748 391.193 389.526 387.63 387.305 386.98 385.314 383.648 381.751 380.871 378.975 378.649 380.315 380.641 382.537 383.648 384.758 386.424 385.409 389.201 389.526 391.193 391.748 393.414 393.184 392.724 395.961 396.516 397.167 397.722 398.833 399.713 399.483 401.38 400.364 402.816 403.926 402.356 404.022 405.132 405.458 405.783 405.553 406.664 407.774 407.544 407.084 407.64 407.41 409.076 410.186 409.171 408.386 410.052 409.266 409.592 408.021 409.687 409.457 409.227 408.997 408.767 409.092 407.521 407.847 408.402 406.831 406.601 406.926 406.696 406.466 406.236 404.435 404.435 404.205 403.975 402.405 401.389 401.714 401.484 400.699 399.128 398.898 396.772 397.097 395.527 398.533 393.17 391.6 392.71 391.14 389.569 389.339 389.109 387.538 385.967 385.967 383.611 382.04 381.255 378.898 378.113 378.898 380.469 381.255 382.825 385.967 385.967 383.746 385.872 389.339 392.25 391.695 392.71 394.836 393.17 394.741 395.527 396.542 397.327 398.898 399.128 400.699 400.929 401.945 400.834 402.405 403.975 404.205 404.435 406.006 406.236 405.681 406.696 406.926 405.816 407.386 407.617 408.632 408.862 409.092 407.196 408.211 409.227 409.457 407.005 408.576 409.036 409.822 410.052 408.386 409.956 408.846 407.735 407.41 407.64 408.655 406.759 407.774 405.323 405.783 405.783 405.458 403.792 405.362 404.252 403.141 402.816 400.364 401.38 398.928 400.499 398.833 398.507 397.397 396.286 395.961 394.85 395.865 392.073 391.748 389.852 389.526 389.201 387.305 386.98 385.314 382.862 382.537 381.426 379.76 378.649 378.975 381.426 382.537 383.648 385.869 385.639 387.305 389.201 389.526 391.423 392.303 392.073 393.184 394.295 396.516 396.286 397.397 399.063 398.833 400.499 400.269 401.38 401.15 402.26 403.926 404.252 404.022 405.132 405.458 405.228 406.338 405.323 406.434 406.759 408.655 407.64 408.75 409.076 408.06 407.275 410.282 408.711 408.481 408.806 409.917 408.346 410.012 408.441 408.997 408.767 409.092 408.862 407.847 407.061 408.727 407.942 407.712 406.696 406.466 404.896 404.665 404.435 402.865 403.975 403.515 402.175 401.945 400.374 400.699 397.232 398.898 398.113 395.757 396.082 394.741 393.17 394.281 391.37 391.14 389.569 387.998 385.872 387.538 385.967 383.841 384.396 382.825 380.469 379.684 378.113
379.914 382.825 383.611 383.841 385.412 386.982 385.872 387.443 390.909 391.14 392.71 392.94 395.066 394.741 395.527 396.542 397.883 398.343 401.024 398.803 400.929 401.159 401.389 402.96 402.635 402.865 404.435 405.221 405.451 406.466 406.696 405.586 408.497 408.172 407.617 409.417 408.862 409.092 408.767 408.211 409.227 408.116 407.561 408.576 408.806 408.481 408.711 408.386 407.275 408.846 407.735 407.41 408.195 408.655 406.759 406.989 408.004 405.783 405.783 405.458 405.132 404.022 404.252 402.586 402.03 401.705 401.935 399.713 399.944 397.492 399.063 396.611 396.286 395.175 392.724 395.865 392.073 391.748 390.637 388.971 387.86 386.75 385.639 383.187 382.862 382.537 381.426 378.419 379.99 378.975 381.426 382.537 383.648 385.314 386.98 386.75 387.305 389.526 389.852 390.962 393.969 392.399 394.85 396.516 396.516 396.056 399.063 398.833 399.944 399.713 400.824 403.831 402.816 404.482 402.911 402.681 403.792 405.458 405.783 406.894 407.449 405.648 407.544 408.655 408.98 407.41 409.076 411.527 407.83 408.386 409.496 409.036 409.592 408.021 409.687 409.457 408.441 410.338 408.767 407.196 408.862 407.847 408.402 407.386 408.497 407.712 406.696 406.466 407.577 404.665 404.435 402.865 402.635 402.405 403.515 401.945 400.374 400.699 399.128 398.343 398.113 397.883 396.312 394.741 393.17 394.281 393.266 392.48 390.909 390.679 389.109 387.538 385.967 385.182 382.825 382.825 381.255 379.684 378.113 379.684 381.255 381.255 384.396 383.841 385.412 387.538 387.768 389.339 389.569 391.695 391.925 394.836 393.17 394.741 396.312 397.883 398.113 398.343 397.232 402.04 400.374 401.945 402.175 402.405 403.19 402.865 406.332 406.006 406.236 405.911 406.696 406.926 408.497 406.831 407.617 407.847 407.521 409.092 408.767 407.656 409.227 409.457 407.791 408.021 410.147 408.481 408.711 408.941 409.956 408.06 409.076 407.41 407.64 406.529 407.544 407.774 406.108 406.894 406.568 405.458 405.132 404.022 404.252 403.926 404.156 402.49 401.38 400.269 399.388 400.174 398.507 397.397 396.841 395.961 394.85 393.739 393.414 390.962 390.637 389.526 387.63 387.305 386.98 384.528 383.648 382.537 381.426 379.76 378.649 378.975 381.426 382.537 384.203 384.528 386.98 388.09 389.201 388.971 390.637 390.962 392.629 392.399 394.295 395.961 396.286 398.738 398.507 397.492 399.944 401.054 401.38 401.705 402.03 403.141 403.696 404.022 405.132 405.458 405.783 406.338 405.323 407.774 407.544 407.314 408.195 407.41 407.735 408.846 407.275 408.386 410.052 409.822 410.147 408.021 409.131 409.457 408.441 407.656 408.767 407.196 407.521 407.291 407.847 407.386 407.942 407.712 407.252 406.466 406.236 404.665 404.435 404.761 403.19 402.405 402.175 401.945 400.374 400.699 399.128 398.898 397.327 396.312 396.312 394.741 396.407 394.281 391.37 391.14 389.569 390.679 387.768 387.538 385.412 384.626 383.611 382.825 380.469 379.684 378.113
380.469 381.485 383.611 383.286 385.967 386.982 387.213 389.339 390.909 391.14 392.71 391.6 395.066 395.297 395.527 396.542 396.772 398.898 398.573 400.699 400.374 401.159 401.389 402.405 402.635 402.865 404.435 406.006 404.896 406.466 406.696 406.926 406.601 410.068 408.402 407.847 407.521 407.196 409.322 407.656 409.227 408.116 409.131 407.465 408.806 409.266 408.711 406.815 408.06 408.846 407.735 407.965 408.98 405.974 406.759 406.434 408.004 405.783 405.783 405.458 405.132 404.022 402.911 402.586 402.26 403.831 400.824 399.713 399.388 400.174 397.722 396.611 396.516 395.961 392.724 393.184 392.073 390.962 391.423 389.526 387.86 387.305 385.084 384.758 384.203 382.537 381.426 380.315 379.99 378.419 381.426 382.537 382.862 383.187 386.424 388.09 389.201 388.971 390.637 392.303 392.073 394.295 394.295 395.961 396.516 396.056 397.167 398.833 399.713 401.61 400.039 401.15 402.816 402.586 404.252 403.466 405.132 403.562 405.228 405.553 406.664 406.434 407.544 407.314 407.64 407.965 409.076 408.846 407.275 408.386 410.052 408.481 408.806 408.576 409.687 409.457 408.441 408.767 408.767 409.092 406.966 409.417 407.617 407.386 408.497 406.926 406.696 406.466 404.896 403.88 404.435 404.205 403.19 402.405 401.389 401.945 402.27 398.803 400.469 399.454 396.772 397.097 396.312 394.741 393.17 394.281 391.37 391.14 389.569 389.339 387.213 386.982 385.967 385.967 383.611 382.825 380.469 378.898 378.113 378.898 380.469 382.04 382.27 384.626 385.412 387.538 386.427 387.998 389.569 391.14 393.266 392.94 395.066 394.741 396.312 396.542 397.883 398.898 400.469 398.803 401.484 401.945 401.389 402.405 403.975 404.761 404.435 406.006 404.896 406.466 406.696 406.926 405.816 410.068 408.957 407.291 408.862 407.196 407.196 407.656 407.886 408.116 410.472 409.917 410.147 408.481 410.052 410.282 408.386 408.846 407.735 407.41 408.98 407.87 407.544 407.774 406.108 405.783 405.783 405.458 405.132 402.911 402.911 402.586 402.816 401.705 401.38 401.61 399.158 399.388 397.722 397.397 396.286 395.175 394.85 393.739 392.073 391.748 391.193 389.526 387.305 388.09 386.98 386.654 383.648 382.537 381.426 381.101 378.649 379.76 381.426 382.537 384.203 385.314 386.424 386.75 387.86 389.526 391.193 390.962 392.073 393.184 394.85 394.62 396.286 397.397 399.063 398.833 399.944 399.713 401.38 400.364 400.689 403.141 402.911 404.022 405.132 403.562 406.568 406.894 408.004 406.434 407.544 407.87 407.084 409.306 409.306 408.846 408.06 410.282 408.711 408.481 409.592 408.021 409.687 409.457 409.227 408.211 408.767 407.196 409.417 407.847 407.617 407.386 405.816 406.926 406.696 406.466 404.896 404.665 404.991 402.865 403.19 402.96 401.389 401.945 400.929 398.803 399.128 398.343 399.454 397.097 396.312 394.741 393.17 394.281 391.925 391.14 389.569 389.339 389.109 385.642 384.856 384.396 382.825 381.485 381.255 378.898 378.113
381.255 382.04 383.611 383.841 385.412 387.538 387.213 387.998 390.909 391.14 392.71 394.281 396.407 395.297 396.312 397.097 398.668 398.343 399.128 399.358 400.374 401.714 402.175 402.405 403.19 404.205 404.435 406.006 404.896 405.911 406.696 406.926 408.497 407.386 408.957 407.291 408.862 409.092 408.767 408.211 408.441 409.457 409.687 408.576 408.806 408.481 408.711 408.941 409.956 408.06 409.076 408.75 408.98 408.655 407.544 406.434 405.323 405.553 405.228 405.458 405.132 403.236 403.696 402.586 402.816 400.364 400.824 400.269 399.944 398.833 397.167 396.611 396.286 394.62 396.191 393.184 393.414 391.748 389.852 389.526 387.86 388.09 386.98 385.869 382.862 381.751 381.426 378.419 378.649 379.76 381.426 381.751 384.203 385.314 386.98 388.09 389.201 389.526 391.423 391.748 392.073 395.865 394.065 394.62 396.516 397.397 398.507 398.833 399.388 400.269 401.38 401.705 402.26 402.586 403.696 404.022 403.792 405.458 405.228 406.894 405.323 406.434 407.544 407.87 407.64 408.75 407.18 408.846 409.956 408.386 408.711 409.822 409.036 408.576 409.131 408.116 409.227 409.552 407.981 409.092 407.521 409.187 407.847 406.831 406.601 406.371 406.696 406.466 407.577 406.006 404.991 404.761 403.975 403.745 401.389 401.159 400.374 402.595 399.914 398.898 399.454 396.312 396.312 397.193 395.066 391.6 391.925 390.354 389.569 387.998 386.427 386.982 385.412 384.626 382.27 382.04 380.469 378.898 378.113 378.898 381.255 382.825 382.27 383.841 385.967 387.538 389.109 389.339 390.909 391.695 391.925 392.94 393.17 394.741 396.867 397.883 397.327 398.898 399.128 398.803 400.929 401.945 403.515 403.515 401.294 404.761 404.435 406.006 406.236 406.466 406.696 406.926 406.601 410.068 407.617 408.632 408.862 407.196 408.767 408.997 409.227 409.457 409.131 409.362 409.036 409.822 409.496 408.941 407.275 408.06 407.735 407.41 408.98 408.655 408.1 405.648 406.108 405.783 404.672 406.243 403.562 404.022 403.696 403.926 403.371 401.705 400.594 401.61 399.944 398.833 399.063 398.738 396.516 395.961 394.85 394.295 392.073 390.962 390.637 389.526 387.63 386.75 385.639 385.314 384.203 381.751 381.426 379.76 378.094 380.315 381.426 382.537 382.862 385.314 385.639 387.535 387.86 389.526 390.637 392.303 392.073 394.525 394.85 395.175 396.286 396.611 399.063 398.833 399.158 400.269 401.935 403.831 402.816 403.141 402.911 406.703 405.132 405.458 405.228 406.894 405.323 406.434 406.759 408.655 407.64 407.41 408.52 408.06 408.386 410.282 410.052 408.481 408.806 409.362 409.687 409.457 409.227 407.656 408.767 409.092 409.417 407.847 407.617 406.831 408.497 406.371 405.356 406.466 404.896 406.006 404.435 406.102 402.635 402.405 402.73 401.945 401.484 398.803 400.469 398.898 398.113 397.097 396.312 395.852 395.066 394.281 391.37 391.14 390.909 388.783 387.213 387.538 385.967 383.841 383.611 381.485 380.469 378.898 378.113
380.469 382.04 384.396 385.182 385.967 387.538 389.109 388.783 389.569 391.14 391.37 392.94 395.066 394.741 396.312 397.097 397.327 398.898 399.128 399.358 400.374 401.159 401.389 402.405 403.975 404.761 404.435 404.665 407.577 406.466 406.926 406.926 405.816 407.386 407.617 407.291 408.862 409.092 408.537 410.338 409.227 410.012 408.346 411.258 409.036 409.036 408.156 408.386 409.956 408.29 408.52 409.306 408.98 407.314 406.759 407.774 408.004 406.894 405.228 405.458 405.132 404.022 402.911 403.926 402.26 401.15 400.594 399.713 399.388 398.833 397.722 398.738 396.286 395.961 394.065 393.184 392.073 391.748 390.637 388.971 389.201 386.75 386.424 385.314 383.648 381.751 380.871 378.419 379.99 380.315 381.426 382.537 383.648 385.314 386.424 388.09 389.201 389.526 389.852 390.962 392.073 393.739 395.405 396.516 396.286 396.056 397.722 398.833 399.388 401.054 401.935 401.15 403.371 401.8 404.252 405.362 403.562 405.458 405.228 406.894 405.323 406.434 406.759 407.084 408.195 406.624 408.52 408.846 409.956 408.386 406.815 408.481 408.806 408.576 409.687 408.116 409.227 408.997 408.767 409.092 408.862 408.632 407.617 407.386 405.26 406.371 406.696 405.126 404.896 404.665 404.435 404.761 403.19 402.96 402.175 401.945 400.374 402.595 401.024 398.343 396.772 397.097 395.527 396.637 394.511 393.496 392.71 391.14 390.909 387.998 389.109 387.538 385.967 385.182 384.396 382.04 380.469 379.684 378.113 379.684 381.255 381.485 383.611 384.396 385.967 387.538 387.768 389.339 389.569 391.14 391.37 392.94 393.17 394.741 396.312 395.757 396.772 398.898 399.914 402.04 400.374 401.945 402.73 402.405 403.19 404.205 404.991 403.88 406.236 405.126 406.696 406.926 406.601 406.831 407.847 408.632 408.862 409.092 407.981 408.211 409.227 408.671 409.687 408.576 409.036 408.481 410.052 408.386 409.956 411.527 408.52 408.75 407.64 408.655 406.759 407.774 405.323 406.338 405.783 403.562 405.132 403.236 404.252 404.482 402.26 401.705 401.38 401.054 399.944 398.833 397.722 397.397 396.286 395.961 394.295 393.184 393.414 391.748 390.637 389.526 387.86 387.305 386.424 385.314 384.203 381.751 381.426 381.101 379.99 378.975 380.085 382.537 383.648 384.758 386.424 388.09 387.86 389.526 391.193 390.962 392.073 393.739 396.191 394.945 396.516 396.841 396.381 398.833 399.158 399.713 401.935 401.15 402.26 403.926 404.252 403.236 405.132 405.458 406.568 405.553 406.108 407.774 406.759 407.084 407.084 408.75 409.076 408.06 408.616 410.282 408.156 408.481 409.592 408.021 408.346 409.457 409.227 407.656 409.322 407.196 407.521 407.847 408.402 406.831 405.816 407.712 407.252 405.126 405.451 405.221 405.546 402.865 403.19 402.405 401.389 401.159 400.374 400.699 399.128 398.898 398.668 397.097 395.527 395.297 393.17 391.6 391.37 391.14 389.569 390.679 387.768 387.538 386.752 384.396 383.611 381.255 380.469 378.898 378.113
380.469 382.825 382.27 384.626 384.856 387.538 385.872 387.998 390.354 391.14 392.71 392.94 393.17 394.741 396.312 396.542 397.327 398.343 400.469 399.358 400.374 401.714 402.175 402.96 403.19 404.761 404.435 406.006 407.577 405.126 405.356 406.926 408.497 407.386 407.061 409.417 408.862 407.751 408.767 408.211 409.227 408.116 409.131 407.465 408.806 408.481 408.711 408.386 409.956 408.846 408.52 408.75 407.64 407.314 407.544 407.774 408.004 406.338 406.013 405.458 405.132 402.681 403.696 403.141 404.156 401.15 400.039 401.054 399.944 398.833 397.722 396.611 396.516 395.961 394.295 393.184 392.073 390.962 391.193 389.526 387.86 386.75 386.194 384.758 383.648 382.537 381.426 380.315 376.523 380.315 380.871 382.537 382.862 384.758 386.98 386.75 387.86 389.526 391.193 390.962 392.073 393.739 396.191 395.961 396.286 396.056 397.722 398.833 399.158 400.269 401.935 403.831 403.371 401.8 404.252 404.022 405.132 404.902 404.672 405.553 406.108 406.434 407.544 408.655 407.084 408.75 409.076 408.846 407.83 409.726 408.711 409.036 408.806 411.258 409.687 409.457 408.671 410.338 408.767 410.433 409.417 408.077 407.061 406.831 408.497 406.926 406.696 406.466 406.236 406.006 404.435 404.761 403.19 402.96 402.175 401.945 400.374 402.595 400.469 398.898 398.668 397.883 396.312 394.741 393.17 394.836 391.37 391.14 389.569 390.679 389.109 387.538 385.967 383.841 384.396 382.825 381.255 379.684 378.113 378.898 380.469 382.04 382.825 385.182 385.967 385.642 389.109 389.339 390.909 391.14 392.71 394.836 393.17 396.637 395.527 397.097 398.113 398.343 399.128 400.699 400.929 401.945 402.175 402.96 403.975 402.865 406.332 403.88 404.896 405.911 406.696 406.926 406.601 408.172 407.617 407.291 409.417 410.433 408.767 410.338 409.227 409.457 407.791 409.917 409.036 408.481 410.052 410.282 409.956 408.06 408.52 409.306 408.98 408.655 407.544 407.774 408.004 406.894 406.013 405.458 405.132 404.022 404.252 403.926 402.26 402.49 400.039 399.713 399.388 400.959 397.167 396.841 396.516 395.175 394.295 393.184 392.073 390.962 389.852 389.526 387.86 387.535 386.424 383.187 382.862 381.751 380.871 380.315 378.649 380.315 381.426 382.537 382.862 384.758 386.424 388.09 387.86 389.526 389.852 390.962 392.073 393.184 394.85 394.62 396.286 397.397 398.507 398.277 399.944 400.269 401.38 401.15 402.26 403.141 404.252 404.022 405.132 405.458 405.228 406.894 406.664 407.774 406.759 407.87 408.195 407.41 407.735 408.846 408.616 410.282 409.496 408.481 408.806 409.362 409.687 408.116 409.227 408.997 408.767 409.647 407.521 408.632 407.847 406.831 406.601 406.926 406.696 406.466 404.896 406.006 404.991 404.761 402.635 402.96 402.175 401.159 400.374 398.803 399.128 398.343 397.327 395.757 397.423 394.741 396.407 392.94 393.266 391.14 389.569 389.339 387.768 386.982 385.967 384.396 383.055 381.485 381.255 379.684 378.113
380.469 382.04 382.825 384.626 385.967 384.301 385.872 387.998 389.569 391.695 392.71 395.392 395.066 394.741 396.082 397.883 396.772 398.343 399.128 400.699 400.374 401.945 402.175 402.405 404.531 402.865 405.546 405.221 404.896 405.126 406.696 407.712 408.497 407.386 408.957 407.847 408.862 409.092 407.981 408.997 409.227 409.457 409.131 408.576 409.036 408.481 408.711 408.386 407.83 411.527 407.735 408.75 407.64 408.655 406.759 406.989 405.878 405.553 406.013 405.458 403.792 404.022 404.252 402.586 404.156 400.364 401.38 399.483 399.158 397.492 398.507 397.167 396.286 395.175 394.295 393.739 392.073 391.748 391.423 389.526 387.63 386.75 386.424 385.314 383.648 382.537 381.426 379.76 378.649 379.76 381.426 381.751 382.862 385.314 385.639 386.75 387.86 389.526 390.637 391.748 393.414 392.399 394.85 394.62 396.286 398.738 399.063 399.618 399.944 401.054 400.039 401.15 402.816 403.141 402.356 402.681 403.562 405.458 407.354 406.894 406.664 407.774 406.759 407.084 408.98 408.75 409.076 407.735 409.956 410.282 408.711 408.481 409.036 407.465 409.687 409.457 409.227 410.338 408.537 409.092 408.862 408.632 407.847 407.386 408.497 405.586 405.356 406.466 404.896 403.88 404.435 404.761 403.19 402.96 402.175 401.945 400.374 398.803 400.469 398.343 396.772 397.097 396.312 396.637 395.852 391.6 392.71 391.14 389.569 387.443 387.213 387.538 384.856 384.396 381.715 382.825 381.255 378.898 378.113 379.684 381.255 382.04 384.396 384.396 385.967 387.538 387.768 389.339 389.569 391.695 391.37 394.281 393.17 395.297 396.312 396.542 397.327 397.557 399.128 398.803 400.929 401.159 402.175 402.405 402.635 404.761 404.435 406.006 406.236 406.466 406.696 406.926 406.601 406.831 407.061 407.291 407.521 407.751 408.767 408.211 409.227 409.457 409.131 409.362 409.036 410.607 408.156 406.815 409.956 408.06 408.52 408.75 408.98 408.655 406.759 406.434 405.323 405.553 407.354 405.458 405.132 403.466 404.252 402.586 402.26 401.15 400.039 400.269 400.499 398.833 395.596 397.397 396.286 395.175 392.724 393.739 393.414 390.962 389.852 389.526 389.201 387.305 386.424 384.758 382.862 382.537 381.426 378.419 378.094 379.76 380.085 382.537 382.862 385.314 386.424 386.75 389.201 389.526 389.852 390.962 392.073 393.739 392.724 394.62 396.286 397.167 397.167 398.833 399.713 401.054 401.38 401.15 402.26 402.586 404.482 404.022 403.562 405.458 406.013 406.108 406.108 407.774 407.544 408.655 408.195 407.41 408.52 407.505 408.06 408.386 408.711 409.036 408.806 411.258 408.346 408.116 408.441 410.338 408.767 409.092 409.417 409.417 407.617 407.386 406.601 406.926 406.696 406.466 404.896 403.88 404.435 402.865 403.975 402.96 402.175 401.945 400.374 398.803 397.232 398.343 398.113 397.097 396.312 394.741 395.066 394.281 392.71 391.14 392.25 387.443 386.427 385.642 385.967 384.396 384.396 382.825 381.255 378.898 378.113
381.255 382.825 382.27 384.396 385.967 387.538 387.768 390.679 390.909 391.695 391.37 393.496 394.511 395.297 395.527 397.883 397.883 398.898 400.469 398.803 400.929 401.945 402.175 403.515 403.975 402.865 404.435 404.665 406.236 406.466 406.696 407.712 408.497 407.386 407.847 407.291 408.862 409.092 408.767 408.211 409.227 409.457 409.131 408.576 408.806 408.481 409.496 410.282 407.83 408.846 409.076 408.75 408.98 406.529 407.544 406.434 408.004 405.783 405.228 405.458 405.132 406.703 404.252 402.586 402.816 403.831 400.039 400.269 399.388 398.833 399.063 396.611 396.286 395.175 394.85 392.399 393.414 390.962 389.852 388.971 387.63 388.09 385.084 385.869 382.862 380.966 381.426 380.315 378.649 379.76 381.426 382.537 383.648 384.758 385.084 386.75 389.201 389.526 391.193 390.962 392.073 393.184 396.191 395.961 396.286 397.397 399.063 399.388 399.388 399.713 400.594 401.705 402.26 404.482 404.252 404.022 405.132 405.458 405.783 405.783 408.004 407.774 408.885 407.084 407.64 409.306 409.076 408.846 408.616 408.386 409.496 409.266 408.806 408.021 408.346 408.116 409.227 408.211 408.767 409.092 407.521 408.632 407.617 407.386 407.156 406.926 406.696 406.466 405.451 404.665 402.865 404.205 402.635 402.405 401.945 401.945 402.27 402.04 400.469 397.002 397.327 397.097 396.312 395.852 393.17 391.6 390.029 392.48 390.354 389.339 387.213 387.538 385.967 383.286 383.611 381.485 381.255 379.684 378.113 379.684 380.469 382.04 382.825 383.286 385.967 387.538 387.213 389.339 390.909 391.14 392.71 392.94 395.066 394.741 396.312 397.097 398.113 398.898 397.232 400.699 400.374 401.945 402.73 403.515 403.19 402.865 404.435 406.006 404.896 406.466 407.252 407.712 408.497 406.831 407.847 408.077 409.417 409.092 408.767 410.338 409.227 409.457 409.687 408.576 408.806 409.036 409.496 410.282 409.956 411.527 407.735 407.41 408.195 408.655 406.759 406.434 406.108 406.894 406.568 405.458 406.473 404.022 404.482 402.586 404.156 401.705 400.039 400.269 399.158 398.277 398.507 397.397 396.841 395.175 396.191 393.739 392.629 392.303 391.193 389.526 387.63 388.09 385.084 385.314 384.203 382.537 380.315 381.101 378.649 378.975 381.426 382.537 384.988 384.758 386.424 387.305 387.86 389.526 391.193 391.748 392.073 393.184 394.295 395.961 396.841 396.056 398.507 398.833 399.388 399.713 400.039 401.705 402.26 403.926 404.252 404.022 405.132 403.562 405.783 405.553 406.664 404.863 407.544 407.87 407.64 407.41 409.076 408.846 409.956 408.386 408.156 409.822 409.036 409.362 408.346 408.116 408.441 408.997 409.322 409.092 407.521 407.291 408.402 407.386 406.601 407.712 405.356 405.681 406.236 404.665 404.435 406.102 403.19 403.745 401.389 401.945 400.929 402.04 400.469 398.343 398.668 397.883 395.527 394.741 395.066 392.94 393.266 391.14 390.909 390.679 385.872 383.746 385.412 384.396 382.825 382.825 381.255 379.684 378.113
380.469 382.825 382.825 384.396 385.967 385.642 387.213 390.679 389.569 391.695 392.71 394.281 396.407 394.741 396.082 396.542 399.454 398.343 399.914 400.699 400.374 401.714 401.389 402.405 403.19 404.761 404.435 404.665 404.896 405.126 406.696 406.926 406.601 407.386 408.402 407.291 409.417 407.196 408.537 410.338 408.441 410.012 409.131 408.576 408.806 408.481 409.496 408.386 407.83 408.29 409.076 409.306 407.64 407.084 407.544 406.434 406.108 406.894 405.783 405.458 405.132 404.022 404.252 403.141 400.689 401.15 401.935 398.928 399.158 398.277 398.507 397.397 396.516 394.62 394.295 395.865 392.073 390.962 391.423 389.526 387.86 386.75 386.424 383.187 382.862 382.537 380.085 379.76 378.649 378.975 381.426 381.751 382.862 385.314 386.424 388.09 387.86 389.526 389.852 390.962 392.073 393.739 396.191 395.961 396.286 398.182 397.722 399.388 399.944 400.269 401.935 400.364 402.26 403.926 404.252 403.466 405.132 405.458 406.568 405.783 408.004 406.434 406.759 407.314 407.64 406.069 408.52 408.29 407.83 408.386 408.156 409.036 408.806 409.917 409.131 408.901 409.227 408.441 408.767 409.092 406.966 408.632 408.402 406.831 406.601 405.586 406.696 406.466 406.236 406.006 404.991 404.761 403.975 402.405 403.515 400.604 400.929 399.358 400.469 397.002 397.327 397.883 396.082 394.741 395.066 392.94 392.71 391.14 389.569 389.339 387.768 385.642 385.967 383.841 383.611 381.255 379.684 378.343 378.113 378.898 381.255 382.04 383.611 385.182 385.967 385.642 389.109 390.679 389.569 391.14 392.71 391.6 393.17 394.741 396.312 396.542 396.772 398.898 401.024 398.803 402.27 401.945 401.389 402.96 402.635 402.865 404.435 404.665 404.896 405.126 406.926 406.926 406.601 406.276 408.957 408.077 407.521 409.092 408.767 408.211 409.227 408.116 409.687 409.362 409.592 409.822 408.711 408.386 409.956 407.505 407.735 409.306 408.98 407.87 406.759 406.434 406.664 405.783 405.228 405.458 403.792 404.022 404.252 403.926 402.26 402.26 401.61 400.269 399.388 398.833 398.507 397.397 396.516 395.175 396.191 393.739 393.969 390.962 391.193 389.526 387.305 386.75 386.98 385.314 382.862 380.966 381.426 378.975 378.649 379.76 381.426 382.537 383.648 385.314 385.084 386.75 389.201 389.526 391.193 392.303 392.073 393.739 394.85 395.961 396.286 396.841 397.167 400.174 399.158 398.928 401.38 401.15 403.371 402.586 404.482 404.022 405.132 405.458 405.228 405.783 406.664 406.434 406.759 407.084 408.98 407.41 407.735 407.505 409.956 408.386 408.711 409.822 409.592 411.258 408.346 409.457 408.441 407.656 408.537 409.092 408.862 407.291 407.061 407.386 405.816 406.926 406.696 406.466 406.236 403.88 404.991 404.761 404.531 403.745 402.73 401.945 400.929 400.699 397.232 399.454 397.327 397.883 395.527 394.741 393.17 394.836 392.71 391.14 390.909 389.339 387.213 387.538 385.412 384.396 383.055 382.825 380.469 379.684 378.113
381.255 381.485 382.825 384.626 385.967 387.538 387.768 387.998 389.569 391.14 391.37 391.6 395.066 395.297 396.312 397.883 397.327 399.454 399.128 398.803 400.374 401.945 402.73 402.405 402.635 402.865 404.435 403.88 404.896 405.681 406.696 407.712 407.156 407.386 407.617 409.417 408.862 409.092 409.322 410.338 409.227 408.116 409.131 409.917 409.592 409.036 408.711 408.386 409.956 408.846 407.18 407.41 407.64 408.655 407.544 406.989 407.449 406.338 405.783 405.458 403.562 404.022 402.911 402.586 402.26 402.49 401.935 398.928 400.499 398.833 397.167 397.397 396.286 394.62 394.295 393.184 392.073 391.748 391.423 389.526 389.201 386.75 385.639 384.528 384.758 382.537 381.426 380.315 378.649 379.76 381.426 382.537 382.862 383.187 386.424 387.305 387.86 389.526 389.296 390.962 392.073 393.184 392.724 395.175 396.286 396.056 397.722 397.492 399.158 398.928 401.935 401.705 402.26 403.141 403.696 406.703 405.132 405.458 405.228 406.894 408.004 406.434 406.759 408.655 407.64 408.75 409.076 408.846 409.956 409.726 408.156 409.036 409.592 409.362 408.346 408.116 409.227 410.338 408.767 409.092 408.862 408.077 407.847 406.831 408.497 406.926 406.696 406.466 406.236 406.006 404.991 402.865 403.975 402.405 400.834 400.604 400.929 398.803 397.232 399.454 398.113 396.312 395.527 394.741 395.066 391.6 392.71 391.14 389.569 390.679 389.109 387.538 385.412 384.396 382.825 382.04 380.469 379.684 378.113 379.684 381.255 382.04 383.055 384.396 385.967 383.746 387.213 388.783 392.25 391.14 392.71 393.496 395.066 395.297 395.527 397.883 398.668 398.898 399.128 398.803 400.929 401.159 402.73 403.515 402.635 404.761 404.205 403.88 406.236 405.126 406.696 406.926 406.601 407.386 407.617 409.417 408.862 407.196 408.537 410.338 408.441 408.901 409.687 409.362 408.806 409.822 410.052 410.282 407.275 408.846 407.735 407.965 408.98 407.87 406.759 406.434 408.004 406.894 405.228 405.458 405.132 406.703 404.252 401.8 402.26 401.705 401.935 401.61 400.499 400.174 397.167 398.738 396.841 395.961 394.85 393.739 392.073 392.303 389.852 389.526 389.201 386.75 386.98 384.758 382.862 382.537 381.426 380.315 376.523 379.76 381.426 382.537 384.203 383.187 386.424 387.305 387.86 388.971 391.423 393.644 392.073 395.865 394.065 395.961 396.286 396.056 398.507 400.959 399.944 401.61 401.38 401.705 400.689 402.586 404.252 403.466 405.132 405.458 406.568 405.783 405.323 406.434 407.544 408.655 408.195 408.75 408.52 408.846 409.171 408.386 408.711 409.036 411.488 408.576 409.687 409.457 408.441 408.997 408.537 408.307 407.521 409.187 408.957 406.831 406.601 406.926 406.696 406.466 404.896 404.665 404.435 405.546 402.635 402.405 402.175 401.714 401.484 400.699 398.573 398.898 398.668 397.097 396.312 394.741 395.066 393.496 391.925 392.25 389.569 389.339 387.213 387.538 384.856 384.626 382.27 382.825 380.469 379.684 378.113
381.255 382.04 382.825 384.396 384.856 387.538 389.109 387.998 390.124 391.14 392.71 394.836 393.17 394.741 396.312 396.542 397.883 398.898 399.128 398.803 402.27 401.945 402.175 402.405 404.531 402.865 404.991 406.006 404.896 406.466 406.696 406.926 406.601 410.068 407.847 407.291 407.521 409.092 408.767 408.997 409.227 409.457 410.472 408.576 409.036 410.377 409.496 408.386 409.956 408.846 407.735 408.75 407.084 407.084 407.544 406.434 405.323 405.553 405.228 405.458 403.792 402.681 404.252 403.926 403.371 401.705 401.935 399.483 399.944 399.388 398.507 398.738 396.286 396.516 394.85 393.184 393.414 392.303 389.852 388.971 387.86 386.98 385.639 384.528 384.203 381.751 381.426 380.315 378.094 379.76 380.085 382.537 382.862 384.528 385.639 388.09 389.201 389.526 391.423 391.748 392.629 393.184 394.85 394.62 396.286 396.056 399.063 399.618 399.158 401.61 401.38 401.15 402.816 402.586 404.252 404.022 405.132 405.458 405.228 405.553 405.323 406.434 407.544 407.314 407.084 407.41 409.076 410.186 407.275 408.386 408.711 408.481 408.806 408.576 407.561 409.457 408.671 408.997 409.322 409.092 407.521 409.187 407.847 407.386 405.816 406.371 407.252 406.466 405.451 406.006 404.991 404.205 402.635 402.96 402.175 401.159 400.374 399.358 399.128 398.343 398.668 397.097 396.312 394.741 393.17 391.6 392.71 391.14 392.25 387.443 389.109 385.642 385.967 385.182 384.396 382.04 381.255 379.684 378.113 379.684 380.469 382.04 382.825 385.182 384.856 386.982 389.109 389.339 389.569 391.14 391.37 394.836 393.17 394.741 396.082 397.883 398.113 399.454 400.469 400.699 400.929 401.714 402.175 402.96 402.635 404.761 404.991 404.665 406.236 405.126 406.696 407.712 408.497 407.386 407.617 408.632 407.521 407.196 407.981 407.656 409.227 408.116 407.791 411.258 408.806 409.266 410.052 410.282 409.956 408.29 409.076 408.75 408.195 407.084 407.544 406.434 408.004 405.553 404.672 405.458 405.132 404.022 403.696 403.926 404.156 401.705 401.38 400.269 399.388 399.388 399.063 396.056 396.516 394.62 394.295 393.739 393.414 392.303 389.852 389.526 387.63 387.305 386.424 383.187 383.648 380.966 380.871 380.315 378.649 380.315 380.871 381.751 383.648 385.314 385.639 387.535 389.201 388.971 389.852 391.748 392.073 392.399 394.295 395.961 396.516 396.056 397.167 397.492 399.944 400.269 400.039 401.705 402.816 402.586 402.911 404.022 405.132 405.458 405.228 406.338 406.108 406.434 407.544 407.87 407.084 409.306 407.735 408.06 409.956 410.282 408.711 408.481 410.147 408.576 410.472 409.457 408.441 408.211 408.767 410.433 408.862 407.291 407.847 407.386 408.497 406.926 406.696 406.466 406.236 404.665 404.435 404.205 401.294 402.405 401.945 401.945 400.929 402.04 400.469 399.454 398.668 397.097 396.082 396.637 393.17 394.836 392.71 391.14 390.909 387.998 389.109 385.642 385.967 383.841 382.825 381.255 381.255 379.684 378.113
379.684 382.825 383.611 385.182 385.967 387.538 387.768 387.998 390.909 391.14 393.266 393.496 395.066 394.741 396.312 396.542 396.772 398.343 399.128 398.803 400.374 401.159 402.175 402.96 403.975 404.761 404.435 404.665 404.896 405.911 405.356 407.712 405.816 406.831 407.617 408.632 407.521 409.092 408.767 408.997 407.886 408.116 407.561 408.576 409.592 408.481 408.156 408.386 407.275 408.846 409.076 407.965 408.195 408.655 407.544 407.774 406.664 405.553 406.013 405.458 403.562 403.466 404.252 404.482 402.816 401.705 400.594 401.61 399.713 400.174 397.722 396.841 396.286 395.961 394.85 395.865 393.414 392.303 389.852 389.526 389.201 388.09 385.639 384.528 382.862 382.537 381.426 379.76 379.99 379.76 380.641 382.537 382.862 385.314 385.084 387.535 388.646 389.526 389.852 390.962 393.414 394.295 395.405 395.961 396.841 397.397 399.063 398.833 399.158 399.713 401.38 401.15 402.03 402.586 403.696 404.022 405.132 405.458 405.783 406.338 406.664 407.774 407.544 407.084 407.084 407.965 407.735 408.846 409.171 408.386 408.711 409.266 410.147 408.021 409.687 408.116 409.227 408.997 408.767 409.092 409.417 409.187 407.617 407.386 408.497 406.926 406.696 406.466 404.896 404.665 404.205 404.761 404.531 402.96 401.945 401.714 402.27 402.04 400.469 398.898 396.772 396.312 395.527 395.852 396.407 391.6 392.71 391.695 389.569 389.339 385.316 385.642 385.967 384.626 384.396 381.485 379.684 379.684 378.113 378.113 379.684 382.825 383.611 385.182 385.412 387.538 387.768 390.679 389.569 391.14 393.266 392.94 393.17 394.741 396.312 397.883 398.668 398.343 399.128 400.699 400.374 401.945 403.515 404.301 402.635 402.865 404.435 406.006 406.236 405.911 406.696 406.926 408.497 407.386 407.617 407.291 407.521 407.751 407.981 409.552 409.227 410.012 408.346 409.362 408.806 409.036 406.815 408.386 407.83 408.846 409.076 408.75 407.084 406.529 407.544 407.774 408.004 405.553 405.783 405.458 405.132 405.362 402.911 402.586 402.26 400.364 401.38 399.713 399.158 398.833 397.722 396.841 394.945 394.62 395.405 392.399 392.073 390.962 389.852 389.526 387.63 386.98 386.98 384.758 384.203 382.537 380.871 380.315 378.094 379.76 381.426 382.537 382.862 384.528 386.424 388.09 389.201 389.526 391.423 390.962 393.414 393.184 394.85 395.175 396.516 397.397 397.722 397.492 399.944 400.269 401.935 401.15 403.371 402.586 404.252 404.022 405.132 406.243 405.228 405.553 407.449 406.434 407.544 407.87 408.98 407.41 407.18 408.846 407.83 408.941 408.711 409.036 409.592 408.576 409.687 408.116 409.227 410.338 408.767 407.196 408.862 407.291 407.617 407.386 406.601 406.926 406.696 406.466 404.896 404.665 404.435 404.761 403.19 403.515 402.175 401.945 401.484 400.699 398.573 398.343 397.327 397.883 396.312 394.741 395.066 391.6 392.71 391.14 389.569 389.339 389.109 387.538 386.752 384.396 383.611 381.485 381.255 379.684 378.113
380.469 381.485 382.825 384.626 385.412 385.642 389.109 387.998 390.909 391.14 392.71 392.94 394.511 394.741 396.312 397.097 398.668 399.454 399.128 402.04 400.374 401.945 401.945 402.96 404.531 404.761 404.435 405.221 404.896 405.911 406.696 406.926 405.816 407.386 407.617 407.847 405.625 409.092 407.196 408.997 408.441 408.116 407.791 409.362 408.806 409.266 408.711 408.941 408.386 411.527 409.076 407.41 406.854 407.084 408.885 407.774 405.323 405.783 405.783 405.458 405.132 404.022 404.252 404.482 402.26 401.705 400.594 399.713 397.817 397.492 397.722 397.397 396.286 395.961 394.295 393.184 392.073 390.962 391.423 387.63 387.63 388.09 386.98 384.758 384.203 382.537 380.871 379.76 379.99 379.76 380.871 381.751 382.862 384.758 385.639 386.75 387.86 389.526 389.852 392.303 392.073 393.739 394.295 395.175 396.286 396.611 397.167 398.833 399.388 400.269 401.38 402.26 402.816 401.8 404.252 404.022 405.132 404.902 405.783 405.553 407.449 406.434 406.759 407.314 408.98 407.41 409.076 407.735 409.956 410.282 408.711 408.481 408.806 408.576 409.131 409.457 409.227 408.767 408.537 410.433 408.862 409.187 407.617 406.831 408.497 406.926 406.696 406.466 405.451 404.665 404.435 404.761 403.19 402.96 402.73 401.945 400.929 398.803 400.469 398.343 398.113 396.542 396.867 395.297 396.407 392.94 392.71 391.695 389.569 390.679 387.768 387.538 385.967 385.182 383.611 382.04 381.255 379.684 378.113 378.898 380.469 382.825 383.055 384.396 385.967 387.538 389.109 387.998 390.909 391.14 391.37 392.94 393.17 395.297 395.527 397.883 398.668 398.898 398.573 398.803 400.374 400.604 401.945 402.96 403.19 402.865 404.435 406.006 406.236 406.466 406.696 406.926 407.942 406.276 408.402 407.291 408.862 409.092 408.537 408.211 409.227 408.116 409.131 408.576 408.806 408.481 408.711 408.386 409.956 410.186 407.18 408.75 407.084 408.655 406.759 406.434 407.449 405.553 403.887 406.243 403.562 403.466 404.252 403.141 402.26 401.705 400.594 400.269 399.388 398.833 399.063 396.841 396.516 395.175 394.295 393.184 392.073 390.962 389.852 389.526 389.201 386.75 386.424 385.314 382.862 382.537 381.426 380.315 379.99 379.76 381.426 382.537 384.203 383.187 385.084 386.75 387.86 389.526 389.296 392.303 392.073 393.184 394.85 396.516 396.286 397.397 398.507 398.833 399.158 398.928 400.039 400.364 402.26 403.926 404.252 403.236 403.562 404.902 405.228 405.783 408.004 406.434 407.544 408.655 408.195 409.306 407.735 408.06 409.956 408.386 408.711 409.822 408.251 408.576 409.131 409.457 408.441 410.338 409.877 409.647 408.862 409.187 408.957 407.386 405.816 406.371 407.252 405.126 406.236 404.665 404.435 402.865 403.19 403.745 401.389 401.714 402.27 400.699 399.128 399.454 398.668 396.312 395.527 394.741 394.511 395.392 390.029 391.14 389.569 388.783 385.872 386.982 385.412 383.841 382.27 382.825 381.255 378.898 378.113
379.684 381.255 382.825 385.182 385.967 386.982 389.109 389.339 389.569 391.14 392.71 394.281 393.17 394.741 396.867 397.653 397.883 398.898 400.469 400.699 400.929 401.945 401.945 402.405 403.975 404.761 404.205 406.006 404.896 406.466 405.356 406.926 407.942 407.386 408.402 407.291 405.625 407.196 408.537 408.211 409.227 409.457 409.687 409.362 408.806 409.822 408.711 408.386 409.956 408.846 407.735 407.965 407.084 407.084 406.759 406.434 408.004 406.338 407.354 405.458 405.132 404.022 404.252 402.586 402.816 401.15 401.38 401.61 399.158 398.833 397.722 398.738 396.286 395.175 394.295 393.739 392.073 392.303 389.852 389.526 387.86 386.75 385.639 385.314 382.862 380.966 381.426 379.76 376.523 380.315 380.085 382.537 383.648 385.314 385.084 387.305 387.86 389.526 391.423 390.962 392.073 393.184 394.295 395.175 396.286 396.056 398.507 399.388 399.944 400.269 401.935 403.831 402.816 402.586 404.252 403.236 405.132 403.562 404.672 405.783 408.004 407.774 407.544 408.655 408.195 409.306 409.076 408.06 407.83 408.386 408.711 408.481 408.806 409.362 408.346 408.116 409.227 407.656 407.981 409.092 405.625 408.632 407.617 407.386 408.497 406.926 406.696 403.785 405.451 404.665 404.435 402.865 404.531 402.96 403.515 401.714 400.374 398.803 400.469 398.343 397.327 396.542 396.867 396.637 396.407 394.281 392.71 391.14 389.569 387.998 389.109 387.538 385.412 384.396 384.396 382.825 379.684 379.684 378.113 378.898 381.255 380.699 383.611 385.182 386.752 387.538 387.213 389.339 389.569 391.14 393.266 394.281 393.17 395.297 395.527 396.312 397.327 398.898 398.573 400.699 400.374 401.945 402.73 402.405 405.086 402.865 404.991 406.006 404.896 406.466 406.696 406.926 408.497 406.831 407.847 407.847 408.862 409.647 409.322 408.767 409.227 408.116 409.131 408.576 410.147 409.822 408.711 408.386 407.275 408.06 407.735 407.41 407.64 406.529 407.544 406.434 407.449 405.783 406.568 405.458 405.132 405.362 402.911 402.586 402.816 401.15 401.38 399.713 399.158 398.833 398.507 397.397 396.286 395.961 392.724 394.525 393.414 392.303 390.637 389.526 389.201 388.09 386.424 385.314 384.203 382.537 380.085 380.315 378.649 381.101 381.426 381.751 382.862 385.314 386.98 386.75 387.86 389.526 391.423 390.962 392.629 393.739 394.065 395.961 396.516 396.611 399.063 397.492 399.158 400.269 401.935 401.15 402.03 403.141 404.252 404.022 406.473 405.458 405.228 405.783 406.664 407.774 406.759 408.655 408.195 408.75 407.735 408.846 408.616 408.386 408.711 409.266 409.592 411.258 408.346 409.457 408.441 408.211 408.537 409.092 409.417 407.847 408.957 406.831 405.816 406.926 406.696 406.466 406.236 406.006 404.991 404.761 403.975 402.96 402.175 401.945 402.825 400.699 397.232 398.898 397.883 397.097 395.527 394.741 395.066 393.496 392.71 391.14 389.569 389.339 387.213 383.746 385.967 384.396 383.611 382.04 380.469 378.898 378.113
379.914 382.04 382.27 384.396 385.967 385.642 389.109 387.998 390.909 391.14 392.71 394.281 393.17 395.297 396.312 397.883 397.327 398.343 399.128 400.699 400.374 401.945 401.389 404.301 404.531 405.546 404.435 406.006 404.896 405.126 406.696 406.926 408.497 407.386 407.617 407.847 408.862 407.196 407.981 408.441 409.227 409.457 409.131 408.576 409.036 409.036 408.711 408.386 407.83 407.505 408.52 408.75 408.98 408.655 407.544 406.434 407.449 406.338 406.568 405.458 405.132 405.362 404.252 403.141 402.26 403.831 400.039 399.713 399.944 399.388 399.063 396.841 396.286 394.62 394.85 393.739 392.073 390.962 391.193 388.971 387.86 387.535 386.98 384.758 382.862 382.537 380.871 379.76 378.649 378.419 381.426 382.537 383.648 385.869 385.639 388.09 387.63 389.526 389.852 391.748 393.969 393.739 392.724 395.175 396.286 396.056 399.063 398.833 399.944 401.61 400.039 401.705 402.03 402.586 404.482 404.022 405.132 405.458 405.783 406.338 405.323 406.434 407.544 408.655 407.084 409.306 409.076 410.186 409.956 408.941 408.156 408.481 408.806 408.576 409.131 409.457 409.227 408.997 407.981 407.196 407.521 408.632 407.617 406.831 408.497 406.926 405.356 406.466 405.451 403.88 404.435 404.761 401.294 402.96 402.73 401.945 401.484 398.803 399.914 398.343 398.113 396.312 396.082 395.297 393.17 392.94 391.37 391.14 390.909 389.339 389.109 387.538 385.412 384.396 384.396 382.825 381.255 379.684 378.113 379.684 381.255 381.255 382.825 385.967 385.412 387.538 389.109 389.339 389.569 391.14 392.71 391.6 393.17 394.741 396.082 396.312 396.772 398.898 399.128 398.803 400.374 401.945 402.175 402.405 402.635 402.865 404.435 406.006 404.896 406.466 407.252 406.371 407.156 408.727 407.617 408.077 408.862 409.647 408.767 408.997 409.227 410.012 407.791 408.021 408.806 408.481 406.815 408.386 407.275 407.735 407.735 408.75 405.513 407.084 407.544 407.774 406.108 405.553 405.228 405.458 405.132 405.362 404.252 403.141 404.156 403.831 400.824 400.269 399.158 398.833 398.507 396.841 396.516 395.961 394.85 393.739 393.969 391.748 389.852 389.526 389.201 387.305 386.194 383.187 382.862 382.537 380.085 379.76 378.094 379.76 378.745 381.751 382.862 384.758 385.639 388.09 387.86 389.526 390.637 391.748 392.073 393.184 394.85 394.62 396.286 398.738 398.507 397.492 400.499 401.054 401.38 400.364 402.816 401.8 404.252 403.466 405.132 403.562 405.228 406.108 406.108 406.434 406.759 407.084 408.98 407.965 407.735 408.846 409.956 406.815 408.711 409.822 410.147 408.576 409.687 408.116 409.227 408.211 408.767 409.092 408.862 407.291 407.847 408.727 406.601 406.926 406.696 405.681 405.451 406.006 404.435 402.865 404.531 403.515 403.515 401.159 400.374 400.699 400.469 397.557 398.113 396.542 395.527 394.741 395.066 392.94 391.37 391.14 389.569 387.998 389.109 385.642 385.412 385.182 382.825 381.485 380.469 379.684 378.113
381.255 381.485 382.825 384.626 386.197 387.538 387.768 390.679 389.569 391.14 391.925 391.6 393.17 395.297 395.527 397.097 397.883 399.454 401.024 400.699 400.929 401.945 401.945 403.515 403.975 404.761 404.435 404.665 406.236 405.126 406.926 406.926 405.816 407.386 407.617 407.291 409.417 407.196 408.767 408.997 407.886 409.457 407.561 408.576 409.036 409.036 410.052 408.386 408.616 408.846 407.735 408.75 407.084 407.314 407.544 406.434 408.004 406.338 406.568 403.562 405.132 404.022 404.482 402.586 402.26 401.705 401.38 401.61 400.499 398.833 398.507 398.738 396.286 394.62 394.85 393.184 392.073 390.962 391.423 388.971 387.86 387.305 385.639 383.187 384.988 382.537 380.641 379.76 376.523 379.76 381.426 382.537 383.648 386.654 386.424 388.09 387.86 389.526 390.637 390.962 392.073 395.865 395.405 395.175 396.286 396.611 397.722 397.492 397.817 401.054 401.38 402.26 404.156 402.586 402.911 404.022 405.132 403.562 405.228 406.338 406.664 407.774 407.544 408.655 407.084 407.965 409.076 408.06 409.956 408.386 410.052 408.481 409.592 408.576 408.346 409.457 408.441 408.211 408.767 409.647 407.521 408.632 407.061 407.386 405.816 406.371 405.356 405.911 406.236 406.006 404.435 404.761 404.531 404.301 402.175 401.714 400.374 398.803 397.232 398.898 398.113 395.757 397.423 396.637 395.066 393.496 392.71 391.14 390.909 387.998 389.109 387.538 385.967 385.182 382.825 382.825 380.469 379.684 378.113 379.684 381.255 382.04 383.611 384.396 385.412 386.982 387.213 387.998 390.909 391.14 393.266 395.392 393.17 394.741 395.527 395.757 398.113 398.898 399.128 398.803 400.929 401.945 401.389 402.405 404.531 405.546 404.435 406.006 406.236 405.126 406.696 406.926 405.816 407.386 407.617 407.847 405.625 409.092 408.767 408.211 408.441 408.116 409.131 408.576 408.806 408.481 408.711 408.941 407.275 407.505 409.076 407.41 408.98 407.084 407.544 406.434 408.004 405.783 405.783 405.458 405.132 404.022 402.911 403.141 402.816 401.15 401.38 401.054 399.158 400.174 399.063 396.611 396.841 395.175 394.295 395.865 392.073 391.748 390.637 388.186 389.201 386.75 386.424 383.187 382.862 380.966 381.426 380.315 376.523 379.76 380.871 382.537 384.203 385.869 385.084 388.09 387.63 389.526 391.423 391.748 392.073 392.399 394.85 394.62 396.286 396.056 398.507 398.833 399.944 400.269 400.594 401.705 402.03 403.926 403.696 403.236 405.132 403.562 406.568 405.553 405.323 406.434 407.544 407.314 408.195 407.41 409.076 408.846 407.83 410.282 410.052 409.036 409.592 409.362 410.472 409.457 409.227 407.656 409.322 407.751 407.521 407.847 408.957 407.386 406.601 406.926 406.696 406.466 406.236 406.006 404.435 404.205 403.975 402.405 401.389 401.945 400.374 399.358 399.914 398.343 396.772 397.097 396.312 395.852 393.17 394.281 392.71 391.14 389.569 389.339 387.768 387.538 385.412 384.396 382.27 381.255 381.255 378.898 378.113
380.469 382.04 384.396 385.182 385.967 385.642 387.768 389.339 390.909 391.14 393.821 394.836 394.511 394.741 396.312 396.542 398.113 398.898 399.128 400.699 400.929 401.159 402.175 402.96 403.975 404.761 404.435 404.665 404.896 406.466 405.356 407.712 405.816 407.386 408.402 407.291 407.521 409.092 408.767 408.211 409.227 409.457 408.116 408.576 409.592 409.822 410.052 410.282 409.956 407.505 409.076 407.41 408.195 408.655 407.544 406.434 406.664 406.338 405.783 404.902 403.792 403.466 404.252 403.141 402.03 401.705 401.38 401.054 399.158 398.833 399.063 396.056 394.945 395.175 394.295 395.865 392.073 390.962 391.423 389.526 388.646 387.305 385.084 385.314 384.203 383.878 380.871 380.315 379.99 379.76 381.426 382.537 382.862 383.187 386.98 386.75 389.201 389.526 390.637 391.748 393.414 392.399 394.85 394.62 396.841 396.056 399.063 398.833 399.158 400.269 401.38 401.15 403.371 402.586 404.252 405.362 405.132 405.458 405.228 405.783 405.323 406.434 408.885 407.87 407.64 406.624 408.52 408.846 407.275 408.386 408.711 408.481 409.592 408.576 407.561 409.457 409.227 410.338 407.196 409.092 408.862 408.632 408.402 406.831 405.816 406.926 406.696 406.466 404.896 404.665 404.435 402.865 403.19 402.405 402.73 401.159 400.374 400.699 400.469 397.002 397.883 396.542 395.527 397.193 395.066 392.94 393.266 391.14 389.569 389.339 389.109 387.538 385.412 384.396 382.825 382.825 381.255 378.898 378.113 377.558 380.469 382.04 384.396 383.841 385.967 385.642 387.213 390.679 392.25 391.14 392.71 392.94 396.407 394.741 396.312 397.883 398.113 398.343 399.128 402.04 400.929 401.945 402.175 402.405 403.19 406.102 404.991 404.665 405.451 405.126 406.696 406.371 405.816 406.831 407.617 408.632 408.862 409.092 408.767 408.211 409.227 408.116 409.687 409.362 409.592 410.607 408.156 410.282 408.386 408.846 408.52 408.75 407.084 407.314 407.544 406.434 405.323 405.783 405.228 405.458 405.132 404.022 402.911 402.586 402.816 401.15 401.38 400.269 400.499 398.833 396.381 398.738 396.286 395.961 392.724 393.184 392.073 390.962 389.852 389.526 389.201 386.75 386.424 385.314 383.648 381.751 381.426 379.76 376.523 379.76 380.085 382.537 383.648 385.314 385.639 387.535 389.201 389.526 390.637 392.303 393.414 393.184 392.724 394.62 396.516 396.841 397.722 398.833 399.388 401.61 401.935 403.831 404.156 403.926 404.252 404.022 405.132 405.458 406.568 406.338 405.878 406.434 407.544 407.87 407.084 408.75 407.735 408.846 409.956 406.815 408.711 409.822 408.806 408.576 407.005 408.116 409.227 408.441 408.767 409.092 408.862 409.187 407.617 406.831 408.497 406.926 406.696 405.126 404.896 405.221 404.435 404.761 404.531 403.745 402.175 401.945 400.929 400.699 399.128 398.343 399.454 397.883 396.082 396.637 394.511 394.281 393.266 391.14 390.909 387.998 389.109 387.538 385.412 383.841 384.396 382.825 381.255 378.113 378.113
380.469 380.699 382.27 383.841 386.752 387.538 389.109 387.998 392.25 391.14 392.71 394.281 395.066 395.297 395.527 397.097 397.883 397.002 399.914 399.358 400.374 401.714 402.175 402.405 403.19 404.761 404.435 404.665 407.577 405.681 406.696 407.712 407.156 406.831 407.847 408.077 408.862 407.196 408.767 408.767 409.227 409.457 409.687 408.576 409.592 409.036 406.815 408.941 409.956 408.846 408.52 406.624 408.195 406.529 407.544 406.434 406.664 406.338 405.228 405.458 405.132 404.022 402.911 403.926 402.26 401.15 401.38 400.269 399.388 398.833 399.063 396.611 396.286 396.516 394.295 393.184 392.073 391.748 391.423 389.526 387.86 387.535 386.194 384.758 383.648 382.537 381.426 380.315 376.523 381.101 380.871 382.537 383.648 386.654 385.639 387.305 389.201 389.526 389.852 390.962 392.073 393.739 394.065 394.62 396.286 396.841 397.722 400.174 399.388 401.61 400.039 403.831 402.26 403.141 404.482 404.022 405.132 404.902 405.228 405.783 405.323 407.774 408.885 407.314 407.64 407.965 407.18 408.846 409.956 408.386 408.711 410.607 409.036 409.362 409.687 409.457 408.441 409.552 408.767 409.092 408.862 408.632 407.847 406.831 408.497 407.712 406.696 406.466 406.236 404.665 404.435 404.761 403.19 402.405 403.515 401.945 400.374 400.699 399.128 398.898 398.113 397.097 396.312 394.741 394.511 394.281 393.266 391.14 392.25 389.339 386.427 385.642 385.967 385.182 382.825 382.04 380.469 379.684 378.113 379.684 380.469 381.485 382.27 385.182 385.967 387.538 389.109 389.339 389.569 391.14 391.925 394.836 395.066 394.741 395.527 397.883 398.113 398.898 399.128 400.699 400.929 401.945 402.175 402.405 402.635 402.865 404.435 406.006 404.896 406.466 405.356 407.712 405.816 407.386 407.847 408.632 408.862 409.647 408.537 410.338 408.441 410.012 407.791 408.021 409.036 408.481 408.156 408.386 408.06 408.29 409.076 408.75 407.084 407.084 407.544 406.434 406.664 406.338 405.783 405.458 405.132 404.022 402.911 403.141 402.816 401.15 400.039 398.928 399.158 397.492 397.167 396.611 396.516 395.961 394.295 393.184 392.073 390.962 389.852 389.526 389.201 386.75 385.639 384.528 383.648 381.751 381.426 378.975 378.649 379.76 381.426 381.751 383.648 385.869 386.424 386.75 387.63 389.526 391.193 392.303 393.414 395.865 392.724 395.961 396.286 397.397 399.063 398.833 399.944 400.269 400.824 402.26 404.156 402.586 402.911 405.362 403.792 405.458 405.228 405.783 408.004 407.774 406.759 407.084 407.64 408.75 409.076 407.505 407.275 408.941 408.711 408.481 408.806 408.576 409.687 408.116 408.441 408.997 408.767 410.988 405.625 408.632 407.617 407.386 406.601 406.926 405.356 406.466 406.236 404.665 405.546 404.761 402.635 403.745 403.515 401.945 400.374 398.803 399.128 398.343 399.454 397.097 396.312 394.741 393.17 394.281 393.266 391.14 390.909 390.679 386.427 387.538 385.967 384.626 382.825 382.825 380.469 379.684 378.113
380.469 381.255 382.825 385.182 385.412 387.538 387.213 389.339 389.569 391.695 392.71 391.6 393.17 394.741 395.527 397.883 397.327 398.898 397.232 400.699 402.825 401.159 402.73 402.405 403.19 404.761 404.435 406.006 405.451 406.466 406.696 406.926 408.497 407.386 407.617 407.847 409.417 409.092 408.537 408.997 409.227 409.457 409.687 408.021 408.806 409.822 409.496 410.282 409.956 410.186 408.52 406.624 407.64 407.084 408.1 407.774 406.664 406.894 405.228 406.243 406.473 404.022 403.696 403.926 402.816 401.705 401.38 400.269 399.158 398.833 398.507 398.738 396.841 395.961 394.295 392.399 392.073 390.962 391.423 389.526 387.63 386.98 385.639 384.758 382.862 382.537 380.871 379.76 376.523 378.975 381.426 382.537 382.862 385.314 385.639 386.75 389.201 388.971 389.852 390.962 392.629 393.184 394.85 395.175 396.841 397.397 399.063 400.174 400.499 401.61 400.824 400.364 402.03 402.586 402.911 406.703 405.132 403.562 405.228 406.338 405.323 406.434 407.544 407.87 407.64 409.306 409.076 408.846 407.83 410.282 410.052 408.481 409.036 408.576 409.687 410.012 409.227 410.338 407.981 409.092 408.862 407.291 407.847 410.068 408.497 407.712 406.696 406.466 404.896 406.006 404.435 404.761 403.975 402.405 402.175 401.945 400.374 400.699 398.573 399.454 398.113 396.312 396.082 394.741 393.17 392.94 392.71 391.14 390.909 389.339 389.109 387.538 385.967 384.396 383.611 381.255 379.684 379.684 378.113 379.684 381.255 382.04 382.825 385.182 385.967 386.982 389.109 387.998 389.569 391.14 392.71 392.94 395.066 397.193 396.312 396.312 399.454 398.898 399.128 398.803 400.374 401.159 403.515 402.405 402.635 404.761 404.991 404.665 404.896 405.911 407.252 406.926 407.156 406.831 408.402 407.847 407.521 409.647 408.767 408.997 408.441 409.457 409.687 408.576 408.806 408.481 408.711 408.941 409.956 408.846 409.076 407.41 408.98 407.87 407.544 406.434 406.108 405.553 406.013 404.902 405.132 405.362 402.911 403.141 402.816 401.15 400.039 399.713 399.158 398.833 398.507 398.738 396.516 395.175 396.191 393.184 392.073 390.962 389.852 389.526 387.86 386.75 385.639 385.314 384.203 382.537 381.426 379.76 379.99 379.76 378.745 381.751 383.648 384.758 385.639 386.75 389.201 389.526 389.852 392.303 392.073 393.184 394.065 394.62 396.841 396.056 398.507 399.388 399.388 399.483 401.38 401.705 402.03 402.586 404.252 404.022 404.347 405.458 406.568 405.783 406.108 407.774 406.759 407.314 407.084 408.75 408.52 408.06 409.956 410.282 408.711 409.266 408.251 411.258 408.346 408.116 409.227 407.656 408.537 407.751 408.862 408.632 408.402 406.831 406.601 406.926 407.252 406.466 404.896 404.665 404.991 405.546 402.635 402.405 402.175 401.945 400.929 398.803 399.128 398.898 398.668 397.883 396.312 395.297 393.17 394.836 390.029 391.14 390.909 390.679 389.109 387.538 385.412 384.396 383.611 381.255 381.255 379.684 378.113
381.255 382.04 382.825 384.396 385.967 387.538 389.109 387.998 390.909 392.48 392.71 392.94 393.17 396.637 396.312 397.097 397.327 398.898 400.469 400.699 400.374 400.374 403.515 402.96 403.975 404.761 404.435 403.88 404.896 405.911 406.696 406.926 405.816 407.386 408.957 408.632 408.862 407.196 407.981 410.338 408.441 409.457 408.346 409.362 408.806 408.481 408.711 410.282 409.956 408.846 407.735 408.75 408.98 407.314 408.1 407.774 408.004 405.783 405.228 405.458 405.132 403.466 403.696 403.141 400.689 401.15 401.38 401.054 400.499 397.492 397.167 397.397 396.286 395.961 394.065 393.184 393.414 390.962 390.637 389.526 387.63 386.75 385.639 384.528 382.862 382.537 380.641 380.315 376.523 381.101 381.426 382.537 382.862 384.758 385.084 387.305 389.201 388.971 389.852 390.962 392.073 395.865 394.85 395.175 396.516 396.841 398.507 399.388 400.499 398.928 400.039 401.15 402.816 402.586 404.252 403.466 405.132 403.562 403.887 406.894 406.108 406.434 407.544 407.87 407.64 407.965 407.735 408.29 407.83 408.386 408.711 409.266 409.592 408.021 409.687 409.457 409.227 408.997 407.981 409.092 408.862 407.291 407.617 407.386 408.497 406.926 405.356 406.466 406.236 403.88 404.435 404.761 402.635 402.405 402.73 401.945 400.374 400.699 399.128 398.898 397.883 397.883 395.527 395.297 395.066 394.281 391.37 391.14 390.909 387.998 386.427 386.982 385.967 385.182 384.396 382.04 381.255 379.684 378.113 379.684 380.469 382.825 383.611 384.396 385.967 387.538 389.109 387.998 389.569 391.14 392.71 393.496 394.511 395.297 396.312 397.097 396.772 398.343 397.232 399.358 402.825 401.945 402.175 402.96 403.975 404.761 405.546 404.665 404.896 405.681 407.252 406.926 408.497 406.831 407.617 407.847 409.417 409.092 407.981 408.211 409.227 409.457 409.131 408.021 408.251 408.481 410.052 410.282 408.616 408.29 408.52 407.41 407.64 407.314 407.544 407.774 406.664 405.553 407.354 404.902 405.132 406.703 402.911 402.586 402.816 401.705 400.039 401.054 399.388 400.174 396.381 396.056 396.841 396.516 396.191 393.739 392.073 390.962 390.637 389.526 388.646 386.75 386.98 385.314 384.988 383.878 381.426 378.419 376.523 380.315 380.641 383.878 382.862 384.758 385.639 388.09 387.63 389.526 391.423 390.962 392.073 393.184 394.065 395.175 396.286 397.397 396.381 398.833 399.388 400.269 401.38 401.15 403.371 403.141 404.252 404.022 405.132 405.458 406.568 406.894 406.108 406.434 407.544 408.655 407.084 409.306 408.52 408.846 409.171 410.282 408.711 408.481 408.806 408.576 409.687 408.116 409.227 408.211 408.767 409.092 407.521 407.847 407.617 406.831 406.601 407.712 406.696 405.126 407.577 403.88 404.435 404.205 404.531 403.745 402.73 401.159 400.374 399.358 400.469 398.898 396.772 397.883 396.082 394.741 393.17 392.94 393.266 391.14 390.909 389.339 385.316 386.982 385.967 384.626 382.27 382.04 379.684 379.684 378.113
381.255 380.699 382.825 384.396 385.967 385.642 386.427 387.998 389.569 391.14 391.37 391.6 393.17 394.741 396.082 396.542 398.113 398.898 400.469 402.04 401.484 401.945 402.175 402.405 401.294 406.102 404.435 404.665 404.896 406.466 405.356 406.926 405.26 408.727 407.617 407.847 408.862 407.196 408.767 410.338 408.441 409.457 410.472 409.362 409.036 409.036 408.711 408.386 407.275 408.29 409.076 407.41 406.854 407.87 407.544 406.989 408.004 405.553 405.228 405.458 405.132 404.022 402.356 402.586 400.689 403.831 401.38 401.61 400.499 398.833 397.722 398.738 396.286 394.62 394.295 393.739 392.073 391.748 391.193 389.526 387.86 388.09 386.194 385.314 382.862 382.537 381.426 379.76 378.649 379.76 381.426 382.537 384.203 384.758 386.424 386.75 387.86 389.526 391.423 392.303 392.073 395.865 394.85 394.62 396.286 398.738 397.722 397.492 399.944 399.713 401.935 403.831 402.26 403.926 402.911 404.022 403.792 405.458 406.568 406.894 406.664 406.434 406.759 408.655 407.64 407.965 407.735 408.846 409.956 408.386 408.711 408.481 408.251 409.917 408.346 408.901 408.441 408.997 408.767 407.196 408.862 408.077 407.847 407.386 408.497 406.926 406.696 405.681 406.236 404.665 404.435 404.761 403.975 402.96 401.389 401.159 400.374 400.699 399.128 398.343 396.772 397.883 396.312 395.297 396.407 392.94 392.71 391.14 390.124 389.339 387.768 387.538 385.967 384.626 383.611 382.04 381.255 378.898 378.113 379.684 381.255 381.255 382.825 385.182 385.967 387.538 389.109 389.339 389.569 391.695 391.37 391.6 393.17 394.741 396.312 397.097 398.668 398.898 399.914 400.699 400.929 401.945 402.175 404.301 403.975 404.761 404.435 403.88 406.236 405.126 406.696 406.926 406.601 406.831 407.617 407.291 408.862 409.092 408.767 408.211 409.227 409.457 410.472 409.362 409.036 409.822 408.711 408.386 408.386 408.29 409.076 408.75 408.195 407.314 407.544 407.774 406.664 406.894 406.013 405.458 405.918 404.022 402.911 401.245 402.26 403.831 401.38 400.269 399.158 400.174 397.167 396.611 396.286 396.516 394.065 393.184 392.073 392.303 389.852 389.526 387.86 386.75 386.98 385.314 382.862 380.966 381.426 381.886 379.99 378.419 380.871 382.537 382.862 384.758 386.98 386.75 387.63 389.526 389.852 391.748 392.073 393.739 392.724 395.961 396.286 398.738 399.063 399.618 399.158 400.269 401.38 403.831 402.816 403.926 404.252 404.022 405.132 405.458 406.568 405.553 406.664 407.774 407.544 407.314 407.084 409.306 408.52 408.846 409.956 408.386 409.496 410.377 408.806 409.917 409.687 409.457 409.227 408.211 408.767 409.092 408.862 409.187 407.061 406.831 408.497 406.926 405.356 405.681 405.451 406.006 404.435 402.865 404.531 402.405 403.515 401.945 400.374 398.803 399.128 398.898 398.668 396.312 395.527 396.637 393.17 393.496 392.71 390.354 389.569 388.783 386.427 386.982 385.967 385.182 382.825 381.255 381.255 379.684 378.113
380.469 382.825 383.611 385.182 385.967 383.746 386.427 389.339 389.569 391.695 392.71 392.94 393.17 394.741 396.082 397.097 397.327 398.343 400.469 402.04 400.929 401.159 402.73 403.515 401.294 404.761 404.435 406.006 405.451 405.126 405.356 406.926 407.942 407.386 407.617 408.632 409.417 409.092 408.767 409.552 408.441 409.457 409.131 408.576 408.806 410.377 408.711 408.386 407.83 408.846 409.076 407.965 407.64 407.87 406.759 406.434 406.664 406.894 405.228 405.458 404.347 405.362 404.252 403.141 402.816 401.15 400.594 399.713 400.499 398.833 397.167 396.611 396.516 395.175 395.405 393.739 392.629 391.748 389.852 389.526 389.201 388.09 386.424 386.654 384.203 382.537 381.426 379.76 378.649 380.315 381.426 382.537 384.203 384.528 386.98 387.535 388.646 389.526 389.852 390.962 392.073 393.184 394.065 395.961 396.286 397.397 397.722 398.833 399.944 400.269 400.039 402.49 402.03 402.586 402.911 402.681 405.132 405.458 405.783 405.553 407.449 406.434 406.759 406.529 407.084 408.75 409.076 408.06 407.83 410.282 408.711 409.036 409.036 408.576 409.131 409.457 409.227 408.767 407.981 409.092 408.862 407.291 407.847 406.831 407.156 406.926 406.696 406.466 405.451 406.006 404.435 404.761 402.635 402.405 402.73 401.714 401.484 400.699 399.128 398.898 398.113 395.757 396.312 394.741 395.066 394.836 392.71 391.14 390.909 387.998 387.213 387.538 385.412 385.182 383.611 381.255 381.255 379.684 378.113 379.684 380.469 382.04 382.825 384.396 385.967 383.746 387.213 388.783 389.569 391.14 392.71 394.281 393.17 396.637 395.527 397.883 397.883 398.898 397.232 398.803 400.929 401.159 402.175 404.301 403.975 402.865 404.435 404.665 406.236 406.466 406.696 406.926 405.816 406.276 408.957 409.417 407.521 407.196 408.537 408.997 409.227 408.116 409.131 408.021 409.036 408.481 410.052 410.282 407.275 410.186 407.735 409.306 408.98 408.655 407.544 407.774 406.664 406.894 405.783 405.458 403.562 404.022 404.252 402.586 402.816 401.705 401.38 400.269 400.499 398.833 399.063 396.056 396.286 395.961 394.065 393.184 393.414 390.962 389.296 389.526 387.86 386.75 385.084 384.528 382.862 382.537 381.426 378.975 378.649 381.101 381.426 382.537 382.862 386.654 386.98 386.98 387.86 389.526 390.637 390.962 393.414 393.739 394.85 394.62 396.516 397.397 397.167 398.833 399.388 401.61 400.594 401.15 402.816 401.245 404.252 404.022 405.132 405.458 405.228 406.894 405.323 406.434 406.759 407.87 408.98 408.75 409.076 408.06 408.386 408.386 408.711 409.036 408.806 408.576 407.791 408.116 409.227 408.997 408.767 409.092 407.521 407.291 407.847 406.831 407.942 407.712 406.696 405.126 406.236 406.006 406.332 404.205 402.635 402.405 403.515 401.945 400.929 402.04 400.469 398.898 399.454 396.542 396.312 395.297 394.511 394.281 391.37 391.14 389.569 387.998 389.109 387.538 385.412 385.182 383.611 382.04 381.255 379.684 378.113
379.684 382.04 382.825 384.396 385.967 387.538 387.213 389.339 389.569 391.14 392.71 391.6 393.17 395.297 396.312 396.542 398.668 398.898 399.128 400.699 400.929 401.945 402.175 402.405 402.635 402.865 404.991 406.006 406.236 405.681 405.356 406.926 405.816 407.386 407.617 407.291 408.862 409.647 407.981 408.767 409.227 409.457 409.131 408.021 409.036 409.822 410.052 408.386 407.275 408.846 408.52 408.75 407.64 407.87 407.544 407.774 406.108 405.553 405.228 405.458 405.132 404.022 403.696 402.586 400.689 401.15 401.38 399.713 399.158 399.388 397.722 397.397 396.841 395.961 394.065 393.739 393.414 390.962 390.637 389.526 389.201 386.98 386.424 384.528 384.203 382.537 381.426 378.975 379.99 379.76 381.426 382.537 382.862 386.654 386.194 387.305 388.646 389.526 390.637 391.748 393.414 392.399 394.065 394.62 396.286 396.611 399.063 398.833 400.499 401.61 401.935 402.49 404.156 403.141 402.356 404.022 405.132 405.458 406.568 406.894 408.004 406.434 408.1 406.529 408.195 408.75 407.735 407.735 408.616 408.386 406.815 408.481 410.147 409.362 409.687 409.457 409.227 407.656 408.537 409.092 407.521 407.847 408.957 406.831 408.497 406.926 405.356 405.911 404.896 404.665 404.991 402.865 402.635 402.405 402.73 401.159 401.484 398.803 401.024 398.343 398.113 397.883 396.312 395.297 395.066 393.496 391.37 391.14 390.909 389.339 387.213 386.982 385.412 383.841 382.825 382.825 381.255 379.684 378.113 378.898 381.255 382.04 382.825 384.396 385.412 387.538 389.109 389.339 390.354 391.14 392.71 393.496 393.17 394.741 396.082 396.312 398.668 398.343 400.469 402.04 400.374 401.945 402.73 402.405 403.19 404.761 404.435 404.665 404.896 405.126 406.696 406.926 405.816 406.831 407.617 407.847 409.417 407.196 408.767 408.211 408.441 409.457 409.687 409.362 408.806 408.481 409.496 410.282 409.956 408.846 409.076 408.75 408.195 407.87 406.759 407.774 405.323 406.894 406.013 405.458 403.792 404.022 402.911 402.586 402.816 403.831 400.039 399.713 397.817 399.388 398.507 396.056 396.286 394.62 394.85 392.399 392.073 390.962 389.852 389.526 387.86 385.409 385.409 385.314 384.758 382.537 380.871 381.101 379.99 381.101 381.426 382.537 382.862 385.314 386.424 387.305 387.86 389.526 391.423 390.962 393.414 392.399 394.85 396.516 394.945 396.611 399.063 398.833 399.944 398.928 401.38 403.046 404.156 402.586 404.252 402.681 405.132 406.243 407.354 405.553 406.664 406.434 407.544 407.314 408.98 409.306 409.076 408.846 407.275 408.941 408.711 409.822 409.036 409.917 407.791 409.687 408.441 408.997 409.322 407.196 409.417 407.291 407.847 407.386 406.601 406.926 406.696 406.466 404.896 404.665 404.435 404.205 404.531 402.96 401.389 401.714 400.374 398.803 399.914 398.343 398.113 396.542 396.082 394.741 394.511 394.836 393.266 391.14 389.569 387.443 389.109 387.538 385.967 385.182 384.396 382.825 380.469 379.684 378.113
381.255 382.04 381.715 384.626 385.412 387.538 387.213 390.679 389.569 391.695 391.37 391.6 393.17 394.741 396.312 397.097 397.883 398.898 398.573 400.699 400.929 401.945 402.175 402.96 403.19 404.761 404.435 405.221 404.896 405.681 406.696 406.926 405.816 406.831 407.061 407.291 408.307 409.092 408.767 408.211 409.227 409.457 407.005 408.576 410.147 408.481 408.711 409.726 407.275 407.735 409.076 408.75 407.64 408.655 407.544 406.434 408.004 405.553 406.568 404.902 403.792 404.022 402.911 403.926 402.816 402.49 401.38 399.713 399.944 398.277 397.167 397.397 396.286 395.961 396.191 395.865 392.073 391.748 390.637 389.526 389.201 387.305 385.639 383.187 383.648 382.537 381.426 378.975 376.523 379.76 380.085 382.537 384.203 384.758 386.424 385.409 389.201 389.526 391.423 393.644 392.073 393.184 394.295 395.961 396.286 397.397 398.507 397.492 399.944 400.269 400.824 401.705 404.156 403.926 402.911 406.703 405.132 404.902 406.013 405.553 405.323 406.434 407.544 407.314 408.98 407.965 407.735 407.505 409.956 408.386 408.711 409.822 408.806 411.258 408.346 409.457 408.441 408.997 407.981 409.092 408.862 407.291 407.061 408.172 406.601 407.712 406.696 406.466 404.896 406.006 404.991 404.761 401.294 402.96 401.389 401.159 400.929 402.04 399.914 397.557 398.113 396.312 396.312 395.297 393.17 394.281 391.37 391.695 390.909 388.783 389.109 383.746 385.412 383.841 383.611 382.04 380.469 378.898 378.113 378.898 380.469 382.825 383.055 383.286 385.412 386.982 389.109 390.679 389.569 391.14 392.71 394.836 395.066 394.741 396.312 395.757 399.454 398.898 398.573 400.699 400.374 401.714 403.515 402.96 403.975 402.865 404.435 404.665 404.896 405.681 406.696 406.926 408.497 406.831 407.617 408.077 405.625 407.196 408.767 408.997 409.227 408.116 410.472 408.576 408.806 408.481 410.052 408.386 409.956 407.505 407.735 408.75 408.98 406.529 407.544 406.434 406.108 405.553 405.228 405.458 405.132 404.022 402.911 403.141 402.816 401.705 401.38 401.054 399.388 397.492 397.167 396.841 396.516 394.62 396.191 393.739 392.073 392.303 389.852 389.526 387.86 386.75 385.639 383.187 384.203 382.537 381.426 379.76 379.99 379.76 381.426 382.537 384.203 385.869 386.424 387.305 387.86 389.526 389.852 391.748 392.073 392.399 394.295 396.516 396.286 398.738 395.596 397.492 399.388 398.928 400.039 401.15 402.26 402.586 403.696 405.362 406.473 404.902 406.568 405.553 405.323 407.774 407.544 407.314 407.084 408.75 407.735 408.846 409.956 408.386 408.156 409.266 408.251 409.917 409.131 409.457 408.441 408.211 408.767 410.988 407.521 408.077 407.617 406.831 408.497 406.926 406.696 405.126 406.236 406.006 404.435 402.865 401.294 402.96 402.175 401.159 400.929 400.699 399.128 398.343 398.113 397.883 395.527 394.741 395.066 392.94 391.37 392.48 390.909 389.339 387.213 387.538 385.967 385.182 383.611 381.485 380.469 379.684 378.113
381.255 382.04 383.611 384.396 384.856 387.538 387.768 389.339 389.569 391.14 391.37 393.496 395.066 394.741 395.527 397.097 398.113 398.343 400.469 400.699 400.374 401.159 402.73 402.96 402.635 404.761 404.435 404.665 404.896 405.126 406.696 407.712 406.601 410.068 407.847 407.291 407.521 409.092 408.767 408.211 409.227 409.457 408.346 408.576 409.592 409.822 409.496 406.815 407.275 408.29 407.18 407.41 407.084 406.529 406.759 406.434 405.323 406.338 405.228 405.458 403.562 405.362 402.911 403.141 402.26 401.15 400.039 399.713 399.944 398.277 398.507 396.056 396.286 395.961 392.724 393.184 392.073 390.962 390.637 389.526 389.201 386.75 386.424 385.314 384.203 382.537 381.426 378.419 378.649 379.76 381.426 383.878 382.862 383.187 385.639 385.409 387.86 389.526 390.637 391.748 392.629 392.399 394.295 395.175 396.841 396.841 397.167 398.833 399.388 400.269 401.38 400.364 402.03 403.926 402.911 404.022 405.132 405.458 405.783 406.108 406.664 406.434 407.544 407.87 408.98 406.624 407.735 408.29 409.956 410.282 408.711 409.822 408.806 408.576 408.346 409.457 409.227 408.211 408.767 410.988 408.862 408.632 407.617 406.831 408.497 407.712 406.696 406.466 406.236 406.006 404.435 404.761 404.531 402.405 401.389 401.714 400.374 402.04 399.914 398.343 397.327 396.542 396.867 394.741 393.17 392.94 392.71 391.695 389.569 388.783 385.872 387.538 385.967 385.182 384.396 381.485 380.469 378.898 378.113 378.343 379.914 381.255 383.611 384.396 385.412 387.538 387.768 389.339 390.909 391.14 391.37 391.6 393.17 394.741 396.312 396.542 398.113 400.239 398.573 402.04 400.929 401.159 402.175 402.405 403.19 404.761 404.435 404.665 406.236 406.466 406.696 406.926 406.601 407.386 407.061 408.632 408.862 409.092 409.877 408.767 409.227 409.687 409.687 407.465 408.806 409.822 408.711 408.386 407.83 408.846 409.076 407.965 408.195 408.655 407.544 406.434 406.108 405.553 405.228 405.458 405.132 403.236 403.696 402.586 402.816 401.705 401.38 401.054 399.158 398.833 397.722 398.738 396.841 395.961 396.191 393.184 392.073 392.303 390.637 389.526 387.63 386.75 385.639 383.187 382.862 382.537 381.426 379.76 378.649 380.315 381.426 382.537 384.203 384.758 385.084 386.75 389.201 389.526 389.852 390.962 393.414 392.399 392.724 395.175 396.286 397.397 399.063 397.492 399.944 400.269 401.38 401.15 404.156 402.586 402.911 404.022 403.792 404.902 405.228 406.338 405.323 407.774 408.1 407.084 407.64 407.965 409.306 408.846 407.275 408.386 408.711 409.036 408.806 409.362 408.116 410.012 408.441 408.997 408.767 409.092 407.521 408.632 407.061 406.831 405.816 406.926 406.696 406.466 405.451 403.88 404.435 402.865 404.531 402.405 402.175 401.945 401.484 398.803 398.573 398.898 398.113 397.097 396.312 394.741 395.066 391.6 393.266 391.14 390.354 390.679 386.427 385.642 386.752 384.396 383.611 382.825 380.469 378.113 378.113
381.255 381.485 383.611 384.396 385.967 386.982 389.109 388.783 389.569 391.695 392.71 394.281 395.066 394.741 396.082 397.883 397.327 398.343 399.128 398.803 400.374 401.945 401.945 402.96 402.635 402.865 404.991 404.665 406.236 406.466 405.356 406.926 408.497 406.831 407.617 407.291 409.417 409.092 408.537 408.997 409.227 408.116 408.346 408.576 408.806 409.822 406.815 408.941 407.275 408.846 407.735 408.75 407.084 407.314 406.759 406.989 406.108 406.894 406.013 404.902 405.132 405.362 403.696 402.586 402.03 401.705 401.935 401.054 400.499 399.388 398.507 397.397 396.516 395.961 392.724 393.739 393.414 390.962 390.637 389.526 387.86 386.75 386.424 383.187 382.862 382.537 381.426 380.315 378.094 379.76 381.426 381.751 382.862 383.187 385.639 386.75 387.63 389.526 389.296 390.962 393.414 392.399 394.85 394.62 394.945 396.611 399.063 398.833 399.388 399.483 400.594 400.364 403.371 402.586 402.911 404.022 406.473 405.458 406.568 406.894 406.664 407.774 408.885 408.655 407.64 408.75 409.076 408.06 407.275 408.386 408.711 409.036 410.147 407.465 407.005 409.457 409.227 408.997 409.877 409.092 407.521 407.291 407.617 407.386 405.26 406.926 406.696 406.466 404.896 404.665 404.435 405.546 403.19 402.405 403.515 401.945 400.929 400.699 400.469 398.898 398.113 396.542 395.527 395.297 393.17 392.94 391.37 391.14 392.25 389.339 389.109 385.642 385.412 383.841 383.611 382.04 380.469 379.684 378.113 379.684 379.914 382.04 383.055 385.182 385.412 387.538 389.109 390.679 389.569 392.25 393.266 394.836 393.17 394.741 396.867 397.097 398.113 398.898 400.469 398.803 400.929 401.945 401.945 403.515 402.635 404.205 404.435 404.665 404.896 405.911 406.926 406.926 408.497 407.386 407.617 409.187 407.521 410.433 408.767 408.211 408.441 408.116 408.346 409.362 408.806 409.036 408.711 408.386 407.275 411.527 409.076 407.41 408.195 407.87 407.544 407.774 405.323 405.783 406.568 405.458 403.562 404.022 402.911 403.926 402.816 403.046 400.039 401.054 399.944 400.174 398.507 396.611 396.286 395.175 394.295 394.295 392.073 393.644 390.637 389.526 387.86 386.98 385.639 386.654 384.988 382.537 381.426 380.315 378.649 378.419 380.085 382.537 384.203 386.654 385.639 386.75 387.86 389.526 389.296 390.962 392.073 393.739 394.295 395.961 396.286 397.397 398.507 398.833 399.388 401.61 401.38 401.705 402.816 402.586 403.696 404.022 405.918 404.902 406.013 406.338 406.664 407.774 407.544 407.084 407.64 407.41 408.52 408.29 408.06 408.386 409.496 409.036 409.036 409.362 409.687 408.116 409.227 408.211 407.981 410.988 407.521 408.632 408.957 410.068 408.497 407.712 407.252 406.466 404.896 406.006 404.435 406.102 403.19 402.96 402.175 401.945 400.374 400.699 399.914 398.898 399.454 396.542 395.527 395.852 393.17 392.94 391.37 391.14 389.569 388.783 389.109 387.538 385.967 383.841 382.825 382.825 380.469 378.898 378.113
381.255 382.04 382.825 383.841 385.412 385.642 387.213 387.998 389.569 391.14 391.37 393.496 393.17 396.637 396.312 397.653 398.113 398.898 400.469 400.699 402.27 401.945 403.515 402.96 403.975 402.865 404.435 406.006 404.896 406.466 405.356 406.371 405.816 406.831 407.617 407.291 408.862 407.196 408.537 408.211 408.441 410.012 407.561 409.362 409.036 409.822 408.711 408.386 407.83 408.29 408.52 408.75 408.98 407.314 407.544 406.434 407.449 405.783 405.783 406.243 405.132 404.022 404.252 402.586 404.156 401.15 401.38 401.054 399.158 398.833 399.063 396.611 396.286 395.961 394.85 392.399 392.859 390.962 391.423 389.526 389.201 386.75 386.98 385.869 384.988 382.537 381.426 381.101 378.094 380.315 381.426 382.537 382.862 385.869 385.084 386.98 387.86 389.526 389.852 390.962 393.414 393.184 394.065 395.961 396.286 397.167 399.063 397.492 400.499 399.713 401.38 403.831 403.371 401.8 402.911 405.362 405.132 403.562 405.228 405.553 406.108 407.774 406.759 408.655 407.64 407.965 409.306 408.846 407.275 410.282 410.052 409.036 408.806 408.576 407.791 409.457 407.886 408.211 408.767 409.092 409.417 407.291 407.617 407.386 408.497 406.926 406.696 405.126 406.236 406.006 406.332 404.761 403.19 402.405 403.515 401.945 400.374 400.699 399.128 398.343 399.454 396.312 396.867 394.741 395.066 392.94 392.71 391.14 389.569 389.339 389.109 387.538 385.967 384.396 383.611 382.04 380.469 379.684 378.113 378.898 381.255 382.825 383.055 383.841 385.412 386.982 385.872 390.679 390.909 391.14 391.37 392.94 395.066 394.741 396.312 397.883 398.668 397.002 399.128 398.803 402.825 401.945 402.73 402.96 404.531 402.865 404.435 404.665 404.896 406.466 407.252 406.371 406.601 410.068 408.957 409.417 407.521 407.751 408.767 408.767 408.441 408.116 409.687 408.021 409.036 408.481 408.711 408.941 409.956 408.846 409.076 409.306 407.084 407.084 406.759 407.774 406.108 406.338 406.568 406.243 405.132 404.022 403.696 402.586 402.26 400.364 401.38 401.054 399.388 400.174 397.722 397.397 396.286 394.62 394.85 393.739 393.414 391.748 390.637 389.526 387.86 385.409 386.424 385.314 383.648 382.537 380.085 381.101 379.99 379.76 381.426 382.537 383.648 383.187 386.98 386.75 388.646 389.526 390.637 390.962 393.969 392.399 394.065 395.175 396.286 398.182 398.507 398.833 399.388 401.054 401.38 400.364 403.371 403.141 404.252 403.236 405.132 403.562 405.228 405.783 406.664 406.434 406.759 407.314 407.64 407.41 407.735 408.846 408.06 408.386 408.711 409.036 409.592 408.576 409.687 409.457 409.227 408.997 408.537 409.092 407.521 407.291 408.957 407.386 405.816 407.712 406.696 406.466 406.236 404.665 404.205 402.865 403.19 402.405 402.73 401.159 400.929 402.04 397.232 398.898 399.454 397.883 395.527 395.297 396.407 394.281 391.37 391.695 390.124 387.998 387.768 387.538 385.412 384.626 383.611 382.04 380.469 379.684 378.113
380.469 382.04 383.611 385.182 385.967 385.642 387.768 387.998 389.569 391.14 392.71 392.94 396.407 394.741 396.312 396.312 397.327 398.343 400.469 398.803 402.27 401.945 402.73 403.745 403.19 402.865 404.435 404.665 406.236 406.466 405.356 406.926 407.942 407.386 407.617 407.847 408.862 407.751 408.767 408.211 409.227 409.457 408.346 407.465 408.806 408.481 408.711 408.386 407.83 408.29 409.076 407.41 407.64 407.87 406.759 406.434 405.323 406.894 405.783 405.458 405.132 404.022 403.696 403.926 402.26 401.705 401.38 400.039 399.944 398.833 397.167 397.397 396.286 396.516 394.295 393.184 393.414 390.962 389.852 389.526 389.201 388.09 386.98 385.314 384.203 382.537 381.426 379.76 378.649 380.315 381.426 382.537 382.862 384.758 385.084 387.305 389.201 389.526 390.637 390.962 392.073 393.184 394.295 394.62 396.286 398.738 398.507 398.833 399.158 399.713 401.38 401.15 402.26 402.586 404.252 405.362 404.577 404.902 407.354 406.894 405.323 406.434 406.759 408.655 407.64 409.306 409.076 408.846 408.616 408.386 408.711 409.266 408.806 408.021 409.687 409.457 409.227 410.338 408.537 407.751 408.862 408.632 407.617 407.386 407.942 407.712 407.252 405.126 404.896 404.665 404.435 405.546 403.975 402.405 402.175 401.945 402.27 398.803 400.469 399.454 397.327 397.097 396.312 395.297 393.17 392.94 392.71 392.48 389.569 389.339 387.768 385.642 385.967 383.841 384.396 382.825 381.255 378.898 378.113 379.684 380.469 382.825 384.396 385.182 385.412 387.538 386.427 389.339 389.569 391.14 391.37 393.496 395.066 394.741 396.312 396.542 397.883 397.002 399.128 402.04 400.374 401.945 403.515 402.405 403.19 406.102 404.435 403.88 406.236 406.466 406.696 406.926 405.816 410.068 407.061 409.187 409.417 407.196 408.767 408.997 408.441 409.457 409.131 407.465 409.592 409.266 410.052 408.386 409.956 408.06 408.52 406.069 407.084 407.084 408.885 406.434 406.664 406.108 406.568 405.458 403.562 404.022 404.482 402.586 402.26 401.15 401.38 401.054 399.944 398.833 398.507 397.167 396.841 395.961 395.405 395.865 393.414 390.962 389.852 389.526 387.63 386.75 385.084 383.187 384.203 382.537 381.426 378.975 378.649 379.76 381.426 381.751 382.862 385.314 385.084 387.535 387.86 389.526 391.423 391.748 393.414 392.399 394.295 395.961 396.516 396.611 399.063 398.833 399.388 400.039 401.38 403.831 402.816 404.482 404.252 404.022 405.132 405.458 405.783 405.553 408.004 406.434 406.759 407.084 408.98 408.75 408.52 410.186 407.83 408.941 408.711 408.481 409.036 408.021 408.346 408.116 409.227 408.211 408.767 409.092 408.862 407.847 407.061 406.831 408.497 406.926 405.356 406.466 406.236 406.006 404.991 404.761 404.531 402.405 402.73 401.714 400.929 399.358 400.469 398.343 398.668 397.097 397.423 394.741 393.17 393.496 391.925 391.14 389.569 389.339 389.109 387.538 385.412 384.626 384.396 382.04 381.255 378.898 378.113
381.255 382.04 383.055 384.626 385.967 385.642 387.213 390.679 390.354 391.14 390.029 394.281 393.17 394.741 395.527 396.312 397.883 398.898 398.573 400.699 400.374 400.604 401.389 402.405 403.19 404.205 404.991 404.665 404.896 405.681 406.696 405.586 408.497 407.386 407.617 408.077 407.521 407.196 408.537 408.997 409.227 408.901 407.005 409.917 408.251 409.266 406.815 408.386 409.956 408.29 407.735 407.41 407.64 407.084 408.885 406.434 406.108 406.894 405.228 403.562 405.132 405.362 403.696 402.586 402.26 403.046 401.935 401.61 400.499 398.833 399.063 398.738 396.286 395.961 396.191 393.739 393.414 390.962 389.852 388.971 389.201 386.75 385.639 384.528 383.648 382.537 381.426 380.315 378.649 378.975 381.426 381.751 384.203 384.528 386.424 386.75 387.86 389.526 391.423 392.303 392.073 393.184 392.724 394.62 396.286 396.056 397.167 398.833 399.944 399.483 401.935 401.705 404.156 402.586 403.696 404.022 405.132 405.458 405.228 405.783 406.664 406.434 407.544 408.655 408.98 409.306 408.52 407.505 409.956 406.815 408.711 409.036 410.147 409.362 409.687 409.457 408.441 408.211 407.981 407.751 408.862 408.077 407.617 406.831 408.497 406.926 405.356 406.466 406.236 404.665 404.991 402.865 402.635 402.405 402.175 400.604 400.929 400.699 399.128 398.898 397.327 396.312 395.527 395.297 393.17 391.6 392.71 391.14 389.569 389.339 389.109 387.538 385.412 385.182 382.825 382.04 380.469 379.684 378.113 379.684 381.255 381.255 383.611 384.396 385.412 387.538 387.768 388.783 390.909 391.14 391.37 393.496 395.066 394.741 395.527 395.757 398.668 397.557 399.128 400.699 400.374 400.374 402.175 402.405 402.635 402.865 404.991 404.665 404.896 405.681 406.696 406.926 408.497 408.727 407.617 408.632 408.862 409.092 408.767 407.656 408.441 409.457 408.346 411.258 410.147 409.822 408.711 408.941 407.83 408.846 407.735 407.41 408.195 407.87 407.544 407.774 405.878 405.553 405.228 405.458 405.132 404.022 402.911 403.141 402.03 401.705 401.935 401.61 399.158 400.174 397.167 396.056 396.286 395.961 392.724 393.184 392.073 390.962 390.637 389.526 389.201 385.409 386.424 383.187 384.203 382.537 380.871 380.315 378.649 380.315 381.426 382.537 384.203 384.528 385.639 386.75 389.201 389.526 389.852 390.962 393.414 393.184 392.724 395.961 396.286 397.397 399.063 398.833 400.499 401.61 400.039 401.705 402.816 404.482 402.911 404.022 403.562 405.458 407.354 405.783 405.323 406.434 406.759 407.084 407.64 406.624 409.076 407.735 407.83 408.941 408.711 408.481 409.592 410.702 410.472 409.457 409.227 408.211 408.767 407.196 407.521 407.847 407.061 408.727 408.497 406.926 405.356 405.126 404.896 404.665 404.435 404.761 403.975 403.745 402.73 401.159 400.374 399.358 399.128 398.898 398.668 397.883 396.312 394.741 393.17 394.836 393.266 391.14 389.569 389.339 389.109 386.982 385.412 384.396 382.27 382.825 381.255 378.898 378.113
380.469 382.825 383.611 385.967 385.967 386.982 389.109 389.339 390.909 392.48 392.71 394.836 393.17 394.741 396.312 396.312 398.668 398.898 399.128 398.803 400.374 401.945 402.73 402.405 402.635 402.865 404.435 406.006 404.896 406.466 407.252 406.926 405.816 408.727 407.617 408.632 408.862 409.092 407.981 408.997 409.227 409.457 409.687 408.021 409.036 409.822 410.052 408.941 409.956 408.06 409.076 407.41 408.98 407.87 406.759 406.434 406.108 405.783 406.568 403.562 405.132 404.022 403.696 401.8 402.26 403.831 401.38 400.269 399.944 398.833 399.063 396.611 396.286 395.175 394.065 394.525 392.073 392.303 391.193 389.526 389.201 387.305 386.194 385.314 383.648 383.878 381.426 380.315 378.649 379.76 381.426 382.537 382.862 384.758 386.424 386.98 387.86 389.526 391.423 390.962 392.073 393.184 394.295 395.961 396.841 396.056 398.507 398.833 399.158 401.61 401.61 401.15 402.26 402.586 402.356 404.022 405.132 403.562 405.228 405.553 406.664 406.434 407.544 408.655 408.98 408.75 409.306 408.06 409.956 410.282 408.711 409.266 408.806 409.362 408.346 410.012 409.227 410.338 408.767 409.092 407.521 407.291 408.402 407.386 408.497 406.926 406.696 405.126 404.896 404.665 404.435 404.205 403.975 402.405 401.389 401.945 400.374 400.699 401.024 398.343 397.327 396.542 396.312 394.741 393.17 394.836 392.71 391.14 389.569 390.679 387.768 387.538 385.412 383.841 382.27 382.04 381.255 378.898 378.113 378.898 379.914 381.485 382.27 383.286 385.412 387.538 387.213 387.998 390.909 391.14 392.71 392.94 395.066 394.741 396.312 396.542 397.327 398.343 399.128 402.595 402.27 401.159 402.73 402.96 403.19 404.761 404.435 404.665 405.451 405.126 406.926 407.712 408.497 408.172 407.847 408.077 408.307 407.196 408.767 408.211 409.227 408.116 407.791 408.021 410.147 409.036 409.496 408.386 407.275 408.846 409.076 407.965 408.195 407.314 406.759 406.434 406.664 406.894 405.228 403.562 405.132 404.022 404.252 403.926 402.26 401.15 401.38 398.928 399.388 397.492 397.722 396.611 396.286 394.62 392.724 393.739 393.414 391.748 389.852 389.526 387.86 388.09 386.194 385.314 382.862 382.537 381.426 381.101 378.649 380.315 381.426 382.537 382.862 384.528 385.084 386.75 389.201 389.526 390.637 392.303 392.073 393.184 394.85 395.175 396.286 396.611 397.722 398.833 397.817 401.054 400.039 402.26 402.26 403.926 402.911 403.466 405.132 405.458 405.228 405.553 406.108 407.774 408.885 407.87 407.64 407.965 408.52 408.846 408.06 408.386 410.052 408.481 408.806 411.258 409.687 408.116 408.441 408.211 408.767 407.751 408.862 407.847 407.617 407.386 406.601 407.712 405.356 406.466 406.236 404.435 404.435 402.865 405.086 402.405 402.175 401.159 401.484 398.803 401.024 397.557 397.883 397.097 395.527 395.297 394.511 394.836 393.266 391.14 390.909 389.339 389.109 387.538 385.967 384.396 383.611 382.04 381.255 379.684 378.113
381.255 382.04 383.611 384.396 385.412 386.982 389.109 388.783 389.569 391.14 392.71 392.94 394.511 396.637 394.741 396.542 397.327 399.454 399.914 400.699 400.374 401.159 401.389 403.745 403.19 404.761 404.435 404.665 404.896 405.681 406.696 406.926 406.601 406.831 407.617 408.077 407.521 409.092 408.767 410.338 408.441 409.457 409.687 409.362 408.806 409.822 408.711 408.941 407.275 408.846 407.735 407.965 408.195 407.314 407.544 406.434 407.449 406.894 405.783 405.458 405.132 404.022 402.911 402.586 402.816 401.15 401.38 400.269 400.499 399.618 397.722 397.397 396.286 395.961 394.295 393.184 393.969 392.303 389.296 388.971 387.63 387.305 386.98 383.187 383.648 382.537 381.426 379.76 378.649 380.315 381.426 381.751 382.862 384.758 386.98 387.305 387.63 388.971 391.423 391.748 392.073 393.739 394.85 394.62 396.286 396.841 397.722 397.492 399.713 400.269 400.039 403.831 402.26 401.245 404.252 404.022 403.792 405.458 405.228 405.553 405.323 406.434 407.544 407.87 408.98 407.965 407.735 408.846 408.06 408.386 408.711 409.266 409.592 409.917 408.346 409.457 408.441 410.338 407.981 407.196 408.862 407.291 408.402 406.831 408.497 406.926 406.696 406.466 405.451 403.88 404.435 402.865 403.19 402.96 401.389 401.945 400.374 400.699 399.914 398.898 397.327 397.883 396.867 394.741 395.066 393.496 393.266 392.48 389.569 389.339 389.109 387.538 385.412 385.967 382.27 382.04 381.255 379.684 378.113 379.684 379.914 382.825 383.611 383.841 385.412 383.746 389.109 388.783 389.569 391.14 393.266 393.496 393.17 394.741 396.312 397.097 397.327 397.002 400.469 400.699 400.374 401.945 402.175 402.405 404.531 402.865 404.435 405.221 405.451 406.466 405.356 406.926 405.816 407.386 407.617 407.847 407.521 407.196 409.877 409.552 408.441 409.457 409.687 409.917 408.806 410.607 408.711 410.282 409.956 407.505 408.52 407.965 408.195 407.314 406.759 407.774 406.664 406.338 405.228 405.458 403.792 404.022 402.911 403.926 402.816 400.364 400.039 401.61 399.388 398.833 397.167 397.397 396.286 395.175 394.065 393.739 392.073 390.962 391.423 389.526 387.63 388.09 385.639 385.314 383.648 382.537 381.426 378.975 378.094 379.76 381.426 382.537 383.648 384.758 385.639 386.75 387.86 388.186 391.193 390.962 393.414 393.184 392.724 394.62 396.286 397.397 396.381 398.833 399.158 400.269 401.38 400.364 402.03 403.141 402.911 404.022 405.132 405.458 405.228 405.553 405.323 406.434 407.544 407.314 408.195 408.75 407.18 408.29 409.956 408.386 408.711 410.607 409.592 408.021 409.687 409.457 409.227 410.338 408.767 407.196 408.862 408.632 407.617 407.386 406.601 406.926 406.696 405.911 407.577 403.88 404.435 404.761 403.19 402.96 402.73 401.159 404.166 398.803 401.024 398.898 398.668 397.883 396.312 394.741 396.407 394.281 392.71 391.14 390.909 388.783 389.109 386.982 385.967 384.396 382.27 380.699 381.255 379.684 378.113
381.255 382.825 382.825 384.396 385.967 384.301 387.213 389.339 390.909 391.14 393.266 391.6 395.066 394.741 395.527 397.097 398.113 398.343 401.024 398.803 400.929 401.159 402.175 402.405 404.531 404.205 404.435 403.88 406.236 405.681 405.356 406.926 408.497 406.831 407.847 407.291 408.862 407.196 408.767 408.211 407.886 408.116 409.687 408.576 409.592 408.481 408.711 408.941 409.956 408.846 409.076 407.965 408.195 406.529 407.544 407.774 408.004 406.894 405.228 405.458 405.132 403.236 402.911 402.586 402.03 400.364 401.38 399.713 399.388 400.174 397.722 396.611 396.286 394.62 396.191 393.739 392.073 390.962 391.423 388.186 389.201 386.75 386.424 385.314 384.203 380.966 381.426 380.315 378.649 380.315 380.641 382.537 382.862 384.528 386.424 386.75 387.86 388.186 391.423 391.748 392.073 394.525 396.191 395.175 396.841 396.611 399.063 398.833 399.388 401.054 401.38 401.15 402.816 403.141 404.252 404.022 405.132 406.243 406.013 405.553 408.004 406.434 407.544 407.87 408.195 408.75 409.076 408.846 407.275 408.386 409.496 408.481 409.592 409.917 409.687 408.116 409.227 408.997 407.981 409.647 408.862 407.291 408.957 407.386 408.497 406.926 406.926 406.466 404.896 404.665 404.205 404.205 403.975 402.96 402.175 401.159 400.374 398.803 400.469 399.454 398.113 397.097 395.527 394.741 393.17 393.496 392.71 391.14 392.25 389.339 387.213 387.538 385.967 383.841 382.27 381.485 381.255 379.684 378.113 379.684 380.469 381.255 383.611 384.626 385.412 387.538 389.109 390.679 389.569 391.695 392.71 392.94 396.407 394.741 395.527 397.883 398.113 400.239 400.469 400.699 401.484 401.945 403.515 402.96 402.635 402.865 404.435 404.665 404.896 405.126 407.252 406.926 406.601 407.386 407.617 407.847 408.862 409.092 409.322 408.997 408.441 409.457 408.346 407.465 408.806 408.481 406.815 410.282 408.06 408.06 407.735 408.75 407.64 408.655 407.544 406.434 408.004 406.338 406.568 405.458 403.792 404.022 402.911 403.926 402.816 402.49 401.38 400.269 400.499 400.959 399.063 396.841 394.945 396.516 394.85 394.525 392.629 393.644 389.852 389.526 387.63 386.75 386.424 385.314 384.203 382.537 380.871 380.315 379.99 378.975 381.426 382.537 382.862 385.314 385.639 388.09 389.201 388.971 391.193 391.748 392.073 395.865 394.85 394.62 396.286 396.056 397.722 400.174 399.944 401.61 401.38 401.15 402.03 402.586 402.911 404.022 405.132 404.902 405.228 405.553 407.449 407.774 406.759 406.529 406.854 408.75 409.076 408.846 407.83 408.941 408.711 408.481 408.251 408.576 409.131 409.457 409.227 408.767 408.537 409.092 408.862 407.847 408.957 407.386 405.816 406.926 406.696 406.466 404.896 404.665 404.991 402.865 403.975 402.405 402.175 401.945 400.929 400.699 400.469 398.898 397.883 396.312 396.082 395.297 393.17 394.836 392.71 391.695 390.909 389.339 389.109 387.538 385.967 383.841 383.611 381.255 381.255 378.343 378.113
379.684 381.255 381.715 385.182 384.856 383.746 387.768 387.998 389.569 391.14 392.71 393.496 393.17 395.297 395.527 396.312 397.327 398.898 399.128 398.803 400.929 401.714 403.515 402.96 405.086 402.865 404.435 406.006 406.236 406.466 406.696 406.926 405.816 407.386 408.957 407.847 407.521 407.196 408.767 408.997 408.441 409.457 409.687 408.021 408.806 409.266 409.496 408.941 407.83 408.06 409.076 409.306 407.084 408.655 406.759 406.434 406.108 406.338 406.568 405.458 405.132 404.022 404.482 402.586 403.371 401.15 401.38 398.928 400.499 398.833 397.722 397.397 396.286 396.516 394.85 393.739 393.414 390.962 390.637 388.971 389.201 387.305 385.639 384.528 382.862 382.537 381.426 378.975 378.649 378.975 381.426 381.751 383.648 384.758 386.98 387.305 389.201 389.526 391.423 392.303 392.629 392.399 396.191 396.516 396.286 396.056 399.063 398.833 399.944 400.269 400.594 401.705 403.371 402.586 404.252 404.022 405.132 405.458 405.228 405.553 408.004 407.774 406.759 406.529 406.854 409.306 409.076 408.846 409.956 408.941 408.711 410.607 410.147 408.021 407.005 409.457 409.227 408.211 408.767 407.196 408.862 409.187 407.847 410.068 406.601 406.926 406.926 405.126 406.236 403.88 404.435 404.205 403.19 402.96 402.175 401.159 400.374 402.04 399.128 398.898 397.883 397.883 396.312 394.741 394.511 393.496 392.71 392.48 389.569 390.679 385.316 387.538 384.856 384.396 382.27 381.255 380.469 379.684 378.113 379.684 381.255 382.04 383.611 384.396 385.412 387.538 387.213 390.679 390.909 391.14 391.37 391.6 396.407 394.741 395.527 397.097 399.454 398.343 397.232 402.595 400.374 401.945 402.175 402.405 402.635 402.865 404.435 404.665 404.896 406.466 406.696 406.926 406.601 408.727 407.617 408.077 408.862 407.196 408.767 410.338 408.441 410.012 410.472 409.362 408.806 408.481 410.052 410.282 408.06 408.846 407.735 409.306 407.084 407.87 406.759 406.434 405.878 406.894 405.783 405.458 405.132 404.022 404.252 402.586 402.26 401.15 401.38 399.483 400.499 399.388 398.507 397.397 396.841 394.62 394.85 393.739 392.629 392.303 389.852 389.526 389.201 386.75 386.424 385.314 382.862 381.751 378.745 378.419 379.99 379.76 380.085 381.751 382.862 385.314 386.424 388.09 387.63 389.526 389.852 390.962 392.073 394.295 394.85 394.62 396.286 396.841 397.167 397.492 397.817 399.483 401.38 401.705 402.816 403.141 402.911 404.022 403.562 405.458 403.887 406.338 407.449 406.434 407.544 407.87 408.195 407.41 407.735 408.846 408.06 410.282 408.711 409.036 408.806 409.362 409.687 409.457 409.227 408.997 407.981 407.196 408.862 407.291 407.617 406.831 405.816 407.712 406.696 406.466 404.896 404.435 404.435 404.761 404.531 402.96 401.389 401.945 400.929 402.595 400.469 398.343 398.113 397.097 396.312 397.978 395.066 394.836 390.029 391.14 390.909 389.339 389.109 385.642 384.856 384.626 382.825 381.255 381.255 379.684 378.113
381.255 381.485 382.825 385.182 385.967 387.538 387.768 388.783 389.569 391.695 392.71 392.94 394.511 397.193 396.312 397.883 397.327 398.343 399.914 402.04 402.27 401.714 401.389 402.96 405.086 402.865 404.435 406.006 406.236 406.466 406.696 406.926 405.816 407.386 407.617 408.632 408.862 409.092 408.537 408.211 409.227 408.116 409.687 409.362 408.806 409.822 410.052 408.386 407.83 408.29 408.52 408.75 408.98 407.87 406.759 406.434 407.449 406.338 406.568 404.902 403.792 404.022 404.252 402.586 402.816 401.705 401.38 398.928 397.817 398.833 397.167 398.738 396.286 395.961 394.85 393.184 392.073 390.962 391.423 389.526 387.86 388.09 385.639 384.758 383.648 382.537 380.871 378.419 378.649 380.315 381.426 382.537 384.203 383.187 385.084 386.75 387.63 389.526 390.637 391.748 392.073 392.399 392.724 395.961 396.516 396.611 398.507 399.618 399.388 399.713 400.039 402.26 402.26 402.586 402.911 405.362 405.132 405.458 405.783 405.553 406.664 407.774 406.759 408.655 407.64 407.41 409.076 410.186 409.956 406.815 408.711 409.266 408.806 408.576 409.687 409.457 409.227 410.338 409.322 407.751 407.521 407.291 407.617 407.386 406.601 406.926 405.356 405.681 404.896 404.665 404.991 404.205 402.635 402.96 402.175 401.945 400.929 398.803 400.469 398.898 397.327 396.312 396.312 395.297 393.17 394.836 391.37 391.14 390.909 387.998 387.213 387.538 385.967 384.396 383.611 381.255 381.255 379.684 378.113 379.684 380.469 381.485 383.611 384.396 385.412 387.538 389.109 387.998 389.569 391.695 391.37 394.281 395.066 394.741 396.312 395.757 397.883 398.898 398.573 400.699 400.374 401.945 401.945 402.405 404.531 405.546 404.435 406.006 404.896 406.466 406.696 406.926 408.497 407.386 408.402 407.291 407.521 409.092 408.767 407.656 408.441 409.687 408.346 409.917 409.036 409.036 408.711 410.282 407.275 408.846 407.735 406.624 408.98 407.084 406.759 406.434 408.004 406.338 403.887 405.458 405.132 403.466 404.482 402.586 403.371 401.705 400.039 400.269 399.388 397.492 397.722 398.738 394.945 394.62 394.065 393.739 392.073 390.962 389.852 389.526 387.86 388.09 385.639 385.314 384.203 383.878 380.641 380.315 378.649 379.76 381.426 382.537 382.862 383.187 386.424 386.75 389.201 388.971 391.423 390.962 393.414 393.739 394.295 394.945 396.286 396.056 399.063 398.833 399.388 401.054 400.039 403.831 402.26 402.586 404.252 405.362 405.132 405.458 405.228 405.783 408.004 407.774 408.885 407.084 408.195 408.75 408.52 408.06 407.275 408.386 408.711 408.481 409.592 411.258 409.687 408.116 409.227 408.211 408.767 409.092 408.862 408.077 407.847 406.831 405.816 407.712 406.696 406.466 404.896 406.006 404.435 404.761 404.531 404.301 401.945 401.714 400.374 398.803 397.232 398.343 397.883 396.312 396.312 395.297 393.17 394.836 393.266 391.14 389.569 390.679 389.109 385.642 385.412 383.841 383.611 382.825 380.469 378.898 378.113
380.469 382.825 382.825 384.396 386.752 385.642 387.213 387.998 389.569 391.14 391.37 394.836 393.17 396.637 396.312 396.542 398.113 398.898 399.914 400.699 400.374 401.945 401.945 402.405 404.531 406.102 404.435 404.665 405.451 405.126 406.696 406.926 408.497 408.727 407.617 408.632 407.521 409.092 408.767 407.656 409.227 408.116 409.687 411.258 408.806 409.036 410.052 410.282 409.956 410.186 407.18 408.75 407.084 406.529 407.544 407.774 405.323 406.894 405.228 405.458 405.132 404.022 403.696 403.926 402.816 401.705 401.38 401.61 399.158 400.174 399.063 396.841 396.286 395.175 394.85 393.739 392.629 392.303 390.637 389.526 389.201 388.09 385.084 385.314 383.648 382.537 380.871 378.419 378.649 380.315 381.426 382.537 384.988 385.314 386.424 386.75 389.201 389.526 389.852 390.962 392.073 395.865 394.295 395.961 396.286 397.397 397.722 399.618 399.158 400.269 401.38 401.705 402.816 403.141 402.911 403.466 403.562 405.458 405.228 405.553 407.449 406.434 407.544 406.529 407.084 408.75 408.52 408.06 407.83 408.386 410.052 408.481 409.592 410.702 409.687 408.116 409.227 408.997 408.767 409.092 407.521 407.847 408.957 406.831 406.601 407.712 406.696 406.466 404.896 406.006 404.435 404.761 403.19 402.96 402.175 401.945 400.929 402.595 400.469 400.239 397.883 397.653 396.312 395.852 393.17 392.94 392.71 392.48 389.569 389.339 389.109 387.538 385.967 384.396 383.611 381.485 381.255 379.684 378.113 379.684 381.255 381.485 383.611 385.182 385.412 387.538 386.427 388.783 392.25 391.695 392.71 393.496 396.407 394.741 395.527 396.542 396.772 398.343 400.469 399.358 400.929 401.714 401.945 402.96 404.531 402.865 404.435 404.665 406.236 405.126 406.696 406.926 408.497 406.831 407.617 407.291 408.862 410.433 408.767 408.997 409.227 409.457 409.687 409.362 408.806 409.036 410.052 408.386 407.275 408.29 408.52 407.41 408.195 407.084 406.759 406.434 408.004 406.338 405.783 405.458 405.132 404.022 403.696 402.586 404.156 401.15 400.039 400.269 397.817 398.833 397.167 396.056 396.286 394.62 394.295 394.525 392.073 390.962 389.852 389.526 387.63 385.409 386.424 383.187 382.862 382.537 380.871 378.419 378.649 381.886 378.745 382.537 383.648 384.758 385.084 387.535 389.201 389.526 389.852 391.748 393.414 392.399 392.724 395.175 396.286 396.056 397.722 398.833 400.499 400.269 401.38 401.15 402.26 402.586 403.696 404.022 405.132 405.458 406.568 406.338 408.004 406.434 406.759 407.084 408.195 407.965 409.076 408.06 409.956 408.386 410.052 409.036 409.036 408.021 409.687 408.116 408.441 408.997 408.767 410.988 407.521 408.077 407.617 407.386 406.601 406.926 406.696 406.466 405.451 404.665 404.991 404.761 403.975 402.96 402.175 401.945 400.374 400.699 398.573 398.898 397.327 397.883 396.312 395.297 393.17 393.496 392.71 391.14 390.124 389.339 387.768 385.642 386.752 385.182 382.27 382.04 380.469 379.684 378.113
380.469 382.04 384.396 384.396 385.967 387.538 389.109 388.783 389.569 391.14 391.37 392.94 393.17 394.741 394.741 397.883 398.668 398.898 399.914 400.699 400.374 401.714 402.175 402.96 403.975 404.761 404.435 406.006 405.451 405.126 405.356 406.926 405.26 407.386 408.957 407.847 408.307 409.092 408.767 410.338 409.227 409.457 409.131 408.576 408.806 409.266 406.815 408.386 407.275 408.06 407.735 409.306 408.195 407.084 406.759 406.434 405.323 406.894 405.228 405.458 405.132 404.022 402.356 402.586 400.689 400.364 401.935 399.713 400.499 398.833 396.381 398.738 396.286 395.961 394.85 392.399 392.073 390.962 391.423 389.526 388.646 386.75 385.084 384.758 384.203 382.537 381.426 378.975 378.649 379.76 381.426 382.537 383.648 384.528 385.084 386.75 387.63 388.971 391.423 390.962 392.073 393.184 394.85 395.961 396.286 396.056 398.507 398.833 399.944 399.483 401.38 403.831 402.816 402.586 403.696 404.022 406.473 405.458 405.228 405.553 406.108 406.434 408.885 407.87 407.64 407.41 407.735 408.29 407.275 410.282 408.711 408.481 409.592 408.576 407.561 408.116 409.227 408.997 408.767 409.647 408.862 407.291 407.617 406.831 408.497 407.712 406.696 406.466 404.896 406.006 404.435 404.761 403.19 402.96 403.515 401.714 400.374 398.803 400.469 398.898 397.883 397.097 396.312 394.741 395.066 394.281 391.37 391.14 389.569 390.679 389.109 387.538 385.967 384.396 383.611 382.825 381.255 379.684 378.113 379.684 380.469 382.825 382.825 385.182 385.967 387.538 385.872 388.783 390.909 391.14 391.37 394.281 396.407 394.741 396.312 395.757 398.113 399.454 400.469 398.803 401.484 401.945 402.175 402.405 402.635 402.865 404.435 403.88 404.896 405.126 406.696 406.926 407.942 407.386 407.061 407.291 408.862 407.751 408.767 408.211 409.227 408.901 409.131 408.021 409.036 410.607 409.496 410.282 408.616 408.846 409.306 409.306 406.854 408.655 406.759 406.434 407.449 406.894 406.568 405.458 403.792 403.466 403.696 403.141 402.816 400.364 401.935 401.054 400.499 398.833 399.063 396.056 396.841 395.175 394.295 393.184 392.073 392.303 390.637 389.526 387.63 386.75 385.084 384.758 384.203 380.966 380.641 380.315 378.094 378.975 381.426 382.537 384.203 383.187 386.424 387.305 387.86 389.526 390.637 391.748 393.414 392.399 394.85 396.516 396.286 396.056 397.167 397.492 400.499 401.054 401.935 401.15 404.156 403.926 404.252 404.022 405.132 405.458 406.568 405.553 408.004 407.774 407.544 407.314 407.64 408.75 408.52 408.846 408.616 408.386 408.711 409.822 409.592 408.576 408.346 409.457 409.227 408.997 408.767 409.092 407.521 408.077 408.402 407.386 408.497 406.926 407.252 405.126 406.236 404.665 402.865 402.865 402.635 404.301 403.515 401.945 400.929 400.699 400.469 398.898 396.772 397.883 395.527 395.297 395.066 394.836 392.71 391.14 390.909 388.783 387.768 386.982 385.412 384.396 382.27 382.04 381.255 379.684 378.113
381.255 380.699 383.611 383.841 385.412 387.538 387.768 387.998 389.569 391.695 392.71 394.836 395.066 394.741 396.312 397.097 398.668 398.898 399.128 400.699 400.929 401.714 402.73 402.405 404.531 402.865 404.435 404.665 406.236 406.466 406.696 406.926 405.816 407.386 407.617 407.847 408.862 407.751 409.322 408.997 409.227 408.116 409.687 409.917 409.036 409.036 408.711 406.815 409.956 408.846 407.735 409.306 408.98 407.87 407.544 406.434 408.004 405.783 405.228 405.458 405.132 406.703 402.911 403.926 402.816 401.15 401.38 401.054 399.713 398.833 397.167 396.056 396.286 396.516 396.191 393.184 392.073 391.748 389.852 389.526 387.63 388.09 386.98 386.654 384.203 382.537 380.085 379.76 379.99 378.975 381.426 382.537 382.862 383.187 386.424 387.535 389.201 388.416 391.423 392.303 393.414 392.399 394.295 394.62 396.516 396.056 398.507 398.277 400.499 399.483 400.039 401.705 402.816 402.586 404.252 404.022 405.132 404.902 406.568 405.553 406.664 407.774 407.544 407.084 407.64 408.75 407.18 407.505 408.616 408.941 408.711 408.481 408.806 408.576 407.791 409.457 408.441 407.656 408.767 408.307 408.862 407.847 408.957 406.831 408.497 407.712 406.696 405.911 404.896 406.006 404.991 405.546 403.975 402.96 401.945 401.159 402.27 398.803 401.024 398.343 397.883 395.757 395.527 395.297 393.17 394.281 392.71 391.14 389.569 389.339 389.109 387.538 384.856 383.841 382.825 382.04 380.469 378.898 378.113 378.898 381.255 382.04 383.055 384.396 385.967 387.538 387.213 388.783 389.569 391.14 392.71 392.94 395.066 394.741 396.312 397.883 398.113 398.898 399.914 400.699 401.484 401.945 403.515 403.745 403.19 405.546 404.435 406.006 406.236 405.911 405.356 406.926 405.816 407.386 408.402 408.632 408.862 410.433 408.767 408.767 408.441 408.116 409.131 409.917 408.806 408.481 410.052 408.386 407.83 408.846 409.076 407.41 407.64 407.87 406.759 407.774 406.108 406.894 405.783 405.458 403.562 404.022 404.252 403.926 402.816 401.705 401.935 401.61 399.388 398.833 399.063 398.738 396.286 395.175 394.85 392.399 392.073 392.303 390.637 389.526 387.86 387.305 386.98 385.314 382.862 382.537 381.426 381.101 378.649 379.76 381.426 381.751 382.862 385.314 385.084 386.75 389.201 389.526 389.852 390.962 392.073 393.184 392.724 395.175 396.286 396.611 396.381 398.833 399.158 399.713 400.039 400.364 402.26 403.926 403.696 403.236 405.132 404.902 405.783 406.108 408.004 407.774 406.759 406.529 408.195 409.306 409.076 408.846 409.956 408.941 410.052 409.266 410.147 409.362 409.687 408.116 408.441 408.997 408.537 407.196 408.862 407.291 407.617 406.831 408.497 406.926 406.696 405.126 404.896 404.665 404.435 404.761 401.294 405.086 402.175 400.374 400.374 400.699 401.024 398.898 397.883 395.757 396.312 394.741 393.17 391.6 391.37 391.695 389.569 387.998 387.768 386.982 384.856 385.182 382.825 382.825 381.255 379.684 378.113
381.255 380.699 383.611 384.396 385.967 387.538 385.872 389.339 390.909 391.695 392.71 394.836 393.17 394.741 396.312 396.542 397.883 398.898 399.914 400.699 400.374 401.159 401.945 402.96 404.531 404.761 405.546 405.221 405.451 406.466 406.696 405.586 408.497 406.831 408.402 407.847 407.521 407.751 408.767 408.997 408.441 409.457 409.687 411.258 408.251 409.036 406.815 410.282 409.956 407.505 407.735 408.75 408.98 407.87 406.759 406.989 407.449 406.338 405.228 405.458 405.132 406.703 402.911 402.586 402.26 401.15 401.38 399.713 399.944 398.833 396.381 397.397 396.286 395.175 395.405 393.739 392.629 391.748 389.852 389.526 387.86 386.98 385.639 385.314 383.648 383.878 381.426 381.101 379.99 379.76 381.426 382.537 382.862 383.187 386.98 386.75 387.63 389.526 391.423 390.962 392.073 392.399 394.85 395.961 396.286 397.397 399.063 399.388 400.499 400.269 401.935 401.15 400.689 403.141 404.252 405.362 405.132 405.458 406.568 405.783 405.878 407.774 406.759 406.529 408.98 407.41 408.52 407.505 409.956 408.941 408.711 410.607 408.251 408.021 409.131 409.457 409.227 408.997 408.537 409.092 408.862 407.847 407.617 408.727 407.942 406.926 406.696 405.681 406.236 406.006 405.546 404.761 404.531 402.405 400.834 401.945 400.374 398.803 399.128 397.002 397.327 396.542 396.312 394.741 396.407 394.281 393.266 391.14 389.569 388.783 389.109 387.538 384.856 385.182 382.825 382.825 380.469 378.898 378.113 378.898 380.469 382.04 382.825 383.841 385.967 383.746 389.109 390.679 389.569 391.14 391.37 392.94 394.511 394.741 396.867 397.097 396.772 398.898 399.128 398.803 400.374 401.945 401.945 402.405 403.19 404.761 404.435 406.006 406.236 406.466 406.696 407.712 408.497 408.172 407.617 408.632 407.521 409.092 408.767 410.338 409.227 408.116 407.005 409.362 409.592 408.481 410.052 408.386 409.956 408.846 408.52 408.75 407.64 407.87 406.759 406.434 406.108 405.553 405.228 405.458 405.132 404.022 404.252 402.586 402.26 401.705 401.935 399.713 399.388 397.492 398.507 398.738 396.286 395.961 394.85 393.184 393.414 393.644 389.852 389.526 387.63 387.535 386.424 384.758 386.329 381.751 380.871 380.315 379.99 379.76 381.426 382.537 383.648 383.187 385.084 387.305 389.201 389.526 391.193 391.748 392.073 393.739 392.724 395.961 396.841 397.397 397.167 398.833 399.158 400.269 400.039 401.15 402.26 403.926 404.252 404.022 405.132 405.458 407.354 406.338 407.449 406.434 406.759 407.084 408.195 407.41 408.52 408.846 407.275 410.282 410.607 409.822 408.806 409.917 409.131 409.457 409.227 408.997 407.196 409.647 406.966 408.632 407.847 407.386 408.497 406.926 406.696 406.466 405.451 404.435 405.546 404.761 404.531 402.96 401.945 401.945 400.374 398.803 397.232 398.898 396.772 396.542 396.312 394.741 395.066 394.836 391.37 391.14 390.909 390.679 386.427 386.982 384.856 385.967 383.611 381.255 381.255 379.684 378.113
381.255 381.485 384.396 383.841 385.412 387.538 387.213 390.679 389.569 391.695 393.266 392.94 395.066 394.741 396.312 397.883 396.772 398.898 399.128 398.803 400.374 400.374 403.515 402.96 404.531 404.761 404.435 404.665 404.896 405.681 406.696 406.926 408.497 406.831 407.617 407.847 407.521 409.092 408.767 408.997 409.227 409.457 409.687 409.917 409.036 409.822 408.156 408.386 407.275 408.846 407.735 409.306 408.195 408.655 407.544 406.434 405.323 405.783 407.354 405.458 405.132 403.236 403.696 402.586 402.816 401.705 401.38 400.269 399.158 398.833 397.722 396.056 396.286 395.961 394.85 395.865 392.073 390.962 390.637 389.526 387.63 386.75 385.084 385.314 384.203 382.537 381.426 379.76 378.649 380.315 381.426 382.537 382.862 384.528 386.98 387.535 387.63 389.526 391.423 390.962 392.073 393.184 394.295 394.62 394.945 398.738 399.063 400.959 399.944 400.039 400.594 403.831 402.816 403.141 404.252 404.022 405.132 405.458 405.228 405.553 406.664 406.434 406.759 407.084 407.64 409.306 407.735 411.527 409.956 410.282 408.156 409.036 410.147 409.917 408.346 409.457 409.227 409.552 408.767 407.751 408.862 408.632 407.617 406.831 405.816 406.926 405.356 405.126 405.451 406.006 404.435 402.865 403.975 404.301 401.389 401.945 402.825 400.699 400.469 398.898 398.668 397.883 395.527 395.852 394.511 392.94 391.925 392.48 390.354 389.339 387.768 383.746 385.412 384.396 383.611 382.825 381.255 379.684 378.113 379.684 381.255 381.255 384.396 384.396 385.412 387.538 387.213 389.339 389.569 391.14 392.71 394.836 395.066 395.297 396.082 397.097 397.883 398.343 397.232 398.803 400.374 401.159 401.389 402.96 403.975 404.761 404.435 403.88 407.577 406.466 406.696 406.926 405.816 406.831 407.617 408.632 407.521 410.988 408.767 410.338 409.227 408.116 407.791 409.362 408.251 409.266 408.711 408.386 407.275 408.846 408.52 407.965 408.195 407.87 407.544 406.989 406.108 406.894 405.783 405.458 405.132 404.022 403.696 402.586 402.26 401.705 401.38 399.483 399.388 398.833 397.167 397.397 396.286 396.516 396.191 393.184 393.414 391.748 391.193 389.526 389.201 386.75 386.424 384.758 383.648 382.537 380.085 378.975 378.094 378.975 380.871 382.537 382.862 384.758 386.424 388.09 389.201 389.526 389.852 390.962 392.629 392.399 394.85 395.961 396.841 396.611 397.167 398.277 399.388 398.928 400.594 401.15 402.26 402.586 402.911 403.466 405.132 405.458 405.228 406.338 407.449 407.774 407.544 407.314 407.64 409.306 409.076 408.846 408.616 408.386 408.711 408.481 409.592 407.465 409.687 409.457 408.441 408.211 408.767 409.092 405.625 409.187 407.061 406.276 408.497 406.926 406.696 405.126 404.896 404.435 404.435 404.761 404.531 402.405 402.73 401.714 400.929 400.699 398.573 398.898 396.772 397.097 396.312 396.637 393.17 393.496 391.925 391.14 389.569 387.998 387.213 385.642 385.967 385.182 382.825 382.825 380.469 379.684 378.113
380.469 382.04 383.611 384.396 386.752 385.642 387.213 389.339 389.569 391.14 392.71 392.94 395.066 394.741 396.312 397.097 397.883 398.898 397.232 400.699 400.929 401.945 403.515 402.405 402.635 402.865 404.435 406.006 404.896 406.466 405.356 405.586 408.497 407.386 407.061 407.847 408.862 407.751 408.767 407.656 409.227 409.457 409.687 409.362 409.036 409.036 408.156 406.815 409.956 408.29 407.735 407.965 408.195 406.759 407.544 406.434 408.004 405.783 405.228 405.458 405.132 405.362 404.252 402.586 402.816 402.49 400.824 400.269 399.388 397.492 398.507 398.738 396.286 395.961 394.85 393.184 392.073 390.962 390.637 389.526 389.201 386.75 386.98 386.654 382.862 382.537 380.085 381.101 379.99 378.975 381.426 382.537 383.648 385.314 386.98 388.09 389.201 388.971 391.423 391.748 393.414 393.184 394.295 394.62 396.841 396.841 397.167 399.388 399.158 399.713 400.824 400.364 402.816 402.586 402.911 404.022 405.132 405.458 405.228 406.338 405.323 406.434 407.544 408.655 407.084 409.306 407.18 408.29 407.83 410.282 410.052 408.481 409.036 409.362 409.131 409.457 409.227 408.211 407.981 407.196 407.521 408.077 407.847 406.831 405.816 406.926 406.696 406.466 406.236 406.006 404.435 404.761 403.975 403.745 401.389 401.714 400.374 398.803 398.573 398.898 397.327 397.097 396.312 394.741 395.066 393.496 391.925 391.14 389.569 387.443 387.213 387.538 386.752 384.626 383.611 382.825 381.255 378.898 378.113 379.684 381.255 382.825 383.055 385.182 384.856 383.746 387.768 389.339 390.354 392.48 392.71 392.94 394.511 394.741 396.312 397.883 398.113 398.898 397.232 400.699 400.929 401.945 401.389 402.405 403.975 404.761 404.435 406.006 405.451 406.466 407.252 406.926 408.497 406.831 408.402 407.291 409.417 407.751 409.322 407.656 409.227 408.116 409.131 408.576 409.036 409.036 408.711 407.6 409.956 407.505 409.076 407.41 407.64 408.655 407.544 407.774 405.323 406.338 405.228 405.458 403.792 404.022 402.911 402.586 402.816 401.15 401.38 401.61 399.388 400.959 397.722 397.397 396.841 395.175 394.85 393.184 392.073 391.748 389.852 389.526 389.201 386.75 386.424 384.758 383.648 380.966 380.871 379.76 378.094 378.419 381.426 383.878 384.203 384.758 386.194 386.75 389.201 389.526 391.423 392.303 392.073 392.399 394.295 395.961 396.841 397.397 397.722 398.833 399.158 399.713 401.38 401.705 402.26 402.586 404.482 405.362 405.132 405.458 406.568 406.894 408.004 407.774 407.544 408.655 407.64 407.41 409.076 408.846 408.386 408.386 406.815 408.481 408.806 410.702 409.687 408.116 408.441 407.656 408.537 407.196 408.862 407.847 407.061 407.386 406.601 406.926 405.356 406.466 404.896 403.88 404.435 404.761 404.531 402.405 401.389 401.945 401.484 398.803 397.232 399.454 398.113 397.097 395.527 394.741 395.066 393.496 392.71 391.14 389.569 388.783 387.768 387.538 386.197 383.841 383.611 380.699 381.255 379.684 378.113
381.255 381.485 381.715 384.396 386.752 385.642 387.768 390.679 390.909 391.14 391.37 393.496 395.066 395.297 396.312 395.757 398.668 398.898 399.914 398.803 400.929 401.945 401.389 402.405 404.531 404.761 404.435 406.006 404.896 406.466 406.696 405.356 408.497 407.386 408.402 408.077 409.417 407.196 408.767 407.656 409.227 409.457 408.346 409.362 408.806 409.266 410.052 408.386 407.83 408.846 408.52 407.965 407.64 406.529 407.544 407.774 406.108 406.338 405.783 405.458 405.132 406.703 404.252 403.141 404.156 401.15 400.039 401.61 399.388 398.277 397.722 398.738 396.286 395.961 396.191 395.865 393.414 392.303 389.852 389.526 389.201 387.535 385.084 385.314 384.203 382.537 381.426 380.315 378.649 379.76 381.426 382.537 384.758 385.869 385.084 386.75 389.201 389.526 390.637 390.962 392.073 395.865 394.295 395.961 396.286 396.841 398.507 398.833 399.158 400.269 400.039 401.705 402.26 402.586 404.252 404.022 403.792 403.562 405.228 405.783 405.323 406.434 407.544 408.655 408.195 408.75 408.52 410.186 409.956 408.386 408.711 408.481 408.806 408.576 408.346 408.116 409.227 409.552 409.322 407.751 406.966 409.417 407.847 406.831 406.601 407.712 405.356 406.466 404.896 404.665 404.435 404.205 402.635 402.96 401.945 401.945 400.374 398.803 399.128 398.343 398.668 397.097 396.312 395.852 393.17 392.94 392.71 391.14 389.569 389.339 389.109 386.982 385.967 385.182 382.825 382.04 381.255 379.684 378.113 378.898 380.469 382.04 382.27 384.396 385.412 386.982 385.872 389.339 390.909 392.25 393.266 391.6 395.066 395.297 396.312 396.542 397.883 398.343 397.232 400.699 404.166 401.714 402.73 402.405 403.19 404.205 404.435 405.221 404.896 405.681 405.356 406.926 406.601 407.386 407.617 407.291 407.521 407.196 408.767 408.211 409.227 408.671 409.687 411.258 408.806 409.036 410.052 410.282 409.956 408.29 407.18 407.965 408.98 407.314 406.759 406.434 406.664 405.553 405.228 406.243 405.132 403.236 402.911 402.586 402.26 400.364 400.594 401.054 399.944 398.833 396.381 396.841 396.516 394.62 394.295 392.399 392.073 390.962 391.423 389.526 387.86 388.09 385.639 384.758 382.862 382.537 381.426 378.419 376.523 378.419 381.426 382.537 382.862 385.314 385.084 388.09 387.63 389.526 390.637 390.962 393.414 393.739 396.191 395.961 396.286 396.611 397.722 400.174 399.944 399.713 401.38 401.705 402.816 402.586 404.252 402.681 405.132 403.562 406.013 406.338 406.664 407.774 406.759 406.529 407.084 408.75 407.18 408.846 409.171 408.386 408.711 408.481 409.592 408.021 408.346 409.457 409.227 410.338 409.322 409.092 407.521 409.417 407.617 407.386 405.26 406.926 406.696 405.126 406.006 404.665 406.332 404.761 404.531 402.96 402.175 401.945 400.929 398.803 399.128 400.239 396.772 397.883 396.312 395.297 395.066 393.496 393.266 391.14 389.569 389.339 389.109 387.538 385.412 385.182 383.611 382.825 379.914 379.684 378.113
381.255 382.825 383.611 384.396 385.967 385.642 389.109 389.339 389.569 391.14 392.71 394.836 393.17 395.852 396.082 396.312 396.772 398.343 400.469 398.803 400.929 401.159 402.73 402.96 403.975 402.865 404.435 406.006 404.896 406.466 406.696 406.926 405.816 407.386 408.957 408.632 407.521 409.092 408.767 408.441 408.441 409.457 409.131 408.021 409.036 408.481 409.496 408.386 408.386 408.846 409.076 407.41 407.64 405.974 407.544 407.774 408.004 405.783 405.228 404.902 405.132 404.022 402.356 402.586 402.816 401.705 401.38 400.269 399.388 398.833 397.722 396.056 394.945 395.961 394.85 394.295 393.969 392.303 391.423 389.526 389.201 387.305 385.639 385.314 383.648 382.537 381.426 381.886 379.99 378.975 381.426 382.537 383.648 384.758 386.98 387.305 389.201 389.526 389.296 390.962 392.073 393.184 394.295 395.961 396.286 398.738 397.722 398.833 400.499 400.269 401.38 401.15 402.816 403.141 404.252 404.022 403.792 405.688 407.354 406.894 405.323 406.434 407.544 407.084 407.084 408.75 409.306 408.846 409.956 408.386 406.815 409.822 408.251 407.465 409.131 409.457 408.441 408.997 408.767 407.196 408.307 407.847 408.402 406.831 408.497 406.926 406.696 406.466 404.896 406.006 406.332 404.761 403.19 402.405 403.515 401.945 400.374 402.04 400.469 398.343 398.113 396.542 395.527 395.297 393.17 395.392 392.71 391.695 389.569 387.443 389.109 387.538 384.856 385.182 382.825 382.825 380.469 378.113 378.113 379.684 380.469 381.255 382.27 384.396 385.967 385.642 387.768 389.339 389.569 391.14 392.71 392.94 395.066 395.297 396.867 397.097 398.668 398.898 397.232 400.699 400.929 401.945 403.515 403.515 403.19 404.761 404.435 406.006 404.896 405.681 405.356 406.926 408.497 406.831 407.847 409.187 408.862 409.647 408.537 409.552 409.227 409.457 409.687 408.021 408.806 408.481 408.711 408.941 409.956 408.06 408.52 407.965 406.854 407.084 406.759 407.774 408.004 405.553 406.568 405.458 403.792 404.022 403.696 401.8 402.26 401.15 400.824 400.269 399.388 398.833 397.722 396.611 396.286 394.62 394.85 393.184 392.073 392.303 389.852 389.526 387.63 387.535 386.424 383.187 382.862 382.537 381.426 379.76 376.523 380.315 380.871 382.537 382.862 386.654 386.98 387.535 389.201 389.526 389.852 390.962 392.073 392.399 394.295 394.62 394.945 397.397 398.507 398.277 400.499 400.269 401.38 402.49 402.26 403.926 404.252 404.022 405.132 405.458 405.228 405.553 405.878 406.434 407.544 408.655 408.195 406.624 408.52 407.505 409.956 408.386 408.711 408.481 410.147 408.576 409.687 408.116 407.886 410.338 408.767 409.092 407.521 407.847 407.061 410.068 405.26 406.926 405.356 405.681 405.451 404.665 404.991 404.761 401.294 402.405 402.73 401.945 400.929 400.699 401.024 398.898 396.772 397.097 396.312 394.741 394.511 394.836 392.71 391.14 390.909 390.679 387.213 385.642 385.412 383.841 382.825 382.825 381.255 378.898 378.113
381.255 381.255 382.825 384.396 385.967 386.982 385.872 389.339 390.909 391.14 392.71 392.94 396.407 395.297 396.312 397.097 396.772 397.557 399.914 402.04 400.374 401.945 403.515 402.96 403.19 404.761 405.546 403.88 406.236 405.126 406.696 406.926 408.497 407.386 407.617 408.077 408.862 407.196 409.877 408.997 408.441 408.116 409.687 408.021 410.147 409.822 408.711 408.941 408.386 408.29 407.735 407.965 407.084 407.87 408.1 408.33 408.004 406.894 406.568 405.458 405.132 403.236 402.911 402.586 402.816 401.15 400.039 401.61 399.388 399.388 398.507 396.841 396.286 395.175 394.295 392.399 392.629 392.303 389.852 389.526 389.201 386.75 386.424 385.314 382.862 381.751 381.426 379.76 376.523 379.76 380.085 382.537 382.862 384.758 385.084 386.75 387.63 389.526 391.423 390.962 392.073 393.184 394.065 395.961 396.516 397.167 399.063 400.959 399.388 400.269 401.38 401.705 402.26 403.926 403.696 403.236 405.132 404.902 405.783 406.338 405.323 406.434 406.759 406.529 408.98 407.965 407.735 408.29 407.275 408.386 410.052 409.266 408.806 408.021 409.687 408.116 409.227 408.211 408.767 409.092 407.521 407.847 408.957 407.386 405.816 407.712 405.356 406.466 404.896 406.006 404.435 404.761 403.19 402.96 402.73 401.159 401.484 400.699 398.573 397.002 398.113 396.542 395.527 395.852 394.511 391.6 393.266 391.14 389.569 390.679 386.427 385.642 386.752 383.841 383.611 380.699 381.255 378.898 378.113 379.684 381.255 381.255 383.611 384.396 385.967 386.982 387.768 389.339 389.569 391.14 392.71 393.496 394.511 397.978 395.527 397.097 398.113 398.898 401.024 402.04 400.929 401.714 403.515 402.96 402.635 405.546 404.435 406.006 404.896 406.466 405.356 406.926 407.942 410.068 407.617 407.291 408.862 409.647 407.981 408.997 409.227 409.457 409.687 408.021 408.806 408.481 410.052 410.282 409.956 408.846 409.076 408.75 407.084 408.655 407.544 405.648 406.664 405.553 406.568 405.458 405.132 405.362 402.911 402.586 402.816 401.705 401.38 400.269 399.158 398.833 398.507 397.397 396.286 395.961 394.85 393.739 392.073 390.962 391.423 388.186 389.201 386.75 386.98 384.528 382.862 381.751 380.871 380.315 378.649 380.315 381.426 382.537 383.648 384.758 385.639 386.75 387.63 389.526 391.193 392.303 392.629 393.184 394.295 394.62 396.286 397.397 398.507 398.833 397.817 399.713 401.38 402.26 402.26 403.926 404.252 403.236 405.132 405.458 405.228 406.894 406.664 407.774 407.544 408.655 408.98 408.75 409.076 407.735 408.386 408.386 408.711 409.822 409.592 408.576 407.561 408.116 409.227 408.997 409.322 409.092 408.862 408.632 407.847 406.831 408.497 406.926 406.926 405.911 407.577 404.665 404.435 404.205 402.635 402.405 402.73 401.714 400.374 399.358 399.128 398.343 398.113 395.757 396.312 395.297 395.066 391.6 392.71 391.14 390.909 390.679 387.768 387.538 385.967 384.396 382.825 382.04 380.469 378.898 378.113
380.469 380.699 383.611 385.182 385.412 386.982 387.213 389.339 390.909 391.14 392.71 394.836 395.066 394.741 396.082 396.312 398.668 397.557 399.128 400.699 400.374 401.945 401.945 402.96 402.635 404.761 404.435 404.665 405.451 406.466 405.356 405.586 405.816 406.831 408.402 408.632 408.862 410.433 408.767 408.211 408.441 409.457 409.687 409.362 409.592 408.481 410.052 408.386 408.386 408.29 407.735 408.75 407.084 408.655 407.544 407.774 408.004 405.553 406.568 405.458 405.132 406.703 402.911 401.245 404.156 401.15 401.38 401.054 399.944 397.492 398.507 397.397 396.286 395.961 396.191 393.184 392.073 391.518 390.637 389.526 389.201 386.75 386.194 385.314 384.203 382.537 381.426 379.76 378.649 379.76 380.641 382.537 384.203 384.758 385.639 386.75 387.63 389.526 389.296 392.303 392.629 392.399 394.065 396.516 396.841 396.841 397.167 397.492 399.158 401.054 401.38 403.046 402.03 401.245 404.252 404.022 405.132 405.458 406.568 406.894 408.004 407.774 407.544 408.655 407.084 408.75 409.076 408.29 409.956 408.386 409.496 408.481 409.592 409.362 409.131 408.671 409.227 410.338 408.767 409.092 408.862 407.291 407.847 408.727 406.601 406.926 406.696 406.466 404.896 406.006 404.435 404.761 404.531 402.96 402.73 401.945 400.929 400.699 399.128 398.343 396.772 396.542 396.312 396.637 395.066 393.496 392.71 391.14 392.25 389.339 389.109 387.538 385.967 385.182 384.396 382.825 380.469 378.898 378.113 379.684 381.255 381.485 384.396 385.182 385.967 387.538 387.768 390.679 392.25 391.14 392.71 392.94 393.17 394.741 396.312 396.312 396.772 398.898 398.573 400.699 400.929 401.945 402.73 403.745 403.975 402.865 404.991 403.88 404.896 406.466 406.926 405.586 405.816 406.831 407.847 407.847 407.521 409.092 408.767 408.997 409.227 409.457 409.687 408.576 409.036 409.266 406.815 408.386 408.386 408.29 408.52 407.41 408.195 406.529 407.544 407.774 408.004 405.553 405.228 405.458 404.347 404.022 403.696 402.586 403.371 401.705 401.38 399.483 399.158 398.833 399.063 396.056 396.286 395.961 394.295 393.739 392.073 391.748 391.193 389.526 387.86 388.09 385.639 384.758 382.862 381.751 381.426 381.101 378.649 380.315 380.085 380.966 384.203 384.758 385.084 387.305 387.63 389.526 389.852 390.962 392.073 394.295 394.85 394.62 396.286 397.397 398.507 398.833 399.388 401.61 401.935 403.831 400.689 402.586 402.911 404.022 405.132 403.562 406.568 406.338 408.004 407.774 406.759 408.655 408.98 408.75 409.076 408.846 409.956 408.386 410.052 409.822 409.592 408.576 409.131 409.457 409.227 408.997 409.322 409.092 409.417 408.632 407.617 406.276 408.497 406.926 405.356 405.126 407.577 404.665 404.205 402.865 404.531 402.405 402.175 401.159 400.374 398.803 399.128 398.343 397.327 396.312 396.312 394.741 393.17 394.836 391.925 391.14 389.569 389.339 389.109 386.982 385.412 385.182 384.396 382.825 381.255 379.684 378.113
381.255 382.04 382.825 384.396 386.752 387.538 386.427 387.998 389.569 391.14 391.37 392.94 393.17 394.741 396.867 397.883 398.113 398.898 400.469 400.699 400.374 401.159 401.389 403.515 403.19 404.205 404.991 404.665 406.236 405.681 406.696 406.926 407.942 407.386 407.617 408.632 408.862 409.092 407.981 408.211 409.227 408.116 409.131 411.258 408.806 410.607 408.711 410.282 407.275 408.846 407.735 408.75 407.084 407.314 407.544 407.774 406.664 405.783 406.568 405.458 403.562 404.022 404.252 402.586 404.156 401.705 401.38 401.61 399.944 398.833 397.167 398.738 396.286 394.62 394.85 395.865 393.414 391.748 391.193 389.526 389.201 388.09 386.98 383.187 384.203 383.878 380.871 381.101 376.523 378.419 381.426 382.537 382.862 385.314 385.639 386.75 387.63 389.526 390.637 390.962 393.414 393.184 394.85 396.516 396.286 396.056 397.722 398.833 399.158 399.483 400.039 401.15 402.816 403.141 404.252 404.022 405.132 405.458 406.013 405.553 408.004 406.434 406.759 406.529 408.98 408.75 407.735 408.846 409.171 410.282 408.711 409.266 408.806 409.362 409.687 409.457 409.227 408.767 408.767 409.092 407.521 409.187 407.617 406.831 408.497 405.586 405.356 405.681 405.451 406.006 404.435 404.205 404.531 402.96 402.175 401.945 400.929 400.699 399.128 398.898 398.113 396.312 396.312 394.741 393.17 394.836 392.71 391.14 389.569 387.998 389.109 385.642 385.967 384.396 382.27 382.825 381.255 379.684 378.113 379.684 381.255 381.485 383.611 385.182 386.752 387.538 387.768 387.998 389.569 391.695 391.925 394.281 393.17 395.297 397.423 397.883 399.454 398.898 397.232 402.04 400.374 401.714 401.389 402.405 403.19 402.865 404.991 404.11 406.236 405.126 406.696 406.926 408.497 407.386 407.617 408.632 409.417 409.092 408.537 408.997 409.227 409.457 409.687 408.021 408.806 408.481 408.711 408.386 409.956 410.186 409.076 409.306 408.98 407.87 407.544 407.774 406.108 406.894 406.013 405.458 405.132 404.022 404.482 402.586 402.26 401.15 400.594 401.054 399.944 397.492 397.167 397.397 396.286 394.62 396.191 393.184 392.073 391.748 389.852 388.971 387.305 387.535 385.084 385.869 382.862 383.878 380.871 380.315 378.649 378.975 381.426 381.751 384.203 384.528 386.424 388.09 389.201 389.526 391.423 392.303 392.073 393.184 394.065 394.62 394.945 397.397 399.063 399.388 397.817 400.269 400.039 403.831 402.816 402.586 404.252 405.362 405.132 405.458 405.783 406.894 406.664 407.774 407.544 406.529 408.98 408.75 409.076 407.505 407.275 409.726 408.711 409.036 409.592 411.258 407.791 409.457 409.227 410.338 408.767 409.647 408.862 407.291 408.957 407.386 405.816 406.926 406.696 405.681 404.896 406.006 404.435 402.865 402.635 403.745 403.515 401.714 400.374 398.803 400.469 397.002 398.668 396.312 395.527 394.741 393.17 392.94 393.821 391.14 389.569 387.998 389.109 387.538 386.752 383.841 383.611 382.04 381.255 379.684 378.113
381.255 381.255 383.611 384.396 385.412 387.538 387.213 389.339 389.569 391.14 391.37 392.94 393.17 394.741 396.082 397.883 398.113 398.898 398.573 402.04 400.374 401.945 403.515 402.405 403.975 402.865 404.435 405.221 404.896 406.466 406.696 406.926 406.601 410.068 407.847 408.632 407.521 407.196 408.767 408.997 409.227 409.457 408.346 409.362 409.036 409.822 409.496 408.386 407.275 407.505 407.735 408.75 408.195 407.084 407.544 406.434 407.449 405.553 405.228 405.458 405.132 405.362 404.252 402.586 402.26 403.046 401.38 400.269 400.499 399.388 398.507 397.397 396.286 394.62 392.724 393.184 393.414 390.962 389.852 389.526 389.201 386.75 386.98 385.314 384.203 381.751 381.426 381.886 378.649 380.315 381.426 382.537 384.203 384.758 386.194 387.535 387.63 389.526 389.852 390.962 392.073 395.865 396.191 394.945 396.286 397.397 397.167 398.833 400.499 398.928 401.61 400.364 402.03 403.926 402.911 404.022 405.132 405.458 403.887 405.553 405.323 406.434 406.759 408.655 408.195 408.75 409.076 408.29 409.956 408.386 409.496 409.266 408.806 411.258 409.687 409.457 409.227 408.211 408.767 409.092 408.862 407.847 408.957 407.386 408.497 406.926 406.696 405.681 406.236 404.665 404.435 404.761 401.294 402.96 403.515 401.945 400.929 400.699 398.573 400.239 398.668 396.542 396.312 395.297 396.407 392.94 392.71 392.48 389.569 390.679 389.109 387.538 385.412 383.841 383.611 382.825 381.255 379.684 378.113 378.898 381.255 382.825 383.055 384.396 386.752 385.642 387.213 387.998 390.909 391.14 393.266 391.6 395.066 395.297 396.312 396.542 397.327 398.343 400.469 399.358 400.929 401.945 402.175 402.405 403.975 402.865 404.435 406.006 404.896 406.466 406.696 405.586 407.942 406.831 407.617 407.291 407.521 407.196 408.767 407.656 409.227 410.012 408.346 408.576 409.592 408.481 410.052 408.386 409.956 408.846 407.735 408.75 408.195 408.655 407.544 406.434 406.664 406.894 405.228 405.458 405.132 404.022 403.696 402.586 403.371 401.15 401.61 400.269 400.499 398.833 398.507 398.182 396.516 394.62 394.295 393.739 392.073 391.748 389.852 389.526 389.201 386.75 386.98 385.314 382.862 382.537 381.426 380.315 378.649 378.419 381.426 382.537 383.648 384.528 386.424 387.535 389.201 389.526 390.637 391.748 392.073 392.399 394.295 395.175 396.286 396.611 399.063 400.174 399.158 400.269 401.935 401.705 402.03 402.586 402.911 404.022 403.562 404.902 405.228 406.894 405.323 406.434 407.544 407.084 407.64 408.75 409.076 408.846 407.83 408.941 406.815 409.036 408.806 408.576 409.131 409.457 408.441 408.211 408.767 407.196 409.417 408.632 407.617 406.831 405.816 406.926 406.926 406.466 404.896 403.88 404.435 405.546 404.531 402.96 402.73 400.604 400.374 398.803 400.469 398.343 398.113 396.542 396.867 394.741 393.17 392.94 392.71 391.695 390.909 387.998 389.109 386.982 385.967 383.841 382.825 381.255 381.255 378.898 378.113
380.469 382.04 383.055 385.182 385.967 387.538 389.109 389.339 389.569 391.14 393.266 393.496 394.511 394.741 395.527 397.097 397.327 398.898 399.128 402.04 402.27 401.159 403.515 402.405 403.975 404.761 404.435 404.665 404.896 405.126 406.696 407.712 405.816 408.172 406.276 407.847 408.862 407.196 408.537 408.997 409.227 409.457 407.005 409.362 408.806 408.481 409.496 408.941 409.956 408.29 408.52 408.75 408.195 408.655 407.544 406.434 406.664 406.338 405.228 405.458 405.132 405.362 402.911 402.586 403.371 401.15 400.039 401.054 400.499 400.959 397.722 398.738 396.286 395.961 394.85 394.525 393.414 391.748 389.852 389.526 389.201 388.09 386.98 385.314 384.203 382.537 381.426 381.101 379.99 378.975 381.426 382.537 382.862 385.314 386.98 387.305 387.86 389.526 389.852 391.748 392.073 393.739 394.295 395.175 394.945 398.738 397.722 398.833 400.499 399.713 401.38 401.15 402.816 403.141 404.482 402.681 405.132 405.458 406.568 406.894 406.664 406.434 407.544 407.87 407.084 409.306 407.735 408.06 407.275 410.282 408.711 408.481 409.592 409.917 409.131 409.457 409.227 407.656 408.537 409.092 408.862 408.632 407.617 410.068 407.156 405.586 406.696 406.466 405.451 403.88 404.435 402.865 403.19 402.405 402.175 400.374 400.374 398.803 400.469 398.343 398.113 397.097 396.312 395.297 393.17 392.94 392.71 391.14 390.909 389.339 386.427 387.538 385.412 384.396 383.611 382.825 381.255 378.898 378.113 379.684 381.255 382.825 382.27 383.841 385.967 387.538 387.768 389.339 390.909 391.14 392.71 394.281 395.066 394.741 395.527 396.542 398.113 398.343 398.573 402.595 401.484 401.945 401.389 402.96 403.975 402.865 404.991 404.665 404.896 405.126 406.696 406.926 405.816 406.276 407.847 408.632 407.521 409.092 408.537 407.656 408.441 408.116 410.472 409.362 408.806 409.036 410.052 410.282 407.83 408.06 407.735 409.306 408.98 407.314 407.544 406.434 406.108 406.894 405.783 405.458 404.577 404.022 404.252 402.586 402.816 400.364 401.935 401.054 399.944 397.492 399.063 397.397 396.516 395.961 394.065 393.184 392.073 390.962 391.423 388.971 389.201 385.409 386.424 384.758 386.329 382.537 381.426 380.315 378.094 380.315 381.426 382.537 382.862 384.758 385.639 387.305 387.63 388.971 391.423 390.962 393.414 393.739 394.295 394.62 396.286 398.738 398.507 398.833 400.499 401.61 400.824 401.705 400.689 403.926 404.252 404.022 406.473 405.458 405.228 405.553 405.878 406.434 407.544 408.655 407.084 407.41 407.735 408.06 409.956 410.282 410.052 409.036 410.147 408.576 407.005 409.457 409.227 408.767 408.767 409.092 409.417 408.077 407.847 407.386 408.497 406.926 406.696 406.466 404.896 406.006 404.435 404.761 403.19 402.96 401.945 401.159 401.484 402.04 398.573 398.898 397.327 395.757 396.312 394.741 395.066 391.6 393.266 391.14 390.909 389.339 385.316 387.538 385.967 383.841 384.396 381.485 380.469 379.684 378.113
380.469 381.255 383.611 384.396 385.967 387.538 387.213 388.783 390.909 391.14 392.71 391.6 395.066 396.637 396.312 396.312 397.883 398.898 398.573 400.699 400.929 401.945 401.389 402.405 403.19 402.865 404.435 404.665 404.896 406.466 406.696 406.371 408.497 407.386 408.957 408.077 405.625 409.092 408.767 407.656 409.227 409.457 409.687 408.021 408.806 408.481 408.711 410.282 407.83 408.29 407.735 407.41 408.195 407.084 406.759 406.434 405.323 406.338 405.783 405.458 405.132 402.681 402.911 403.141 402.03 401.15 401.38 401.61 399.388 399.618 399.063 396.056 396.286 395.961 394.295 393.739 393.414 392.303 389.852 389.526 389.201 386.75 386.424 386.654 382.862 382.537 380.871 378.975 376.523 378.975 381.426 382.537 382.862 384.758 386.194 388.09 389.201 389.526 390.637 390.962 392.073 393.184 394.295 395.961 396.286 396.841 399.063 398.833 400.499 400.269 400.039 402.26 402.26 402.586 404.252 404.022 403.562 405.458 405.228 405.553 405.323 406.434 407.544 407.314 408.98 408.75 407.18 410.186 407.83 408.941 408.711 409.036 409.036 409.362 407.561 408.116 408.441 408.211 408.537 409.092 408.862 407.847 408.957 410.068 407.942 407.712 406.926 406.466 406.236 403.88 404.435 404.205 403.975 402.405 402.73 401.159 400.374 398.803 400.469 398.898 398.668 397.097 395.527 395.297 393.17 392.94 390.029 391.695 389.569 390.679 387.213 383.746 385.967 384.396 383.611 382.825 380.469 378.898 378.113 379.684 380.469 381.255 383.611 385.182 385.967 387.538 389.109 390.679 390.909 391.14 393.266 392.94 393.17 394.741 395.527 396.312 397.327 398.343 399.128 402.04 402.27 401.159 402.175 402.96 402.635 402.865 404.435 404.665 406.236 406.466 406.696 406.371 408.497 407.386 407.617 407.847 407.521 409.092 408.767 408.997 409.227 408.116 409.687 408.021 409.592 408.481 408.711 410.282 409.956 407.505 408.52 407.965 407.084 407.084 407.544 406.434 406.664 406.894 407.354 405.458 405.918 404.022 403.696 402.586 402.816 401.15 401.38 401.61 397.817 399.388 396.381 398.738 396.516 395.175 392.724 393.184 392.073 390.962 391.193 388.971 387.86 388.09 385.639 385.314 383.648 382.537 381.426 378.419 376.523 378.419 380.871 382.537 382.862 385.314 386.98 386.75 387.86 389.526 391.423 392.303 393.414 393.739 394.295 395.961 396.516 396.056 398.507 398.833 399.158 401.054 400.039 403.831 402.816 402.586 402.356 404.022 403.792 405.458 405.783 406.338 406.108 406.434 406.759 408.655 407.084 408.75 408.52 408.846 409.956 408.386 408.711 410.607 408.806 408.021 409.131 408.116 409.227 408.997 408.767 409.092 408.862 408.077 407.617 406.831 406.601 406.926 406.696 406.466 406.236 406.006 404.435 402.865 403.19 402.96 403.515 401.945 400.374 400.699 400.469 397.002 396.772 397.097 395.527 394.741 395.066 392.94 391.37 391.14 389.569 387.998 389.109 386.982 384.856 384.626 384.396 382.825 381.255 378.113 378.113
380.469 381.485 383.611 384.396 385.412 386.982 389.109 387.998 389.569 392.48 391.37 394.836 395.066 395.297 396.867 396.542 398.113 398.898 400.469 402.04 402.825 401.945 402.175 402.96 402.635 402.865 404.435 404.665 406.236 405.681 406.696 405.586 408.497 407.386 407.617 409.187 408.862 409.092 408.537 408.211 408.441 409.457 410.472 408.576 408.251 410.607 406.815 410.282 409.956 408.846 408.52 407.41 408.195 408.655 406.759 406.434 405.878 405.553 406.568 405.458 405.132 404.022 402.911 402.586 402.816 402.26 400.039 399.713 399.158 397.492 397.167 396.841 396.286 395.175 394.295 393.184 393.414 391.748 389.852 388.971 389.201 387.305 385.084 385.314 383.648 382.537 380.871 381.101 378.649 379.76 381.426 382.537 382.862 385.314 386.98 388.09 388.646 389.526 391.423 391.748 392.073 392.399 394.85 395.961 396.516 397.397 399.063 397.492 400.499 400.269 401.38 401.15 402.26 403.926 402.911 404.022 405.132 405.458 405.783 406.338 408.004 407.774 407.544 408.655 407.64 408.75 407.735 408.846 407.275 406.815 409.496 408.481 410.147 408.576 409.131 408.116 408.441 408.767 408.767 407.196 408.862 408.077 408.402 407.386 405.816 406.926 406.696 405.681 406.236 404.665 405.546 404.205 402.635 402.405 403.515 401.714 400.374 400.699 399.128 398.343 398.668 396.542 396.312 396.637 395.066 393.496 393.266 391.14 389.569 388.783 389.109 387.538 385.412 385.182 383.611 381.255 380.469 379.684 378.113 378.898 381.255 382.825 382.27 385.182 385.967 385.642 387.213 387.998 390.909 391.14 393.266 394.281 393.17 396.637 395.527 396.542 396.772 397.002 397.232 398.803 400.374 401.714 402.73 403.515 403.975 404.205 404.435 404.665 404.896 406.466 405.356 406.926 408.497 406.831 408.957 407.291 409.417 409.092 409.322 410.338 409.227 409.457 408.346 408.576 409.036 408.481 408.711 408.386 407.275 407.505 409.076 407.41 408.195 407.314 406.759 407.774 405.323 405.553 405.783 405.458 403.562 404.022 402.911 403.141 402.26 401.705 401.38 400.269 399.713 399.388 397.167 398.738 396.286 396.516 392.724 393.739 393.414 391.748 390.637 389.526 389.201 386.98 385.084 384.528 383.648 382.537 381.426 381.101 378.094 380.315 381.426 382.537 384.203 385.869 386.424 387.535 387.86 389.526 389.852 390.962 393.969 393.184 394.295 394.62 396.841 396.841 397.167 398.833 399.388 399.483 401.61 400.364 402.03 403.141 403.696 404.022 405.132 404.902 405.228 405.553 407.449 406.434 406.759 407.084 407.084 408.75 408.52 408.846 408.616 408.941 408.711 408.481 408.251 411.258 409.687 408.116 409.227 408.997 408.767 407.751 408.862 407.847 407.617 406.831 408.497 406.926 406.696 406.466 404.896 404.665 404.991 404.761 404.531 402.405 402.175 401.714 400.374 400.699 398.573 398.898 397.327 397.097 395.527 396.637 395.066 393.496 392.71 391.14 389.569 387.443 389.109 387.538 385.967 384.396 384.396 382.04 380.469 379.684 378.113
381.255 382.825 382.825 384.626 384.856 387.538 389.109 387.998 390.909 391.14 392.71 394.281 393.17 394.741 396.312 397.097 396.772 398.898 401.024 402.595 401.484 401.945 402.175 402.405 403.19 402.865 404.435 406.006 405.451 406.466 405.356 406.926 408.497 407.386 407.617 408.632 405.625 409.092 407.196 408.211 409.227 410.012 409.131 411.258 408.806 409.036 408.156 408.941 408.06 408.29 407.735 408.75 407.64 405.974 407.544 406.434 406.108 406.894 405.228 403.562 403.562 404.022 403.696 401.8 402.26 401.705 401.38 401.054 399.944 398.833 399.063 397.397 396.286 395.961 394.295 392.399 392.073 392.303 391.193 387.63 387.86 388.09 386.98 384.758 384.203 381.751 381.426 378.419 378.094 379.76 380.871 382.537 382.862 385.314 386.98 386.75 387.86 389.526 389.852 392.303 392.073 393.739 392.724 396.516 396.286 398.738 398.507 397.492 399.388 401.61 400.039 403.046 402.26 403.141 402.911 404.022 403.562 405.458 406.568 405.783 405.878 407.774 407.544 408.655 408.98 407.965 407.735 408.846 409.956 408.386 408.711 408.481 409.036 408.576 409.687 408.901 408.441 407.656 408.767 409.092 409.417 407.291 407.617 408.727 408.497 406.371 406.696 406.466 404.896 404.665 404.991 404.761 403.19 403.745 402.175 401.945 400.929 400.699 400.469 398.898 398.668 397.883 396.082 395.297 396.407 392.94 391.37 391.14 389.569 389.339 389.109 387.538 385.412 383.841 384.396 382.825 380.469 379.684 378.113 379.684 381.255 382.825 383.611 384.396 385.412 387.538 389.109 389.339 389.569 391.14 391.37 391.6 393.17 395.297 396.312 396.542 397.883 398.343 399.128 400.699 400.374 401.945 402.175 402.96 404.531 406.102 406.332 403.88 406.236 405.681 406.696 406.926 406.601 407.386 407.617 407.291 408.862 407.196 408.537 408.211 409.227 408.116 409.131 407.465 410.147 409.822 408.711 410.282 407.83 408.846 408.52 409.306 408.195 407.87 407.544 405.648 408.004 406.894 405.228 405.458 405.132 403.236 404.252 402.586 402.816 401.15 401.38 399.713 399.713 398.277 398.507 396.056 396.286 394.62 396.191 392.399 392.073 390.962 389.296 389.526 389.201 387.305 385.084 385.314 382.862 382.537 380.871 379.76 378.649 378.975 381.426 382.537 382.862 384.528 386.194 388.09 389.201 389.526 391.423 390.962 392.073 394.525 394.065 394.62 396.286 397.397 398.507 398.833 399.158 400.269 400.039 401.705 402.26 404.482 404.252 403.236 405.132 405.458 405.228 406.894 406.108 406.434 406.759 407.314 407.64 406.069 407.735 407.505 409.956 408.386 410.052 409.036 408.251 409.362 409.131 410.012 409.227 408.211 408.537 407.196 407.521 408.632 407.061 407.386 408.497 406.926 407.252 405.681 405.451 406.006 404.435 406.102 403.19 402.96 402.175 401.714 400.374 400.699 399.128 398.898 398.113 396.542 396.312 396.637 395.066 394.836 391.37 391.14 390.909 389.339 389.109 387.538 385.967 385.182 384.396 382.04 380.469 379.684 378.113
381.255 382.04 382.27 383.841 385.967 387.538 389.109 388.783 392.25 391.14 392.71 393.496 395.066 395.297 395.527 395.757 396.772 398.898 400.469 400.699 400.374 401.945 401.389 402.405 403.975 404.761 404.435 406.006 404.896 405.126 406.696 406.926 408.497 406.831 407.617 408.632 406.966 409.092 408.767 410.338 409.227 410.012 409.687 408.021 408.806 409.036 408.711 410.282 407.83 408.846 407.735 407.965 408.195 407.314 406.759 407.774 405.878 406.894 405.228 403.562 403.562 405.362 404.252 403.926 400.689 401.15 401.38 398.928 399.944 398.833 399.063 397.397 396.286 395.961 394.85 393.184 392.073 391.748 389.852 389.526 387.63 386.75 385.084 386.654 383.648 381.751 381.426 379.76 379.99 380.315 380.085 382.537 382.862 385.314 385.084 386.75 387.075 389.526 389.852 390.962 392.073 393.184 394.85 395.175 396.286 398.738 397.722 398.833 399.944 401.054 400.594 403.046 402.816 401.245 404.252 403.236 404.577 405.458 406.568 404.212 406.664 407.774 407.544 407.314 407.64 407.41 409.076 407.505 408.616 409.726 408.711 409.036 409.592 409.362 409.687 409.457 409.227 408.211 408.767 409.092 406.966 408.632 408.402 407.386 406.601 406.926 406.696 403.785 406.236 406.006 404.991 402.865 402.635 402.96 401.945 401.159 400.374 400.699 400.469 398.343 397.883 396.312 396.082 394.741 395.066 391.6 393.266 391.14 390.909 389.339 389.109 387.538 385.967 384.396 383.611 381.255 381.255 378.113 378.113 379.684 381.255 381.255 383.611 385.182 385.412 386.982 385.872 387.998 390.124 391.14 393.266 393.496 393.17 394.741 396.312 397.883 397.327 398.898 400.469 398.803 400.374 401.159 402.73 403.745 402.635 402.865 404.435 403.88 406.236 405.911 405.356 406.371 406.601 410.068 407.061 408.077 407.521 409.092 408.767 410.338 409.227 409.457 409.687 409.362 409.036 408.481 408.156 408.386 409.956 408.29 409.076 408.75 408.195 407.084 406.759 406.989 405.323 406.894 405.228 406.243 405.132 404.022 402.911 403.141 402.816 400.364 401.38 399.483 399.944 398.833 397.722 397.397 396.516 395.175 394.295 393.184 392.073 392.303 390.637 388.971 389.201 388.09 386.98 385.869 382.862 381.751 381.426 380.315 378.094 380.315 380.871 382.537 384.203 383.187 386.424 386.75 387.63 389.526 390.637 390.962 392.073 393.184 394.85 395.175 396.841 396.841 398.507 400.174 400.499 400.269 400.594 401.15 402.26 401.8 402.911 404.022 403.562 405.458 405.783 406.894 406.108 406.434 406.759 407.084 407.64 408.75 409.076 408.29 409.956 410.282 410.052 408.481 410.147 409.362 409.687 408.116 409.227 408.997 408.767 409.092 409.417 408.077 408.957 407.386 408.497 406.926 406.696 405.126 406.236 404.665 402.865 402.865 401.294 402.405 402.175 401.945 400.374 400.699 400.469 398.343 398.113 397.097 396.312 394.741 393.17 391.6 393.821 391.695 390.909 389.339 389.109 385.642 384.856 384.396 383.055 382.04 381.255 378.898 378.113
381.255 382.825 383.611 385.182 385.967 385.642 386.427 390.679 392.25 391.14 391.925 394.836 393.17 395.297 396.312 397.097 397.883 398.343 397.232 398.803 400.929 401.945 402.73 403.515 403.975 402.865 404.435 403.88 404.896 406.466 406.696 406.926 408.497 408.727 407.617 409.187 407.521 409.092 408.537 407.656 408.441 408.901 407.791 409.362 409.036 408.481 410.052 408.386 409.956 411.527 407.735 408.75 408.195 406.529 406.759 407.774 405.323 405.783 405.228 404.902 403.562 404.022 403.696 403.926 402.03 401.15 401.38 399.713 399.158 399.388 399.063 396.611 396.286 395.961 394.295 392.399 393.414 391.748 389.852 389.526 389.201 387.535 385.639 383.187 382.862 382.537 380.315 380.315 378.649 378.419 380.871 382.537 386.329 384.758 386.424 387.535 389.201 389.526 389.852 390.962 392.629 394.525 394.85 394.62 396.286 396.841 397.167 398.277 400.499 401.61 400.824 401.705 402.26 402.586 404.252 404.022 405.132 405.458 407.354 406.894 406.664 406.434 407.544 407.084 406.854 409.306 409.076 408.846 408.386 410.282 410.052 409.266 409.036 408.576 409.131 408.116 408.441 408.767 408.767 409.092 409.417 407.291 407.617 407.386 408.497 405.586 405.356 405.126 407.577 404.665 404.435 405.546 403.975 402.96 403.515 401.159 400.374 398.803 401.024 398.343 399.454 397.883 395.527 395.297 393.17 393.496 393.266 391.14 390.909 390.679 387.768 385.642 385.412 384.396 382.825 380.699 379.914 379.684 378.113 379.684 379.684 382.825 382.27 385.182 385.412 386.982 387.768 388.783 389.569 391.14 392.71 391.6 395.066 395.297 396.312 396.542 398.113 398.898 399.128 400.699 400.374 401.945 403.515 402.405 403.975 402.865 404.435 406.006 405.451 406.466 406.926 406.926 406.601 410.068 407.061 408.632 408.862 409.092 408.767 410.338 408.441 408.901 410.472 407.465 409.592 409.036 410.052 410.282 408.06 410.186 407.18 408.75 407.084 407.314 407.544 407.774 407.449 405.553 406.568 406.243 405.132 404.022 404.252 402.586 402.26 402.49 400.039 401.61 399.158 398.833 398.507 398.738 396.841 395.175 394.295 393.739 392.073 392.303 389.852 389.526 389.201 386.75 385.639 385.314 382.862 382.537 381.426 378.419 378.094 379.76 381.426 382.537 386.329 385.314 385.084 386.75 387.63 389.526 391.193 392.303 392.073 393.184 394.065 395.175 396.286 396.611 398.507 399.618 399.158 401.61 401.38 401.705 402.816 401.245 403.696 404.022 405.132 405.458 406.013 405.783 406.108 407.774 407.544 407.084 408.98 407.41 408.52 408.846 408.06 408.386 408.711 408.481 408.251 408.576 407.791 408.116 409.227 408.997 407.981 409.092 407.521 409.187 407.847 406.276 406.601 406.926 406.696 406.466 405.451 406.006 404.991 402.865 401.294 402.405 402.175 401.159 400.929 400.699 400.469 398.343 397.883 396.542 396.312 394.741 395.066 392.94 392.71 391.14 389.569 387.998 389.109 387.538 385.412 383.841 383.611 382.04 380.469 379.684 378.113
380.469 382.04 382.27 384.396 385.967 385.642 389.109 389.339 392.25 391.14 392.71 394.836 393.17 394.741 395.527 396.542 397.883 398.898 400.469 400.699 400.374 401.945 402.175 402.405 403.19 404.205 404.435 404.665 404.896 403.785 406.696 406.926 406.601 407.386 408.402 408.632 408.862 409.092 409.322 407.656 409.227 408.116 408.346 408.576 408.806 408.481 408.711 410.282 408.06 407.505 407.735 408.75 407.64 408.655 407.544 407.774 407.449 406.338 406.568 405.458 405.132 406.703 402.911 402.586 402.26 401.15 401.935 400.269 399.713 398.833 397.167 396.611 394.945 396.516 394.295 393.739 392.073 390.962 390.637 389.526 387.63 386.75 386.98 386.654 382.862 381.751 381.426 380.315 378.649 380.315 381.426 382.537 384.203 384.528 385.639 387.305 389.201 388.186 389.852 392.303 392.629 393.184 395.405 395.175 396.286 398.738 397.167 398.833 399.158 400.269 400.039 400.364 404.156 403.926 403.696 404.022 405.132 405.458 406.013 405.553 405.323 406.434 407.544 408.655 407.084 407.41 407.735 408.846 409.956 408.386 408.711 409.036 409.592 408.576 408.346 408.116 409.227 408.211 408.767 409.092 407.521 407.291 407.847 407.386 407.942 406.926 406.696 405.126 407.577 403.88 404.435 402.865 403.975 402.405 400.834 401.945 400.374 398.803 399.128 398.898 397.327 397.883 396.312 395.297 395.066 394.281 393.266 392.48 389.569 387.998 389.109 387.538 385.412 384.396 383.611 382.825 379.684 379.684 378.113 379.684 379.684 382.825 382.825 385.182 385.967 385.642 387.768 387.998 390.909 391.14 393.821 394.281 396.407 395.297 395.527 396.542 397.883 399.454 399.128 400.699 400.929 401.159 401.389 402.96 403.975 404.761 404.435 404.665 407.577 405.681 406.696 406.926 408.497 406.831 407.617 407.291 409.417 408.307 409.322 407.656 409.227 409.457 409.687 411.258 409.592 409.036 408.711 408.386 409.956 410.186 407.735 408.75 408.195 407.084 407.544 406.434 406.664 406.338 405.228 405.458 405.132 403.466 403.696 402.586 403.371 401.15 400.824 401.61 399.944 398.833 397.167 396.611 396.286 394.62 394.85 392.399 392.073 391.748 389.852 389.526 389.201 387.535 386.98 385.314 382.862 382.537 381.426 379.76 378.649 380.315 381.426 382.537 384.203 384.528 385.639 386.75 387.86 389.526 391.423 390.962 392.073 392.399 394.85 396.516 396.516 398.738 398.507 398.833 399.944 399.483 400.594 400.364 402.816 403.926 403.696 405.362 405.132 405.458 406.568 406.338 408.004 406.434 407.544 408.655 407.084 407.41 408.52 407.505 409.956 410.282 408.711 408.481 408.806 408.576 409.687 408.116 408.441 410.338 408.767 407.196 408.862 408.077 407.061 406.831 407.156 406.926 406.696 406.466 406.236 404.665 404.991 404.761 403.975 402.405 401.945 401.159 400.374 398.803 398.573 398.343 397.327 397.097 395.527 395.297 393.17 392.94 391.37 391.14 392.25 389.339 389.109 386.982 384.856 384.396 382.825 382.825 380.469 379.684 378.113
381.255 382.825 382.825 384.396 385.967 387.538 389.109 390.679 390.909 391.14 391.37 392.94 393.17 394.741 396.312 397.097 398.113 398.898 401.024 400.699 400.374 401.159 401.945 403.745 403.975 404.761 404.435 404.665 406.236 406.466 406.696 405.586 405.816 406.831 407.847 408.077 408.862 407.196 408.767 408.211 409.227 408.116 409.131 409.917 409.592 408.481 408.711 408.386 407.83 411.527 408.52 407.965 407.084 405.974 406.759 406.434 406.664 405.553 405.228 405.458 403.562 403.466 403.696 402.586 402.26 401.705 401.38 399.713 399.713 398.833 397.722 397.167 396.286 395.961 394.85 393.184 393.414 390.962 389.852 389.526 387.63 388.09 386.98 384.758 383.648 383.878 381.426 380.315 378.649 381.101 381.426 382.537 382.862 384.528 385.639 387.535 387.86 389.526 389.852 391.748 392.859 393.739 394.295 395.175 396.286 398.738 397.722 400.174 399.158 399.713 401.935 402.26 400.689 403.926 404.252 404.022 405.132 404.902 405.228 406.338 407.449 407.774 407.544 406.529 408.195 407.41 407.735 407.735 409.956 410.282 409.496 409.036 409.036 408.576 409.687 409.457 408.671 410.338 409.322 407.196 408.862 408.632 407.617 410.068 408.497 406.926 406.696 406.466 406.236 404.665 404.435 404.205 403.19 402.405 402.73 401.945 400.374 400.699 401.024 398.898 397.327 396.542 396.312 395.297 393.17 393.496 392.71 391.14 389.569 389.339 385.316 387.538 385.412 385.182 382.825 382.04 380.469 379.684 378.113 379.684 381.255 382.825 383.611 384.626 385.412 386.982 385.872 389.339 389.569 391.14 392.71 393.496 395.852 394.741 396.312 397.097 398.668 398.898 399.914 399.358 400.374 401.159 401.389 403.745 403.19 404.761 404.435 404.665 404.896 406.466 406.696 406.926 408.497 406.831 407.061 408.632 408.862 409.092 408.767 408.211 409.227 408.116 407.561 408.576 408.806 409.036 408.711 409.726 409.956 410.186 407.735 406.624 407.64 408.655 407.544 406.434 406.108 406.894 405.228 405.458 403.792 404.022 404.252 403.926 402.03 400.364 401.61 399.713 399.158 398.833 397.722 398.738 396.286 395.961 396.191 393.184 393.969 392.303 391.423 389.526 387.63 386.75 386.424 386.654 382.862 382.537 381.426 379.76 378.094 380.315 381.426 381.751 382.862 384.528 385.639 386.75 387.86 388.971 390.637 392.303 392.073 393.184 394.295 395.175 396.841 396.056 397.167 398.833 399.388 399.713 401.935 402.49 402.26 403.926 402.911 404.022 404.347 405.458 406.568 405.553 406.108 406.434 406.759 407.87 408.195 406.069 407.18 408.846 409.956 410.282 408.711 409.822 409.036 409.917 410.472 409.457 408.441 408.211 407.981 407.196 407.521 407.847 407.847 406.276 408.497 405.586 406.696 405.911 404.896 406.006 406.332 404.761 402.635 402.96 402.175 401.159 400.929 399.358 400.469 398.898 397.327 396.542 396.082 395.297 396.407 394.836 392.71 391.14 389.569 389.339 389.109 386.982 385.967 385.182 383.611 380.699 381.255 379.684 378.113
380.469 382.04 381.715 385.182 385.967 387.538 389.109 389.339 389.569 391.14 391.925 394.836 394.511 395.852 395.527 397.883 396.772 398.898 401.024 400.699 401.484 401.714 403.515 403.515 403.19 402.865 404.435 403.88 405.451 406.466 406.696 406.926 408.497 407.386 407.061 407.847 408.862 407.751 408.767 408.211 408.441 409.457 409.687 409.362 408.806 408.481 408.711 408.941 408.06 408.846 407.735 409.306 408.98 407.314 406.759 407.774 406.664 406.108 406.568 405.458 405.132 404.022 404.252 403.926 402.26 401.705 401.38 401.61 399.944 400.174 397.722 397.397 394.945 394.62 394.295 392.399 392.073 390.962 389.852 389.526 389.201 387.305 386.424 385.869 384.203 381.751 381.426 379.76 376.523 381.101 380.085 382.537 384.758 385.314 386.98 386.75 387.63 389.526 391.423 390.962 392.073 393.184 394.295 395.961 396.516 397.397 395.596 398.833 399.158 400.269 400.594 401.705 402.26 401.245 404.252 404.022 405.132 405.458 405.783 406.338 408.004 406.434 406.759 407.87 407.084 409.306 408.52 408.846 409.956 408.386 410.052 409.266 410.147 409.362 409.131 410.012 409.227 408.211 408.767 407.196 408.862 408.632 408.957 406.276 406.601 406.371 405.356 405.126 406.236 404.665 404.435 402.865 405.086 402.405 401.389 401.945 402.27 398.803 397.232 397.002 397.327 396.312 396.312 396.637 395.066 393.496 392.71 391.14 389.569 390.679 386.427 387.538 385.967 383.286 383.611 382.825 381.255 379.684 378.113 379.684 380.469 381.255 382.825 383.841 385.967 387.538 389.109 387.998 389.569 391.14 393.821 394.281 395.852 396.637 396.082 397.883 397.883 398.898 399.914 399.358 400.374 401.714 403.515 402.96 403.975 406.102 404.435 406.006 405.451 405.911 406.696 407.712 407.942 407.386 407.847 408.632 408.862 407.196 407.981 408.211 408.441 409.457 409.687 408.021 408.806 408.481 408.711 408.386 409.956 408.846 408.52 408.75 407.64 407.314 407.544 407.774 405.323 405.553 403.887 405.458 405.132 404.022 402.911 402.586 402.816 403.831 401.38 399.713 399.944 398.833 397.167 396.611 396.286 396.516 392.724 393.739 392.073 392.303 389.852 389.526 389.201 385.409 385.084 384.758 384.988 382.537 381.426 380.315 378.649 379.76 381.426 381.751 382.862 385.869 386.98 386.75 387.63 389.526 389.852 390.962 392.629 393.739 394.295 394.945 396.841 397.167 398.507 397.492 399.388 398.928 400.594 401.705 402.816 403.141 402.911 404.022 405.132 405.458 406.568 406.894 406.664 407.774 407.544 407.314 408.195 408.75 407.735 408.06 408.386 410.282 409.496 409.266 409.036 409.917 409.131 408.116 409.227 408.211 409.877 409.092 407.521 407.847 407.617 407.386 408.497 406.926 405.356 405.911 405.451 403.325 404.991 404.761 403.975 402.96 402.175 401.945 402.27 398.803 400.469 398.343 398.113 396.542 396.312 394.741 395.066 392.94 391.37 391.14 390.909 389.339 387.768 386.982 385.967 385.182 383.611 382.04 380.469 379.684 378.113
381.255 382.825 382.825 383.841 385.967 385.642 387.768 388.783 390.909 391.14 392.71 392.94 395.066 396.637 396.082 396.542 397.883 398.343 399.914 402.04 400.929 401.159 402.175 402.405 401.294 404.205 405.546 404.665 405.451 405.126 406.696 406.926 406.601 407.386 407.061 408.077 405.625 409.092 408.767 409.552 409.227 408.116 407.791 409.917 408.251 409.036 408.711 410.282 409.956 408.846 407.735 406.069 408.98 406.529 407.544 406.434 406.664 406.338 406.568 405.458 405.132 404.022 404.252 402.586 402.816 402.49 400.039 400.269 400.499 398.833 398.507 397.397 396.286 396.516 394.85 393.184 393.414 391.748 391.423 389.526 389.201 388.09 386.424 385.314 383.648 381.751 380.871 379.76 379.99 379.76 381.426 382.537 382.862 386.654 386.98 388.09 387.63 388.971 391.423 390.962 392.073 393.184 392.724 395.961 396.516 396.611 398.507 398.833 400.499 398.928 400.039 400.364 402.03 403.926 402.911 404.022 405.132 405.458 406.568 406.894 407.449 406.434 407.544 407.084 408.195 407.965 408.52 408.06 408.06 406.815 408.711 408.481 408.806 407.465 409.687 409.457 409.227 408.211 407.981 409.647 409.417 407.847 407.617 406.831 408.497 406.926 406.696 405.681 404.896 404.665 404.435 402.865 402.635 402.96 401.389 401.945 400.929 400.699 400.469 398.343 397.883 397.097 395.527 394.741 394.511 393.496 392.71 391.14 390.909 390.679 389.109 387.538 385.967 384.396 382.27 382.825 379.684 379.684 378.113 378.898 380.469 382.825 382.825 384.626 385.967 385.642 389.109 387.998 390.354 391.14 393.266 393.496 393.17 394.741 395.527 397.883 397.327 398.898 397.232 400.699 400.374 400.604 402.73 403.745 403.975 404.761 404.991 404.665 404.896 406.466 406.696 406.926 405.816 407.386 407.061 407.291 408.862 409.092 408.767 408.997 409.227 409.457 409.687 409.917 408.806 409.036 410.052 410.282 409.956 408.06 408.52 407.965 408.195 407.314 407.544 408.33 407.449 405.553 405.228 405.458 405.132 404.022 403.696 402.586 402.816 402.49 400.824 401.61 399.158 399.388 399.063 397.397 396.516 395.961 394.295 394.525 393.414 391.748 389.852 389.526 389.201 386.75 385.084 384.758 383.648 381.751 380.871 380.315 379.99 380.315 380.315 381.751 384.758 385.314 385.639 386.75 387.63 389.526 389.852 390.962 392.073 393.184 394.065 395.175 396.286 396.611 398.507 397.492 400.499 401.61 401.38 402.49 402.816 404.482 403.696 404.022 405.132 403.562 405.228 405.553 408.004 407.774 407.544 406.529 408.98 408.75 409.076 408.846 409.956 408.386 408.711 408.481 408.806 408.576 409.687 408.116 409.227 408.997 408.767 409.092 407.521 409.187 407.617 406.831 406.601 407.712 406.696 406.466 404.896 403.88 404.435 405.546 403.975 402.405 401.945 401.159 400.929 398.803 398.573 398.343 398.668 396.542 396.312 394.741 393.17 392.94 392.71 391.14 389.569 390.679 389.109 385.642 385.967 383.841 384.396 381.485 381.255 379.684 378.113
381.255 381.255 383.611 384.396 385.967 387.538 387.768 387.998 390.909 391.14 391.37 392.94 393.17 394.741 396.312 396.312 397.327 398.343 399.914 400.699 402.825 401.714 402.73 402.405 403.19 404.205 406.332 404.665 404.896 406.466 406.696 406.371 408.497 406.831 407.847 407.847 407.521 407.751 408.537 408.441 409.227 408.116 409.687 408.576 408.806 409.036 410.607 410.282 407.83 407.505 407.735 407.41 406.854 407.084 406.759 407.774 405.323 405.783 405.783 405.458 405.132 403.466 404.482 401.8 402.816 401.705 401.38 400.269 399.158 400.174 397.722 396.841 396.286 395.175 396.191 393.184 392.073 392.303 390.637 389.526 389.201 386.75 386.194 385.869 382.862 382.537 380.871 378.419 378.094 379.76 381.426 381.751 384.203 385.869 386.424 388.09 389.201 389.526 391.423 390.962 393.414 392.399 395.405 394.62 396.286 396.056 399.063 398.833 399.944 400.269 400.039 402.26 400.689 403.926 403.696 404.022 403.792 405.458 406.568 406.894 407.449 406.434 406.759 407.87 408.98 408.75 408.52 408.846 407.83 408.386 406.815 409.266 409.036 407.465 407.791 409.457 408.441 408.211 408.767 409.092 408.862 408.632 407.061 408.727 408.497 406.926 406.696 405.126 404.896 404.665 404.435 404.761 402.635 402.405 402.175 401.159 400.374 398.803 399.128 398.898 397.327 397.883 396.312 394.741 395.066 391.6 391.37 391.14 390.909 390.679 389.109 387.538 385.967 384.396 384.396 381.255 380.469 379.684 378.113 379.684 380.469 382.04 384.396 385.182 385.967 387.538 387.768 388.783 389.569 391.14 391.925 394.836 395.066 395.297 396.867 397.883 397.883 398.898 397.232 400.699 400.374 401.159 401.389 402.405 403.19 402.865 405.546 404.665 406.236 406.466 407.252 405.356 405.816 407.386 408.957 407.291 409.417 407.196 408.767 410.338 409.227 408.116 410.472 408.576 408.806 409.822 409.496 408.941 409.956 408.846 409.076 409.306 407.64 408.655 406.759 407.774 406.108 405.553 405.228 405.458 405.132 404.022 402.911 403.926 402.816 401.15 401.38 399.713 399.944 400.959 398.507 398.738 396.286 396.516 394.295 395.865 392.073 390.962 391.423 389.526 387.63 387.305 385.409 384.528 383.648 382.537 381.426 380.315 379.99 378.975 381.426 382.537 382.862 385.314 386.424 387.305 389.201 388.971 390.637 390.962 392.073 393.739 394.065 395.175 396.841 398.738 398.507 398.833 399.944 399.713 401.38 401.705 400.689 401.8 402.911 404.022 405.132 405.458 405.228 405.553 405.323 407.774 408.1 407.084 408.98 409.306 408.52 407.505 409.956 410.282 410.052 409.266 409.036 408.576 409.687 409.457 409.227 408.997 408.537 409.647 408.307 408.632 407.617 406.831 405.816 407.712 406.696 406.466 404.896 404.665 404.435 404.761 402.635 402.96 401.945 401.945 400.374 398.803 399.128 398.898 398.113 396.542 396.312 396.637 393.17 393.496 392.71 392.48 389.569 387.998 389.109 387.538 385.412 384.396 382.27 382.825 379.684 379.684 378.113
381.255 382.825 383.611 384.396 385.967 383.746 387.768 387.443 389.569 391.695 392.71 392.94 393.17 394.741 396.312 397.883 396.772 398.898 399.914 399.358 400.374 401.159 402.175 402.96 402.635 404.761 404.435 404.665 404.896 405.126 405.356 406.926 405.816 407.386 407.847 407.291 407.521 407.196 408.537 410.338 408.441 408.116 409.131 408.021 408.806 409.036 408.711 410.282 409.956 408.846 408.52 409.306 407.084 407.084 408.1 405.648 405.323 406.338 406.013 405.458 405.132 404.022 404.252 402.586 402.26 403.831 401.38 400.269 399.158 398.833 399.063 396.611 396.286 395.175 392.724 392.399 393.414 390.962 391.423 389.526 387.86 386.75 385.084 384.758 383.648 382.537 381.426 378.975 376.523 380.315 381.426 382.537 382.862 384.528 385.084 386.98 389.201 389.526 389.852 390.962 393.414 393.184 394.85 394.62 396.841 398.738 397.167 400.174 399.388 399.713 401.38 402.26 402.816 402.586 402.911 404.022 403.792 405.458 405.228 405.783 406.108 406.434 407.544 406.529 408.98 408.75 407.735 408.846 409.956 408.386 408.711 410.377 410.147 409.362 409.131 408.116 408.441 408.211 408.767 407.196 408.862 408.077 407.617 407.386 408.497 405.586 406.696 406.466 404.896 404.665 404.991 404.761 403.975 402.405 401.945 401.159 400.929 402.04 398.573 398.898 397.327 397.097 396.082 394.741 393.17 394.281 393.266 391.14 389.569 389.339 387.213 387.538 385.967 385.182 383.611 382.825 381.255 378.898 378.113 379.684 381.255 382.825 383.611 383.286 385.412 387.538 389.109 387.998 389.569 391.14 392.71 394.836 393.17 394.741 396.312 396.312 397.327 399.454 401.024 398.803 400.374 401.159 402.175 402.96 403.19 402.865 404.435 404.435 407.577 406.466 407.252 406.926 405.816 406.831 407.847 407.291 407.521 407.196 408.767 408.997 408.441 409.457 409.687 407.465 409.036 409.036 408.711 408.386 409.956 408.846 409.076 409.306 408.98 407.314 406.759 406.434 405.323 405.783 405.783 405.458 405.132 404.022 403.696 402.586 402.816 403.831 401.935 399.713 399.388 398.833 397.722 396.841 396.286 395.175 394.065 393.739 392.073 390.962 391.423 389.526 387.86 387.535 385.639 385.314 383.648 382.537 380.871 378.975 379.99 379.76 381.426 382.537 384.988 383.187 386.98 388.09 389.201 389.526 389.852 390.962 392.073 393.184 394.295 394.62 396.286 396.841 399.063 397.492 399.944 401.054 401.61 401.705 402.816 402.586 403.696 404.022 405.918 405.458 405.783 406.338 408.004 407.774 407.544 408.655 408.98 407.41 409.076 407.735 407.275 408.386 408.156 409.266 409.036 409.362 407.791 409.457 409.227 408.767 408.767 407.196 408.862 408.632 408.957 407.386 406.601 406.926 406.696 406.466 406.236 404.665 404.435 402.865 403.975 402.405 401.945 401.945 400.929 402.04 399.128 398.343 397.327 396.312 396.312 396.637 395.066 391.6 392.71 391.14 389.569 389.339 389.109 386.982 385.412 385.182 382.825 382.04 381.255 379.684 378.113
380.469 381.255 383.611 384.626 386.752 387.538 385.872 387.998 390.909 391.14 391.37 392.94 393.17 396.637 396.312 396.542 398.113 398.898 399.128 400.699 400.929 401.159 403.515 403.515 404.531 406.102 405.546 404.665 405.451 406.466 406.696 406.926 407.942 406.831 407.061 407.847 409.417 407.196 409.322 408.211 409.227 409.457 407.791 408.576 408.806 409.036 410.052 408.941 408.386 407.505 408.52 407.965 407.64 406.529 407.544 407.774 407.449 406.338 405.228 404.902 403.562 404.022 404.252 403.141 402.816 400.364 401.38 400.269 399.944 398.833 397.722 397.397 396.286 395.961 392.724 395.865 392.073 391.748 390.637 389.526 389.201 386.75 385.084 385.314 384.203 381.751 381.426 378.419 378.094 379.76 381.426 382.537 382.862 384.758 386.424 387.305 387.86 389.526 390.637 391.748 392.073 393.739 394.295 395.961 396.286 396.611 397.167 397.492 399.944 399.483 400.594 401.15 402.26 402.586 404.252 404.022 405.132 405.458 405.228 405.553 408.004 406.434 406.759 407.084 407.084 408.75 408.52 408.846 409.956 408.386 408.156 409.036 408.806 408.576 407.561 408.116 408.441 408.211 408.767 409.092 407.521 408.632 408.402 406.276 405.26 405.586 406.696 405.681 404.896 406.006 404.435 404.205 403.975 403.745 402.73 401.945 401.484 398.803 400.469 398.343 398.668 397.883 396.312 395.297 395.066 392.94 392.71 392.48 390.909 390.679 389.109 387.538 386.752 384.396 384.396 381.255 380.469 379.684 378.113 378.898 380.469 382.825 382.825 385.182 385.412 386.982 389.109 389.339 390.909 391.14 391.925 394.836 395.066 394.741 395.527 397.883 397.327 398.343 400.469 400.699 400.374 401.945 402.175 402.405 403.975 402.865 404.435 406.006 404.896 405.911 406.696 405.586 405.816 406.831 407.617 407.291 409.417 407.196 408.767 410.338 409.227 409.457 409.687 411.258 409.036 409.266 408.711 408.386 408.06 407.505 408.52 408.75 407.084 407.87 407.544 407.774 407.449 406.338 405.783 405.458 405.132 403.236 404.252 402.586 402.26 400.364 401.935 401.054 399.944 399.388 396.381 398.738 396.286 395.961 394.065 393.739 392.073 390.962 389.852 389.526 389.201 387.305 386.424 384.528 384.988 382.537 380.085 378.419 378.649 378.419 381.426 383.878 384.203 385.314 386.424 386.75 387.63 389.526 389.852 392.303 393.414 392.399 394.85 395.961 396.286 398.738 399.063 398.833 400.499 398.928 400.594 403.831 402.03 402.586 403.696 404.022 405.132 403.562 405.228 406.338 408.004 407.774 406.759 408.655 408.195 409.306 409.076 408.29 409.956 410.282 408.711 409.822 411.488 408.576 409.131 409.457 409.227 408.767 408.537 410.433 407.521 408.632 407.617 410.068 405.26 407.712 406.696 406.466 405.451 406.006 404.435 404.761 402.635 402.405 401.389 401.945 400.374 398.803 399.128 400.239 396.772 397.883 396.082 395.297 394.511 391.6 391.37 391.14 390.909 389.339 385.872 387.538 386.752 383.286 382.27 381.255 381.255 378.898 378.113
381.255 382.04 382.825 384.626 385.967 387.538 389.109 390.679 389.569 391.695 391.37 391.6 393.17 394.741 396.867 397.883 398.113 398.898 400.469 400.699 401.484 401.945 401.389 402.96 404.531 404.761 404.435 406.006 406.236 405.681 406.696 406.926 408.497 406.831 407.847 408.632 408.862 407.196 408.767 408.211 408.441 409.457 408.346 409.362 408.806 409.266 408.156 408.386 408.06 408.846 409.076 407.41 407.64 407.314 407.544 406.434 406.664 405.553 405.783 405.458 403.562 404.022 404.252 402.586 402.816 401.705 401.38 399.713 399.388 398.833 397.722 398.738 396.286 395.961 394.295 395.865 392.073 390.962 389.852 389.526 387.63 388.09 385.639 384.758 383.648 382.537 381.426 379.76 378.649 379.76 381.426 382.537 382.862 385.314 385.639 387.305 387.86 388.971 391.423 392.303 392.073 393.739 394.85 395.175 396.286 396.841 397.722 397.492 399.388 401.61 400.594 400.364 402.816 404.482 403.696 404.022 405.132 406.243 405.228 404.212 405.323 407.774 408.885 408.655 407.084 408.75 409.076 407.735 409.956 408.941 408.711 408.481 408.806 408.021 407.791 409.457 409.227 409.552 408.537 409.092 408.862 407.847 408.402 407.386 405.816 406.926 406.696 405.126 406.236 404.665 404.991 405.546 403.19 402.405 402.175 401.714 400.374 398.803 400.469 398.898 397.883 396.312 396.312 394.741 393.17 395.392 391.37 391.14 389.569 389.339 389.109 385.642 384.856 385.182 382.27 382.04 380.469 379.684 378.113 379.684 381.255 381.485 383.611 384.396 385.967 385.642 385.872 387.998 390.909 391.14 393.266 394.836 393.17 394.741 396.312 396.312 397.883 398.343 399.128 400.699 400.929 401.945 403.515 402.405 403.19 404.205 404.435 406.006 407.577 405.911 406.926 406.926 406.601 406.831 408.957 407.291 408.862 408.307 408.767 408.997 408.441 409.457 409.131 408.576 409.036 408.481 408.711 408.386 409.956 407.505 408.52 408.75 408.98 407.87 407.544 407.774 406.108 406.338 406.568 405.458 405.132 403.236 403.696 401.8 402.26 400.364 401.38 401.054 399.158 398.833 398.507 397.397 396.286 395.175 394.295 393.739 393.414 390.962 390.637 389.526 387.63 385.409 386.194 385.314 384.203 382.537 381.426 380.315 378.649 379.76 381.426 382.537 382.862 385.314 385.639 387.535 387.63 389.526 390.637 390.962 392.073 393.184 394.85 395.961 396.286 397.397 397.167 399.388 399.944 401.054 401.38 403.831 402.816 403.926 404.252 404.022 405.132 404.902 405.783 405.553 405.878 406.434 406.759 406.529 407.084 409.306 408.52 408.846 408.06 408.386 408.711 409.266 409.592 410.702 407.791 409.457 408.441 408.997 408.767 409.092 409.417 408.632 407.617 407.386 408.497 406.926 405.356 406.466 406.236 406.006 404.435 404.761 404.531 402.405 400.834 401.945 400.374 400.699 399.128 398.898 398.668 397.883 396.312 395.297 396.407 391.6 391.37 391.695 389.569 390.679 387.213 387.538 385.967 383.286 383.055 382.04 381.255 378.898 378.113
380.469 382.04 382.27 384.396 385.967 387.538 389.109 389.339 389.569 391.14 392.71 394.836 395.066 394.741 396.312 397.097 396.772 399.454 399.128 400.699 400.374 401.714 401.945 402.405 403.975 404.205 404.435 404.665 404.896 406.466 405.356 406.926 405.816 407.386 407.617 409.187 408.862 407.196 408.767 408.211 409.227 409.457 407.791 408.576 409.036 408.481 406.815 408.386 408.06 411.527 409.076 409.306 407.084 406.529 407.544 407.774 407.449 406.894 407.354 405.458 405.132 404.022 404.252 404.482 402.26 403.831 401.38 401.054 399.713 397.492 399.063 397.397 396.286 395.175 394.85 393.184 392.073 392.303 389.296 389.526 389.201 386.75 386.424 384.528 384.203 382.537 380.085 379.76 378.649 379.76 381.426 382.537 384.203 384.528 385.639 387.535 389.201 389.526 390.637 392.303 393.414 395.865 394.065 395.175 396.286 397.397 399.063 400.174 399.388 399.713 401.38 401.15 402.03 404.482 402.911 404.022 403.562 405.458 406.013 406.894 405.323 407.774 406.759 408.655 407.084 408.75 407.735 408.846 409.171 408.386 409.496 410.607 409.592 409.917 407.791 409.457 408.441 410.338 408.767 409.647 408.862 407.291 406.276 406.831 406.601 406.926 405.356 406.466 405.451 404.665 404.991 404.761 403.19 402.405 403.515 401.714 400.374 398.803 401.024 398.343 398.113 397.883 396.312 398.533 394.511 394.836 392.71 391.14 389.569 390.679 387.768 385.642 385.967 385.182 383.611 382.825 380.469 379.684 378.113 379.684 381.255 381.255 382.825 384.396 385.412 387.538 389.109 390.679 389.569 391.14 391.37 392.94 396.407 396.637 396.312 397.097 396.772 398.343 399.128 400.699 400.374 401.159 402.175 402.405 401.294 404.761 404.435 404.665 404.896 405.126 406.696 405.586 408.497 406.831 407.847 409.187 407.521 409.092 408.767 408.997 409.227 409.457 409.687 411.258 408.806 410.377 408.711 410.282 407.83 408.846 407.735 408.75 407.084 407.084 407.544 406.434 406.108 405.553 406.013 405.458 406.473 404.022 403.696 403.926 402.26 401.15 400.039 401.054 399.388 397.492 398.507 397.397 396.286 394.945 392.724 394.525 392.859 390.962 389.852 389.526 387.86 388.09 385.639 384.758 386.329 381.751 381.426 380.315 379.99 378.975 381.426 380.966 384.203 384.758 386.424 388.09 387.63 389.526 391.423 391.748 393.969 393.739 395.405 396.516 396.286 397.397 399.063 398.277 399.944 400.269 400.594 403.831 400.689 403.926 404.252 404.022 405.132 405.458 405.228 406.108 408.004 407.774 406.759 406.529 407.084 409.306 407.735 408.29 409.956 408.386 410.052 408.481 408.806 408.576 409.687 408.901 409.227 408.211 408.537 409.092 408.862 408.632 407.847 406.831 406.601 406.926 407.252 406.466 406.236 404.665 404.435 402.865 403.975 402.405 402.175 401.159 400.374 400.699 400.469 398.898 397.327 396.312 396.312 394.741 393.17 394.836 391.37 391.14 389.569 389.339 387.213 387.538 384.856 385.967 383.611 382.04 381.255 379.684 378.113
381.255 382.825 384.396 385.182 385.967 387.538 387.768 389.339 389.569 392.25 392.71 392.94 396.407 394.741 396.312 397.097 398.113 398.898 397.232 400.699 400.929 401.159 403.515 402.96 403.975 406.102 404.435 403.88 406.236 405.911 406.696 407.712 407.942 407.386 408.957 408.632 408.862 409.092 408.767 408.211 409.227 408.116 407.561 409.362 408.806 409.266 410.052 408.386 409.956 408.846 408.52 407.965 407.64 407.084 406.759 406.434 408.004 405.553 405.783 405.458 403.562 404.022 404.252 404.482 403.371 400.364 401.38 401.61 399.158 399.388 398.507 396.056 396.286 395.961 392.724 394.295 392.073 392.303 390.637 389.526 387.86 388.09 385.084 385.869 384.203 382.537 380.085 381.101 378.094 380.315 380.871 382.537 384.203 385.314 386.424 386.75 387.305 389.526 390.637 392.303 392.073 392.399 392.724 396.516 396.286 397.397 399.063 399.388 399.388 400.269 400.039 401.705 402.26 403.926 402.911 404.022 405.132 403.562 405.228 405.553 408.004 406.434 407.544 408.655 408.98 407.41 408.52 408.846 409.956 408.386 406.815 409.266 409.036 409.917 409.687 408.901 408.441 410.338 408.767 409.092 405.625 408.077 407.617 407.386 406.601 406.926 405.356 406.466 407.577 404.665 404.435 402.865 404.531 402.405 403.515 401.714 400.929 399.358 399.914 398.898 396.772 395.757 395.527 395.297 395.066 393.496 393.266 391.14 390.124 390.679 389.109 387.538 385.967 384.626 384.396 382.04 381.255 378.343 378.113 379.684 381.255 381.255 382.27 384.396 384.856 387.538 387.768 390.679 390.909 391.14 391.37 393.496 393.17 396.637 395.527 397.883 397.883 398.898 399.128 400.699 401.484 400.374 400.834 402.96 403.975 404.761 404.435 403.88 404.896 406.466 407.252 405.586 408.497 407.386 407.617 407.291 407.521 409.092 408.767 408.211 409.227 408.116 409.687 409.362 408.806 409.266 410.052 410.282 408.386 407.505 409.076 407.41 407.64 407.87 407.544 407.774 406.664 406.338 405.228 404.902 405.132 404.022 403.696 401.8 402.26 401.705 401.935 398.928 399.388 398.833 396.381 398.738 394.945 395.961 394.85 392.399 393.414 391.748 391.423 389.526 387.86 385.409 385.639 385.869 383.648 383.878 380.085 380.315 378.094 378.419 381.426 381.751 384.203 384.758 386.424 388.09 387.86 389.526 390.637 392.303 392.073 393.184 394.295 394.62 396.286 396.611 397.167 398.833 400.499 399.483 401.935 400.364 404.156 402.586 404.252 406.703 405.132 404.902 405.783 405.553 406.664 406.434 407.544 407.314 408.98 407.41 409.076 408.29 407.275 408.941 410.052 408.481 408.806 408.021 408.346 408.116 408.441 408.997 408.767 409.647 408.862 407.291 407.617 407.386 407.942 405.356 406.696 406.466 406.236 404.665 404.991 402.865 404.531 403.515 401.389 401.159 400.374 400.699 400.469 398.343 397.327 396.312 395.527 394.741 393.17 394.281 392.71 391.695 390.909 387.998 386.427 386.982 385.412 384.626 383.055 382.04 381.255 379.684 378.113
380.469 382.825 383.611 384.396 385.412 387.538 387.213 389.339 392.25 391.695 393.266 394.281 393.17 395.297 396.312 397.097 396.772 398.898 399.128 398.803 400.374 401.159 402.175 402.405 402.635 404.205 404.991 405.221 404.896 406.466 406.696 406.926 406.601 407.386 407.617 408.632 407.521 407.751 407.196 408.997 409.227 409.457 410.472 409.917 408.806 410.607 408.711 408.386 407.275 407.505 407.18 407.41 408.98 407.314 406.759 406.434 407.449 406.894 405.228 404.902 405.132 404.022 404.252 403.141 402.816 403.831 400.039 400.269 399.158 397.492 399.063 396.056 396.286 395.961 394.295 393.184 393.414 390.962 391.423 389.526 388.646 387.535 385.639 384.528 384.203 381.751 381.426 379.76 378.094 378.419 381.426 382.537 384.203 385.314 386.424 386.75 389.201 389.526 391.423 392.303 392.073 392.399 394.295 394.62 396.841 396.611 397.167 400.174 399.388 401.61 401.38 401.15 402.816 402.586 404.252 404.022 405.132 404.902 406.568 406.894 406.664 406.434 407.544 408.655 408.98 407.965 408.52 408.846 407.275 408.386 408.156 409.266 408.806 408.576 407.561 408.116 409.227 410.338 408.767 407.196 407.521 408.632 407.847 407.386 408.497 406.926 406.696 405.681 404.896 406.006 404.435 404.761 403.975 403.745 401.389 401.945 400.929 400.699 400.469 398.343 398.668 395.757 396.312 396.637 393.17 394.836 393.266 391.14 390.909 389.339 387.213 386.982 385.967 383.841 382.825 382.04 380.469 379.684 378.113 379.684 380.469 382.04 383.611 384.396 385.412 385.642 385.872 389.339 389.569 391.14 392.71 394.281 393.17 394.741 396.312 397.097 397.327 398.343 398.573 401.254 400.374 401.159 402.175 403.745 404.531 404.761 404.991 404.665 406.236 406.466 406.696 406.371 405.816 406.831 407.617 408.632 408.862 409.092 408.767 408.997 409.227 409.457 408.116 409.917 411.488 409.266 408.711 409.726 409.956 408.06 409.076 407.965 408.98 407.314 407.544 407.774 406.664 405.553 406.568 405.458 405.132 405.362 404.252 404.482 402.26 403.831 400.039 400.269 399.388 397.492 399.063 398.738 396.841 395.175 394.295 393.184 393.414 391.748 389.852 389.526 389.201 387.305 385.639 383.187 382.862 382.537 381.426 378.975 378.649 381.101 380.871 382.537 384.203 386.654 386.98 386.75 387.63 389.526 391.423 390.962 392.073 392.399 394.85 395.961 396.286 397.397 397.722 400.174 400.499 398.928 401.935 401.15 402.26 403.926 404.252 403.466 405.132 405.458 405.228 405.783 406.108 406.434 406.759 407.87 408.195 408.75 409.076 407.505 409.956 408.386 410.052 409.036 408.806 408.576 409.687 408.116 409.227 408.211 408.767 409.092 408.862 408.632 407.617 410.068 406.601 406.926 406.696 405.126 406.236 403.88 404.435 402.865 404.531 402.405 401.389 401.945 401.484 398.803 401.024 398.898 397.883 396.542 396.082 395.297 395.066 391.6 391.925 392.48 390.909 390.679 389.109 384.301 385.412 384.396 382.825 382.825 380.469 379.684 378.113
380.469 382.04 383.611 385.182 385.967 387.538 387.213 387.998 389.569 391.14 391.37 392.94 393.17 394.741 396.312 396.312 397.327 398.343 398.573 398.803 400.374 401.159 402.73 402.405 404.531 402.865 404.435 406.006 405.451 405.681 406.926 406.926 406.601 407.386 408.402 409.187 409.417 409.647 408.767 408.211 409.227 409.457 409.131 409.362 408.806 410.607 408.711 408.941 408.386 408.846 407.18 408.75 407.64 407.084 407.544 407.774 407.449 406.894 405.783 403.562 403.562 404.022 404.252 401.8 402.816 401.15 401.38 400.269 400.499 398.833 398.507 396.841 396.286 394.62 394.85 393.739 392.629 391.748 389.852 389.526 389.201 388.09 386.424 384.528 383.648 381.751 381.426 381.101 379.99 379.76 380.085 382.537 384.203 385.314 386.424 386.75 387.86 389.526 389.852 390.962 392.073 393.739 394.295 395.961 396.286 396.611 396.381 397.492 399.158 399.713 401.935 401.705 402.816 403.926 404.482 404.022 405.132 404.902 405.783 405.553 406.664 406.434 407.544 407.084 408.98 407.965 407.735 408.846 407.275 408.941 409.496 409.036 408.806 408.576 409.687 409.457 408.441 408.997 408.767 410.433 409.417 407.847 407.617 406.276 405.816 406.926 406.696 405.126 406.236 406.006 404.991 404.761 402.635 402.96 402.175 401.945 400.929 398.803 400.469 398.343 398.113 396.542 396.312 395.297 393.17 392.94 392.71 391.695 389.569 387.998 389.109 386.982 386.197 385.182 382.27 382.04 381.255 379.684 378.113 378.898 379.914 382.04 382.825 384.396 385.412 386.982 387.213 387.998 392.25 391.14 392.71 391.6 393.17 396.637 396.082 397.097 398.668 397.557 398.573 398.803 400.374 401.945 403.515 402.405 403.19 405.546 404.435 404.435 405.451 405.126 406.696 406.926 405.816 410.068 407.617 408.632 409.417 409.092 408.767 408.211 408.441 409.457 409.687 409.917 409.592 409.266 410.052 408.386 407.83 408.06 407.735 406.069 408.195 407.87 407.544 406.434 405.878 406.338 405.783 405.458 405.132 403.466 402.911 402.586 403.371 401.15 401.935 401.61 397.817 398.833 399.063 397.397 396.516 395.175 394.85 394.525 392.073 390.962 391.193 388.971 389.201 388.09 386.194 383.187 383.648 382.537 380.871 378.975 376.523 378.975 381.426 382.537 382.862 384.528 386.98 388.09 387.86 389.526 389.852 392.303 392.073 393.739 394.295 395.175 396.286 397.397 397.722 397.492 399.158 399.713 400.039 403.831 404.156 403.926 404.252 404.022 405.132 405.458 407.354 405.553 408.004 406.434 406.759 407.314 407.64 408.75 409.076 408.06 408.386 408.386 410.052 408.481 408.806 408.021 408.346 408.901 408.441 408.997 407.981 409.092 407.521 407.847 408.957 407.386 405.816 407.712 405.356 405.681 405.451 403.88 404.435 402.865 403.19 403.745 402.73 401.159 400.929 400.699 399.128 398.343 396.772 397.883 396.312 394.741 393.17 394.281 392.71 391.14 389.569 390.679 389.109 387.538 385.967 384.396 383.611 382.825 381.255 379.684 378.113
381.255 382.825 383.055 384.396 385.412 386.982 387.768 387.998 389.569 391.14 391.925 391.6 393.17 394.741 395.527 396.542 398.113 398.898 399.914 400.699 401.484 401.159 402.175 402.96 403.975 402.865 404.435 406.006 406.236 405.681 406.696 406.926 406.601 407.386 407.617 408.632 408.862 407.196 408.537 408.767 409.227 409.687 408.346 408.576 408.806 409.266 410.052 408.386 409.956 408.846 407.735 408.75 407.64 407.87 410.226 406.434 406.108 405.783 406.568 405.458 405.132 405.362 404.252 403.141 400.689 400.364 401.38 401.054 399.158 400.174 397.167 398.738 396.286 395.175 395.405 395.865 392.073 391.748 390.637 389.526 387.63 387.535 385.409 383.187 383.648 382.537 381.426 381.101 378.649 380.315 381.426 382.537 383.648 385.314 385.084 386.75 387.86 389.526 389.852 392.303 393.414 393.184 392.724 395.175 396.286 396.611 399.063 398.833 399.944 399.713 400.824 400.364 402.816 403.141 404.252 404.022 406.473 403.562 406.013 406.894 406.108 407.774 407.544 407.084 408.195 407.41 409.076 408.846 409.956 410.282 408.156 408.481 408.806 408.021 407.561 409.457 408.441 409.552 408.767 409.092 407.521 407.847 407.617 407.386 408.497 407.712 405.356 405.126 406.236 403.88 404.435 404.761 404.531 404.301 401.945 401.714 400.374 400.699 398.573 398.898 397.327 397.883 396.312 394.741 393.17 393.496 392.71 392.48 389.569 387.998 387.213 386.982 384.856 385.967 383.611 381.255 381.255 379.684 378.113 379.684 381.255 382.825 384.396 384.396 385.967 385.642 389.109 387.998 390.909 391.14 392.71 392.94 396.407 395.297 396.312 397.097 397.327 399.454 398.573 400.699 400.374 401.714 402.73 402.96 403.975 404.761 404.991 404.665 404.896 406.466 406.696 406.926 407.942 408.727 408.402 408.632 407.521 409.092 408.767 408.997 409.227 409.457 408.346 410.702 410.147 408.481 408.711 406.815 409.956 408.846 407.735 407.965 407.64 406.529 406.759 407.774 405.323 406.894 405.228 405.458 405.918 404.022 404.252 403.926 402.26 401.705 401.38 399.713 399.158 400.174 399.063 396.056 396.516 395.175 395.405 393.184 392.073 392.303 391.423 389.526 389.201 387.305 386.98 383.187 383.648 382.537 381.426 381.101 378.649 378.975 381.426 382.537 383.648 383.187 386.424 386.98 389.201 389.526 390.637 390.962 392.073 393.184 392.724 395.961 394.945 396.841 399.063 400.174 399.944 399.713 401.38 401.15 400.689 402.586 402.911 406.703 405.132 405.458 405.228 406.338 408.004 407.774 406.759 407.314 408.98 407.41 407.735 408.06 407.275 408.386 408.711 408.481 408.806 408.021 409.687 409.457 407.886 408.211 408.767 409.092 407.521 408.077 407.847 406.831 405.816 405.586 406.696 405.126 406.236 406.006 404.435 404.761 405.086 402.96 402.73 401.159 400.374 400.699 399.914 398.898 396.772 396.542 395.527 394.741 395.066 392.94 393.266 391.14 390.909 389.339 389.109 387.538 385.967 383.841 382.825 380.699 380.469 379.684 378.113
381.255 382.04 383.611 384.396 385.412 387.538 387.213 390.679 390.909 391.14 392.71 392.94 395.066 394.741 396.312 396.312 398.113 398.343 399.128 398.803 400.929 401.945 401.389 402.96 403.19 405.546 404.991 406.006 407.577 406.466 405.356 406.926 405.816 406.831 407.617 409.187 408.862 409.092 408.537 408.211 408.441 408.116 409.687 408.021 409.592 409.266 406.815 410.282 409.956 408.846 409.076 409.306 407.64 407.314 407.544 407.774 406.664 406.338 403.887 405.458 405.132 404.022 404.252 403.141 402.26 403.831 401.935 401.054 400.499 399.388 399.063 397.397 396.841 395.961 394.85 394.295 393.414 391.748 391.193 389.526 389.201 386.98 386.98 384.528 384.203 381.751 381.426 380.315 378.649 378.419 381.426 381.751 382.862 385.314 386.98 386.75 389.201 389.526 389.852 390.962 392.073 393.184 394.065 395.961 396.286 397.397 399.063 397.492 399.944 401.61 400.594 401.15 402.03 403.926 404.252 403.236 405.132 405.458 407.354 406.894 407.449 406.434 407.544 407.314 407.64 407.41 409.076 408.06 407.275 408.386 408.711 409.822 409.036 408.576 409.687 409.457 409.227 410.338 409.877 409.092 407.521 409.187 407.617 406.276 405.816 407.712 405.356 405.911 404.896 404.665 404.991 404.761 402.635 402.405 402.73 401.714 400.374 398.803 397.232 398.343 397.327 397.097 396.312 394.741 393.17 392.94 392.71 391.14 389.569 390.679 387.213 385.642 385.967 384.626 382.27 381.485 381.255 379.684 378.113 379.684 381.255 381.255 383.611 385.182 385.967 386.982 389.109 389.339 389.569 391.14 391.37 394.836 396.407 394.741 396.312 396.542 398.668 398.343 398.573 398.803 400.374 401.159 402.73 402.96 403.975 402.865 404.991 404.435 406.236 406.466 406.926 407.712 408.497 407.386 407.617 408.632 408.862 409.092 408.767 408.211 409.227 409.457 409.687 409.917 409.592 409.822 408.711 408.386 409.956 408.29 408.52 408.75 407.64 407.87 407.544 406.434 405.323 405.553 406.013 405.458 405.918 402.681 402.911 401.8 402.26 401.15 401.935 401.054 399.944 398.833 399.063 396.056 396.516 395.961 392.724 392.399 393.969 391.748 389.852 389.526 387.63 386.75 386.98 384.758 383.648 382.537 380.871 379.76 378.649 381.886 381.426 382.537 384.203 385.314 386.424 386.98 388.646 388.971 389.852 390.962 392.073 394.525 395.405 395.175 396.841 396.611 397.167 398.833 399.158 400.269 401.38 401.15 402.26 403.141 404.252 404.022 405.132 405.458 407.354 405.553 408.004 406.434 407.544 407.314 408.195 407.41 409.076 408.846 407.83 408.386 408.156 408.481 408.806 409.362 409.687 410.012 409.227 408.767 408.767 409.647 407.521 407.291 408.402 406.831 406.601 405.586 406.696 406.466 405.451 404.665 404.991 404.761 403.975 402.96 401.389 401.945 400.374 400.699 398.573 398.343 399.454 397.097 396.312 394.741 395.066 392.94 391.37 391.14 390.909 387.998 389.109 386.982 385.412 384.396 383.055 382.04 380.469 379.684 378.113
381.255 381.255 384.396 383.841 385.967 387.538 387.768 390.679 390.909 391.14 391.37 393.496 393.17 394.741 396.312 397.883 397.883 398.343 398.573 401.254 400.374 401.159 402.73 402.405 401.294 402.865 404.435 403.88 406.236 405.126 406.696 406.926 408.497 407.386 407.617 408.077 408.862 409.092 409.322 408.997 408.441 409.457 408.346 408.021 410.147 408.481 408.711 408.386 407.275 407.505 409.076 408.75 407.64 406.529 407.544 407.774 406.664 405.553 406.013 405.458 404.347 403.236 403.696 401.245 402.26 401.705 400.594 401.054 399.388 400.174 399.063 397.397 396.286 395.961 394.295 393.739 393.414 392.303 389.852 389.526 389.201 386.75 385.639 385.314 382.862 382.537 381.426 380.315 378.094 380.315 381.426 383.878 383.648 383.187 385.639 387.305 387.63 389.526 391.423 390.962 392.073 393.739 394.295 394.62 396.516 398.738 397.167 397.492 399.158 400.269 401.38 401.705 402.816 402.586 402.356 404.022 405.132 405.458 406.013 406.894 407.449 406.434 407.544 407.314 408.98 408.75 407.735 408.846 408.06 408.386 408.711 408.481 408.806 408.576 409.687 408.116 409.227 408.997 408.767 409.092 410.203 407.291 407.617 407.386 405.816 407.712 406.696 405.681 404.896 403.88 404.435 404.205 403.975 402.96 402.175 400.604 400.374 400.699 399.128 398.343 398.668 396.312 396.312 394.741 393.17 392.94 393.266 391.14 389.569 389.339 387.768 387.538 385.967 385.182 383.611 380.699 381.255 379.684 378.113 379.684 381.255 381.255 382.27 385.182 386.752 387.538 387.213 389.339 389.569 392.48 390.029 392.94 393.17 395.297 396.312 397.097 397.327 398.898 397.232 398.803 404.166 401.945 402.175 402.405 403.975 402.865 404.435 404.665 404.896 406.466 406.696 406.926 408.497 406.831 407.617 409.187 408.862 409.092 407.981 408.997 408.441 409.457 409.131 410.702 409.036 408.481 408.711 409.726 407.275 408.846 409.076 407.41 408.98 407.87 406.759 406.434 407.449 405.553 405.228 405.458 403.562 404.022 404.252 403.141 402.816 401.15 400.824 401.054 399.158 398.833 397.722 397.397 396.286 395.961 394.295 395.865 392.073 391.748 390.637 389.526 387.63 386.75 386.98 385.314 382.862 381.751 381.426 379.76 376.523 378.419 380.871 382.537 384.203 384.528 386.424 386.75 387.86 389.526 390.637 391.748 392.073 393.184 394.295 395.731 396.841 397.397 399.063 398.277 400.499 400.269 400.039 400.364 402.26 402.586 404.252 404.022 405.918 404.902 405.228 406.894 406.664 407.774 406.759 408.655 407.64 407.41 409.076 408.06 409.956 408.386 410.052 408.481 409.036 408.576 408.116 408.116 409.227 408.997 408.767 409.092 407.521 408.632 408.402 406.276 405.816 406.926 406.696 406.466 405.451 405.221 404.435 402.865 401.294 402.405 403.515 401.945 400.929 399.358 399.914 398.343 397.883 395.757 396.312 395.852 396.407 391.6 392.71 391.14 390.909 387.998 386.427 386.982 385.967 385.182 383.611 382.04 380.469 379.684 378.113
381.255 381.255 382.825 385.182 384.856 387.538 389.109 387.998 390.909 391.14 391.925 393.496 393.17 395.297 396.082 397.883 398.113 398.343 399.914 398.803 401.484 401.714 402.175 402.405 401.294 402.865 404.435 403.88 406.236 406.466 406.696 406.926 408.497 406.831 407.617 407.291 409.417 407.196 408.537 408.767 409.227 409.457 409.687 408.021 409.592 410.377 408.711 408.386 408.386 408.846 408.52 407.41 407.64 408.655 406.759 407.774 408.004 406.338 405.783 405.458 403.562 404.022 404.482 403.926 402.816 401.705 401.38 400.269 399.944 399.388 395.596 397.397 394.945 394.62 394.065 392.399 392.073 390.962 391.423 388.971 389.201 386.75 385.639 385.869 382.862 383.092 381.426 378.419 378.649 379.76 381.426 382.537 386.329 385.314 386.98 387.535 387.63 388.971 391.423 390.962 393.414 393.184 394.85 395.961 396.286 397.397 397.722 400.959 399.388 400.269 400.039 403.046 402.816 402.586 404.252 403.466 405.132 405.458 406.568 406.338 407.449 406.434 407.544 407.084 408.195 406.069 408.52 408.846 408.386 408.386 408.711 410.377 409.592 411.258 407.005 408.116 409.227 408.997 408.537 409.092 408.862 408.077 407.617 407.386 408.497 407.712 406.696 406.466 404.896 406.006 404.991 402.865 404.531 402.96 401.389 401.945 400.929 398.803 400.469 400.239 397.883 396.542 395.527 394.741 395.066 392.94 392.71 391.695 392.25 387.998 389.109 387.538 385.967 383.841 382.825 382.825 381.255 379.684 378.113 378.898 379.684 382.04 383.611 384.396 385.967 386.982 385.872 389.339 390.124 391.14 392.71 394.836 395.066 394.741 396.312 395.757 397.883 398.343 400.469 398.803 400.929 401.159 401.389 402.405 404.531 404.761 404.435 406.006 406.236 406.466 405.356 405.356 406.601 407.386 408.402 407.847 408.862 409.092 407.196 408.211 407.886 409.457 409.687 409.362 409.592 408.481 410.607 406.815 407.275 407.505 407.735 407.965 407.084 408.655 406.759 407.774 406.108 406.894 405.228 405.458 403.562 404.022 404.252 403.141 402.816 401.15 401.38 399.483 399.158 398.277 397.167 396.611 396.841 396.516 394.295 393.739 392.629 390.962 391.423 389.526 387.86 386.75 386.194 385.314 384.203 382.537 378.745 381.101 378.649 378.419 381.426 382.537 382.862 384.758 385.084 387.305 389.201 389.526 390.637 390.962 392.073 392.399 394.295 394.62 396.516 396.611 397.167 397.492 399.158 399.713 400.039 403.831 402.03 403.141 404.252 404.022 405.132 405.458 406.568 406.894 405.323 406.434 406.759 408.655 408.98 408.75 408.52 408.846 409.956 408.941 408.156 408.481 410.147 408.021 407.791 409.457 409.227 410.338 408.767 409.092 407.521 408.077 407.847 406.276 408.497 407.712 407.252 406.466 404.896 404.435 404.435 402.865 402.635 402.405 401.389 401.159 400.929 400.699 400.469 398.343 398.113 397.883 396.312 394.741 393.17 393.496 392.71 391.14 389.569 387.998 389.109 387.538 385.412 384.626 382.27 382.04 381.255 379.684 378.113
380.469 382.04 383.055 385.967 385.967 387.538 389.109 389.339 390.909 391.14 393.266 394.281 395.066 394.741 395.527 396.542 398.113 398.343 399.128 400.699 400.374 401.945 401.389 402.96 403.19 402.865 405.546 406.006 405.451 406.466 405.356 406.926 408.497 407.386 407.617 407.291 408.862 407.196 408.767 408.997 408.441 409.457 410.472 409.362 409.592 409.036 410.052 408.386 407.275 408.846 409.076 407.41 407.084 407.87 406.759 407.774 406.664 405.553 406.568 405.458 406.473 404.022 402.911 403.926 402.03 402.26 400.824 400.269 399.944 398.833 396.381 398.738 396.516 395.175 396.191 393.739 392.073 392.303 389.852 389.526 387.86 386.75 386.424 384.758 382.862 381.751 380.641 380.315 378.649 378.975 381.426 382.537 382.862 385.869 385.639 386.75 387.63 389.526 391.423 392.303 392.073 393.184 394.295 396.516 396.286 397.397 399.063 400.174 397.817 401.61 401.38 401.15 402.03 403.926 404.482 404.022 403.562 405.458 406.013 406.108 405.323 406.434 407.544 407.87 408.98 407.41 407.735 411.527 409.956 408.386 406.815 409.822 409.036 410.702 409.131 409.457 409.227 407.656 408.767 409.092 408.862 407.847 407.617 407.386 405.816 405.356 406.696 405.126 406.236 404.665 404.435 402.865 403.975 402.96 401.945 401.945 400.929 398.803 400.469 398.898 397.327 397.883 396.312 395.297 393.17 391.6 392.71 391.695 390.909 388.783 389.109 385.642 385.967 383.841 384.396 382.04 379.914 378.113 378.113 379.684 381.255 381.255 383.611 383.841 385.412 385.642 387.768 390.679 390.124 391.14 392.71 391.6 395.066 394.741 396.082 396.542 398.113 398.343 399.128 400.699 400.374 401.714 402.175 402.96 402.635 402.865 404.435 403.88 406.236 406.466 406.696 405.356 405.816 408.727 407.617 407.847 405.625 409.092 408.537 408.211 408.441 409.457 409.687 408.576 408.806 409.036 408.711 409.726 408.386 408.846 407.735 408.75 408.195 407.084 407.544 407.774 405.323 406.338 406.013 405.458 405.132 404.022 402.911 403.926 402.816 401.705 400.039 401.054 399.158 398.833 397.167 398.738 396.286 394.62 394.295 393.184 392.073 390.962 389.852 389.526 389.201 388.09 385.639 385.314 383.648 382.537 380.641 378.419 379.99 378.419 381.426 380.966 382.862 385.314 385.639 386.75 389.201 389.526 389.852 390.962 393.414 394.525 394.065 396.516 396.286 397.397 397.167 398.833 399.158 400.269 401.38 403.831 402.26 403.141 403.696 404.022 403.792 405.458 405.228 405.553 405.878 407.774 407.544 407.87 408.195 409.306 407.735 408.06 408.616 408.386 408.711 410.607 409.036 408.576 409.687 408.116 409.227 408.767 408.767 409.092 408.862 409.187 407.617 410.068 408.497 406.926 406.696 405.126 406.236 406.006 404.435 402.865 403.19 404.301 402.73 401.714 404.166 398.803 400.469 398.898 397.327 397.097 396.312 395.852 393.17 392.94 392.71 391.14 390.124 389.339 387.213 385.642 385.412 383.841 383.611 380.699 379.914 378.898 378.113
380.469 382.825 383.611 385.182 385.967 387.538 389.109 388.783 390.354 391.695 392.71 394.281 396.963 394.741 396.312 397.883 397.327 398.898 398.573 398.803 400.929 400.604 401.389 402.405 403.975 402.865 404.435 404.665 404.896 405.681 406.926 406.926 408.497 406.276 408.957 408.077 408.862 407.196 408.537 410.338 408.441 408.116 407.561 410.702 408.806 408.481 408.711 408.386 409.956 408.06 407.735 407.41 408.195 407.084 407.544 407.774 406.664 406.338 405.783 405.458 403.792 403.236 402.911 404.482 400.689 401.705 400.039 401.61 399.388 398.833 397.167 396.056 396.286 395.961 394.85 394.295 393.414 390.962 390.637 389.526 387.86 386.75 385.639 384.758 382.862 382.537 381.426 379.76 378.649 378.419 381.426 380.966 382.862 383.187 386.424 386.98 389.201 389.526 391.193 391.748 392.073 393.184 394.295 395.961 396.516 397.167 399.063 398.833 399.158 401.61 401.935 401.15 402.26 403.141 404.252 404.022 405.132 405.458 405.228 406.894 406.108 406.434 407.544 408.655 407.084 407.965 407.735 408.846 408.386 408.386 409.496 409.036 409.036 408.021 409.687 409.457 409.227 409.552 408.767 407.196 408.862 407.291 407.617 406.831 408.497 406.926 406.696 406.466 407.577 406.006 404.435 402.865 403.19 402.96 401.389 401.945 400.929 400.699 399.128 398.343 396.772 395.757 395.527 394.741 395.066 392.94 392.71 391.14 390.909 388.783 389.109 386.982 385.967 384.626 382.825 382.825 381.255 378.898 378.113 379.684 381.255 382.04 381.715 385.182 384.856 387.538 389.109 387.998 389.569 392.48 393.266 394.836 393.17 396.637 396.312 397.883 397.327 400.239 399.128 400.699 400.929 401.159 403.515 402.96 402.635 402.865 404.991 404.665 404.896 406.466 405.356 406.926 405.816 407.386 407.617 407.291 408.862 409.092 409.322 407.656 409.227 409.457 408.346 407.465 410.147 409.036 410.052 408.386 407.275 408.29 407.18 408.75 408.195 407.314 406.759 407.774 406.664 406.108 405.228 405.458 405.132 404.022 404.252 403.141 402.26 401.15 401.38 401.054 400.499 399.388 397.167 396.056 396.841 396.516 394.85 392.399 392.073 390.962 390.637 389.526 389.201 388.09 385.639 383.187 384.203 382.537 381.426 378.419 378.649 381.101 381.426 382.537 382.862 384.528 386.98 385.409 389.201 389.526 389.852 390.962 393.414 394.295 394.85 394.62 396.286 397.397 399.063 398.833 399.158 399.483 401.935 403.046 402.26 403.926 404.252 404.022 405.132 405.458 405.783 405.553 408.004 407.774 406.759 407.084 407.64 407.41 409.076 408.06 407.275 409.726 408.711 408.481 409.592 408.576 409.687 408.116 409.227 408.211 409.322 407.751 408.862 407.291 407.617 406.831 407.942 405.356 406.696 406.466 404.896 404.665 404.435 404.761 404.531 402.96 402.175 401.945 400.929 398.803 400.469 399.454 397.327 396.312 396.312 396.637 393.17 391.6 391.37 391.14 389.569 390.679 385.872 387.538 385.412 384.396 383.055 382.825 381.255 378.898 378.113
381.255 382.825 382.27 383.841 384.856 387.538 389.109 387.998 389.569 392.48 390.029 393.496 393.17 395.297 395.527 397.883 397.883 398.898 400.469 400.699 402.27 401.159 402.175 402.96 403.975 402.865 404.435 404.665 406.236 405.681 406.696 406.926 408.497 406.831 407.617 408.632 408.862 407.196 408.767 410.338 409.227 408.116 409.687 408.576 410.147 409.822 406.815 410.282 409.956 407.505 409.076 408.75 408.195 408.655 407.544 407.774 408.004 405.553 405.783 405.458 404.347 404.022 404.482 402.586 400.689 400.364 401.38 401.61 399.944 397.492 399.063 397.397 396.841 396.516 394.295 393.739 392.073 391.748 389.852 389.526 387.86 387.305 385.639 385.314 382.862 382.537 381.426 379.76 379.99 380.315 381.426 382.537 384.203 385.314 386.98 387.535 387.86 389.526 391.423 392.303 392.073 392.399 394.295 394.62 396.286 396.056 398.507 398.277 400.499 399.713 401.38 403.831 402.03 403.141 403.696 404.022 403.562 405.458 405.228 405.553 406.664 407.774 408.885 408.655 407.084 407.41 407.735 408.29 409.171 410.282 410.052 410.377 408.806 409.917 407.561 409.457 408.441 408.997 409.322 409.092 408.862 407.847 408.957 408.727 408.497 406.926 407.252 406.466 407.577 404.665 404.435 404.761 401.294 402.96 401.945 401.714 400.929 400.699 399.128 398.343 397.883 397.097 395.527 396.637 393.17 391.6 392.71 391.14 390.909 390.679 389.109 386.982 385.412 384.396 383.611 382.04 381.255 378.898 378.113 379.684 381.255 382.04 384.396 385.182 385.412 387.538 389.109 388.783 389.569 391.695 391.37 394.836 396.407 394.741 396.082 396.542 398.113 398.898 400.469 400.699 400.374 401.945 403.515 402.96 403.19 404.761 404.435 406.006 405.451 406.466 407.252 406.926 408.497 406.831 407.847 407.847 407.521 409.092 409.877 408.211 409.227 409.457 409.131 408.021 408.806 408.481 408.711 408.386 409.956 408.29 408.52 407.41 407.64 408.655 406.759 406.434 406.664 406.338 405.783 405.458 405.132 403.236 402.911 402.586 402.26 401.705 401.38 398.928 399.158 398.833 397.722 397.397 396.286 395.961 394.295 393.184 392.073 391.748 391.193 389.526 389.201 387.535 386.424 386.654 382.862 382.537 380.085 379.76 376.523 378.419 381.426 382.537 384.758 383.187 386.98 388.09 387.86 388.971 391.423 392.303 392.073 393.739 394.85 395.175 394.945 396.841 397.722 398.833 399.388 400.269 401.38 403.831 402.26 402.586 402.911 402.681 403.562 404.902 405.783 406.894 405.323 407.774 406.759 407.87 407.64 408.75 409.076 408.846 407.275 410.282 408.711 410.607 410.147 411.258 409.687 409.457 408.441 408.767 408.537 408.307 407.521 408.632 408.957 406.831 408.497 406.926 406.696 405.126 404.896 406.006 404.435 402.865 404.531 402.405 402.175 401.945 404.166 399.358 400.469 399.454 398.113 397.097 396.312 394.741 394.511 394.836 392.71 391.14 390.909 388.783 387.213 387.538 385.412 384.396 383.055 382.04 381.255 379.684 378.113
380.469 381.255 382.825 383.841 385.967 386.982 385.872 387.998 389.569 391.14 392.71 391.6 394.511 394.741 395.527 396.542 397.327 398.898 400.469 398.803 400.374 401.714 402.73 402.96 403.975 406.102 404.991 405.221 404.896 406.466 406.696 406.926 407.942 407.386 408.402 408.632 408.862 407.196 408.767 408.767 409.227 409.457 408.346 408.021 408.806 408.481 408.711 410.282 409.956 408.29 409.076 408.75 407.64 407.87 407.544 406.434 407.449 406.894 406.568 404.902 405.132 405.362 402.356 402.586 402.816 401.15 401.38 401.054 399.944 400.959 398.507 397.397 396.841 395.961 392.724 393.184 393.414 391.748 390.637 389.526 387.63 388.09 385.084 386.654 382.862 382.537 381.426 379.76 379.99 378.419 381.426 381.751 384.988 383.187 386.424 387.535 387.63 389.201 389.852 392.303 392.073 395.865 394.85 394.945 396.516 398.738 397.167 397.492 399.944 401.054 401.935 402.26 402.26 402.586 404.252 404.022 405.132 404.902 406.013 405.783 408.004 406.434 407.544 407.87 408.195 409.306 407.735 408.06 409.956 408.941 408.711 409.036 408.806 408.021 409.131 409.687 409.227 408.997 408.767 409.092 407.521 407.847 407.617 406.831 408.497 407.712 406.696 406.466 407.577 406.006 404.435 404.205 403.975 402.96 402.175 401.945 400.374 400.699 397.232 398.898 396.772 396.542 396.312 394.741 395.066 392.94 392.71 391.14 390.909 389.339 389.109 383.746 385.967 385.182 382.825 382.04 381.255 379.684 378.113 379.684 381.255 382.825 384.396 384.396 384.856 387.538 389.109 390.679 389.569 391.14 393.266 392.94 395.066 394.741 396.312 397.097 398.113 398.898 401.024 402.04 400.374 401.945 401.389 402.405 403.19 402.865 404.435 404.665 407.577 405.911 406.926 406.926 408.497 407.386 407.617 407.291 405.625 407.196 407.981 408.211 408.441 409.457 409.131 409.362 408.806 409.266 410.052 410.282 409.956 408.06 408.52 407.965 408.98 407.87 407.544 407.774 405.323 406.338 405.228 405.458 403.562 404.022 402.911 402.586 402.03 401.705 401.935 401.054 399.158 398.833 397.167 397.167 396.286 395.961 394.85 392.399 392.073 391.748 390.637 389.526 387.63 386.75 385.084 384.758 386.329 380.966 381.426 378.419 378.094 381.886 381.426 382.537 384.203 385.314 386.424 386.75 389.201 389.526 391.193 391.748 393.414 395.865 394.85 395.961 396.286 397.397 397.722 398.833 399.158 399.713 401.935 401.15 402.03 402.586 402.911 404.022 405.132 405.458 405.783 406.894 408.004 406.434 407.544 408.655 408.98 408.75 409.076 408.846 408.386 410.282 408.711 409.822 409.036 408.021 409.687 409.457 408.441 410.338 407.981 407.751 407.521 407.847 407.617 406.831 408.497 406.926 406.696 406.466 405.451 404.665 404.435 404.761 402.635 404.301 401.389 401.945 400.929 402.04 400.469 399.454 397.883 397.883 396.312 395.297 395.066 391.6 392.71 391.14 389.569 390.679 387.213 386.982 385.412 383.841 384.396 382.825 380.469 379.684 378.113
380.469 382.825 383.611 383.841 385.967 387.538 389.109 389.339 390.909 391.14 391.37 394.836 394.511 395.297 396.312 397.883 396.772 397.002 400.469 398.803 400.374 401.945 403.515 403.745 404.531 404.205 406.332 403.325 406.236 405.681 405.356 406.926 405.816 406.831 407.617 408.632 409.417 407.196 407.981 409.552 408.441 410.012 409.687 408.576 408.806 410.607 410.052 408.386 407.275 408.846 407.735 408.75 407.64 408.655 407.544 406.434 406.664 406.338 405.228 405.458 404.347 404.022 402.911 403.926 403.371 403.831 401.38 399.713 400.499 398.833 397.167 396.841 396.516 395.961 394.065 393.184 393.414 390.962 389.852 389.526 387.63 387.305 386.424 384.758 382.862 381.751 381.426 378.975 378.094 380.315 380.315 382.537 382.862 385.314 385.084 388.09 387.86 389.526 389.852 392.303 392.073 393.184 396.191 395.961 396.286 397.397 399.063 400.174 399.388 399.713 401.38 401.15 403.371 404.482 404.252 403.236 405.132 406.243 406.568 406.338 407.449 407.774 406.759 407.084 407.64 407.41 407.735 408.06 407.83 408.386 410.052 408.481 409.592 408.576 409.131 409.457 408.441 408.211 408.767 409.092 408.862 407.291 408.402 407.386 408.497 406.926 405.356 406.466 404.896 406.006 405.546 402.865 402.635 402.96 402.175 401.159 402.27 398.803 399.128 397.002 397.327 397.883 395.527 394.741 394.511 392.94 392.71 392.48 389.569 389.339 386.427 387.538 385.412 385.182 383.611 382.825 379.684 378.343 378.113 378.898 381.255 382.04 383.055 385.182 384.856 387.538 387.213 389.339 390.909 391.14 391.37 392.94 395.066 395.297 396.312 397.097 397.883 398.898 399.128 398.803 400.374 401.945 402.175 403.745 403.19 404.761 404.991 406.006 405.451 405.681 406.696 406.926 406.601 406.831 407.617 407.291 409.417 409.092 408.767 408.997 408.441 409.457 409.131 408.021 409.592 409.822 410.052 408.941 408.06 408.846 408.52 407.41 407.084 407.87 407.544 407.774 408.004 406.894 405.783 405.458 405.132 404.022 402.911 403.926 402.816 401.705 400.594 401.61 399.158 399.388 399.063 396.611 396.516 395.961 394.85 393.739 392.073 390.962 390.637 389.526 387.86 385.409 386.98 384.528 384.203 382.537 380.871 379.76 379.99 378.419 381.426 382.537 382.862 384.758 386.98 388.09 389.201 389.526 391.193 391.748 392.073 393.184 394.065 395.961 394.945 397.397 399.063 397.492 400.499 401.054 401.38 401.705 402.26 402.586 404.252 405.362 403.792 405.458 405.228 406.338 405.323 406.434 406.759 407.314 408.195 408.75 409.076 408.06 408.616 410.282 408.711 408.481 410.147 408.576 408.346 408.116 407.886 408.211 408.537 409.092 408.862 407.847 408.402 406.831 405.816 405.586 406.696 405.681 404.896 404.665 404.435 404.205 404.531 404.301 401.945 401.945 400.929 398.803 400.469 398.343 397.883 396.542 396.312 395.297 393.17 393.496 392.71 391.695 389.569 387.998 387.768 387.538 385.967 384.396 383.611 382.825 380.469 379.684 378.113
381.255 382.04 383.055 385.182 384.856 387.538 389.109 387.998 389.569 391.14 393.266 393.496 394.511 396.637 396.312 396.542 398.113 399.454 399.914 402.04 400.929 401.945 403.515 402.96 403.19 404.761 404.435 404.435 404.896 406.466 406.696 405.586 405.816 408.727 407.847 408.632 408.307 409.092 407.196 408.211 409.227 408.116 409.131 408.576 409.036 408.481 408.711 408.386 407.83 408.846 407.735 409.306 407.64 407.314 407.544 406.434 406.664 406.338 405.783 403.562 405.132 402.681 404.252 403.926 402.26 401.705 400.039 401.61 399.388 398.833 397.722 398.738 396.286 395.175 396.191 393.184 392.859 392.303 390.637 389.526 389.201 386.75 386.424 386.654 384.988 381.751 381.426 378.419 379.99 381.101 380.871 381.751 382.862 385.869 386.98 387.305 387.63 389.526 389.852 390.962 393.969 392.399 394.85 395.175 396.286 397.167 397.722 398.833 400.499 401.054 401.38 401.705 402.03 403.141 402.911 404.022 405.918 405.458 406.568 405.783 406.108 406.434 407.544 407.314 407.084 409.306 407.735 408.846 408.386 408.386 408.711 408.481 408.806 409.362 407.561 409.457 408.441 407.656 407.981 407.751 407.521 407.847 408.402 408.727 408.497 407.712 405.356 406.466 406.236 406.006 404.435 402.865 403.975 402.405 402.175 400.604 400.374 398.803 401.024 399.454 396.772 397.883 396.867 394.741 393.17 394.836 393.266 391.14 392.25 387.998 389.109 386.982 386.752 383.841 384.396 382.825 380.469 379.684 378.113 379.684 381.255 382.825 383.611 384.396 385.967 387.538 385.872 389.339 389.569 391.14 392.71 392.94 393.17 394.741 396.312 396.542 397.883 398.343 400.469 398.803 400.929 401.159 402.73 402.405 403.19 402.865 404.435 404.435 404.896 406.466 405.356 406.926 405.816 407.386 407.617 407.847 407.521 409.092 408.767 408.997 409.227 408.901 409.687 409.917 409.036 408.481 408.711 408.941 407.275 408.06 409.076 408.75 407.64 408.655 407.544 406.434 406.108 406.894 403.887 405.458 406.473 406.703 402.911 402.586 400.689 401.705 401.38 400.269 399.388 399.388 397.722 397.397 396.286 394.62 394.85 393.739 393.414 390.962 390.637 389.526 387.86 387.535 385.639 385.869 383.648 382.537 380.871 381.101 378.649 378.419 381.426 382.537 383.648 384.528 385.084 388.09 387.86 389.526 389.852 393.644 392.073 393.184 394.295 395.175 396.286 397.397 396.381 399.388 399.944 400.039 401.38 401.705 402.26 404.482 404.252 404.022 405.132 405.458 405.228 405.553 408.004 406.434 406.759 407.87 408.195 409.306 409.076 408.06 409.956 408.386 410.052 409.036 408.806 408.021 409.687 408.901 409.227 408.211 408.767 407.751 407.521 407.847 408.402 408.727 408.497 406.926 405.356 406.466 405.451 404.665 405.546 402.865 403.19 402.96 402.73 401.159 401.484 400.699 400.469 398.898 396.772 396.542 396.312 394.741 393.17 392.94 392.71 391.14 390.909 390.679 386.427 385.642 385.967 384.626 383.055 381.485 381.255 379.684 378.113
381.255 382.04 384.396 383.841 385.967 387.538 387.768 390.679 389.569 391.14 392.71 392.94 395.066 395.297 396.312 397.883 398.113 398.343 399.128 402.04 400.374 401.945 402.73 402.405 403.975 404.761 404.435 404.665 404.896 406.466 406.696 406.926 406.601 407.386 407.617 407.291 408.862 407.196 408.767 407.656 407.886 408.116 409.687 408.576 409.592 408.481 410.607 408.386 407.83 411.527 407.735 408.75 407.084 407.87 407.544 406.434 406.108 405.783 405.228 405.458 405.132 406.703 402.356 403.141 402.26 401.705 401.935 400.269 399.388 398.277 399.063 396.841 396.286 395.175 394.85 393.739 392.629 391.748 391.193 389.526 387.86 388.09 386.194 384.528 382.862 382.537 381.426 378.975 379.99 381.101 381.426 382.537 382.862 384.528 385.084 386.75 387.86 388.971 389.852 391.748 393.414 393.739 394.295 395.961 396.286 398.738 397.722 400.174 399.158 399.483 401.38 400.364 400.689 403.141 402.911 406.703 405.132 405.458 406.568 405.783 406.108 406.434 407.544 407.314 407.084 409.306 409.076 407.505 407.83 410.282 410.052 408.481 409.592 408.576 409.687 408.116 409.227 408.997 409.322 409.092 407.521 407.291 408.957 407.386 408.497 406.926 406.696 405.126 406.236 404.665 404.991 402.865 403.19 402.96 401.945 401.945 401.484 398.803 401.024 398.898 398.668 396.312 396.312 395.297 394.511 394.281 392.71 391.14 389.569 389.339 389.109 386.982 384.856 385.182 382.27 382.04 381.255 379.684 378.113 379.684 381.255 381.485 383.611 384.396 385.412 385.642 387.213 389.339 389.569 391.14 392.71 392.94 393.17 395.297 396.312 396.542 398.113 398.343 399.128 398.803 400.374 401.159 401.389 404.301 403.19 402.865 404.435 406.006 406.236 406.466 406.696 405.356 408.497 408.727 407.617 409.187 409.417 407.196 408.767 408.767 408.441 409.457 409.131 409.362 409.592 409.036 408.711 408.386 409.956 408.846 407.735 406.624 407.64 408.655 408.1 407.774 407.449 405.783 405.783 405.458 403.562 404.022 403.696 404.482 402.816 401.705 401.38 399.713 400.499 399.618 397.722 396.611 396.516 395.961 394.295 393.739 392.073 391.748 390.637 389.526 387.63 388.09 385.084 383.187 383.648 381.751 381.426 379.76 378.094 378.975 381.426 382.537 382.862 385.314 385.084 387.305 387.63 389.526 389.296 392.303 392.073 393.739 395.405 395.961 396.286 397.397 397.722 399.388 399.713 401.61 400.824 401.15 402.03 403.926 402.911 404.022 405.132 405.458 405.228 406.894 406.664 406.434 407.544 407.314 407.084 409.306 407.735 407.505 407.83 408.386 410.052 409.822 409.036 408.021 408.346 408.116 407.886 410.338 408.537 409.092 409.417 409.187 407.617 407.386 406.601 406.926 405.356 406.466 405.451 406.006 404.205 404.761 403.975 402.96 402.73 401.945 402.825 398.803 400.469 398.343 396.772 396.542 396.312 394.741 393.17 394.281 391.37 391.14 390.124 390.679 387.768 387.538 385.967 384.396 383.611 382.04 380.469 378.343 378.113
